Time,TG11A,TG11B,flags
1973-02-01T00:37:21.000Z,255.15098,255.86898,0
1973-02-01T01:35:14.000Z,255.08147,255.79847,0
1973-02-01T02:33:16.000Z,255.11097,255.82897,0
1973-02-01T03:31:09.000Z,255.08147,255.79847,0
1973-02-01T04:44:28.000Z,255.08147,255.79847,0
1973-02-01T05:42:30.000Z,255.05147,255.76847,0
1973-02-01T06:40:31.000Z,255.05147,255.76847,0
1973-02-01T07:38:25.000Z,255.05147,255.76847,0
1973-02-01T08:36:26.000Z,255.08147,255.79847,0
1973-02-01T09:34:20.000Z,255.09148,255.80848,0
1973-02-01T10:32:21.000Z,255.12148,255.83848,0
1973-02-01T11:30:15.000Z,255.08147,255.79847,0
1973-02-01T12:28:16.000Z,255.12098,255.83898,0
1973-02-01T13:26:10.000Z,255.08147,255.79847,0
1973-02-01T14:24:11.000Z,255.08147,255.79847,0
1973-02-01T15:22:05.000Z,255.05147,255.76847,0
1973-02-01T16:20:06.000Z,255.11097,255.82897,0
1973-02-01T17:18:00.000Z,255.05147,255.76847,0
1973-02-01T18:16:01.000Z,255.11147,255.82847,0
1973-02-01T19:13:55.000Z,255.11147,255.82847,0
1973-02-01T20:11:56.000Z,255.08147,255.79847,0
1973-02-01T21:09:50.000Z,255.05147,255.76847,0
1973-02-01T22:07:51.000Z,255.08147,255.79847,0
1973-02-01T23:05:45.000Z,255.11097,255.82897,0
1973-02-02T00:03:46.000Z,255.08147,255.79847,0
1973-02-02T01:01:40.000Z,255.05147,255.76847,0
1973-02-02T01:59:41.000Z,255.11147,255.82847,0
1973-02-02T03:55:36.000Z,255.08147,255.79847,0
1973-02-02T04:53:38.000Z,255.08147,255.79847,0
1973-02-02T05:51:31.000Z,255.08147,255.79847,0
1973-02-02T06:49:33.000Z,255.08147,255.79847,0
1973-02-02T07:47:26.000Z,255.08147,255.79847,0
1973-02-02T08:45:28.000Z,255.08147,255.79847,0
1973-02-02T09:43:21.000Z,255.11147,255.82847,0
1973-02-02T10:41:23.000Z,255.11147,255.82847,0
1973-02-02T11:39:16.000Z,255.11147,255.82847,0
1973-02-02T12:37:18.000Z,255.08147,255.79847,0
1973-02-02T13:35:11.000Z,255.08147,255.79847,0
1973-02-02T14:33:13.000Z,255.08147,255.79847,0
1973-02-02T15:31:06.000Z,255.08147,255.79847,0
1973-02-02T16:29:08.000Z,255.08147,255.79847,0
1973-02-02T17:27:01.000Z,255.04149,255.75849,0
1973-02-02T18:25:03.000Z,255.08147,255.79847,0
1973-02-02T19:22:56.000Z,255.08097,255.79897,0
1973-02-02T20:20:58.000Z,255.08147,255.79847,0
1973-02-02T21:18:51.000Z,255.08147,255.79847,0
1973-02-02T22:16:53.000Z,255.11147,255.82847,0
1973-02-02T23:14:46.000Z,255.11147,255.82847,0
1973-02-03T00:12:48.000Z,255.08147,255.79847,0
1973-02-03T01:10:50.000Z,255.08147,255.79847,0
1973-02-03T02:51:19.000Z,255.08147,255.79847,0
1973-02-03T04:11:03.000Z,255.08147,255.79847,0
1973-02-03T04:54:28.000Z,255.08147,255.79847,0
1973-02-03T05:52:22.000Z,255.08147,255.79847,0
1973-02-03T06:50:23.000Z,255.08147,255.79847,0
1973-02-03T07:04:52.000Z,255.08147,255.79847,0
1973-02-03T08:02:53.000Z,255.11147,255.82847,0
1973-02-03T09:00:47.000Z,255.08147,255.79847,0
1973-02-03T09:58:48.000Z,255.08147,255.79847,0
1973-02-03T10:56:42.000Z,255.08147,255.79847,0
1973-02-03T11:54:43.000Z,255.08147,255.79847,0
1973-02-03T12:52:37.000Z,255.05147,255.76847,0
1973-02-03T13:50:38.000Z,255.08147,255.79847,0
1973-02-03T14:48:32.000Z,255.08147,255.79847,0
1973-02-03T15:46:33.000Z,255.08147,255.79847,0
1973-02-03T16:44:27.000Z,255.08147,255.79847,0
1973-02-03T17:42:28.000Z,255.08147,255.79847,0
1973-02-03T18:18:39.000Z,255.08147,255.79847,0
1973-02-03T19:16:41.000Z,255.08147,255.79847,0
1973-02-03T20:14:34.000Z,255.08147,255.79847,0
1973-02-03T21:12:36.000Z,255.08147,255.79847,0
1973-02-03T22:10:29.000Z,255.08147,255.79847,0
1973-02-03T23:08:31.000Z,255.08147,255.79847,0
1973-02-03T23:51:56.000Z,255.08147,255.79847,0
1973-02-04T00:13:38.000Z,255.08147,255.79847,0
1973-02-04T00:28:15.000Z,255.08147,255.79847,0
1973-02-04T01:04:26.000Z,255.04149,255.75849,0
1973-02-04T01:26:08.000Z,255.08147,255.79847,0
1973-02-04T02:24:10.000Z,255.08147,255.79847,0
1973-02-04T03:22:03.000Z,255.08097,255.79897,0
1973-02-04T04:20:05.000Z,255.08147,255.79847,0
1973-02-04T05:17:58.000Z,255.08147,255.79847,0
1973-02-04T06:16:00.000Z,255.08147,255.79847,0
1973-02-04T07:13:53.000Z,255.08147,255.79847,0
1973-02-04T08:11:55.000Z,255.08147,255.79847,0
1973-02-04T09:09:48.000Z,255.08147,255.79847,0
1973-02-04T10:07:50.000Z,255.08147,255.79847,0
1973-02-04T11:05:43.000Z,255.08147,255.79847,0
1973-02-04T12:03:45.000Z,255.08147,255.79847,0
1973-02-04T13:01:38.000Z,255.08147,255.79847,0
1973-02-04T13:59:40.000Z,255.08147,255.79847,0
1973-02-04T14:57:33.000Z,255.08147,255.79847,0
1973-02-04T15:55:35.000Z,255.08147,255.79847,0
1973-02-04T16:53:28.000Z,255.08147,255.79847,0
1973-02-04T17:51:30.000Z,255.08147,255.79847,0
1973-02-04T18:49:23.000Z,255.08147,255.79847,0
1973-02-04T19:47:25.000Z,255.08147,255.79847,0
1973-02-04T20:45:18.000Z,255.08147,255.79847,0
1973-02-04T21:43:20.000Z,255.08147,255.79847,0
1973-02-04T22:41:21.000Z,255.07149,255.78849,0
1973-02-04T23:39:15.000Z,255.08147,255.79847,0
1973-02-05T00:37:16.000Z,255.08147,255.79847,0
1973-02-05T01:35:10.000Z,255.08147,255.79847,0
1973-02-05T02:33:11.000Z,255.08147,255.79847,0
1973-02-05T03:31:05.000Z,255.08147,255.79847,0
1973-02-05T04:29:06.000Z,255.08147,255.79847,0
1973-02-05T05:27:00.000Z,255.11147,255.82847,0
1973-02-05T06:25:01.000Z,255.08147,255.79847,0
1973-02-05T07:22:55.000Z,255.08147,255.79847,0
1973-02-05T07:52:00.000Z,255.08147,255.79847,0
1973-02-05T08:20:56.000Z,255.11147,255.82847,0
1973-02-05T08:35:25.000Z,255.11147,255.82847,0
1973-02-05T09:33:18.000Z,255.04149,255.75849,0
1973-02-05T10:31:20.000Z,255.04149,255.75849,0
1973-02-05T10:53:02.000Z,255.08147,255.79847,0
1973-02-05T11:51:04.000Z,255.08147,255.79847,0
1973-02-05T12:48:57.000Z,255.08147,255.79847,0
1973-02-05T13:46:59.000Z,255.08147,255.79847,0
1973-02-05T14:44:52.000Z,255.08147,255.79847,0
1973-02-05T15:42:54.000Z,255.08147,255.79847,0
1973-02-05T16:40:47.000Z,255.08147,255.79847,0
1973-02-05T17:17:06.000Z,255.04149,255.75849,0
1973-02-05T18:15:00.000Z,255.07149,255.78849,0
1973-02-05T19:13:01.000Z,255.04149,255.75849,0
1973-02-05T20:10:55.000Z,255.07149,255.78849,0
1973-02-05T21:08:56.000Z,255.08147,255.79847,0
1973-02-05T22:06:50.000Z,255.08147,255.79847,0
1973-02-05T23:04:52.000Z,255.04149,255.75849,0
1973-02-06T00:02:45.000Z,255.10149,255.81849,0
1973-02-06T01:00:47.000Z,255.04149,255.75849,0
1973-02-06T01:58:40.000Z,255.11147,255.82847,0
1973-02-06T04:10:58.000Z,255.07099,255.78899,0
1973-02-06T05:08:51.000Z,255.08147,255.79847,0
1973-02-06T06:06:53.000Z,255.11147,255.82847,0
1973-02-06T07:04:46.000Z,255.08147,255.79847,0
1973-02-06T07:41:05.000Z,255.11147,255.82847,0
1973-02-06T08:38:59.000Z,255.07149,255.78849,0
1973-02-06T09:37:00.000Z,255.10149,255.81849,0
1973-02-06T10:34:54.000Z,255.08147,255.79847,0
1973-02-06T11:32:55.000Z,255.07149,255.78849,0
1973-02-06T12:30:49.000Z,255.07149,255.78849,0
1973-02-06T13:28:50.000Z,255.11147,255.82847,0
1973-02-06T14:05:01.000Z,255.07149,255.78849,0
1973-02-06T14:19:30.000Z,255.04149,255.75849,0
1973-02-06T15:17:31.000Z,255.06148,255.77848,0
1973-02-06T15:32:00.000Z,255.08147,255.79847,0
1973-02-06T16:00:56.000Z,255.03148,255.74848,0
1973-02-06T16:58:58.000Z,255.07149,255.78849,0
1973-02-06T18:11:28.000Z,255.07149,255.78849,0
1973-02-06T19:02:07.000Z,255.08147,255.79847,0
1973-02-06T20:00:01.000Z,255.07149,255.78849,0
1973-02-06T20:58:02.000Z,255.07149,255.78849,0
1973-02-06T21:55:56.000Z,255.07149,255.78849,0
1973-02-06T22:53:57.000Z,255.11097,255.82897,0
1973-02-06T23:51:51.000Z,255.07149,255.78849,0
1973-02-07T00:49:52.000Z,255.07149,255.78849,0
1973-02-07T01:47:46.000Z,255.03148,255.74848,0
1973-02-07T02:45:47.000Z,255.07149,255.78849,0
1973-02-07T03:43:41.000Z,255.10149,255.81849,0
1973-02-07T04:41:42.000Z,255.11147,255.82847,0
1973-02-07T05:39:44.000Z,255.07149,255.78849,0
1973-02-07T06:37:37.000Z,255.10099,255.81899,0
1973-02-07T07:35:39.000Z,255.07149,255.78849,0
1973-02-07T08:33:32.000Z,255.07149,255.78849,0
1973-02-07T09:31:34.000Z,255.11147,255.82847,0
1973-02-07T10:29:27.000Z,255.10099,255.81899,0
1973-02-07T11:27:29.000Z,255.08147,255.79847,0
1973-02-07T12:25:22.000Z,255.07149,255.78849,0
1973-02-07T13:23:24.000Z,255.10149,255.81849,0
1973-02-07T14:21:17.000Z,255.07149,255.78849,0
1973-02-07T15:19:19.000Z,255.07149,255.78849,0
1973-02-07T16:17:12.000Z,255.10149,255.81849,0
1973-02-07T17:15:14.000Z,255.11097,255.82897,0
1973-02-07T18:13:07.000Z,255.08147,255.79847,0
1973-02-07T19:11:09.000Z,255.09148,255.80848,0
1973-02-07T20:09:02.000Z,255.07149,255.78849,0
1973-02-07T21:07:04.000Z,255.06148,255.77848,0
1973-02-07T22:04:57.000Z,255.04149,255.75849,0
1973-02-07T23:02:59.000Z,255.06148,255.77848,0
1973-02-08T00:00:52.000Z,255.07149,255.78849,0
1973-02-08T00:58:54.000Z,255.08147,255.79847,0
1973-02-08T01:56:55.000Z,255.05147,255.76847,0
1973-02-08T02:54:49.000Z,255.10149,255.81849,0
1973-02-08T03:31:00.000Z,255.10149,255.81849,0
1973-02-08T04:29:01.000Z,255.07149,255.78849,0
1973-02-08T05:52:18.000Z,255.07149,255.78849,0
1973-02-08T06:59:21.000Z,255.05097,255.76897,0
1973-02-08T07:57:22.000Z,255.13149,255.84849,0
1973-02-08T08:55:16.000Z,255.09148,255.80848,0
1973-02-08T09:53:17.000Z,255.03148,255.74848,0
1973-02-08T10:51:11.000Z,255.07149,255.78849,0
1973-02-08T12:03:41.000Z,255.11147,255.82847,0
1973-02-08T12:32:37.000Z,255.07149,255.78849,0
1973-02-08T13:30:39.000Z,255.07149,255.78849,0
1973-02-08T14:28:32.000Z,255.07149,255.78849,0
1973-02-08T15:19:20.000Z,255.07149,255.78849,0
1973-02-08T16:17:13.000Z,255.07149,255.78849,0
1973-02-08T17:15:15.000Z,255.07149,255.78849,0
1973-02-08T18:13:08.000Z,255.07149,255.78849,0
1973-02-08T19:11:10.000Z,255.11147,255.82847,0
1973-02-08T20:09:03.000Z,255.07149,255.78849,0
1973-02-08T21:07:05.000Z,255.11147,255.82847,0
1973-02-08T22:04:58.000Z,255.11097,255.82897,0
1973-02-08T23:03:00.000Z,255.05147,255.76847,0
1973-02-09T00:00:53.000Z,255.11147,255.82847,0
1973-02-09T00:58:55.000Z,255.11097,255.82897,0
1973-02-09T01:56:48.000Z,255.08147,255.79847,0
1973-02-09T02:18:39.000Z,255.11147,255.82847,0
1973-02-09T03:16:32.000Z,255.05147,255.76847,0
1973-02-09T04:14:34.000Z,255.11097,255.82897,0
1973-02-09T05:12:27.000Z,255.11147,255.82847,0
1973-02-09T06:10:29.000Z,255.11147,255.82847,0
1973-02-09T07:08:22.000Z,255.08147,255.79847,0
1973-02-09T08:06:24.000Z,255.08147,255.79847,0
1973-02-09T09:04:17.000Z,255.05147,255.76847,0
1973-02-09T10:02:19.000Z,255.08147,255.79847,0
1973-02-09T11:00:12.000Z,255.11147,255.82847,0
1973-02-09T11:36:32.000Z,255.11147,255.82847,0
1973-02-09T12:05:20.000Z,255.04149,255.75849,0
1973-02-09T12:12:34.000Z,255.08147,255.79847,0
1973-02-09T12:56:07.000Z,255.08147,255.79847,0
1973-02-09T13:54:09.000Z,255.08147,255.79847,0
1973-02-09T14:52:02.000Z,255.08147,255.79847,0
1973-02-09T15:50:04.000Z,255.05147,255.76847,0
1973-02-09T16:47:57.000Z,255.08147,255.79847,0
1973-02-09T17:45:59.000Z,255.08147,255.79847,0
1973-02-09T18:43:52.000Z,255.11147,255.82847,0
1973-02-09T19:41:54.000Z,255.05147,255.76847,0
1973-02-09T20:39:56.000Z,255.05147,255.76847,0
1973-02-09T20:54:24.000Z,255.05147,255.76847,0
1973-02-09T21:52:17.000Z,255.05147,255.76847,0
1973-02-09T22:50:19.000Z,255.05147,255.76847,0
1973-02-09T23:48:12.000Z,255.08147,255.79847,0
1973-02-10T00:09:55.000Z,255.0115,255.7285,0
1973-02-10T01:07:57.000Z,255.05147,255.76847,0
1973-02-10T01:59:33.000Z,255.08147,255.79847,0
1973-02-10T02:42:58.000Z,255.08147,255.79847,0
1973-02-10T03:04:49.000Z,255.05147,255.76847,0
1973-02-10T04:02:42.000Z,255.08147,255.79847,0
1973-02-10T05:00:44.000Z,255.08147,255.79847,0
1973-02-10T05:58:37.000Z,255.08147,255.79847,0
1973-02-10T06:56:39.000Z,255.08147,255.79847,0
1973-02-10T07:54:32.000Z,255.11147,255.82847,0
1973-02-10T08:52:34.000Z,255.08147,255.79847,0
1973-02-10T09:50:27.000Z,255.08147,255.79847,0
1973-02-10T10:48:29.000Z,255.08147,255.79847,0
1973-02-10T11:46:22.000Z,255.05147,255.76847,0
1973-02-10T12:44:24.000Z,255.08147,255.79847,0
1973-02-10T13:27:49.000Z,255.11147,255.82847,0
1973-02-10T13:49:32.000Z,255.08147,255.79847,0
1973-02-10T14:47:33.000Z,255.08147,255.79847,0
1973-02-10T15:45:35.000Z,255.08147,255.79847,0
1973-02-10T16:43:28.000Z,255.08147,255.79847,0
1973-02-10T17:41:30.000Z,255.08147,255.79847,0
1973-02-10T18:39:23.000Z,255.08197,255.79797,0
1973-02-10T19:37:25.000Z,255.08147,255.79847,0
1973-02-10T20:35:18.000Z,255.11147,255.82847,0
1973-02-10T21:33:20.000Z,255.08147,255.79847,0
1973-02-10T22:31:13.000Z,255.08147,255.79847,0
1973-02-10T23:29:15.000Z,255.08147,255.79847,0
1973-02-11T00:27:08.000Z,255.08147,255.79847,0
1973-02-11T01:25:10.000Z,255.08147,255.79847,0
1973-02-11T02:23:03.000Z,255.11097,255.82897,0
1973-02-11T03:21:05.000Z,255.08147,255.79847,0
1973-02-11T04:18:58.000Z,255.11147,255.82847,0
1973-02-11T05:17:00.000Z,255.08147,255.79847,0
1973-02-11T06:14:53.000Z,255.11147,255.82847,0
1973-02-11T07:12:55.000Z,255.11147,255.82847,0
1973-02-11T08:10:56.000Z,255.11147,255.82847,0
1973-02-11T09:08:50.000Z,255.11147,255.82847,0
1973-02-11T09:37:47.000Z,255.08147,255.79847,0
1973-02-11T10:35:48.000Z,255.08147,255.79847,0
1973-02-11T11:33:42.000Z,255.08147,255.79847,0
1973-02-11T12:31:43.000Z,255.08197,255.79797,0
1973-02-11T13:29:37.000Z,255.08147,255.79847,0
1973-02-11T14:27:38.000Z,255.11147,255.82847,0
1973-02-11T15:18:17.000Z,255.08147,255.79847,0
1973-02-11T16:16:19.000Z,255.11197,255.82797,0
1973-02-11T17:14:21.000Z,255.11147,255.82847,0
1973-02-11T18:12:14.000Z,255.08147,255.79847,0
1973-02-11T19:10:16.000Z,255.05197,255.76797,0
1973-02-11T20:08:09.000Z,255.11147,255.82847,0
1973-02-11T21:06:11.000Z,255.11147,255.82847,0
1973-02-11T22:04:04.000Z,255.08197,255.79797,0
1973-02-11T22:54:51.000Z,255.11147,255.82847,0
1973-02-11T23:52:45.000Z,255.04149,255.75849,0
1973-02-12T00:50:46.000Z,255.08147,255.79847,0
1973-02-12T01:48:40.000Z,255.08147,255.79847,0
1973-02-12T02:46:41.000Z,255.11197,255.82797,0
1973-02-12T03:44:35.000Z,255.08197,255.79797,0
1973-02-12T04:42:36.000Z,255.11147,255.82847,0
1973-02-12T05:40:30.000Z,255.11147,255.82847,0
1973-02-12T06:38:31.000Z,255.08147,255.79847,0
1973-02-12T07:36:25.000Z,255.08197,255.79797,0
1973-02-12T08:34:26.000Z,255.11147,255.82847,0
1973-02-12T09:32:28.000Z,255.08147,255.79847,0
1973-02-12T09:39:42.000Z,255.11147,255.82847,0
1973-02-12T09:54:11.000Z,255.11147,255.82847,0
1973-02-12T10:52:04.000Z,255.1415,255.8585,0
1973-02-12T11:50:06.000Z,255.11147,255.82847,0
1973-02-12T12:47:59.000Z,255.08147,255.79847,0
1973-02-12T13:46:01.000Z,255.11147,255.82847,0
1973-02-12T14:43:54.000Z,255.11197,255.82797,0
1973-02-12T15:59:08.000Z,255.11147,255.82847,0
1973-02-12T16:20:50.000Z,255.11147,255.82847,0
1973-02-12T16:42:33.000Z,255.08197,255.79797,0
1973-02-12T17:40:34.000Z,255.11197,255.82797,0
1973-02-12T18:38:28.000Z,255.11147,255.82847,0
1973-02-12T19:36:29.000Z,255.11147,255.82847,0
1973-02-12T20:34:31.000Z,255.11147,255.82847,0
1973-02-12T21:32:24.000Z,255.11147,255.82847,0
1973-02-12T22:30:26.000Z,255.11147,255.82847,0
1973-02-12T23:35:34.000Z,255.11197,255.82797,0
1973-02-13T00:33:35.000Z,255.11147,255.82847,0
1973-02-13T01:31:29.000Z,255.11147,255.82847,0
1973-02-13T02:29:30.000Z,255.11197,255.82797,0
1973-02-13T03:27:24.000Z,255.1415,255.8585,0
1973-02-13T04:25:25.000Z,255.08147,255.79847,0
1973-02-13T05:23:19.000Z,255.11147,255.82847,0
1973-02-13T06:21:20.000Z,255.1415,255.8585,0
1973-02-13T07:19:22.000Z,255.1415,255.8585,0
1973-02-13T08:17:15.000Z,255.11147,255.82847,0
1973-02-13T09:15:17.000Z,255.08197,255.79797,0
1973-02-13T10:13:10.000Z,255.08147,255.79847,0
1973-02-13T11:11:12.000Z,255.08147,255.79847,0
1973-02-13T12:09:05.000Z,255.08147,255.79847,0
1973-02-13T13:07:07.000Z,255.11147,255.82847,0
1973-02-13T14:05:00.000Z,255.11097,255.82897,0
1973-02-13T15:03:02.000Z,255.11147,255.82847,0
1973-02-13T16:00:55.000Z,255.08197,255.79797,0
1973-02-13T16:58:57.000Z,255.11147,255.82847,0
1973-02-13T17:56:50.000Z,255.1415,255.8585,0
1973-02-13T18:54:52.000Z,255.07199,255.78799,0
1973-02-13T19:52:45.000Z,255.11147,255.82847,0
1973-02-13T20:50:47.000Z,255.11147,255.82847,0
1973-02-13T21:48:49.000Z,255.08197,255.79797,0
1973-02-13T22:46:42.000Z,255.11147,255.82847,0
1973-02-13T23:44:44.000Z,255.08147,255.79847,0
1973-02-14T00:42:37.000Z,255.1415,255.8585,0
1973-02-14T01:40:39.000Z,255.11147,255.82847,0
1973-02-14T03:00:15.000Z,255.11147,255.82847,0
1973-02-14T03:58:16.000Z,255.08147,255.79847,0
1973-02-14T04:56:18.000Z,255.1415,255.8585,0
1973-02-14T05:54:11.000Z,255.11147,255.82847,0
1973-02-14T06:52:13.000Z,255.11147,255.82847,0
1973-02-14T07:50:06.000Z,255.11147,255.82847,0
1973-02-14T08:48:08.000Z,255.08147,255.79847,0
1973-02-14T09:46:01.000Z,255.1415,255.8585,0
1973-02-14T10:44:03.000Z,255.11197,255.82797,0
1973-02-14T11:41:56.000Z,255.11147,255.82847,0
1973-02-14T12:39:58.000Z,255.11097,255.82897,0
1973-02-14T13:37:51.000Z,255.141,255.859,0
1973-02-14T14:35:53.000Z,255.11097,255.82897,0
1973-02-14T15:33:46.000Z,255.11147,255.82847,0
1973-02-14T16:31:48.000Z,255.1415,255.8585,0
1973-02-14T17:29:49.000Z,255.11147,255.82847,0
1973-02-14T18:27:43.000Z,255.08197,255.79797,0
1973-02-14T19:25:44.000Z,255.08147,255.79847,0
1973-02-14T20:23:38.000Z,255.11147,255.82847,0
1973-02-14T21:21:39.000Z,255.11147,255.82847,0
1973-02-14T22:19:33.000Z,255.08147,255.79847,0
1973-02-14T23:17:34.000Z,255.141,255.859,0
1973-02-14T23:39:17.000Z,255.11147,255.82847,0
1973-02-15T00:44:33.000Z,255.1415,255.8585,0
1973-02-15T01:45:10.000Z,255.1415,255.8585,0
1973-02-15T02:43:12.000Z,255.11147,255.82847,0
1973-02-15T03:41:05.000Z,255.08197,255.79797,0
1973-02-15T04:39:07.000Z,255.04149,255.75849,0
1973-02-15T05:37:00.000Z,255.1415,255.8585,0
1973-02-15T06:35:02.000Z,255.11147,255.82847,0
1973-02-15T07:32:55.000Z,255.11147,255.82847,0
1973-02-15T08:30:57.000Z,255.11147,255.82847,0
1973-02-15T09:28:50.000Z,255.1415,255.8585,0
1973-02-15T10:26:52.000Z,255.1415,255.8585,0
1973-02-15T11:24:45.000Z,255.1415,255.8585,0
1973-02-15T12:22:47.000Z,255.1415,255.8585,0
1973-02-15T13:20:40.000Z,255.1415,255.8585,0
1973-02-15T14:18:42.000Z,255.11147,255.82847,0
1973-02-15T15:16:43.000Z,255.11147,255.82847,0
1973-02-15T16:14:37.000Z,255.1415,255.8585,0
1973-02-15T17:12:38.000Z,255.11147,255.82847,0
1973-02-15T18:10:32.000Z,255.11147,255.82847,0
1973-02-15T19:08:33.000Z,255.04149,255.75849,0
1973-02-15T20:06:27.000Z,255.11197,255.82797,0
1973-02-15T21:04:28.000Z,255.11147,255.82847,0
1973-02-15T22:02:22.000Z,255.08147,255.79847,0
1973-02-15T23:00:23.000Z,255.1415,255.8585,0
1973-02-15T23:58:17.000Z,255.11147,255.82847,0
1973-02-16T02:01:26.000Z,255.11197,255.82797,0
1973-02-16T02:59:27.000Z,255.11147,255.82847,0
1973-02-16T03:57:29.000Z,255.11147,255.82847,0
1973-02-16T04:55:22.000Z,255.11147,255.82847,0
1973-02-16T05:53:24.000Z,255.11147,255.82847,0
1973-02-16T06:51:17.000Z,255.08147,255.79847,0
1973-02-16T07:49:19.000Z,255.11147,255.82847,0
1973-02-16T08:47:12.000Z,255.11147,255.82847,0
1973-02-16T09:45:14.000Z,255.11197,255.82797,0
1973-02-16T10:43:07.000Z,255.08147,255.79847,0
1973-02-16T11:26:41.000Z,255.1415,255.8585,0
1973-02-16T12:24:34.000Z,255.11147,255.82847,0
1973-02-16T13:22:36.000Z,255.11147,255.82847,0
1973-02-16T13:29:50.000Z,255.11147,255.82847,0
1973-02-16T14:27:43.000Z,255.11147,255.82847,0
1973-02-16T15:25:45.000Z,255.11147,255.82847,0
1973-02-16T16:23:38.000Z,255.11147,255.82847,0
1973-02-16T17:21:40.000Z,255.11147,255.82847,0
1973-02-16T18:19:41.000Z,255.11147,255.82847,0
1973-02-16T19:58:24.000Z,255.08147,255.79847,0
1973-02-16T20:56:18.000Z,255.11147,255.82847,0
1973-02-16T21:32:29.000Z,255.11147,255.82847,0
1973-02-16T22:30:30.000Z,255.1415,255.8585,0
1973-02-16T23:28:32.000Z,255.11147,255.82847,0
1973-02-17T00:26:25.000Z,255.1415,255.8585,0
1973-02-17T01:24:27.000Z,255.08147,255.79847,0
1973-02-17T02:22:20.000Z,255.11147,255.82847,0
1973-02-17T03:20:22.000Z,255.11147,255.82847,0
1973-02-17T04:18:15.000Z,255.11147,255.82847,0
1973-02-17T05:16:17.000Z,255.1415,255.8585,0
1973-02-17T06:14:10.000Z,255.11147,255.82847,0
1973-02-17T07:12:12.000Z,255.11147,255.82847,0
1973-02-17T08:10:05.000Z,255.07149,255.78849,0
1973-02-17T09:08:07.000Z,255.08147,255.79847,0
1973-02-17T10:06:00.000Z,255.11147,255.82847,0
1973-02-17T11:04:02.000Z,255.11147,255.82847,0
1973-02-17T12:02:03.000Z,255.11147,255.82847,0
1973-02-17T12:59:57.000Z,255.1415,255.8585,0
1973-02-17T13:57:58.000Z,255.11147,255.82847,0
1973-02-17T14:55:52.000Z,255.1715,255.8885,0
1973-02-17T15:53:53.000Z,255.08147,255.79847,0
1973-02-17T16:51:47.000Z,255.08147,255.79847,0
1973-02-17T17:49:48.000Z,255.11147,255.82847,0
1973-02-17T18:47:42.000Z,255.1715,255.8885,0
1973-02-17T19:45:43.000Z,255.08147,255.79847,0
1973-02-17T20:43:37.000Z,255.1415,255.8585,0
1973-02-17T21:41:38.000Z,255.1415,255.8585,0
1973-02-17T22:39:32.000Z,255.11147,255.82847,0
1973-02-17T23:37:33.000Z,255.08147,255.79847,0
1973-02-18T00:35:35.000Z,255.11147,255.82847,0
1973-02-18T01:33:28.000Z,255.11147,255.82847,0
1973-02-18T02:31:30.000Z,255.11147,255.82847,0
1973-02-18T03:00:27.000Z,255.04149,255.75849,0
1973-02-18T03:58:20.000Z,255.11147,255.82847,0
1973-02-18T04:56:22.000Z,255.11147,255.82847,0
1973-02-18T05:54:15.000Z,255.11147,255.82847,0
1973-02-18T06:52:17.000Z,255.11147,255.82847,0
1973-02-18T07:50:18.000Z,255.07149,255.78849,0
1973-02-18T08:48:12.000Z,255.11147,255.82847,0
1973-02-18T09:17:09.000Z,255.1415,255.8585,0
1973-02-18T10:15:10.000Z,255.08147,255.79847,0
1973-02-18T11:20:18.000Z,255.08147,255.79847,0
1973-02-18T12:18:19.000Z,255.11147,255.82847,0
1973-02-18T13:16:21.000Z,255.1415,255.8585,0
1973-02-18T14:14:14.000Z,255.11147,255.82847,0
1973-02-18T15:12:16.000Z,255.08147,255.79847,0
1973-02-18T16:10:09.000Z,255.1415,255.8585,0
1973-02-18T17:08:11.000Z,255.07149,255.78849,0
1973-02-18T18:06:04.000Z,255.07149,255.78849,0
1973-02-18T19:04:06.000Z,255.11147,255.82847,0
1973-02-18T20:01:59.000Z,255.08147,255.79847,0
1973-02-18T21:00:01.000Z,255.1415,255.8585,0
1973-02-18T21:57:54.000Z,255.07149,255.78849,0
1973-02-18T22:55:56.000Z,255.08147,255.79847,0
1973-02-18T23:53:49.000Z,255.11147,255.82847,0
1973-02-19T00:51:51.000Z,255.11147,255.82847,0
1973-02-19T01:49:53.000Z,255.08147,255.79847,0
1973-02-19T02:55:00.000Z,255.05147,255.76847,0
1973-02-19T03:53:02.000Z,255.11147,255.82847,0
1973-02-19T04:50:55.000Z,255.1415,255.8585,0
1973-02-19T05:48:57.000Z,255.11147,255.82847,0
1973-02-19T06:46:50.000Z,255.11147,255.82847,0
1973-02-19T07:23:09.000Z,255.11147,255.82847,0
1973-02-19T08:21:03.000Z,255.11147,255.82847,0
1973-02-19T09:19:04.000Z,255.11147,255.82847,0
1973-02-19T10:16:58.000Z,255.08147,255.79847,0
1973-02-19T11:14:59.000Z,255.11147,255.82847,0
1973-02-19T12:12:53.000Z,255.08147,255.79847,0
1973-02-19T13:10:54.000Z,255.07149,255.78849,0
1973-02-19T14:08:48.000Z,255.11147,255.82847,0
1973-02-19T15:06:49.000Z,255.11147,255.82847,0
1973-02-19T16:04:43.000Z,255.11147,255.82847,0
1973-02-19T17:02:44.000Z,255.11147,255.82847,0
1973-02-19T18:00:38.000Z,255.08147,255.79847,0
1973-02-19T18:58:39.000Z,255.11147,255.82847,0
1973-02-19T19:56:41.000Z,255.08147,255.79847,0
1973-02-19T20:54:34.000Z,255.08147,255.79847,0
1973-02-19T21:52:36.000Z,255.08147,255.79847,0
1973-02-19T22:50:29.000Z,255.08147,255.79847,0
1973-02-19T23:48:31.000Z,255.08147,255.79847,0
1973-02-20T00:46:24.000Z,255.08147,255.79847,0
1973-02-20T01:44:26.000Z,255.11147,255.82847,0
1973-02-20T02:42:28.000Z,255.04149,255.75849,0
1973-02-20T02:56:48.000Z,255.04149,255.75849,0
1973-02-20T03:54:49.000Z,255.08147,255.79847,0
1973-02-20T04:52:43.000Z,255.11097,255.82897,0
1973-02-20T05:50:44.000Z,255.08147,255.79847,0
1973-02-20T06:26:55.000Z,255.11147,255.82847,0
1973-02-20T07:24:57.000Z,255.08147,255.79847,0
1973-02-20T08:22:50.000Z,255.0115,255.7285,0
1973-02-20T09:20:52.000Z,255.04149,255.75849,0
1973-02-20T10:18:45.000Z,255.04149,255.75849,0
1973-02-20T11:16:47.000Z,255.07149,255.78849,0
1973-02-20T12:14:48.000Z,255.08147,255.79847,0
1973-02-20T13:12:42.000Z,255.04149,255.75849,0
1973-02-20T14:10:43.000Z,255.08147,255.79847,0
1973-02-20T15:08:37.000Z,255.11147,255.82847,0
1973-02-20T16:06:38.000Z,255.05147,255.76847,0
1973-02-20T17:04:32.000Z,255.08147,255.79847,0
1973-02-20T18:02:33.000Z,255.08147,255.79847,0
1973-02-20T19:00:27.000Z,255.11147,255.82847,0
1973-02-20T19:58:28.000Z,255.08147,255.79847,0
1973-02-20T20:56:22.000Z,255.08147,255.79847,0
1973-02-20T21:54:23.000Z,255.07149,255.78849,0
1973-02-20T22:52:17.000Z,255.08147,255.79847,0
1973-02-20T23:35:50.000Z,255.07149,255.78849,0
1973-02-21T00:33:43.000Z,255.04149,255.75849,0
1973-02-21T01:31:45.000Z,255.07149,255.78849,0
1973-02-21T02:29:38.000Z,255.07149,255.78849,0
1973-02-21T03:27:40.000Z,255.07149,255.78849,0
1973-02-21T04:25:33.000Z,255.04149,255.75849,0
1973-02-21T05:23:35.000Z,255.11097,255.82897,0
1973-02-21T06:21:28.000Z,255.07149,255.78849,0
1973-02-21T07:19:30.000Z,255.07149,255.78849,0
1973-02-21T08:10:09.000Z,255.04149,255.75849,0
1973-02-21T09:08:11.000Z,255.04149,255.75849,0
1973-02-21T10:06:04.000Z,255.11147,255.82847,0
1973-02-21T11:04:06.000Z,255.07149,255.78849,0
1973-02-21T12:02:08.000Z,255.07149,255.78849,0
1973-02-21T13:00:01.000Z,255.07149,255.78849,0
1973-02-21T13:58:03.000Z,255.07149,255.78849,0
1973-02-21T14:55:56.000Z,255.07149,255.78849,0
1973-02-21T15:53:58.000Z,255.07099,255.78899,0
1973-02-21T16:51:51.000Z,255.07149,255.78849,0
1973-02-21T17:49:53.000Z,255.10149,255.81849,0
1973-02-21T18:47:46.000Z,255.06148,255.77848,0
1973-02-21T19:45:48.000Z,255.06098,255.77898,0
1973-02-21T20:43:41.000Z,255.06148,255.77848,0
1973-02-21T21:41:43.000Z,255.06148,255.77848,0
1973-02-21T22:39:36.000Z,255.09098,255.80898,0
1973-02-21T23:37:38.000Z,255.08097,255.79897,0
1973-02-22T00:13:48.000Z,255.08097,255.79897,0
1973-02-22T02:07:00.000Z,255.08097,255.79897,0
1973-02-22T05:29:53.000Z,255.10099,255.81899,0
1973-02-22T05:37:07.000Z,255.07099,255.78899,0
1973-02-22T06:35:09.000Z,255.07099,255.78899,0
1973-02-22T07:33:02.000Z,255.10099,255.81899,0
1973-02-22T08:31:04.000Z,255.03098,255.74898,0
1973-02-22T09:28:57.000Z,255.0115,255.7285,0
1973-02-22T10:26:59.000Z,255.06098,255.77898,0
1973-02-22T11:24:52.000Z,255.03148,255.74848,0
1973-02-22T12:22:54.000Z,255.05147,255.76847,0
1973-02-22T13:20:47.000Z,255.09148,255.80848,0
1973-02-22T14:18:49.000Z,255.08097,255.79897,0
1973-02-22T15:16:42.000Z,255.03098,255.74898,0
1973-02-22T16:14:44.000Z,255.06148,255.77848,0
1973-02-22T17:12:45.000Z,255.05097,255.76897,0
1973-02-22T18:10:39.000Z,255.04149,255.75849,0
1973-02-22T19:08:40.000Z,255.04099,255.75899,0
1973-02-22T20:06:34.000Z,255.07149,255.78849,0
1973-02-22T21:04:35.000Z,255.04099,255.75899,0
1973-02-22T22:02:29.000Z,255.07149,255.78849,0
1973-02-22T23:00:30.000Z,255.07099,255.78899,0
1973-02-22T23:58:24.000Z,255.03148,255.74848,0
1973-02-23T00:56:25.000Z,255.06098,255.77898,0
1973-02-23T01:54:19.000Z,255.06098,255.77898,0
1973-02-23T02:52:20.000Z,255.06098,255.77898,0
1973-02-23T03:50:14.000Z,255.06098,255.77898,0
1973-02-23T04:48:15.000Z,255.06098,255.77898,0
1973-02-23T05:46:09.000Z,255.06098,255.77898,0
1973-02-23T06:44:10.000Z,255.011,255.729,0
1973-02-23T07:42:04.000Z,255.08097,255.79897,0
1973-02-23T08:32:51.000Z,255.011,255.729,0
1973-02-23T09:30:45.000Z,255.011,255.729,0
1973-02-23T10:28:46.000Z,255.08097,255.79897,0
1973-02-23T11:26:40.000Z,255.08097,255.79897,0
1973-02-23T12:24:41.000Z,255.08097,255.79897,0
1973-02-23T13:22:35.000Z,255.07099,255.78899,0
1973-02-23T14:20:28.000Z,255.04099,255.75899,0
1973-02-23T15:18:13.000Z,255.04099,255.75899,0
1973-02-23T16:23:13.000Z,255.07099,255.78899,0
1973-02-23T16:30:27.000Z,255.07099,255.78899,0
1973-02-23T17:28:12.000Z,255.04099,255.75899,0
1973-02-23T17:36:15.000Z,255.04099,255.75899,0
1973-02-23T18:34:09.000Z,255.07099,255.78899,0
1973-02-23T19:32:10.000Z,255.07099,255.78899,0
1973-02-23T20:30:04.000Z,255.10099,255.81899,0
1973-02-23T21:28:05.000Z,255.10099,255.81899,0
1973-02-23T22:25:59.000Z,255.06098,255.77898,0
1973-02-23T23:24:00.000Z,255.04149,255.75849,0
1973-02-24T00:21:54.000Z,255.10099,255.81899,0
1973-02-24T01:19:55.000Z,255.06098,255.77898,0
1973-02-24T02:17:49.000Z,255.06098,255.77898,0
1973-02-24T03:30:19.000Z,255.04149,255.75849,0
1973-02-24T04:21:06.000Z,255.06098,255.77898,0
1973-02-24T05:19:00.000Z,255.06098,255.77898,0
1973-02-24T05:33:28.000Z,255.10099,255.81899,0
1973-02-24T06:31:30.000Z,255.06098,255.77898,0
1973-02-24T07:29:23.000Z,255.06098,255.77898,0
1973-02-24T08:27:25.000Z,255.09098,255.80898,0
1973-02-24T09:25:18.000Z,255.02097,255.73897,0
1973-02-24T10:23:20.000Z,255.06098,255.77898,0
1973-02-24T11:21:13.000Z,255.06098,255.77898,0
1973-02-24T11:43:04.000Z,255.06098,255.77898,0
1973-02-24T12:40:57.000Z,255.09098,255.80898,0
1973-02-24T13:38:59.000Z,255.06098,255.77898,0
1973-02-24T14:36:52.000Z,255.06098,255.77898,0
1973-02-24T15:13:03.000Z,255.06098,255.77898,0
1973-02-24T16:11:05.000Z,255.06098,255.77898,0
1973-02-24T17:09:06.000Z,255.06098,255.77898,0
1973-02-24T17:23:35.000Z,255.06098,255.77898,0
1973-02-24T18:21:28.000Z,255.06098,255.77898,0
1973-02-24T19:19:30.000Z,255.06098,255.77898,0
1973-02-24T20:17:23.000Z,255.09098,255.80898,0
1973-02-24T21:15:25.000Z,255.06098,255.77898,0
1973-02-24T22:13:18.000Z,255.09098,255.80898,0
1973-02-24T23:11:20.000Z,255.09098,255.80898,0
1973-02-25T00:09:13.000Z,255.09098,255.80898,0
1973-02-25T01:07:15.000Z,255.09098,255.80898,0
1973-02-25T01:36:11.000Z,255.09098,255.80898,0
1973-02-25T02:12:22.000Z,255.05097,255.76897,0
1973-02-25T02:41:27.000Z,255.09098,255.80898,0
1973-02-25T03:39:20.000Z,255.05097,255.76897,0
1973-02-25T04:37:22.000Z,255.02097,255.73897,0
1973-02-25T05:35:16.000Z,255.04099,255.75899,0
1973-02-25T06:33:17.000Z,255.09098,255.80898,0
1973-02-25T07:31:11.000Z,255.05097,255.76897,0
1973-02-25T08:29:12.000Z,255.05097,255.76897,0
1973-02-25T09:27:06.000Z,255.05097,255.76897,0
1973-02-25T10:25:07.000Z,255.05097,255.76897,0
1973-02-25T11:23:01.000Z,255.05097,255.76897,0
1973-02-25T12:21:02.000Z,255.08097,255.79897,0
1973-02-25T12:57:13.000Z,255.08097,255.79897,0
1973-02-25T13:55:15.000Z,255.08097,255.79897,0
1973-02-25T14:53:08.000Z,255.08097,255.79897,0
1973-02-25T15:51:10.000Z,255.08097,255.79897,0
1973-02-25T16:49:03.000Z,255.08097,255.79897,0
1973-02-25T17:47:05.000Z,255.04099,255.75899,0
1973-02-25T18:44:58.000Z,255.05097,255.76897,0
1973-02-25T19:43:00.000Z,255.04099,255.75899,0
1973-02-25T20:40:53.000Z,255.08097,255.79897,0
1973-02-25T21:38:55.000Z,255.08097,255.79897,0
1973-02-25T22:36:48.000Z,255.04099,255.75899,0
1973-02-25T23:34:50.000Z,255.08097,255.79897,0
1973-02-26T00:32:51.000Z,255.04099,255.75899,0
1973-02-26T01:30:45.000Z,255.04099,255.75899,0
1973-02-26T02:28:46.000Z,255.11097,255.82897,0
1973-02-26T02:57:43.000Z,255.04099,255.75899,0
1973-02-26T03:55:36.000Z,255.07099,255.78899,0
1973-02-26T04:53:38.000Z,255.07099,255.78899,0
1973-02-26T05:51:31.000Z,255.04099,255.75899,0
1973-02-26T06:49:33.000Z,255.07099,255.78899,0
1973-02-26T07:47:26.000Z,255.07099,255.78899,0
1973-02-26T08:45:28.000Z,255.04099,255.75899,0
1973-02-26T09:43:30.000Z,255.07099,255.78899,0
1973-02-26T10:41:23.000Z,255.07099,255.78899,0
1973-02-26T11:39:25.000Z,255.07099,255.78899,0
1973-02-26T12:37:18.000Z,255.07099,255.78899,0
1973-02-26T13:35:11.000Z,255.07099,255.78899,0
1973-02-26T14:33:05.000Z,255.04099,255.75899,0
1973-02-26T15:31:06.000Z,255.04099,255.75899,0
1973-02-26T16:29:08.000Z,255.10099,255.81899,0
1973-02-26T17:27:10.000Z,255.07099,255.78899,0
1973-02-26T18:25:03.000Z,255.07099,255.78899,0
1973-02-26T20:18:14.000Z,255.07099,255.78899,0
1973-02-26T21:16:16.000Z,255.10099,255.81899,0
1973-02-26T22:14:09.000Z,255.07099,255.78899,0
1973-02-26T23:12:11.000Z,255.07099,255.78899,0
1973-02-27T00:10:04.000Z,255.07099,255.78899,0
1973-02-27T01:08:06.000Z,255.07099,255.78899,0
1973-02-27T02:06:07.000Z,255.10099,255.81899,0
1973-02-27T03:04:01.000Z,255.10099,255.81899,0
1973-02-27T04:02:02.000Z,255.03098,255.74898,0
1973-02-27T04:59:56.000Z,255.07099,255.78899,0
1973-02-27T05:57:57.000Z,255.06098,255.77898,0
1973-02-27T06:55:51.000Z,255.07099,255.78899,0
1973-02-27T07:53:52.000Z,255.03098,255.74898,0
1973-02-27T08:51:46.000Z,255.10099,255.81899,0
1973-02-27T09:49:47.000Z,255.03098,255.74898,0
1973-02-27T10:47:41.000Z,255.07099,255.78899,0
1973-02-27T11:45:42.000Z,255.06098,255.77898,0
1973-02-27T12:43:36.000Z,255.07099,255.78899,0
1973-02-27T13:27:09.000Z,255.06098,255.77898,0
1973-02-27T14:25:03.000Z,255.06098,255.77898,0
1973-02-27T15:23:04.000Z,255.06098,255.77898,0
1973-02-27T16:20:58.000Z,255.06098,255.77898,0
1973-02-27T17:18:59.000Z,255.06098,255.77898,0
1973-02-27T18:16:53.000Z,255.07099,255.78899,0
1973-02-27T19:14:54.000Z,255.09098,255.80898,0
1973-02-27T20:12:48.000Z,255.09098,255.80898,0
1973-02-27T21:10:49.000Z,255.06098,255.77898,0
1973-02-27T22:08:43.000Z,255.03098,255.74898,0
1973-02-27T23:06:44.000Z,255.06098,255.77898,0
1973-02-28T00:04:38.000Z,255.09098,255.80898,0
1973-02-28T01:02:39.000Z,255.09098,255.80898,0
1973-02-28T02:00:33.000Z,255.09098,255.80898,0
1973-02-28T02:58:34.000Z,255.10099,255.81899,0
1973-02-28T03:56:28.000Z,255.09098,255.80898,0
1973-02-28T04:54:29.000Z,255.09098,255.80898,0
1973-02-28T05:52:31.000Z,255.06098,255.77898,0
1973-02-28T06:50:24.000Z,255.13099,255.84899,0
1973-02-28T07:48:26.000Z,255.09098,255.80898,0
1973-02-28T08:46:19.000Z,255.06098,255.77898,0
1973-02-28T09:44:21.000Z,255.09098,255.80898,0
1973-02-28T11:17:36.000Z,255.09098,255.80898,0
1973-02-28T12:30:06.000Z,255.06098,255.77898,0
1973-02-28T13:27:59.000Z,255.09098,255.80898,0
1973-02-28T14:26:01.000Z,255.05097,255.76897,0
1973-02-28T15:23:54.000Z,255.09098,255.80898,0
1973-02-28T16:21:56.000Z,255.09098,255.80898,0
1973-02-28T17:19:49.000Z,255.05097,255.76897,0
1973-02-28T18:17:51.000Z,255.05097,255.76897,0
1973-02-28T19:15:44.000Z,255.09098,255.80898,0
1973-02-28T20:13:46.000Z,255.09098,255.80898,0
1973-02-28T21:11:39.000Z,255.05097,255.76897,0
1973-02-28T22:09:41.000Z,255.05047,255.76947,0
1973-02-28T23:07:34.000Z,255.05097,255.76897,0
1973-03-01T00:05:36.000Z,255.05097,255.76897,0
1973-03-01T01:03:29.000Z,255.05097,255.76897,0
1973-03-01T02:01:31.000Z,255.05097,255.76897,0
1973-03-01T02:59:24.000Z,255.08097,255.79897,0
1973-03-01T03:57:26.000Z,255.05047,255.76947,0
1973-03-01T04:55:19.000Z,255.05097,255.76897,0
1973-03-01T05:53:21.000Z,255.05097,255.76897,0
1973-03-01T06:51:14.000Z,255.05097,255.76897,0
1973-03-01T07:49:16.000Z,255.05047,255.76947,0
1973-03-01T08:47:09.000Z,255.09098,255.80898,0
1973-03-01T09:45:11.000Z,255.05097,255.76897,0
1973-03-01T10:43:13.000Z,255.02097,255.73897,0
1973-03-01T11:41:06.000Z,255.05047,255.76947,0
1973-03-01T12:39:08.000Z,255.05047,255.76947,0
1973-03-01T13:37:01.000Z,255.08097,255.79897,0
1973-03-01T14:35:03.000Z,255.05047,255.76947,0
1973-03-01T15:32:56.000Z,255.05097,255.76897,0
1973-03-01T16:30:58.000Z,255.05047,255.76947,0
1973-03-01T17:28:51.000Z,255.05047,255.76947,0
1973-03-01T18:26:53.000Z,255.05047,255.76947,0
1973-03-01T19:24:46.000Z,255.02097,255.73897,0
1973-03-01T20:22:48.000Z,255.09098,255.80898,0
1973-03-01T21:20:41.000Z,255.09098,255.80898,0
1973-03-01T22:18:43.000Z,255.05047,255.76947,0
1973-03-01T23:16:36.000Z,255.02097,255.73897,0
1973-03-02T00:14:38.000Z,255.05047,255.76947,0
1973-03-02T01:12:31.000Z,255.09098,255.80898,0
1973-03-02T02:10:33.000Z,255.05047,255.76947,0
1973-03-02T05:04:21.000Z,255.05047,255.76947,0
1973-03-02T06:09:37.000Z,255.05097,255.76897,0
1973-03-02T07:07:38.000Z,255.05047,255.76947,0
1973-03-02T08:05:32.000Z,255.05097,255.76897,0
1973-03-02T09:03:33.000Z,255.05097,255.76897,0
1973-03-02T10:01:27.000Z,255.05097,255.76897,0
1973-03-02T10:59:28.000Z,255.08047,255.79947,0
1973-03-02T12:04:36.000Z,255.02097,255.73897,0
1973-03-02T13:02:38.000Z,255.05097,255.76897,0
1973-03-02T14:00:31.000Z,255.02097,255.73897,0
1973-03-02T14:46:48.000Z,255.05097,255.76897,0
1973-03-02T15:15:45.000Z,255.05047,255.76947,0
1973-03-02T16:13:38.000Z,255.02097,255.73897,0
1973-03-02T17:11:40.000Z,255.05097,255.76897,0
1973-03-02T18:09:33.000Z,255.08047,255.79947,0
1973-03-02T19:07:35.000Z,255.05097,255.76897,0
1973-03-02T20:05:28.000Z,255.05097,255.76897,0
1973-03-02T21:03:30.000Z,255.08047,255.79947,0
1973-03-02T22:01:31.000Z,255.11047,255.82947,0
1973-03-02T22:59:25.000Z,255.02097,255.73897,0
1973-03-02T23:57:26.000Z,255.05047,255.76947,0
1973-03-03T00:55:20.000Z,255.05097,255.76897,0
1973-03-03T01:53:21.000Z,255.05097,255.76897,0
1973-03-03T02:51:15.000Z,255.08097,255.79897,0
1973-03-03T03:49:16.000Z,255.08097,255.79897,0
1973-03-03T04:47:10.000Z,255.05097,255.76897,0
1973-03-03T05:45:11.000Z,255.05097,255.76897,0
1973-03-03T06:43:05.000Z,255.02097,255.73897,0
1973-03-03T07:33:52.000Z,255.11047,255.82947,0
1973-03-03T08:31:46.000Z,255.05097,255.76897,0
1973-03-03T09:29:47.000Z,255.08047,255.79947,0
1973-03-03T10:27:41.000Z,255.05097,255.76897,0
1973-03-03T11:25:42.000Z,255.08097,255.79897,0
1973-03-03T12:23:36.000Z,255.05097,255.76897,0
1973-03-03T13:21:37.000Z,255.08047,255.79947,0
1973-03-03T14:19:31.000Z,255.08047,255.79947,0
1973-03-03T15:17:32.000Z,255.08097,255.79897,0
1973-03-03T16:15:26.000Z,255.08097,255.79897,0
1973-03-03T17:13:27.000Z,255.05097,255.76897,0
1973-03-03T18:11:21.000Z,255.08097,255.79897,0
1973-03-03T19:09:22.000Z,255.05097,255.76897,0
1973-03-03T20:14:38.000Z,255.05097,255.76897,0
1973-03-03T21:12:32.000Z,255.05097,255.76897,0
1973-03-03T22:10:33.000Z,255.08097,255.79897,0
1973-03-03T23:08:27.000Z,255.08047,255.79947,0
1973-03-04T00:06:28.000Z,255.02097,255.73897,0
1973-03-04T01:04:22.000Z,255.08097,255.79897,0
1973-03-04T02:02:23.000Z,255.04099,255.75899,0
1973-03-04T03:00:17.000Z,255.08097,255.79897,0
1973-03-04T03:58:10.000Z,255.08047,255.79947,0
1973-03-04T04:56:03.000Z,255.08097,255.79897,0
1973-03-04T05:53:49.000Z,255.05097,255.76897,0
1973-03-04T06:51:42.000Z,255.08097,255.79897,0
1973-03-04T07:21:03.000Z,255.08097,255.79897,0
1973-03-04T07:42:46.000Z,255.08097,255.79897,0
1973-03-04T08:11:34.000Z,255.08097,255.79897,0
1973-03-04T08:40:31.000Z,255.08097,255.79897,0
1973-03-04T08:54:59.000Z,255.011,255.729,0
1973-03-04T09:23:48.000Z,255.08097,255.79897,0
1973-03-04T09:31:02.000Z,255.05097,255.76897,0
1973-03-04T10:36:01.000Z,255.05097,255.76897,0
1973-03-04T10:43:16.000Z,255.08047,255.79947,0
1973-03-04T11:48:07.000Z,255.08047,255.79947,0
1973-03-04T11:55:21.000Z,255.08047,255.79947,0
1973-03-04T12:09:49.000Z,255.08097,255.79897,0
1973-03-04T12:53:06.000Z,255.08047,255.79947,0
1973-03-04T13:07:35.000Z,255.05097,255.76897,0
1973-03-04T13:16:11.000Z,255.08097,255.79897,0
1973-03-04T14:14:12.000Z,255.08097,255.79897,0
1973-03-04T15:12:14.000Z,255.08097,255.79897,0
1973-03-04T16:10:15.000Z,255.08097,255.79897,0
1973-03-04T16:39:04.000Z,255.08097,255.79897,0
1973-03-04T17:37:06.000Z,255.08097,255.79897,0
1973-03-04T18:35:07.000Z,255.08047,255.79947,0
1973-03-04T19:33:09.000Z,255.08097,255.79897,0
1973-03-04T20:31:10.000Z,255.08047,255.79947,0
1973-03-04T20:52:37.000Z,255.05097,255.76897,0
1973-03-04T21:50:30.000Z,255.05097,255.76897,0
1973-03-04T22:48:15.000Z,255.08097,255.79897,0
1973-03-04T23:46:25.000Z,255.08047,255.79947,0
1973-03-05T00:44:27.000Z,255.08097,255.79897,0
1973-03-05T01:42:20.000Z,255.08097,255.79897,0
1973-03-05T02:40:22.000Z,255.08097,255.79897,0
1973-03-05T03:38:23.000Z,255.08097,255.79897,0
1973-03-05T04:36:17.000Z,255.08047,255.79947,0
1973-03-05T05:34:18.000Z,255.08047,255.79947,0
1973-03-05T06:32:12.000Z,255.08097,255.79897,0
1973-03-05T07:30:13.000Z,255.08047,255.79947,0
1973-03-05T08:28:07.000Z,255.08097,255.79897,0
1973-03-05T09:26:08.000Z,255.08097,255.79897,0
1973-03-05T10:24:02.000Z,255.08097,255.79897,0
1973-03-05T11:22:03.000Z,255.08097,255.79897,0
1973-03-05T12:19:57.000Z,255.08097,255.79897,0
1973-03-05T13:17:58.000Z,255.08047,255.79947,0
1973-03-05T14:15:52.000Z,255.08097,255.79897,0
1973-03-05T16:42:38.000Z,255.08047,255.79947,0
1973-03-05T17:40:31.000Z,255.08097,255.79897,0
1973-03-05T17:55:08.000Z,255.08047,255.79947,0
1973-03-05T18:53:01.000Z,255.08097,255.79897,0
1973-03-05T19:51:03.000Z,255.08097,255.79897,0
1973-03-05T20:48:56.000Z,255.08097,255.79897,0
1973-03-05T21:46:58.000Z,255.08047,255.79947,0
1973-03-05T22:08:40.000Z,255.08047,255.79947,0
1973-03-05T23:06:34.000Z,255.08047,255.79947,0
1973-03-06T00:04:36.000Z,255.08047,255.79947,0
1973-03-06T01:02:29.000Z,255.04099,255.75899,0
1973-03-06T02:00:31.000Z,255.08047,255.79947,0
1973-03-06T02:58:24.000Z,255.04049,255.75949,0
1973-03-06T03:56:26.000Z,255.08097,255.79897,0
1973-03-06T04:54:19.000Z,255.07049,255.78949,0
1973-03-06T05:52:21.000Z,255.04049,255.75949,0
1973-03-06T06:50:22.000Z,255.08097,255.79897,0
1973-03-06T07:48:16.000Z,255.04099,255.75899,0
1973-03-06T08:46:17.000Z,255.08097,255.79897,0
1973-03-06T09:44:11.000Z,255.08097,255.79897,0
1973-03-06T10:42:12.000Z,255.08047,255.79947,0
1973-03-06T11:40:06.000Z,255.11047,255.82947,0
1973-03-06T12:38:07.000Z,255.07099,255.78899,0
1973-03-06T13:36:01.000Z,255.08097,255.79897,0
1973-03-06T14:34:02.000Z,255.08047,255.79947,0
1973-03-06T15:31:56.000Z,255.07049,255.78949,0
1973-03-06T16:29:57.000Z,255.08047,255.79947,0
1973-03-06T17:27:51.000Z,255.07049,255.78949,0
1973-03-06T18:25:52.000Z,255.04049,255.75949,0
1973-03-06T19:23:46.000Z,255.11047,255.82947,0
1973-03-06T20:21:47.000Z,255.07049,255.78949,0
1973-03-06T21:19:41.000Z,255.11047,255.82947,0
1973-03-06T22:17:42.000Z,255.11047,255.82947,0
1973-03-06T23:15:36.000Z,255.10049,255.81949,0
1973-03-07T00:13:37.000Z,255.03048,255.74948,0
1973-03-07T01:11:31.000Z,255.08097,255.79897,0
1973-03-07T02:09:32.000Z,255.00049,255.71949,0
1973-03-07T03:07:26.000Z,255.07049,255.78949,0
1973-03-07T04:05:27.000Z,255.08047,255.79947,0
1973-03-07T05:03:29.000Z,255.04049,255.75949,0
1973-03-07T06:01:22.000Z,255.04099,255.75899,0
1973-03-07T06:59:24.000Z,255.07049,255.78949,0
1973-03-07T07:57:17.000Z,255.04049,255.75949,0
1973-03-07T08:55:19.000Z,255.08047,255.79947,0
1973-03-07T09:53:12.000Z,255.03048,255.74948,0
1973-03-07T10:51:14.000Z,255.00049,255.71949,0
1973-03-07T11:49:07.000Z,255.03048,255.74948,0
1973-03-07T12:47:09.000Z,255.04049,255.75949,0
1973-03-07T13:45:02.000Z,255.11047,255.82947,0
1973-03-07T14:37:36.000Z,255.04049,255.75949,0
1973-03-07T15:35:30.000Z,255.04049,255.75949,0
1973-03-07T16:19:03.000Z,255.07049,255.78949,0
1973-03-07T17:16:48.000Z,255.08047,255.79947,0
1973-03-07T18:14:58.000Z,255.07099,255.78899,0
1973-03-07T19:12:51.000Z,255.07049,255.78949,0
1973-03-07T20:10:53.000Z,255.00099,255.71899,0
1973-03-07T21:08:54.000Z,255.03048,255.74948,0
1973-03-07T22:06:48.000Z,255.04099,255.75899,0
1973-03-07T22:35:45.000Z,255.00099,255.71899,0
1973-03-07T22:50:13.000Z,255.11047,255.82947,0
1973-03-07T23:48:15.000Z,255.07049,255.78949,0
1973-03-08T00:46:08.000Z,255.11047,255.82947,0
1973-03-08T01:44:10.000Z,255.04049,255.75949,0
1973-03-08T02:42:11.000Z,255.07049,255.78949,0
1973-03-08T03:40:05.000Z,255.07049,255.78949,0
1973-03-08T04:38:06.000Z,255.06048,255.77948,0
1973-03-08T05:36:00.000Z,255.07049,255.78949,0
1973-03-08T06:34:01.000Z,255.07049,255.78949,0
1973-03-08T07:31:55.000Z,255.03048,255.74948,0
1973-03-08T08:29:56.000Z,255.07099,255.78899,0
1973-03-08T09:27:41.000Z,255.07049,255.78949,0
1973-03-08T10:25:35.000Z,255.04099,255.75899,0
1973-03-08T11:23:28.000Z,255.04049,255.75949,0
1973-03-08T12:21:13.000Z,255.11047,255.82947,0
1973-03-08T13:19:07.000Z,255.00099,255.71899,0
1973-03-08T14:17:00.000Z,255.06048,255.77948,0
1973-03-08T15:14:45.000Z,255.07049,255.78949,0
1973-03-08T16:12:39.000Z,255.03048,255.74948,0
1973-03-08T16:57:01.000Z,255.06048,255.77948,0
1973-03-08T17:55:03.000Z,255.07049,255.78949,0
1973-03-08T18:52:56.000Z,255.07049,255.78949,0
1973-03-08T19:50:58.000Z,255.00049,255.71949,0
1973-03-08T20:48:51.000Z,255.06048,255.77948,0
1973-03-08T21:46:45.000Z,255.03048,255.74948,0
1973-03-08T22:44:46.000Z,255.07049,255.78949,0
1973-03-08T23:42:40.000Z,255.04049,255.75949,0
1973-03-09T00:40:33.000Z,255.07049,255.78949,0
1973-03-09T01:38:35.000Z,255.07049,255.78949,0
1973-03-09T02:36:36.000Z,255.03048,255.74948,0
1973-03-09T03:34:38.000Z,255.06098,255.77898,0
1973-03-09T04:32:31.000Z,255.07049,255.78949,0
1973-03-09T05:30:33.000Z,255.07049,255.78949,0
1973-03-09T06:28:34.000Z,255.06048,255.77948,0
1973-03-09T07:26:28.000Z,255.07049,255.78949,0
1973-03-09T08:24:29.000Z,255.08047,255.79947,0
1973-03-09T09:22:23.000Z,255.06048,255.77948,0
1973-03-09T10:20:24.000Z,255.08047,255.79947,0
1973-03-09T11:18:18.000Z,255.06048,255.77948,0
1973-03-09T12:16:20.000Z,255.08047,255.79947,0
1973-03-09T13:14:13.000Z,255.03048,255.74948,0
1973-03-09T14:12:15.000Z,255.04049,255.75949,0
1973-03-09T15:10:08.000Z,255.05047,255.76947,0
1973-03-09T16:08:10.000Z,255.09048,255.80948,0
1973-03-09T17:06:03.000Z,255.10049,255.81949,0
1973-03-09T18:04:05.000Z,255.03048,255.74948,0
1973-03-09T19:01:58.000Z,255.10049,255.81949,0
1973-03-09T20:19:56.000Z,255.05047,255.76947,0
1973-03-09T21:17:49.000Z,255.05047,255.76947,0
1973-03-09T22:15:51.000Z,255.09048,255.80948,0
1973-03-09T23:20:58.000Z,255.09048,255.80948,0
1973-03-10T00:19:00.000Z,255.07049,255.78949,0
1973-03-10T01:16:53.000Z,255.06048,255.77948,0
1973-03-10T02:14:55.000Z,255.07049,255.78949,0
1973-03-10T02:36:37.000Z,255.04099,255.75899,0
1973-03-10T02:58:20.000Z,255.03098,255.74898,0
1973-03-10T03:56:05.000Z,255.04099,255.75899,0
1973-03-10T04:53:50.000Z,255.07049,255.78949,0
1973-03-10T05:51:27.000Z,255.07049,255.78949,0
1973-03-10T06:49:12.000Z,255.07049,255.78949,0
1973-03-10T07:46:58.000Z,255.11047,255.82947,0
1973-03-10T08:37:21.000Z,255.04049,255.75949,0
1973-03-10T08:46:13.000Z,255.08097,255.79897,0
1973-03-10T09:44:06.000Z,255.04099,255.75899,0
1973-03-10T10:42:08.000Z,255.08047,255.79947,0
1973-03-10T11:40:01.000Z,255.07049,255.78949,0
1973-03-10T12:38:03.000Z,255.07049,255.78949,0
1973-03-10T13:35:56.000Z,255.04049,255.75949,0
1973-03-10T14:33:58.000Z,255.07049,255.78949,0
1973-03-10T15:31:51.000Z,255.011,255.729,0
1973-03-10T16:29:53.000Z,255.07049,255.78949,0
1973-03-10T17:27:46.000Z,255.04049,255.75949,0
1973-03-10T18:25:48.000Z,255.03098,255.74898,0
1973-03-10T19:23:41.000Z,255.07049,255.78949,0
1973-03-10T20:21:43.000Z,255.04099,255.75899,0
1973-03-10T21:12:22.000Z,255.07099,255.78899,0
1973-03-10T22:10:24.000Z,255.04049,255.75949,0
1973-03-10T23:08:17.000Z,255.04099,255.75899,0
1973-03-11T00:06:19.000Z,255.04049,255.75949,0
1973-03-11T01:04:12.000Z,255.04049,255.75949,0
1973-03-11T02:09:28.000Z,255.04099,255.75899,0
1973-03-11T03:07:30.000Z,255.08047,255.79947,0
1973-03-11T04:05:23.000Z,255.04049,255.75949,0
1973-03-11T05:03:25.000Z,255.08097,255.79897,0
1973-03-11T06:01:18.000Z,255.11047,255.82947,0
1973-03-11T06:59:20.000Z,255.08097,255.79897,0
1973-03-11T07:57:13.000Z,255.04099,255.75899,0
1973-03-11T08:55:15.000Z,255.11097,255.82897,0
1973-03-11T09:53:08.000Z,255.11047,255.82947,0
1973-03-11T10:51:10.000Z,255.04099,255.75899,0
1973-03-11T11:49:03.000Z,255.08097,255.79897,0
1973-03-11T12:47:05.000Z,255.08097,255.79897,0
1973-03-11T13:44:58.000Z,255.08047,255.79947,0
1973-03-11T14:43:00.000Z,255.08097,255.79897,0
1973-03-11T15:40:53.000Z,255.04099,255.75899,0
1973-03-11T16:38:55.000Z,255.04099,255.75899,0
1973-03-11T17:36:48.000Z,255.08097,255.79897,0
1973-03-11T18:34:50.000Z,255.04099,255.75899,0
1973-03-11T19:32:43.000Z,255.04099,255.75899,0
1973-03-11T20:30:45.000Z,255.08097,255.79897,0
1973-03-11T21:36:01.000Z,255.11097,255.82897,0
1973-03-11T21:43:15.000Z,255.08097,255.79897,0
1973-03-11T22:41:08.000Z,255.08047,255.79947,0
1973-03-11T23:39:10.000Z,255.08097,255.79897,0
1973-03-12T00:15:21.000Z,255.11097,255.82897,0
1973-03-12T01:13:22.000Z,255.08097,255.79897,0
1973-03-12T02:25:44.000Z,255.11097,255.82897,0
1973-03-12T03:23:46.000Z,255.11097,255.82897,0
1973-03-12T04:21:31.000Z,255.11097,255.82897,0
1973-03-12T05:19:16.000Z,255.11097,255.82897,0
1973-03-12T06:17:09.000Z,255.04099,255.75899,0
1973-03-12T07:15:27.000Z,255.08097,255.79897,0
1973-03-12T08:13:13.000Z,255.08097,255.79897,0
1973-03-12T09:10:58.000Z,255.08097,255.79897,0
1973-03-12T09:47:01.000Z,255.11097,255.82897,0
1973-03-12T10:44:46.000Z,255.08097,255.79897,0
1973-03-12T11:53:18.000Z,255.04099,255.75899,0
1973-03-12T12:51:03.000Z,255.07099,255.78899,0
1973-03-12T12:59:48.000Z,255.08097,255.79897,0
1973-03-12T13:57:41.000Z,255.04099,255.75899,0
1973-03-12T14:55:43.000Z,255.04099,255.75899,0
1973-03-12T15:53:36.000Z,255.04099,255.75899,0
1973-03-12T16:51:38.000Z,255.08097,255.79897,0
1973-03-12T17:49:31.000Z,255.08097,255.79897,0
1973-03-12T18:47:33.000Z,255.11097,255.82897,0
1973-03-12T19:45:26.000Z,255.08097,255.79897,0
1973-03-12T20:07:09.000Z,255.08097,255.79897,0
1973-03-12T21:12:24.000Z,255.04099,255.75899,0
1973-03-12T21:34:07.000Z,255.04099,255.75899,0
1973-03-12T22:03:12.000Z,255.04099,255.75899,0
1973-03-12T23:01:05.000Z,255.04099,255.75899,0
1973-03-12T23:15:34.000Z,255.08097,255.79897,0
1973-03-13T00:13:35.000Z,255.11097,255.82897,0
1973-03-13T01:11:29.000Z,255.141,255.859,0
1973-03-13T02:09:30.000Z,255.08097,255.79897,0
1973-03-13T03:07:24.000Z,255.11097,255.82897,0
1973-03-13T03:29:06.000Z,255.08097,255.79897,0
1973-03-13T04:27:08.000Z,255.07099,255.78899,0
1973-03-13T05:25:09.000Z,255.08097,255.79897,0
1973-03-13T06:23:03.000Z,255.11097,255.82897,0
1973-03-13T07:21:04.000Z,255.11097,255.82897,0
1973-03-13T08:18:58.000Z,255.11097,255.82897,0
1973-03-13T09:16:59.000Z,255.04099,255.75899,0
1973-03-13T09:38:42.000Z,255.07099,255.78899,0
1973-03-13T10:36:35.000Z,255.11097,255.82897,0
1973-03-13T11:34:37.000Z,255.11097,255.82897,0
1973-03-13T12:32:38.000Z,255.11097,255.82897,0
1973-03-13T13:30:32.000Z,255.11097,255.82897,0
1973-03-13T14:28:25.000Z,255.07099,255.78899,0
1973-03-13T15:26:10.000Z,255.11097,255.82897,0
1973-03-13T16:23:56.000Z,255.08097,255.79897,0
1973-03-13T16:53:25.000Z,255.11097,255.82897,0
1973-03-13T17:51:19.000Z,255.11097,255.82897,0
1973-03-13T18:49:20.000Z,255.11097,255.82897,0
1973-03-13T19:47:22.000Z,255.11097,255.82897,0
1973-03-13T20:45:15.000Z,255.07099,255.78899,0
1973-03-13T21:43:17.000Z,255.11097,255.82897,0
1973-03-13T22:41:10.000Z,255.11097,255.82897,0
1973-03-13T23:24:43.000Z,255.08097,255.79897,0
1973-03-13T23:46:26.000Z,255.11097,255.82897,0
1973-03-14T00:44:19.000Z,255.11097,255.82897,0
1973-03-14T01:42:21.000Z,255.11097,255.82897,0
1973-03-14T02:40:14.000Z,255.11097,255.82897,0
1973-03-14T02:54:43.000Z,255.11097,255.82897,0
1973-03-14T03:52:44.000Z,255.11097,255.82897,0
1973-03-14T04:21:41.000Z,255.11097,255.82897,0
1973-03-14T05:19:43.000Z,255.11097,255.82897,0
1973-03-14T06:17:36.000Z,255.11097,255.82897,0
1973-03-14T07:15:38.000Z,255.11097,255.82897,0
1973-03-14T08:13:31.000Z,255.11097,255.82897,0
1973-03-14T09:11:33.000Z,255.11097,255.82897,0
1973-03-14T10:09:26.000Z,255.11047,255.82947,0
1973-03-14T11:07:28.000Z,255.11097,255.82897,0
1973-03-14T12:05:29.000Z,255.11097,255.82897,0
1973-03-14T13:03:23.000Z,255.11097,255.82897,0
1973-03-14T14:01:24.000Z,255.11147,255.82847,0
1973-03-14T14:59:18.000Z,255.11097,255.82897,0
1973-03-14T15:57:19.000Z,255.11147,255.82847,0
1973-03-14T16:55:13.000Z,255.11097,255.82897,0
1973-03-14T17:53:14.000Z,255.11097,255.82897,0
1973-03-14T18:51:08.000Z,255.11097,255.82897,0
1973-03-14T19:49:09.000Z,255.11097,255.82897,0
1973-03-14T20:47:03.000Z,255.141,255.859,0
1973-03-14T21:45:04.000Z,255.11147,255.82847,0
1973-03-14T22:42:58.000Z,255.11097,255.82897,0
1973-03-14T23:40:59.000Z,255.11097,255.82897,0
1973-03-15T00:39:01.000Z,255.08097,255.79897,0
1973-03-15T01:07:58.000Z,255.11097,255.82897,0
1973-03-15T02:05:51.000Z,255.11097,255.82897,0
1973-03-15T03:03:53.000Z,255.11097,255.82897,0
1973-03-15T04:01:46.000Z,255.11147,255.82847,0
1973-03-15T04:59:48.000Z,255.11097,255.82897,0
1973-03-15T06:18:34.000Z,255.11097,255.82897,0
1973-03-15T07:16:36.000Z,255.11097,255.82897,0
1973-03-15T08:21:44.000Z,255.11097,255.82897,0
1973-03-15T09:19:45.000Z,255.11147,255.82847,0
1973-03-15T10:17:39.000Z,255.11097,255.82897,0
1973-03-15T11:15:40.000Z,255.11097,255.82897,0
1973-03-15T12:13:34.000Z,255.11147,255.82847,0
1973-03-15T13:11:35.000Z,255.11097,255.82897,0
1973-03-15T14:09:29.000Z,255.11147,255.82847,0
1973-03-15T15:00:16.000Z,255.11097,255.82897,0
1973-03-15T15:58:09.000Z,255.11147,255.82847,0
1973-03-15T16:56:11.000Z,255.11097,255.82897,0
1973-03-15T17:54:04.000Z,255.11147,255.82847,0
1973-03-15T18:52:06.000Z,255.11097,255.82897,0
1973-03-15T19:50:08.000Z,255.11147,255.82847,0
1973-03-15T20:48:01.000Z,255.07099,255.78899,0
1973-03-15T21:46:03.000Z,255.11147,255.82847,0
1973-03-15T22:43:56.000Z,255.141,255.859,0
1973-03-15T23:41:58.000Z,255.07149,255.78849,0
1973-03-16T00:39:51.000Z,255.11097,255.82897,0
1973-03-16T02:43:00.000Z,255.11147,255.82847,0
1973-03-16T03:41:02.000Z,255.141,255.859,0
1973-03-16T04:38:55.000Z,255.11147,255.82847,0
1973-03-16T05:36:57.000Z,255.11097,255.82897,0
1973-03-16T06:34:58.000Z,255.141,255.859,0
1973-03-16T07:32:52.000Z,255.08047,255.79947,0
1973-03-16T08:30:53.000Z,255.1415,255.8585,0
1973-03-16T09:28:47.000Z,255.11147,255.82847,0
1973-03-16T10:26:48.000Z,255.11147,255.82847,0
1973-03-16T11:24:42.000Z,255.07049,255.78949,0
1973-03-16T12:22:44.000Z,255.11147,255.82847,0
1973-03-16T13:20:37.000Z,254.99198,255.70798,0
1973-03-16T14:18:39.000Z,255.11097,255.82897,0
1973-03-16T15:16:32.000Z,255.08097,255.79897,0
1973-03-16T16:14:34.000Z,255.11097,255.82897,0
1973-03-16T17:12:27.000Z,255.141,255.859,0
1973-03-16T18:10:29.000Z,255.11147,255.82847,0
1973-03-16T19:08:30.000Z,255.11097,255.82897,0
1973-03-16T20:06:24.000Z,255.141,255.859,0
1973-03-16T21:04:25.000Z,255.141,255.859,0
1973-03-16T22:02:19.000Z,255.11097,255.82897,0
1973-03-16T23:00:20.000Z,255.11147,255.82847,0
1973-03-16T23:58:14.000Z,255.11097,255.82897,0
1973-03-17T00:56:15.000Z,255.07149,255.78849,0
1973-03-17T01:54:09.000Z,255.141,255.859,0
1973-03-17T03:19:20.000Z,255.07149,255.78849,0
1973-03-17T03:33:49.000Z,255.07099,255.78899,0
1973-03-17T04:31:42.000Z,255.07099,255.78899,0
1973-03-17T05:29:44.000Z,255.07149,255.78849,0
1973-03-17T06:27:45.000Z,255.141,255.859,0
1973-03-17T07:25:39.000Z,255.11097,255.82897,0
1973-03-17T08:23:40.000Z,255.11097,255.82897,0
1973-03-17T09:21:34.000Z,255.11097,255.82897,0
1973-03-17T10:19:35.000Z,255.08097,255.79897,0
1973-03-17T11:17:29.000Z,255.11097,255.82897,0
1973-03-17T12:15:30.000Z,255.11147,255.82847,0
1973-03-17T13:13:24.000Z,255.11097,255.82897,0
1973-03-17T14:11:25.000Z,255.11147,255.82847,0
1973-03-17T15:09:19.000Z,255.11097,255.82897,0
1973-03-17T16:07:20.000Z,255.11147,255.82847,0
1973-03-17T17:05:14.000Z,255.07149,255.78849,0
1973-03-17T17:34:19.000Z,255.11147,255.82847,0
1973-03-17T18:32:12.000Z,255.07149,255.78849,0
1973-03-17T19:30:14.000Z,255.11147,255.82847,0
1973-03-17T20:28:07.000Z,255.11097,255.82897,0
1973-03-17T20:57:12.000Z,255.11097,255.82897,0
1973-03-17T21:11:40.000Z,255.11097,255.82897,0
1973-03-17T21:40:37.000Z,255.11097,255.82897,0
1973-03-17T22:09:34.000Z,255.11147,255.82847,0
1973-03-17T23:14:50.000Z,255.11097,255.82897,0
1973-03-17T23:36:32.000Z,255.11097,255.82897,0
1973-03-18T00:34:34.000Z,255.11147,255.82847,0
1973-03-18T01:39:41.000Z,255.11147,255.82847,0
1973-03-18T02:37:43.000Z,255.11097,255.82897,0
1973-03-18T03:06:40.000Z,255.08147,255.79847,0
1973-03-18T04:04:41.000Z,255.11097,255.82897,0
1973-03-18T05:02:35.000Z,255.11147,255.82847,0
1973-03-18T06:00:36.000Z,255.11147,255.82847,0
1973-03-18T06:51:15.000Z,255.08147,255.79847,0
1973-03-18T06:58:30.000Z,255.11147,255.82847,0
1973-03-18T08:11:00.000Z,255.11147,255.82847,0
1973-03-18T08:32:42.000Z,255.11147,255.82847,0
1973-03-18T09:30:27.000Z,255.11147,255.82847,0
1973-03-18T10:06:30.000Z,255.07149,255.78849,0
1973-03-18T11:04:48.000Z,255.11147,255.82847,0
1973-03-19T00:43:35.000Z,255.11147,255.82847,0
1973-03-19T01:41:37.000Z,255.04149,255.75849,0
1973-03-19T02:39:30.000Z,255.04149,255.75849,0
1973-03-19T03:01:13.000Z,255.04149,255.75849,0
1973-03-19T03:59:14.000Z,255.11147,255.82847,0
1973-03-19T04:57:08.000Z,255.04149,255.75849,0
1973-03-19T05:18:59.000Z,255.04149,255.75849,0
1973-03-19T05:40:41.000Z,255.04149,255.75849,0
1973-03-19T06:38:35.000Z,255.11097,255.82897,0
1973-03-19T07:36:36.000Z,255.11147,255.82847,0
1973-03-19T08:34:30.000Z,255.04149,255.75849,0
1973-03-19T09:18:03.000Z,255.11097,255.82897,0
1973-03-19T10:15:56.000Z,255.07149,255.78849,0
1973-03-19T11:13:58.000Z,255.07149,255.78849,0
1973-03-19T12:11:51.000Z,255.11097,255.82897,0
1973-03-19T13:09:53.000Z,255.11147,255.82847,0
1973-03-19T14:07:54.000Z,255.04149,255.75849,0
1973-03-19T15:35:34.000Z,255.08147,255.79847,0
1973-03-19T16:33:19.000Z,255.11097,255.82897,0
1973-03-19T17:31:04.000Z,255.07149,255.78849,0
1973-03-19T18:29:30.000Z,255.08147,255.79847,0
1973-03-19T19:05:33.000Z,255.07149,255.78849,0
1973-03-19T19:49:14.000Z,255.07149,255.78849,0
1973-03-19T20:47:16.000Z,255.08147,255.79847,0
1973-03-19T21:45:18.000Z,255.11097,255.82897,0
1973-03-19T22:43:19.000Z,255.11147,255.82847,0
1973-03-19T23:41:21.000Z,255.07149,255.78849,0
1973-03-20T00:39:22.000Z,255.07149,255.78849,0
1973-03-20T01:37:24.000Z,255.11147,255.82847,0
1973-03-20T02:35:17.000Z,255.07149,255.78849,0
1973-03-20T02:56:44.000Z,255.11147,255.82847,0
1973-03-20T03:54:45.000Z,255.08147,255.79847,0
1973-03-20T04:52:39.000Z,255.11097,255.82897,0
1973-03-20T05:50:40.000Z,255.07149,255.78849,0
1973-03-20T06:48:34.000Z,255.07149,255.78849,0
1973-03-20T07:46:35.000Z,255.11147,255.82847,0
1973-03-20T08:44:29.000Z,255.07149,255.78849,0
1973-03-20T09:42:30.000Z,255.11147,255.82847,0
1973-03-20T10:40:32.000Z,255.07149,255.78849,0
1973-03-20T11:38:25.000Z,255.11147,255.82847,0
1973-03-20T12:36:27.000Z,255.11147,255.82847,0
1973-03-20T13:34:20.000Z,255.11147,255.82847,0
1973-03-20T14:32:22.000Z,255.11147,255.82847,0
1973-03-20T15:30:15.000Z,255.11097,255.82897,0
1973-03-20T16:28:17.000Z,255.11147,255.82847,0
1973-03-20T17:26:10.000Z,255.11097,255.82897,0
1973-03-20T18:24:12.000Z,255.08147,255.79847,0
1973-03-20T19:22:05.000Z,255.11147,255.82847,0
1973-03-20T20:20:07.000Z,255.08147,255.79847,0
1973-03-20T21:18:08.000Z,255.11147,255.82847,0
1973-03-20T22:15:45.000Z,255.08147,255.79847,0
1973-03-20T23:13:31.000Z,255.08147,255.79847,0
1973-03-21T00:11:16.000Z,255.08147,255.79847,0
1973-03-21T01:09:01.000Z,255.08147,255.79847,0
1973-03-21T02:06:46.000Z,255.08147,255.79847,0
1973-03-21T02:50:03.000Z,255.08147,255.79847,0
1973-03-21T02:58:39.000Z,255.11097,255.82897,0
1973-03-21T03:56:33.000Z,255.08097,255.79897,0
1973-03-21T05:01:48.000Z,255.08147,255.79847,0
1973-03-21T05:30:45.000Z,255.08147,255.79847,0
1973-03-21T06:28:39.000Z,255.08147,255.79847,0
1973-03-21T07:26:40.000Z,255.08147,255.79847,0
1973-03-21T08:24:42.000Z,255.07099,255.78899,0
1973-03-21T09:00:53.000Z,255.08147,255.79847,0
1973-03-21T10:06:08.000Z,255.08147,255.79847,0
1973-03-21T10:13:23.000Z,255.08147,255.79847,0
1973-03-21T10:27:51.000Z,255.08147,255.79847,0
1973-03-21T11:25:44.000Z,255.04149,255.75849,0
1973-03-21T12:09:18.000Z,255.08147,255.79847,0
1973-03-21T13:07:11.000Z,255.08097,255.79897,0
1973-03-21T14:45:05.000Z,255.08147,255.79847,0
1973-03-21T15:35:44.000Z,255.04099,255.75899,0
1973-03-21T16:33:46.000Z,255.08147,255.79847,0
1973-03-21T16:55:28.000Z,255.08147,255.79847,0
1973-03-21T17:17:11.000Z,255.08097,255.79897,0
1973-03-21T18:15:12.000Z,255.04149,255.75849,0
1973-03-21T19:13:06.000Z,255.11147,255.82847,0
1973-03-21T20:11:07.000Z,255.04149,255.75849,0
1973-03-21T21:09:09.000Z,255.04099,255.75899,0
1973-03-21T22:07:02.000Z,255.05147,255.76847,0
1973-03-21T23:12:10.000Z,255.08147,255.79847,0
1973-03-22T00:10:11.000Z,255.08147,255.79847,0
1973-03-22T01:08:05.000Z,255.07149,255.78849,0
1973-03-22T02:06:06.000Z,255.11147,255.82847,0
1973-03-22T02:56:46.000Z,255.07149,255.78849,0
1973-03-22T03:54:47.000Z,255.08147,255.79847,0
1973-03-22T04:52:41.000Z,255.07149,255.78849,0
1973-03-22T05:50:42.000Z,255.07099,255.78899,0
1973-03-22T06:48:36.000Z,255.11147,255.82847,0
1973-03-22T07:46:37.000Z,255.11147,255.82847,0
1973-03-22T08:44:31.000Z,255.04149,255.75849,0
1973-03-22T09:42:32.000Z,255.08147,255.79847,0
1973-03-22T10:40:26.000Z,255.07149,255.78849,0
1973-03-22T11:38:27.000Z,255.08147,255.79847,0
1973-03-22T12:36:21.000Z,255.07149,255.78849,0
1973-03-22T13:34:22.000Z,255.07099,255.78899,0
1973-03-22T14:32:24.000Z,255.07149,255.78849,0
1973-03-22T15:30:17.000Z,255.11097,255.82897,0
1973-03-22T16:28:19.000Z,255.07149,255.78849,0
1973-03-22T17:26:12.000Z,255.07149,255.78849,0
1973-03-22T18:24:14.000Z,255.07149,255.78849,0
1973-03-22T19:22:07.000Z,255.07149,255.78849,0
1973-03-22T20:12:55.000Z,255.07149,255.78849,0
1973-03-22T21:10:48.000Z,255.07149,255.78849,0
1973-03-22T21:32:31.000Z,255.07149,255.78849,0
1973-03-22T22:01:36.000Z,255.07149,255.78849,0
1973-03-22T22:59:29.000Z,255.07149,255.78849,0
1973-03-22T23:57:31.000Z,255.11147,255.82847,0
1973-03-23T00:55:24.000Z,255.07149,255.78849,0
1973-03-23T01:53:26.000Z,255.07149,255.78849,0
1973-03-23T02:51:19.000Z,255.07149,255.78849,0
1973-03-23T03:49:21.000Z,255.10099,255.81899,0
1973-03-23T04:47:14.000Z,255.03148,255.74848,0
1973-03-23T05:45:16.000Z,255.03148,255.74848,0
1973-03-23T06:43:09.000Z,255.06098,255.77898,0
1973-03-23T07:41:11.000Z,255.06148,255.77848,0
1973-03-23T08:39:04.000Z,255.06148,255.77848,0
1973-03-23T09:37:06.000Z,255.05147,255.76847,0
1973-03-23T10:34:59.000Z,255.09148,255.80848,0
1973-03-23T11:33:01.000Z,255.05147,255.76847,0
1973-03-23T12:30:54.000Z,255.05147,255.76847,0
1973-03-23T13:28:56.000Z,255.08147,255.79847,0
1973-03-23T14:26:49.000Z,255.04149,255.75849,0
1973-03-23T15:24:51.000Z,255.011,255.729,0
1973-03-23T16:22:52.000Z,255.0115,255.7285,0
1973-03-23T17:20:46.000Z,255.0115,255.7285,0
1973-03-23T18:18:47.000Z,255.07099,255.78899,0
1973-03-23T19:16:41.000Z,255.07099,255.78899,0
1973-03-23T20:14:42.000Z,255.07149,255.78849,0
1973-03-23T21:12:36.000Z,255.06148,255.77848,0
1973-03-23T22:10:37.000Z,255.09148,255.80848,0
1973-03-23T22:46:48.000Z,255.05097,255.76897,0
1973-03-24T01:29:49.000Z,255.06148,255.77848,0
1973-03-24T02:27:51.000Z,255.07149,255.78849,0
1973-03-24T03:25:44.000Z,255.05147,255.76847,0
1973-03-24T04:23:46.000Z,255.04149,255.75849,0
1973-03-24T05:21:39.000Z,255.06148,255.77848,0
1973-03-24T06:19:41.000Z,255.02147,255.73847,0
1973-03-24T07:17:34.000Z,255.04149,255.75849,0
1973-03-24T08:15:36.000Z,255.04149,255.75849,0
1973-03-24T09:13:29.000Z,255.07149,255.78849,0
1973-03-24T10:11:31.000Z,255.07149,255.78849,0
1973-03-24T11:09:24.000Z,255.03148,255.74848,0
1973-03-24T12:07:26.000Z,255.03148,255.74848,0
1973-03-24T13:05:19.000Z,255.03148,255.74848,0
1973-03-24T14:03:21.000Z,255.03148,255.74848,0
1973-03-24T15:01:14.000Z,255.06148,255.77848,0
1973-03-24T15:59:16.000Z,255.09148,255.80848,0
1973-03-24T16:57:09.000Z,255.06148,255.77848,0
1973-03-24T17:55:11.000Z,255.09148,255.80848,0
1973-03-24T18:53:04.000Z,255.09148,255.80848,0
1973-03-24T19:07:41.000Z,255.09148,255.80848,0
1973-03-24T20:05:34.000Z,255.08147,255.79847,0
1973-03-24T21:03:36.000Z,255.0115,255.7285,0
1973-03-24T22:01:29.000Z,255.0115,255.7285,0
1973-03-24T22:59:31.000Z,255.05147,255.76847,0
1973-03-24T23:57:24.000Z,255.04149,255.75849,0
1973-03-25T00:55:26.000Z,255.04149,255.75849,0
1973-03-25T01:53:19.000Z,255.04149,255.75849,0
1973-03-25T02:51:21.000Z,255.07149,255.78849,0
1973-03-25T03:49:14.000Z,255.07149,255.78849,0
1973-03-25T04:47:16.000Z,255.07149,255.78849,0
1973-03-25T05:45:09.000Z,255.07149,255.78849,0
1973-03-25T06:43:11.000Z,255.07149,255.78849,0
1973-03-25T07:41:04.000Z,255.04149,255.75849,0
1973-03-25T08:39:06.000Z,255.07149,255.78849,0
1973-03-25T09:08:03.000Z,255.04149,255.75849,0
1973-03-25T10:06:04.000Z,255.07149,255.78849,0
1973-03-25T11:04:06.000Z,255.04149,255.75849,0
1973-03-25T12:02:08.000Z,255.10099,255.81899,0
1973-03-25T13:00:09.000Z,255.07149,255.78849,0
1973-03-25T13:57:54.000Z,255.10149,255.81849,0
1973-03-25T14:55:48.000Z,255.03148,255.74848,0
1973-03-25T15:53:33.000Z,255.09148,255.80848,0
1973-03-25T16:51:18.000Z,255.06148,255.77848,0
1973-03-25T17:49:03.000Z,255.06148,255.77848,0
1973-03-25T18:46:49.000Z,255.09148,255.80848,0
1973-03-25T19:44:42.000Z,255.03148,255.74848,0
1973-03-25T20:27:59.000Z,255.06148,255.77848,0
1973-03-25T20:36:19.000Z,255.06148,255.77848,0
1973-03-25T21:34:12.000Z,255.06148,255.77848,0
1973-03-25T22:31:57.000Z,255.06148,255.77848,0
1973-03-25T23:29:51.000Z,255.06148,255.77848,0
1973-03-26T00:27:36.000Z,255.06148,255.77848,0
1973-03-26T00:34:50.000Z,255.06148,255.77848,0
1973-03-26T00:42:45.000Z,255.06148,255.77848,0
1973-03-26T01:40:39.000Z,255.06148,255.77848,0
1973-03-26T02:38:40.000Z,255.06148,255.77848,0
1973-03-26T03:00:23.000Z,255.06148,255.77848,0
1973-03-26T03:58:16.000Z,255.09148,255.80848,0
1973-03-26T04:56:18.000Z,255.06148,255.77848,0
1973-03-26T05:54:11.000Z,255.06148,255.77848,0
1973-03-26T06:52:13.000Z,255.06148,255.77848,0
1973-03-26T07:50:14.000Z,255.06148,255.77848,0
1973-03-26T08:48:08.000Z,255.06148,255.77848,0
1973-03-26T09:46:09.000Z,255.09148,255.80848,0
1973-03-26T10:44:03.000Z,255.05147,255.76847,0
1973-03-26T11:42:04.000Z,255.05147,255.76847,0
1973-03-26T12:39:58.000Z,255.05147,255.76847,0
1973-03-26T13:37:59.000Z,255.08147,255.79847,0
1973-03-26T14:35:53.000Z,255.05147,255.76847,0
1973-03-26T15:33:54.000Z,255.04149,255.75849,0
1973-03-26T16:31:48.000Z,255.05147,255.76847,0
1973-03-26T17:29:49.000Z,255.09148,255.80848,0
1973-03-26T18:27:43.000Z,255.08147,255.79847,0
1973-03-26T19:25:44.000Z,255.04149,255.75849,0
1973-03-26T20:23:38.000Z,255.05147,255.76847,0
1973-03-26T21:21:39.000Z,255.05147,255.76847,0
1973-03-26T22:19:33.000Z,255.0115,255.7285,0
1973-03-26T23:17:26.000Z,255.08147,255.79847,0
1973-03-27T01:16:30.000Z,255.08147,255.79847,0
1973-03-27T02:07:50.000Z,255.04149,255.75849,0
1973-03-27T03:05:43.000Z,255.08147,255.79847,0
1973-03-27T04:03:45.000Z,255.08147,255.79847,0
1973-03-27T05:01:38.000Z,255.04149,255.75849,0
1973-03-27T06:06:54.000Z,255.08147,255.79847,0
1973-03-27T06:14:08.000Z,255.04149,255.75849,0
1973-03-27T07:12:10.000Z,255.04149,255.75849,0
1973-03-27T08:17:17.000Z,255.04149,255.75849,0
1973-03-27T08:24:32.000Z,255.04149,255.75849,0
1973-03-27T09:22:33.000Z,255.07149,255.78849,0
1973-03-27T10:20:35.000Z,255.04149,255.75849,0
1973-03-27T11:18:36.000Z,255.04149,255.75849,0
1973-03-27T12:16:38.000Z,255.03148,255.74848,0
1973-03-27T13:14:40.000Z,255.04149,255.75849,0
1973-03-27T14:12:25.000Z,255.04149,255.75849,0
1973-03-27T15:10:26.000Z,255.04149,255.75849,0
1973-03-27T16:08:28.000Z,255.04149,255.75849,0
1973-03-27T17:06:30.000Z,255.07149,255.78849,0
1973-03-27T17:35:26.000Z,255.04149,255.75849,0
1973-03-27T17:49:38.000Z,255.10149,255.81849,0
1973-03-27T18:47:40.000Z,255.10149,255.81849,0
1973-03-27T19:45:33.000Z,255.07149,255.78849,0
1973-03-27T20:43:35.000Z,255.07149,255.78849,0
1973-03-27T21:12:32.000Z,255.03148,255.74848,0
1973-03-27T22:10:33.000Z,255.10149,255.81849,0
1973-03-27T23:08:27.000Z,255.03148,255.74848,0
1973-03-28T00:06:28.000Z,255.07149,255.78849,0
1973-03-28T01:04:22.000Z,255.07149,255.78849,0
1973-03-28T02:02:23.000Z,255.03148,255.74848,0
1973-03-28T02:09:37.000Z,255.10149,255.81849,0
1973-03-28T02:31:20.000Z,255.06148,255.77848,0
1973-03-28T03:29:05.000Z,255.07149,255.78849,0
1973-03-28T04:26:50.000Z,255.07149,255.78849,0
1973-03-28T05:25:16.000Z,255.03148,255.74848,0
1973-03-28T06:08:42.000Z,255.06148,255.77848,0
1973-03-28T07:06:43.000Z,255.06148,255.77848,0
1973-03-28T07:50:08.000Z,255.03148,255.74848,0
1973-03-28T08:55:24.000Z,255.06148,255.77848,0
1973-03-28T09:53:17.000Z,255.07149,255.78849,0
1973-03-28T10:51:19.000Z,255.07149,255.78849,0
1973-03-28T11:49:21.000Z,255.03148,255.74848,0
1973-03-28T12:47:14.000Z,255.06148,255.77848,0
1973-03-28T13:45:16.000Z,255.03148,255.74848,0
1973-03-28T14:43:17.000Z,255.06148,255.77848,0
1973-03-28T15:41:19.000Z,255.06148,255.77848,0
1973-03-28T16:39:20.000Z,255.06148,255.77848,0
1973-03-28T17:34:22.000Z,255.10149,255.81849,0
1973-03-28T18:16:25.000Z,255.10149,255.81849,0
1973-03-28T18:25:01.000Z,255.06148,255.77848,0
1973-03-28T19:22:54.000Z,255.06148,255.77848,0
1973-03-28T20:20:56.000Z,255.09148,255.80848,0
1973-03-28T21:18:49.000Z,255.06148,255.77848,0
1973-03-28T22:16:35.000Z,255.06148,255.77848,0
1973-03-28T23:14:20.000Z,255.06148,255.77848,0
1973-03-29T00:11:57.000Z,255.06148,255.77848,0
1973-03-29T01:09:42.000Z,255.06148,255.77848,0
1973-03-29T02:07:27.000Z,255.03148,255.74848,0
1973-03-29T02:50:44.000Z,255.06148,255.77848,0
1973-03-29T02:59:20.000Z,255.06148,255.77848,0
1973-03-29T03:35:39.000Z,255.03148,255.74848,0
1973-03-29T04:33:16.000Z,255.06148,255.77848,0
1973-03-29T05:02:13.000Z,255.03148,255.74848,0
1973-03-29T05:09:52.000Z,255.06148,255.77848,0
1973-03-29T06:07:45.000Z,255.05147,255.76847,0
1973-03-29T07:05:47.000Z,255.06148,255.77848,0
1973-03-29T08:03:40.000Z,255.09148,255.80848,0
1973-03-29T09:01:42.000Z,255.05197,255.76797,0
1973-03-29T09:59:35.000Z,255.05147,255.76847,0
1973-03-29T10:57:37.000Z,255.06148,255.77848,0
1973-03-29T11:55:30.000Z,255.03148,255.74848,0
1973-03-29T12:53:32.000Z,255.05147,255.76847,0
1973-03-29T13:51:25.000Z,255.05147,255.76847,0
1973-03-29T14:49:27.000Z,255.09148,255.80848,0
1973-03-29T15:54:43.000Z,255.09148,255.80848,0
1973-03-29T16:52:44.000Z,255.09148,255.80848,0
1973-03-29T17:50:46.000Z,255.09148,255.80848,0
1973-03-29T18:48:47.000Z,255.06198,255.77798,0
1973-03-29T19:46:24.000Z,255.09148,255.80848,0
1973-03-29T20:44:10.000Z,255.09148,255.80848,0
1973-03-29T21:41:55.000Z,255.09148,255.80848,0
1973-03-29T22:39:40.000Z,255.05147,255.76847,0
1973-03-29T23:37:25.000Z,255.05147,255.76847,0
1973-03-30T00:35:19.000Z,255.09148,255.80848,0
1973-03-30T01:18:36.000Z,255.05147,255.76847,0
1973-03-30T01:27:03.000Z,255.05147,255.76847,0
1973-03-30T02:53:54.000Z,255.05147,255.76847,0
1973-03-30T03:51:55.000Z,255.05147,255.76847,0
1973-03-30T04:49:49.000Z,255.09148,255.80848,0
1973-03-30T05:47:50.000Z,255.09148,255.80848,0
1973-03-30T06:45:52.000Z,255.09198,255.80798,0
1973-03-30T07:29:17.000Z,255.09148,255.80848,0
1973-03-30T08:27:10.000Z,255.05147,255.76847,0
1973-03-30T09:25:12.000Z,255.05147,255.76847,0
1973-03-30T10:23:05.000Z,255.05147,255.76847,0
1973-03-30T11:21:07.000Z,255.02147,255.73847,0
1973-03-30T12:19:08.000Z,255.09148,255.80848,0
1973-03-30T13:17:02.000Z,255.02147,255.73847,0
1973-03-30T14:43:11.000Z,255.08147,255.79847,0
1973-03-30T15:41:13.000Z,255.02147,255.73847,0
1973-03-30T16:39:14.000Z,255.05147,255.76847,0
1973-03-30T17:36:59.000Z,255.02147,255.73847,0
1973-03-30T18:34:53.000Z,255.05147,255.76847,0
1973-03-30T19:32:54.000Z,255.02147,255.73847,0
1973-03-30T20:30:48.000Z,255.05147,255.76847,0
1973-03-30T21:28:49.000Z,255.09148,255.80848,0
1973-03-30T22:26:43.000Z,255.05147,255.76847,0
1973-03-30T23:24:44.000Z,255.05197,255.76797,0
1973-03-31T00:00:55.000Z,255.02147,255.73847,0
1973-03-31T00:58:57.000Z,255.08147,255.79847,0
1973-03-31T01:56:50.000Z,255.08147,255.79847,0
1973-03-31T02:54:52.000Z,255.08147,255.79847,0
1973-03-31T03:52:54.000Z,255.08147,255.79847,0
1973-03-31T04:50:47.000Z,255.05147,255.76847,0
1973-03-31T05:48:49.000Z,255.05147,255.76847,0
1973-03-31T06:46:42.000Z,255.05147,255.76847,0
1973-03-31T07:44:44.000Z,255.05147,255.76847,0
1973-03-31T08:42:45.000Z,255.11147,255.82847,0
1973-03-31T09:40:47.000Z,255.02197,255.73797,0
1973-03-31T10:38:48.000Z,255.02147,255.73847,0
1973-03-31T11:36:50.000Z,255.02197,255.73797,0
1973-03-31T12:20:15.000Z,255.05197,255.76797,0
1973-03-31T12:34:27.000Z,255.05147,255.76847,0
1973-03-31T13:32:29.000Z,255.08197,255.79797,0
1973-03-31T14:30:22.000Z,255.08147,255.79847,0
1973-03-31T15:28:24.000Z,255.05147,255.76847,0
1973-03-31T16:26:17.000Z,255.05197,255.76797,0
1973-03-31T17:24:19.000Z,255.02197,255.73797,0
1973-03-31T18:22:12.000Z,255.05147,255.76847,0
1973-03-31T19:20:05.000Z,255.05147,255.76847,0
1973-03-31T20:17:59.000Z,255.05197,255.76797,0
1973-03-31T21:15:44.000Z,255.08147,255.79847,0
1973-03-31T22:13:37.000Z,255.08147,255.79847,0
1973-03-31T23:11:31.000Z,255.08147,255.79847,0
1973-04-01T00:09:24.000Z,255.08147,255.79847,0
1973-04-01T01:07:50.000Z,255.05147,255.76847,0
1973-04-01T02:05:36.000Z,255.05197,255.76797,0
1973-04-01T02:19:56.000Z,255.08147,255.79847,0
1973-04-01T03:18:22.000Z,255.08147,255.79847,0
1973-04-01T04:16:24.000Z,255.05197,255.76797,0
1973-04-01T05:14:17.000Z,255.05147,255.76847,0
1973-04-01T06:12:10.000Z,255.05197,255.76797,0
1973-04-01T07:09:56.000Z,255.08147,255.79847,0
1973-04-01T08:07:41.000Z,255.08197,255.79797,0
1973-04-01T08:36:38.000Z,255.05197,255.76797,0
1973-04-01T09:34:23.000Z,255.08147,255.79847,0
1973-04-01T09:42:18.000Z,255.08197,255.79797,0
1973-04-01T10:40:20.000Z,255.05147,255.76847,0
1973-04-01T11:38:21.000Z,255.11197,255.82797,0
1973-04-01T12:36:15.000Z,255.08147,255.79847,0
1973-04-01T13:34:16.000Z,255.08147,255.79847,0
1973-04-01T14:32:10.000Z,255.05197,255.76797,0
1973-04-01T15:30:11.000Z,255.08147,255.79847,0
1973-04-01T16:28:05.000Z,255.05197,255.76797,0
1973-04-01T17:26:06.000Z,255.05197,255.76797,0
1973-04-01T18:24:00.000Z,255.08197,255.79797,0
1973-04-01T19:22:01.000Z,255.08197,255.79797,0
1973-04-01T20:19:55.000Z,255.05147,255.76847,0
1973-04-01T21:17:56.000Z,255.08197,255.79797,0
1973-04-01T22:15:50.000Z,255.08197,255.79797,0
1973-04-01T23:13:51.000Z,255.08147,255.79847,0
1973-04-02T00:11:45.000Z,255.08197,255.79797,0
1973-04-02T01:17:00.000Z,255.08147,255.79847,0
1973-04-02T02:14:54.000Z,255.012,255.728,0
1973-04-02T03:12:55.000Z,255.05197,255.76797,0
1973-04-02T04:10:57.000Z,255.08197,255.79797,0
1973-04-02T05:08:50.000Z,255.04199,255.75799,0
1973-04-02T06:06:52.000Z,255.08197,255.79797,0
1973-04-02T07:04:45.000Z,255.08147,255.79847,0
1973-04-02T08:10:01.000Z,255.08197,255.79797,0
1973-04-02T08:31:44.000Z,255.08197,255.79797,0
1973-04-02T09:29:37.000Z,255.05197,255.76797,0
1973-04-02T10:27:39.000Z,255.012,255.728,0
1973-04-02T11:25:32.000Z,255.08147,255.79847,0
1973-04-02T12:23:34.000Z,255.08197,255.79797,0
1973-04-02T13:21:27.000Z,255.08197,255.79797,0
1973-04-02T14:46:39.000Z,255.08197,255.79797,0
1973-04-02T15:01:07.000Z,255.08197,255.79797,0
1973-04-02T15:59:09.000Z,255.08197,255.79797,0
1973-04-02T16:57:02.000Z,255.08197,255.79797,0
1973-04-02T17:54:56.000Z,255.08197,255.79797,0
1973-04-02T18:23:52.000Z,255.08147,255.79847,0
1973-04-02T19:21:38.000Z,255.04199,255.75799,0
1973-04-02T19:58:13.000Z,255.08147,255.79847,0
1973-04-02T20:56:06.000Z,255.08197,255.79797,0
1973-04-02T21:54:08.000Z,255.04199,255.75799,0
1973-04-02T22:44:47.000Z,255.08147,255.79847,0
1973-04-02T23:42:49.000Z,255.04149,255.75849,0
1973-04-03T00:40:42.000Z,255.08147,255.79847,0
1973-04-03T01:38:44.000Z,255.08197,255.79797,0
1973-04-03T02:36:37.000Z,255.08197,255.79797,0
1973-04-03T02:58:28.000Z,255.08197,255.79797,0
1973-04-03T03:56:21.000Z,255.08147,255.79847,0
1973-04-03T04:54:23.000Z,255.08197,255.79797,0
1973-04-03T05:30:34.000Z,255.08147,255.79847,0
1973-04-03T06:28:27.000Z,255.04199,255.75799,0
1973-04-03T07:26:29.000Z,255.08147,255.79847,0
1973-04-03T07:40:57.000Z,255.04199,255.75799,0
1973-04-03T08:38:59.000Z,255.08197,255.79797,0
1973-04-03T09:36:52.000Z,255.08147,255.79847,0
1973-04-03T10:34:54.000Z,255.04199,255.75799,0
1973-04-03T11:32:47.000Z,255.08197,255.79797,0
1973-04-03T12:23:35.000Z,255.08197,255.79797,0
1973-04-03T14:19:30.000Z,255.04199,255.75799,0
1973-04-03T14:48:26.000Z,255.04199,255.75799,0
1973-04-03T15:46:28.000Z,255.04199,255.75799,0
1973-04-03T16:44:21.000Z,255.08147,255.79847,0
1973-04-03T17:42:23.000Z,255.07199,255.78799,0
1973-04-03T18:40:16.000Z,255.08197,255.79797,0
1973-04-03T19:38:18.000Z,255.04199,255.75799,0
1973-04-03T20:36:11.000Z,255.00199,255.71799,0
1973-04-03T21:12:22.000Z,255.08197,255.79797,0
1973-04-03T21:34:13.000Z,255.08197,255.79797,0
1973-04-03T22:32:06.000Z,255.04199,255.75799,0
1973-04-03T23:30:08.000Z,255.00199,255.71799,0
1973-04-04T00:28:59.000Z,255.07199,255.78799,0
1973-04-04T01:26:52.000Z,255.04199,255.75799,0
1973-04-04T02:24:54.000Z,255.08197,255.79797,0
1973-04-04T03:22:47.000Z,255.07149,255.78849,0
1973-04-04T04:20:49.000Z,255.07199,255.78799,0
1973-04-04T05:18:42.000Z,255.04199,255.75799,0
1973-04-04T06:16:44.000Z,255.03198,255.74798,0
1973-04-04T07:14:45.000Z,255.08197,255.79797,0
1973-04-04T08:12:39.000Z,255.04199,255.75799,0
1973-04-04T09:10:40.000Z,255.04199,255.75799,0
1973-04-04T10:01:20.000Z,255.04199,255.75799,0
1973-04-04T10:59:21.000Z,255.11197,255.82797,0
1973-04-04T11:57:15.000Z,255.00199,255.71799,0
1973-04-04T12:55:08.000Z,255.04199,255.75799,0
1973-04-04T13:52:53.000Z,255.10199,255.81799,0
1973-04-04T14:57:53.000Z,255.07199,255.78799,0
1973-04-04T16:10:06.000Z,255.07199,255.78799,0
1973-04-04T17:07:51.000Z,255.07199,255.78799,0
1973-04-04T18:05:37.000Z,255.00199,255.71799,0
1973-04-04T18:43:01.000Z,255.00199,255.71799,0
1973-04-04T19:40:55.000Z,255.11197,255.82797,0
1973-04-04T20:38:56.000Z,255.04199,255.75799,0
1973-04-04T21:36:50.000Z,255.07199,255.78799,0
1973-04-04T22:34:51.000Z,255.11147,255.82847,0
1973-04-04T23:32:45.000Z,255.03198,255.74798,0
1973-04-05T00:30:46.000Z,255.03198,255.74798,0
1973-04-05T00:45:15.000Z,255.04199,255.75799,0
1973-04-05T01:43:16.000Z,255.04199,255.75799,0
1973-04-05T02:41:10.000Z,255.142,255.858,0
1973-04-05T03:39:11.000Z,255.07199,255.78799,0
1973-04-05T04:37:05.000Z,255.07199,255.78799,0
1973-04-05T05:35:06.000Z,255.04199,255.75799,0
1973-04-05T06:33:00.000Z,255.07199,255.78799,0
1973-04-05T07:31:01.000Z,255.03198,255.74798,0
1973-04-05T08:28:55.000Z,255.03198,255.74798,0
1973-04-05T09:26:56.000Z,255.06198,255.77798,0
1973-04-05T10:24:50.000Z,255.03198,255.74798,0
1973-04-05T11:22:51.000Z,255.07199,255.78799,0
1973-04-05T12:20:45.000Z,255.03198,255.74798,0
1973-04-05T13:18:46.000Z,255.07199,255.78799,0
1973-04-05T14:16:40.000Z,255.06198,255.77798,0
1973-04-05T15:14:41.000Z,255.07199,255.78799,0
1973-04-05T16:12:35.000Z,255.07199,255.78799,0
1973-04-05T17:10:36.000Z,255.07199,255.78799,0
1973-04-05T18:08:30.000Z,255.04199,255.75799,0
1973-04-05T19:06:31.000Z,255.07199,255.78799,0
1973-04-05T20:04:25.000Z,255.07199,255.78799,0
1973-04-05T21:02:26.000Z,255.03198,255.74798,0
1973-04-05T22:00:20.000Z,255.07199,255.78799,0
1973-04-05T22:58:21.000Z,255.04199,255.75799,0
1973-04-05T23:56:23.000Z,255.03198,255.74798,0
1973-04-06T01:15:59.000Z,255.06198,255.77798,0
1973-04-06T02:14:00.000Z,255.07199,255.78799,0
1973-04-06T03:11:54.000Z,255.03198,255.74798,0
1973-04-06T04:09:56.000Z,255.07199,255.78799,0
1973-04-06T05:07:49.000Z,255.10199,255.81799,0
1973-04-06T06:05:51.000Z,255.10199,255.81799,0
1973-04-06T07:03:44.000Z,255.07199,255.78799,0
1973-04-06T08:01:46.000Z,255.07199,255.78799,0
1973-04-06T08:59:39.000Z,255.07199,255.78799,0
1973-04-06T09:57:41.000Z,255.06198,255.77798,0
1973-04-06T10:55:34.000Z,255.03198,255.74798,0
1973-04-06T11:53:36.000Z,255.10199,255.81799,0
1973-04-06T12:51:37.000Z,255.10199,255.81799,0
1973-04-06T13:49:31.000Z,255.03198,255.74798,0
1973-04-06T14:59:17.000Z,255.03198,255.74798,0
1973-04-06T15:35:28.000Z,255.07199,255.78799,0
1973-04-06T16:33:29.000Z,255.06198,255.77798,0
1973-04-06T17:31:23.000Z,255.06198,255.77798,0
1973-04-06T18:29:24.000Z,255.06248,255.77748,0
1973-04-06T19:27:26.000Z,255.06198,255.77798,0
1973-04-06T20:25:27.000Z,255.06198,255.77798,0
1973-04-06T21:23:29.000Z,255.10199,255.81799,0
1973-04-06T22:21:31.000Z,255.06198,255.77798,0
1973-04-06T23:19:32.000Z,255.06248,255.77748,0
1973-04-07T00:17:01.000Z,255.06198,255.77798,0
1973-04-07T01:14:46.000Z,255.06198,255.77798,0
1973-04-07T02:13:04.000Z,255.06198,255.77798,0
1973-04-07T02:56:29.000Z,255.06198,255.77798,0
1973-04-07T03:54:31.000Z,255.06198,255.77798,0
1973-04-07T04:52:24.000Z,255.06248,255.77748,0
1973-04-07T05:50:26.000Z,255.06198,255.77798,0
1973-04-07T06:48:19.000Z,255.06198,255.77798,0
1973-04-07T07:46:21.000Z,255.10249,255.81749,0
1973-04-07T08:44:14.000Z,255.06198,255.77798,0
1973-04-07T09:42:16.000Z,255.06198,255.77798,0
1973-04-07T10:40:09.000Z,255.06198,255.77798,0
1973-04-07T11:38:11.000Z,255.06248,255.77748,0
1973-04-07T12:07:08.000Z,255.06198,255.77798,0
1973-04-07T12:21:36.000Z,255.06198,255.77798,0
1973-04-07T13:19:38.000Z,255.06248,255.77748,0
1973-04-07T14:17:31.000Z,255.06198,255.77798,0
1973-04-07T15:15:33.000Z,255.06248,255.77748,0
1973-04-07T16:13:26.000Z,255.06198,255.77798,0
1973-04-07T17:11:28.000Z,255.06248,255.77748,0
1973-04-07T18:09:29.000Z,255.06198,255.77798,0
1973-04-07T19:07:23.000Z,255.06248,255.77748,0
1973-04-07T20:05:24.000Z,255.06248,255.77748,0
1973-04-07T20:19:52.000Z,255.10199,255.81799,0
1973-04-07T21:17:46.000Z,255.04249,255.75749,0
1973-04-07T22:15:48.000Z,255.05247,255.76747,0
1973-04-07T23:13:41.000Z,255.04249,255.75749,0
1973-04-08T00:11:43.000Z,255.03248,255.74748,0
1973-04-08T01:09:36.000Z,255.04249,255.75749,0
1973-04-08T02:07:38.000Z,255.02247,255.73747,0
1973-04-08T03:05:31.000Z,255.04199,255.75799,0
1973-04-08T04:03:33.000Z,255.11247,255.82747,0
1973-04-08T05:01:26.000Z,255.08247,255.79747,0
1973-04-08T05:59:28.000Z,255.08247,255.79747,0
1973-04-08T06:35:38.000Z,255.05247,255.76747,0
1973-04-08T07:33:32.000Z,255.02247,255.73747,0
1973-04-08T08:31:17.000Z,255.03198,255.74798,0
1973-04-08T09:29:10.000Z,255.05247,255.76747,0
1973-04-08T10:27:04.000Z,255.05247,255.76747,0
1973-04-08T11:24:57.000Z,255.05197,255.76797,0
1973-04-08T12:08:14.000Z,255.07249,255.78749,0
1973-04-08T12:16:09.000Z,255.03248,255.74748,0
1973-04-08T13:14:11.000Z,255.02197,255.73797,0
1973-04-08T14:12:04.000Z,255.07249,255.78749,0
1973-04-08T15:10:06.000Z,255.03248,255.74748,0
1973-04-08T16:07:59.000Z,255.03248,255.74748,0
1973-04-08T17:06:01.000Z,255.03248,255.74748,0
1973-04-08T17:49:26.000Z,255.07249,255.78749,0
1973-04-08T18:47:28.000Z,255.07249,255.78749,0
1973-04-08T19:45:21.000Z,255.07249,255.78749,0
1973-04-08T20:43:14.000Z,255.07249,255.78749,0
1973-04-08T21:33:45.000Z,255.07249,255.78749,0
1973-04-08T21:41:16.000Z,255.07249,255.78749,0
1973-04-08T22:39:18.000Z,255.04249,255.75749,0
1973-04-08T23:37:19.000Z,255.07249,255.78749,0
1973-04-09T00:35:13.000Z,255.07249,255.78749,0
1973-04-09T01:33:14.000Z,255.08247,255.79747,0
1973-04-09T02:31:08.000Z,255.07249,255.78749,0
1973-04-09T03:29:09.000Z,255.03248,255.74748,0
1973-04-09T04:27:03.000Z,255.07249,255.78749,0
1973-04-09T05:25:04.000Z,255.07249,255.78749,0
1973-04-09T06:22:58.000Z,255.04249,255.75749,0
1973-04-09T07:20:51.000Z,255.07249,255.78749,0
1973-04-09T07:42:25.000Z,255.0125,255.7275,0
1973-04-09T07:49:56.000Z,255.07249,255.78749,0
1973-04-09T08:47:57.000Z,255.07249,255.78749,0
1973-04-09T09:45:51.000Z,255.04249,255.75749,0
1973-04-09T10:46:28.000Z,255.04249,255.75749,0
1973-04-09T11:44:30.000Z,255.04249,255.75749,0
1973-04-09T12:42:31.000Z,255.04249,255.75749,0
1973-04-09T13:40:25.000Z,255.04249,255.75749,0
1973-04-09T14:38:26.000Z,255.04249,255.75749,0
1973-04-09T15:36:20.000Z,255.08247,255.79747,0
1973-04-09T16:34:21.000Z,255.08247,255.79747,0
1973-04-09T17:32:07.000Z,255.08247,255.79747,0
1973-04-09T18:29:52.000Z,255.08247,255.79747,0
1973-04-09T19:05:54.000Z,255.11247,255.82747,0
1973-04-09T20:04:29.000Z,255.08247,255.79747,0
1973-04-09T21:02:22.000Z,255.11247,255.82747,0
1973-04-09T22:00:24.000Z,255.08247,255.79747,0
1973-04-09T22:58:17.000Z,255.08247,255.79747,0
1973-04-09T23:56:19.000Z,255.08247,255.79747,0
1973-04-10T00:54:12.000Z,255.08247,255.79747,0
1973-04-10T01:52:14.000Z,255.04249,255.75749,0
1973-04-10T02:50:07.000Z,255.08247,255.79747,0
1973-04-10T03:48:09.000Z,255.08247,255.79747,0
1973-04-10T04:46:02.000Z,255.08247,255.79747,0
1973-04-10T05:51:18.000Z,255.08247,255.79747,0
1973-04-10T06:49:11.000Z,255.0125,255.7275,0
1973-04-10T07:47:13.000Z,255.04249,255.75749,0
1973-04-10T08:45:06.000Z,255.08247,255.79747,0
1973-04-10T09:43:08.000Z,255.08247,255.79747,0
1973-04-10T10:41:10.000Z,255.08247,255.79747,0
1973-04-10T11:39:03.000Z,255.11247,255.82747,0
1973-04-10T11:53:31.000Z,255.11247,255.82747,0
1973-04-10T12:15:14.000Z,255.08247,255.79747,0
1973-04-10T13:13:16.000Z,255.07249,255.78749,0
1973-04-10T14:11:09.000Z,255.11247,255.82747,0
1973-04-10T15:09:11.000Z,255.04299,255.75699,0
1973-04-10T16:07:12.000Z,255.07299,255.78699,0
1973-04-10T17:05:06.000Z,255.04299,255.75699,0
1973-04-10T18:03:07.000Z,255.11247,255.82747,0
1973-04-10T19:01:01.000Z,255.08247,255.79747,0
1973-04-10T19:59:02.000Z,255.04249,255.75749,0
1973-04-10T20:56:56.000Z,255.07249,255.78749,0
1973-04-10T21:54:57.000Z,255.04299,255.75699,0
1973-04-10T22:52:51.000Z,255.07249,255.78749,0
1973-04-10T23:50:52.000Z,255.04299,255.75699,0
1973-04-11T00:48:46.000Z,255.07249,255.78749,0
1973-04-11T01:46:39.000Z,255.04349,255.75649,0
1973-04-11T02:44:41.000Z,255.04249,255.75749,0
1973-04-11T02:59:09.000Z,255.04299,255.75699,0
1973-04-11T03:57:11.000Z,255.04299,255.75699,0
1973-04-11T04:55:04.000Z,255.08247,255.79747,0
1973-04-11T05:53:06.000Z,255.04299,255.75699,0
1973-04-11T06:51:07.000Z,255.04299,255.75699,0
1973-04-11T07:49:01.000Z,255.07249,255.78749,0
1973-04-11T08:47:02.000Z,255.04299,255.75699,0
1973-04-11T09:44:56.000Z,255.07299,255.78699,0
1973-04-11T11:03:42.000Z,255.07299,255.78699,0
1973-04-11T12:01:44.000Z,255.04299,255.75699,0
1973-04-11T12:59:29.000Z,255.08297,255.79697,0
1973-04-11T13:57:14.000Z,255.04299,255.75699,0
1973-04-11T14:33:50.000Z,255.08297,255.79697,0
1973-04-11T15:31:51.000Z,255.07299,255.78699,0
1973-04-11T16:29:45.000Z,255.07299,255.78699,0
1973-04-11T17:06:04.000Z,255.07299,255.78699,0
1973-04-11T17:20:32.000Z,255.07299,255.78699,0
1973-04-11T18:18:26.000Z,255.07299,255.78699,0
1973-04-11T19:16:27.000Z,255.11297,255.82697,0
1973-04-11T20:14:21.000Z,255.04299,255.75699,0
1973-04-11T21:12:22.000Z,255.11297,255.82697,0
1973-04-11T22:10:16.000Z,255.07299,255.78699,0
1973-04-11T23:08:17.000Z,255.11247,255.82747,0
1973-04-12T00:06:11.000Z,255.11247,255.82747,0
1973-04-12T01:04:12.000Z,255.11247,255.82747,0
1973-04-12T02:02:06.000Z,255.11297,255.82697,0
1973-04-12T03:00:07.000Z,255.11297,255.82697,0
1973-04-12T03:58:09.000Z,255.11297,255.82697,0
1973-04-12T04:56:02.000Z,255.11247,255.82747,0
1973-04-12T05:54:04.000Z,255.11247,255.82747,0
1973-04-12T06:51:57.000Z,255.11247,255.82747,0
1973-04-12T07:57:13.000Z,255.11297,255.82697,0
1973-04-12T08:55:07.000Z,255.07299,255.78699,0
1973-04-12T09:53:08.000Z,255.11297,255.82697,0
1973-04-12T10:51:02.000Z,255.11247,255.82747,0
1973-04-12T11:49:03.000Z,255.07299,255.78699,0
1973-04-12T12:46:57.000Z,255.10249,255.81749,0
1973-04-12T13:44:58.000Z,255.11297,255.82697,0
1973-04-12T14:42:52.000Z,255.11297,255.82697,0
1973-04-12T16:02:36.000Z,255.11297,255.82697,0
1973-04-12T16:24:18.000Z,255.07299,255.78699,0
1973-04-12T17:22:20.000Z,255.07299,255.78699,0
1973-04-12T17:58:31.000Z,255.11297,255.82697,0
1973-04-12T19:03:46.000Z,255.07299,255.78699,0
1973-04-12T20:01:40.000Z,255.11247,255.82747,0
1973-04-12T20:59:41.000Z,255.11347,255.82647,0
1973-04-12T21:28:38.000Z,255.11297,255.82697,0
1973-04-12T21:57:43.000Z,255.11297,255.82697,0
1973-04-12T22:55:36.000Z,255.11297,255.82697,0
1973-04-12T23:10:05.000Z,255.03298,255.74698,0
1973-04-12T23:31:47.000Z,255.07349,255.78649,0
1973-04-13T00:29:49.000Z,255.08297,255.79697,0
1973-04-13T01:06:00.000Z,255.07349,255.78649,0
1973-04-13T02:04:01.000Z,255.11347,255.82647,0
1973-04-13T03:01:55.000Z,255.11297,255.82697,0
1973-04-13T03:59:56.000Z,255.11297,255.82697,0
1973-04-13T04:57:50.000Z,255.11297,255.82697,0
1973-04-13T05:55:51.000Z,255.11297,255.82697,0
1973-04-13T06:53:45.000Z,255.11297,255.82697,0
1973-04-13T07:51:46.000Z,255.11297,255.82697,0
1973-04-13T08:13:29.000Z,255.11297,255.82697,0
1973-04-13T09:11:14.000Z,255.11297,255.82697,0
1973-04-13T10:09:24.000Z,255.07349,255.78649,0
1973-04-13T11:07:26.000Z,255.11347,255.82647,0
1973-04-13T12:05:19.000Z,255.04349,255.75649,0
1973-04-13T13:03:21.000Z,255.11297,255.82697,0
1973-04-13T14:48:28.000Z,255.11347,255.82647,0
1973-04-13T15:46:22.000Z,255.07349,255.78649,0
1973-04-13T16:51:29.000Z,255.07249,255.78749,0
1973-04-13T17:49:31.000Z,255.07399,255.78599,0
1973-04-13T18:47:33.000Z,255.07299,255.78699,0
1973-04-13T19:45:26.000Z,255.08347,255.79647,0
1973-04-13T20:36:13.000Z,255.1445,255.8555,0
1973-04-13T20:57:56.000Z,255.07349,255.78649,0
1973-04-13T21:55:49.000Z,255.11397,255.82597,0
1973-04-13T22:53:51.000Z,255.07349,255.78649,0
1973-04-13T23:51:44.000Z,255.143,255.857,0
1973-04-14T00:49:46.000Z,255.11347,255.82647,0
1973-04-14T01:47:39.000Z,255.1735,255.8865,0
1973-04-14T02:45:41.000Z,255.143,255.857,0
1973-04-14T03:43:43.000Z,255.07349,255.78649,0
1973-04-14T04:41:36.000Z,255.11347,255.82647,0
1973-04-14T05:39:38.000Z,255.11347,255.82647,0
1973-04-14T06:01:20.000Z,255.1435,255.8565,0
1973-04-14T06:59:14.000Z,255.1435,255.8565,0
1973-04-14T07:57:15.000Z,255.10299,255.81699,0
1973-04-14T08:55:09.000Z,255.07349,255.78649,0
1973-04-14T09:53:10.000Z,255.1435,255.8565,0
1973-04-14T10:51:04.000Z,255.11347,255.82647,0
1973-04-14T11:49:05.000Z,255.08347,255.79647,0
1973-04-14T12:47:07.000Z,255.07349,255.78649,0
1973-04-14T13:45:00.000Z,255.07349,255.78649,0
1973-04-14T14:13:57.000Z,255.07349,255.78649,0
1973-04-14T15:11:59.000Z,255.1735,255.8865,0
1973-04-14T16:09:52.000Z,255.04349,255.75649,0
1973-04-14T17:07:54.000Z,255.08347,255.79647,0
1973-04-14T18:05:55.000Z,255.07399,255.78599,0
1973-04-14T19:03:49.000Z,255.07349,255.78649,0
1973-04-14T20:01:50.000Z,255.07399,255.78599,0
1973-04-14T20:59:44.000Z,255.11347,255.82647,0
1973-04-14T21:57:45.000Z,255.11347,255.82647,0
1973-04-14T22:55:39.000Z,255.07349,255.78649,0
1973-04-14T23:53:40.000Z,255.07399,255.78599,0
1973-04-15T00:51:34.000Z,255.07349,255.78649,0
1973-04-15T01:49:35.000Z,255.07349,255.78649,0
1973-04-15T02:54:43.000Z,255.11347,255.82647,0
1973-04-15T03:52:44.000Z,255.07349,255.78649,0
1973-04-15T04:50:38.000Z,255.10349,255.81649,0
1973-04-15T05:48:39.000Z,255.11347,255.82647,0
1973-04-15T06:46:41.000Z,255.08397,255.79597,0
1973-04-15T07:44:34.000Z,255.11347,255.82647,0
1973-04-15T08:42:36.000Z,255.07399,255.78599,0
1973-04-15T09:40:29.000Z,255.11347,255.82647,0
1973-04-15T10:38:31.000Z,255.10349,255.81649,0
1973-04-15T11:36:24.000Z,255.11347,255.82647,0
1973-04-15T12:34:26.000Z,255.11347,255.82647,0
1973-04-15T13:32:19.000Z,255.07349,255.78649,0
1973-04-15T14:30:21.000Z,255.07349,255.78649,0
1973-04-15T15:28:14.000Z,255.07399,255.78599,0
1973-04-15T16:19:02.000Z,255.11347,255.82647,0
1973-04-15T16:40:44.000Z,255.11397,255.82597,0
1973-04-15T17:38:46.000Z,255.07399,255.78599,0
1973-04-15T18:29:25.000Z,255.11347,255.82647,0
1973-04-15T18:36:39.000Z,255.11347,255.82647,0
1973-04-15T19:34:41.000Z,255.11347,255.82647,0
1973-04-15T20:32:34.000Z,255.11347,255.82647,0
1973-04-15T21:01:31.000Z,255.11347,255.82647,0
1973-04-15T21:59:33.000Z,255.07399,255.78599,0
1973-04-15T22:57:34.000Z,255.07399,255.78599,0
1973-04-15T23:55:28.000Z,255.07399,255.78599,0
1973-04-16T00:53:29.000Z,255.11347,255.82647,0
1973-04-16T01:07:58.000Z,255.07399,255.78599,0
1973-04-16T01:29:40.000Z,255.11347,255.82647,0
1973-04-16T02:27:34.000Z,255.11347,255.82647,0
1973-04-16T03:25:35.000Z,255.11347,255.82647,0
1973-04-16T04:23:37.000Z,255.11347,255.82647,0
1973-04-16T04:52:33.000Z,255.11347,255.82647,0
1973-04-16T05:50:27.000Z,255.1435,255.8565,0
1973-04-16T06:48:28.000Z,255.07399,255.78599,0
1973-04-16T07:39:08.000Z,255.11347,255.82647,0
1973-04-16T07:46:22.000Z,255.11347,255.82647,0
1973-04-16T08:44:23.000Z,255.11347,255.82647,0
1973-04-16T09:42:25.000Z,255.11347,255.82647,0
1973-04-16T10:40:18.000Z,255.11347,255.82647,0
1973-04-16T12:24:29.000Z,255.11397,255.82597,0
1973-04-16T13:22:22.000Z,255.11397,255.82597,0
1973-04-16T14:20:24.000Z,255.11347,255.82647,0
1973-04-16T15:18:26.000Z,255.08397,255.79597,0
1973-04-16T16:16:19.000Z,255.11347,255.82647,0
1973-04-16T17:14:21.000Z,255.11347,255.82647,0
1973-04-16T18:12:14.000Z,255.11347,255.82647,0
1973-04-16T18:55:47.000Z,255.11347,255.82647,0
1973-04-16T19:24:44.000Z,255.11347,255.82647,0
1973-04-16T19:53:41.000Z,255.11397,255.82597,0
1973-04-16T20:51:42.000Z,255.11347,255.82647,0
1973-04-16T20:58:56.000Z,255.11347,255.82647,0
1973-04-16T21:13:25.000Z,255.11397,255.82597,0
1973-04-16T21:35:07.000Z,255.11397,255.82597,0
1973-04-16T21:56:50.000Z,255.11347,255.82647,0
1973-04-16T22:18:41.000Z,255.1435,255.8565,0
1973-04-16T22:40:23.000Z,255.11347,255.82647,0
1973-04-16T22:47:37.000Z,255.144,255.856,0
1973-04-16T22:54:51.000Z,255.07349,255.78649,0
1973-04-16T23:31:11.000Z,255.11347,255.82647,0
1973-04-17T00:29:04.000Z,255.11347,255.82647,0
1973-04-17T01:19:51.000Z,255.11347,255.82647,0
1973-04-17T01:48:48.000Z,255.1435,255.8565,0
1973-04-17T02:32:13.000Z,255.11347,255.82647,0
1973-04-17T03:30:07.000Z,255.11397,255.82597,0
1973-04-17T04:28:08.000Z,255.11397,255.82597,0
1973-04-17T05:26:02.000Z,255.11397,255.82597,0
1973-04-17T06:24:03.000Z,255.07399,255.78599,0
1973-04-17T06:31:17.000Z,255.11397,255.82597,0
1973-04-17T07:29:19.000Z,255.10399,255.81599,0
1973-04-17T08:27:12.000Z,255.10399,255.81599,0
1973-04-17T09:25:14.000Z,255.04399,255.75599,0
1973-04-17T10:08:39.000Z,255.08397,255.79597,0
1973-04-17T10:23:07.000Z,255.08397,255.79597,0
1973-04-17T10:30:21.000Z,255.08397,255.79597,0
1973-04-17T11:28:23.000Z,255.07399,255.78599,0
1973-04-17T12:26:16.000Z,255.07399,255.78599,0
1973-04-17T13:24:18.000Z,255.1435,255.8565,0
1973-04-17T13:53:15.000Z,255.144,255.856,0
1973-04-17T14:51:16.000Z,255.144,255.856,0
1973-04-17T15:49:10.000Z,255.04399,255.75599,0
1973-04-17T16:47:11.000Z,255.07399,255.78599,0
1973-04-17T17:45:05.000Z,255.11397,255.82597,0
1973-04-17T18:43:06.000Z,255.04399,255.75599,0
1973-04-17T19:04:49.000Z,255.07399,255.78599,0
1973-04-17T19:12:03.000Z,255.07399,255.78599,0
1973-04-17T20:10:05.000Z,255.07399,255.78599,0
1973-04-17T21:00:44.000Z,255.11397,255.82597,0
1973-04-17T21:58:46.000Z,255.08397,255.79597,0
1973-04-17T22:56:39.000Z,255.11397,255.82597,0
1973-04-17T23:54:41.000Z,255.07399,255.78599,0
1973-04-18T00:52:34.000Z,255.07399,255.78599,0
1973-04-18T01:50:36.000Z,255.08397,255.79597,0
1973-04-18T02:48:29.000Z,255.11397,255.82597,0
1973-04-18T03:46:31.000Z,255.11397,255.82597,0
1973-04-18T05:20:43.000Z,255.07399,255.78599,0
1973-04-18T05:42:26.000Z,255.04399,255.75599,0
1973-04-18T06:11:22.000Z,255.07399,255.78599,0
1973-04-18T06:40:19.000Z,255.07399,255.78599,0
1973-04-18T07:02:10.000Z,255.11397,255.82597,0
1973-04-18T07:31:06.000Z,255.08397,255.79597,0
1973-04-18T07:45:35.000Z,255.11397,255.82597,0
1973-04-18T08:00:03.000Z,255.07399,255.78599,0
1973-04-18T08:21:46.000Z,255.11397,255.82597,0
1973-04-18T08:36:14.000Z,255.144,255.856,0
1973-04-18T09:27:01.000Z,255.07399,255.78599,0
1973-04-18T09:48:44.000Z,255.07399,255.78599,0
1973-04-18T10:55:46.000Z,255.07399,255.78599,0
1973-04-18T11:17:29.000Z,255.07399,255.78599,0
1973-04-18T11:39:11.000Z,255.08397,255.79597,0
1973-04-18T12:15:30.000Z,255.11397,255.82597,0
1973-04-18T13:13:24.000Z,255.07399,255.78599,0
1973-04-18T14:11:25.000Z,255.11397,255.82597,0
1973-04-18T15:09:19.000Z,255.11397,255.82597,0
1973-04-18T16:07:20.000Z,255.11397,255.82597,0
1973-04-18T17:05:14.000Z,255.07399,255.78599,0
1973-04-18T17:56:01.000Z,255.11397,255.82597,0
1973-04-18T18:53:55.000Z,255.04399,255.75599,0
1973-04-18T19:51:56.000Z,255.07399,255.78599,0
1973-04-18T20:49:50.000Z,255.11397,255.82597,0
1973-04-18T21:47:51.000Z,255.11397,255.82597,0
1973-04-18T22:45:53.000Z,255.11397,255.82597,0
1973-04-18T23:43:46.000Z,255.11397,255.82597,0
1973-04-19T00:41:48.000Z,255.11397,255.82597,0
1973-04-19T01:39:41.000Z,255.11397,255.82597,0
1973-04-19T02:37:43.000Z,255.11397,255.82597,0
1973-04-19T02:59:25.000Z,255.11397,255.82597,0
1973-04-19T03:57:19.000Z,255.11397,255.82597,0
1973-04-19T04:55:20.000Z,255.11397,255.82597,0
1973-04-19T05:53:14.000Z,255.08397,255.79597,0
1973-04-19T06:51:15.000Z,255.11397,255.82597,0
1973-04-19T07:49:17.000Z,255.11397,255.82597,0
1973-04-19T08:47:10.000Z,255.11397,255.82597,0
1973-04-19T09:45:12.000Z,255.07399,255.78599,0
1973-04-19T10:43:05.000Z,255.11397,255.82597,0
1973-04-19T11:41:07.000Z,255.08397,255.79597,0
1973-04-19T12:39:00.000Z,255.08397,255.79597,0
1973-04-19T13:37:02.000Z,255.04449,255.75549,0
1973-04-19T14:34:55.000Z,255.08397,255.79597,0
1973-04-19T15:32:57.000Z,255.07399,255.78599,0
1973-04-19T16:30:50.000Z,255.08447,255.79547,0
1973-04-19T17:28:52.000Z,255.08397,255.79597,0
1973-04-19T18:26:45.000Z,255.08397,255.79597,0
1973-04-19T19:17:33.000Z,255.08397,255.79597,0
1973-04-19T20:15:26.000Z,255.08397,255.79597,0
1973-04-19T21:13:28.000Z,255.04449,255.75549,0
1973-04-19T21:42:25.000Z,255.11447,255.82547,0
1973-04-19T21:56:53.000Z,255.04449,255.75549,0
1973-04-19T22:54:55.000Z,255.04449,255.75549,0
1973-04-19T23:52:48.000Z,255.04449,255.75549,0
1973-04-20T00:50:50.000Z,255.08447,255.79547,0
1973-04-20T01:34:15.000Z,255.04449,255.75549,0
1973-04-20T02:32:16.000Z,255.04449,255.75549,0
1973-04-20T03:30:10.000Z,255.04449,255.75549,0
1973-04-20T04:28:11.000Z,255.04449,255.75549,0
1973-04-20T05:26:05.000Z,255.04449,255.75549,0
1973-04-20T06:24:06.000Z,255.07449,255.78549,0
1973-04-20T07:22:08.000Z,255.04449,255.75549,0
1973-04-20T08:20:01.000Z,255.08447,255.79547,0
1973-04-20T10:23:10.000Z,255.07449,255.78549,0
1973-04-20T11:48:22.000Z,255.07449,255.78549,0
1973-04-20T12:31:47.000Z,255.07449,255.78549,0
1973-04-20T13:29:49.000Z,255.07449,255.78549,0
1973-04-20T14:27:42.000Z,255.11447,255.82547,0
1973-04-20T15:25:44.000Z,255.07449,255.78549,0
1973-04-20T16:23:37.000Z,255.07449,255.78549,0
1973-04-20T17:21:39.000Z,255.11447,255.82547,0
1973-04-20T18:19:32.000Z,255.07449,255.78549,0
1973-04-20T19:17:34.000Z,255.07449,255.78549,0
1973-04-20T20:15:27.000Z,255.04449,255.75549,0
1973-04-20T21:13:29.000Z,255.07449,255.78549,0
1973-04-20T22:11:22.000Z,255.07449,255.78549,0
1973-04-20T23:09:24.000Z,255.07449,255.78549,0
1973-04-21T00:07:17.000Z,255.07449,255.78549,0
1973-04-21T02:54:00.000Z,255.04449,255.75549,0
1973-04-21T03:51:53.000Z,255.07449,255.78549,0
1973-04-21T04:49:55.000Z,255.04449,255.75549,0
1973-04-21T05:47:56.000Z,255.07449,255.78549,0
1973-04-21T06:45:50.000Z,255.07449,255.78549,0
1973-04-21T07:43:51.000Z,255.07449,255.78549,0
1973-04-21T08:41:45.000Z,255.07449,255.78549,0
1973-04-21T09:39:46.000Z,255.07449,255.78549,0
1973-04-21T10:37:40.000Z,255.07449,255.78549,0
1973-04-21T11:35:41.000Z,255.07449,255.78549,0
1973-04-21T12:33:35.000Z,255.07449,255.78549,0
1973-04-21T13:31:36.000Z,255.07449,255.78549,0
1973-04-21T14:29:30.000Z,255.07449,255.78549,0
1973-04-21T15:27:31.000Z,255.07449,255.78549,0
1973-04-21T16:25:25.000Z,255.06448,255.77548,0
1973-04-21T17:23:26.000Z,255.06448,255.77548,0
1973-04-21T18:21:20.000Z,255.06448,255.77548,0
1973-04-21T19:19:21.000Z,255.06448,255.77548,0
1973-04-21T20:17:15.000Z,255.09448,255.80548,0
1973-04-21T21:15:16.000Z,255.02447,255.73547,0
1973-04-21T22:13:10.000Z,254.99498,255.70498,0
1973-04-21T23:11:11.000Z,255.05447,255.76547,0
1973-04-22T00:09:13.000Z,255.04449,255.75549,0
1973-04-22T01:07:06.000Z,255.02447,255.73547,0
1973-04-22T02:05:08.000Z,255.02497,255.73497,0
1973-04-22T03:03:01.000Z,255.04449,255.75549,0
1973-04-22T04:01:03.000Z,255.04449,255.75549,0
1973-04-22T04:58:56.000Z,255.04499,255.75499,0
1973-04-22T05:56:58.000Z,255.04449,255.75549,0
1973-04-22T06:25:55.000Z,255.04449,255.75549,0
1973-04-22T07:23:48.000Z,255.07449,255.78549,0
1973-04-22T08:21:50.000Z,255.03448,255.74548,0
1973-04-22T09:19:51.000Z,254.99498,255.70498,0
1973-04-22T10:17:45.000Z,255.05447,255.76547,0
1973-04-22T11:15:46.000Z,255.05447,255.76547,0
1973-04-22T12:13:40.000Z,255.07499,255.78499,0
1973-04-22T13:11:41.000Z,255.07449,255.78549,0
1973-04-22T14:09:35.000Z,255.03498,255.74498,0
1973-04-22T16:12:44.000Z,255.08447,255.79547,0
1973-04-22T17:10:46.000Z,255.03498,255.74498,0
1973-04-22T18:08:39.000Z,255.06498,255.77498,0
1973-04-22T19:06:41.000Z,255.02497,255.73497,0
1973-04-22T20:04:34.000Z,255.04449,255.75549,0
1973-04-22T20:19:11.000Z,255.04499,255.75499,0
1973-04-22T21:17:04.000Z,255.07499,255.78499,0
1973-04-22T22:15:06.000Z,255.03498,255.74498,0
1973-04-22T23:12:59.000Z,255.03498,255.74498,0
1973-04-23T00:11:01.000Z,255.03498,255.74498,0
1973-04-23T01:08:54.000Z,255.06498,255.77498,0
1973-04-23T02:57:35.000Z,255.06498,255.77498,0
1973-04-23T03:55:36.000Z,255.09498,255.80498,0
1973-04-23T04:53:30.000Z,255.09498,255.80498,0
1973-04-23T05:51:31.000Z,255.05497,255.76497,0
1973-04-23T06:49:25.000Z,255.05497,255.76497,0
1973-04-23T07:47:26.000Z,255.09498,255.80498,0
1973-04-23T08:52:34.000Z,255.04499,255.75499,0
1973-04-23T10:05:04.000Z,255.04499,255.75499,0
1973-04-23T11:03:06.000Z,255.04499,255.75499,0
1973-04-23T12:00:59.000Z,255.04499,255.75499,0
1973-04-23T12:59:01.000Z,255.07499,255.78499,0
1973-04-23T13:56:54.000Z,255.07499,255.78499,0
1973-04-23T14:54:56.000Z,255.07499,255.78499,0
1973-04-23T15:52:49.000Z,255.07499,255.78499,0
1973-04-23T16:50:51.000Z,255.07499,255.78499,0
1973-04-23T17:48:44.000Z,255.04499,255.75499,0
1973-04-23T18:58:30.000Z,255.07499,255.78499,0
1973-04-23T20:03:46.000Z,255.07499,255.78499,0
1973-04-23T21:01:39.000Z,255.04499,255.75499,0
1973-04-23T21:59:41.000Z,255.10499,255.81499,0
1973-04-23T22:57:34.000Z,255.07499,255.78499,0
1973-04-23T23:55:36.000Z,255.06498,255.77498,0
1973-04-24T00:53:29.000Z,255.06498,255.77498,0
1973-04-24T01:51:31.000Z,255.03498,255.74498,0
1973-04-24T02:49:24.000Z,255.06498,255.77498,0
1973-04-24T03:47:26.000Z,255.06498,255.77498,0
1973-04-24T04:23:37.000Z,255.06498,255.77498,0
1973-04-24T05:21:38.000Z,255.06498,255.77498,0
1973-04-24T06:19:32.000Z,255.09498,255.80498,0
1973-04-24T07:17:33.000Z,255.06498,255.77498,0
1973-04-24T08:15:27.000Z,255.06498,255.77498,0
1973-04-24T09:13:28.000Z,255.06498,255.77498,0
1973-04-24T10:11:22.000Z,255.06498,255.77498,0
1973-04-24T11:09:23.000Z,255.06498,255.77498,0
1973-04-24T12:07:17.000Z,255.06498,255.77498,0
1973-04-24T13:19:47.000Z,255.06498,255.77498,0
1973-04-24T14:17:48.000Z,255.06498,255.77498,0
1973-04-24T15:15:50.000Z,255.06498,255.77498,0
1973-04-24T16:13:52.000Z,255.06498,255.77498,0
1973-04-24T17:11:53.000Z,255.02497,255.73497,0
1973-04-24T18:09:55.000Z,255.06498,255.77498,0
1973-04-24T18:38:35.000Z,255.09498,255.80498,0
1973-04-24T19:36:20.000Z,255.06498,255.77498,0
1973-04-24T20:34:05.000Z,255.05497,255.76497,0
1973-04-24T21:31:51.000Z,255.09498,255.80498,0
1973-04-24T22:29:28.000Z,255.12498,255.83498,0
1973-04-24T23:27:13.000Z,255.05497,255.76497,0
1973-04-25T00:24:58.000Z,255.05497,255.76497,0
1973-04-25T01:02:31.000Z,255.05497,255.76497,0
1973-04-25T02:00:33.000Z,255.08497,255.79497,0
1973-04-25T03:05:40.000Z,255.05497,255.76497,0
1973-04-25T04:03:42.000Z,255.04499,255.75499,0
1973-04-25T05:01:35.000Z,255.08497,255.79497,0
1973-04-25T05:59:37.000Z,255.08497,255.79497,0
1973-04-25T06:57:30.000Z,255.08497,255.79497,0
1973-04-25T07:55:32.000Z,255.08497,255.79497,0
1973-04-25T08:53:33.000Z,255.04549,255.75449,0
1973-04-25T09:51:27.000Z,255.08497,255.79497,0
1973-04-25T10:49:28.000Z,255.04499,255.75499,0
1973-04-25T11:47:22.000Z,255.04549,255.75449,0
1973-04-25T12:45:23.000Z,255.04549,255.75449,0
1973-04-25T13:28:48.000Z,255.04499,255.75499,0
1973-04-25T14:26:50.000Z,255.04549,255.75449,0
1973-04-25T15:24:43.000Z,255.08497,255.79497,0
1973-04-25T16:22:45.000Z,255.04549,255.75449,0
1973-04-25T17:20:38.000Z,255.04549,255.75449,0
1973-04-25T18:18:40.000Z,255.04499,255.75499,0
1973-04-25T18:34:39.000Z,255.08497,255.79497,0
1973-04-25T19:32:16.000Z,255.04549,255.75449,0
1973-04-25T20:29:53.000Z,255.07499,255.78499,0
1973-04-25T21:27:30.000Z,255.04549,255.75449,0
1973-04-25T22:25:07.000Z,255.04549,255.75449,0
1973-04-25T23:22:44.000Z,255.07499,255.78499,0
1973-04-26T00:13:39.000Z,255.07499,255.78499,0
1973-04-26T01:11:33.000Z,255.07499,255.78499,0
1973-04-26T02:09:34.000Z,255.03548,255.74448,0
1973-04-26T03:07:28.000Z,255.04549,255.75449,0
1973-04-26T04:05:29.000Z,255.07499,255.78499,0
1973-04-26T05:03:23.000Z,255.07549,255.78449,0
1973-04-26T06:01:24.000Z,255.03498,255.74498,0
1973-04-26T06:59:18.000Z,255.07499,255.78499,0
1973-04-26T07:57:19.000Z,255.07499,255.78499,0
1973-04-26T08:55:21.000Z,255.07499,255.78499,0
1973-04-26T09:53:14.000Z,255.07549,255.78449,0
1973-04-26T10:44:02.000Z,255.07499,255.78499,0
1973-04-26T11:20:13.000Z,255.07499,255.78499,0
1973-04-26T12:10:52.000Z,255.03548,255.74448,0
1973-04-26T12:32:34.000Z,255.03548,255.74448,0
1973-04-26T13:30:36.000Z,255.07549,255.78449,0
1973-04-26T14:28:38.000Z,255.03548,255.74448,0
1973-04-26T15:26:31.000Z,255.07499,255.78499,0
1973-04-26T16:24:33.000Z,255.03548,255.74448,0
1973-04-26T16:53:29.000Z,255.07499,255.78499,0
1973-04-26T17:51:23.000Z,255.03548,255.74448,0
1973-04-26T18:34:48.000Z,255.03548,255.74448,0
1973-04-26T19:32:25.000Z,255.07499,255.78499,0
1973-04-26T20:30:02.000Z,255.06548,255.77448,0
1973-04-26T21:27:39.000Z,255.03548,255.74448,0
1973-04-26T22:25:16.000Z,255.03548,255.74448,0
1973-04-26T23:22:53.000Z,255.06548,255.77448,0
1973-04-26T23:39:16.000Z,255.03548,255.74448,0
1973-04-27T00:37:09.000Z,255.03548,255.74448,0
1973-04-27T01:35:11.000Z,255.06548,255.77448,0
1973-04-27T02:33:04.000Z,255.06548,255.77448,0
1973-04-27T02:54:47.000Z,255.07549,255.78449,0
1973-04-27T03:52:48.000Z,255.06548,255.77448,0
1973-04-27T04:14:31.000Z,255.03548,255.74448,0
1973-04-27T04:28:59.000Z,255.06548,255.77448,0
1973-04-27T05:05:10.000Z,255.06548,255.77448,0
1973-04-27T06:03:12.000Z,255.06548,255.77448,0
1973-04-27T07:01:13.000Z,255.06548,255.77448,0
1973-04-27T07:59:07.000Z,255.10549,255.81449,0
1973-04-27T08:57:08.000Z,255.03548,255.74448,0
1973-04-27T10:02:16.000Z,255.06548,255.77448,0
1973-04-27T10:09:30.000Z,255.06548,255.77448,0
1973-04-27T10:16:44.000Z,255.06548,255.77448,0
1973-04-27T11:22:00.000Z,255.06548,255.77448,0
1973-04-27T12:34:30.000Z,255.03548,255.74448,0
1973-04-27T13:32:23.000Z,255.05547,255.76447,0
1973-04-27T14:28:30.000Z,255.06548,255.77448,0
1973-04-27T15:26:32.000Z,255.06548,255.77448,0
1973-04-27T16:24:25.000Z,255.06548,255.77448,0
1973-04-27T17:22:27.000Z,255.03548,255.74448,0
1973-04-27T18:20:20.000Z,255.05547,255.76447,0
1973-04-27T19:18:22.000Z,255.03548,255.74448,0
1973-04-27T20:16:15.000Z,255.09548,255.80448,0
1973-04-27T21:14:17.000Z,255.09548,255.80448,0
1973-04-27T22:12:10.000Z,255.09548,255.80448,0
1973-04-27T23:10:12.000Z,255.09548,255.80448,0
1973-04-28T00:08:14.000Z,255.05547,255.76447,0
1973-04-28T01:06:07.000Z,255.06548,255.77448,0
1973-04-28T01:56:54.000Z,255.09548,255.80448,0
1973-04-28T02:54:48.000Z,255.09548,255.80448,0
1973-04-28T03:52:49.000Z,255.09548,255.80448,0
1973-04-28T04:50:43.000Z,255.09548,255.80448,0
1973-04-28T05:48:44.000Z,255.06548,255.77448,0
1973-04-28T06:46:38.000Z,255.09548,255.80448,0
1973-04-28T07:44:39.000Z,255.05547,255.76447,0
1973-04-28T08:42:33.000Z,255.09548,255.80448,0
1973-04-28T09:18:44.000Z,255.09548,255.80448,0
1973-04-28T09:55:03.000Z,255.05547,255.76447,0
1973-04-28T10:24:00.000Z,255.05547,255.76447,0
1973-04-28T11:00:10.000Z,255.05547,255.76447,0
1973-04-28T11:29:15.000Z,255.08547,255.79447,0
1973-04-28T12:27:09.000Z,255.05547,255.76447,0
1973-04-28T13:25:10.000Z,255.05547,255.76447,0
1973-04-28T14:23:04.000Z,255.09548,255.80448,0
1973-04-28T15:21:05.000Z,255.05547,255.76447,0
1973-04-28T16:18:59.000Z,255.08547,255.79447,0
1973-04-28T17:17:00.000Z,255.05547,255.76447,0
1973-04-28T18:14:54.000Z,255.08547,255.79447,0
1973-04-28T19:12:55.000Z,255.05547,255.76447,0
1973-04-28T20:10:49.000Z,255.05547,255.76447,0
1973-04-28T21:08:50.000Z,255.05547,255.76447,0
1973-04-28T22:06:44.000Z,255.08547,255.79447,0
1973-04-28T23:04:45.000Z,255.08547,255.79447,0
1973-04-29T00:02:39.000Z,255.05547,255.76447,0
1973-04-29T01:00:40.000Z,255.05547,255.76447,0
1973-04-29T01:58:42.000Z,255.08547,255.79447,0
1973-04-29T02:56:35.000Z,255.05547,255.76447,0
1973-04-29T03:40:00.000Z,255.02547,255.73447,0
1973-04-29T04:38:02.000Z,255.02547,255.73447,0
1973-04-29T05:35:55.000Z,255.05547,255.76447,0
1973-04-29T06:33:57.000Z,255.05547,255.76447,0
1973-04-29T07:31:59.000Z,255.05547,255.76447,0
1973-04-29T08:29:52.000Z,255.08547,255.79447,0
1973-04-29T08:51:35.000Z,255.08547,255.79447,0
1973-04-29T09:49:36.000Z,255.05547,255.76447,0
1973-04-29T10:47:30.000Z,255.05547,255.76447,0
1973-04-29T11:16:34.000Z,255.08547,255.79447,0
1973-04-29T11:52:45.000Z,255.05547,255.76447,0
1973-04-29T12:50:39.000Z,255.05547,255.76447,0
1973-04-29T13:48:40.000Z,255.08547,255.79447,0
1973-04-29T14:46:34.000Z,255.02597,255.73397,0
1973-04-29T15:44:27.000Z,255.05547,255.76447,0
1973-04-29T16:42:29.000Z,255.05547,255.76447,0
1973-04-29T17:40:22.000Z,255.05547,255.76447,0
1973-04-29T18:38:24.000Z,255.08547,255.79447,0
1973-04-29T19:36:25.000Z,255.02597,255.73397,0
1973-04-29T20:34:27.000Z,255.05547,255.76447,0
1973-04-29T21:32:20.000Z,255.05547,255.76447,0
1973-04-29T22:30:22.000Z,255.08547,255.79447,0
1973-04-29T23:28:15.000Z,255.05547,255.76447,0
1973-04-30T00:26:17.000Z,255.08547,255.79447,0
1973-04-30T01:24:10.000Z,255.08597,255.79397,0
1973-04-30T02:22:12.000Z,255.05547,255.76447,0
1973-04-30T03:20:05.000Z,255.08547,255.79447,0
1973-04-30T04:18:07.000Z,255.05547,255.76447,0
1973-04-30T05:16:00.000Z,255.08547,255.79447,0
1973-04-30T06:14:02.000Z,255.05547,255.76447,0
1973-04-30T07:11:55.000Z,255.05597,255.76397,0
1973-04-30T08:09:57.000Z,255.05597,255.76397,0
1973-04-30T09:07:50.000Z,255.08547,255.79447,0
1973-04-30T10:05:52.000Z,255.05547,255.76447,0
1973-04-30T11:03:45.000Z,255.05597,255.76397,0
1973-04-30T12:01:47.000Z,255.08597,255.79397,0
1973-04-30T12:59:40.000Z,255.08597,255.79397,0
1973-04-30T14:03:02.000Z,255.08547,255.79447,0
1973-04-30T15:01:03.000Z,255.05597,255.76397,0
1973-04-30T15:59:05.000Z,255.11597,255.82397,0
1973-04-30T16:56:58.000Z,255.08597,255.79397,0
1973-04-30T17:55:00.000Z,255.05597,255.76397,0
1973-04-30T18:52:53.000Z,255.08597,255.79397,0
1973-04-30T19:50:55.000Z,255.05597,255.76397,0
1973-04-30T20:48:48.000Z,255.08597,255.79397,0
1973-04-30T21:46:50.000Z,255.05597,255.76397,0
1973-04-30T22:44:43.000Z,255.08597,255.79397,0
1973-04-30T23:42:45.000Z,255.016,255.724,0
1973-05-01T00:40:46.000Z,255.11597,255.82397,0
1973-05-01T01:38:40.000Z,255.08597,255.79397,0
1973-05-01T02:36:41.000Z,255.05597,255.76397,0
1973-05-01T02:58:24.000Z,255.05597,255.76397,0
1973-05-01T03:56:17.000Z,255.05597,255.76397,0
1973-05-01T04:54:19.000Z,255.08597,255.79397,0
1973-05-01T05:52:12.000Z,255.08597,255.79397,0
1973-05-01T06:50:14.000Z,255.016,255.724,0
1973-05-01T07:48:07.000Z,255.08597,255.79397,0
1973-05-01T08:46:09.000Z,255.08597,255.79397,0
1973-05-01T09:44:02.000Z,255.04599,255.75399,0
1973-05-01T10:42:04.000Z,255.08597,255.79397,0
1973-05-01T11:39:57.000Z,255.08597,255.79397,0
1973-05-01T12:37:59.000Z,255.08597,255.79397,0
1973-05-01T13:35:52.000Z,255.08597,255.79397,0
1973-05-01T14:33:54.000Z,255.08597,255.79397,0
1973-05-01T15:31:56.000Z,255.08597,255.79397,0
1973-05-01T16:29:49.000Z,255.04599,255.75399,0
1973-05-01T17:27:51.000Z,255.08597,255.79397,0
1973-05-01T18:25:44.000Z,255.08597,255.79397,0
1973-05-01T19:23:46.000Z,255.08597,255.79397,0
1973-05-01T19:31:00.000Z,255.08597,255.79397,0
1973-05-01T19:38:14.000Z,255.08597,255.79397,0
1973-05-01T20:36:07.000Z,255.08597,255.79397,0
1973-05-01T21:34:09.000Z,255.07599,255.78399,0
1973-05-01T22:32:02.000Z,255.04599,255.75399,0
1973-05-01T23:30:04.000Z,255.04599,255.75399,0
1973-05-02T00:27:57.000Z,255.08597,255.79397,0
1973-05-02T01:25:59.000Z,255.08597,255.79397,0
1973-05-02T02:23:52.000Z,255.08597,255.79397,0
1973-05-02T03:21:54.000Z,255.08597,255.79397,0
1973-05-02T04:19:56.000Z,255.08597,255.79397,0
1973-05-02T05:17:49.000Z,255.08597,255.79397,0
1973-05-02T06:15:51.000Z,255.08597,255.79397,0
1973-05-02T07:13:44.000Z,255.08647,255.79347,0
1973-05-02T08:11:46.000Z,255.08597,255.79397,0
1973-05-02T08:26:14.000Z,255.08597,255.79397,0
1973-05-02T08:40:42.000Z,255.08597,255.79397,0
1973-05-02T09:38:44.000Z,255.08597,255.79397,0
1973-05-02T10:36:37.000Z,255.08597,255.79397,0
1973-05-02T11:34:39.000Z,255.08597,255.79397,0
1973-05-02T12:32:40.000Z,255.08597,255.79397,0
1973-05-02T13:08:43.000Z,255.08597,255.79397,0
1973-05-02T14:23:57.000Z,255.07599,255.78399,0
1973-05-02T15:00:08.000Z,255.11597,255.82397,0
1973-05-02T15:07:22.000Z,255.04599,255.75399,0
1973-05-02T16:05:24.000Z,255.08597,255.79397,0
1973-05-02T17:03:17.000Z,255.08647,255.79347,0
1973-05-02T18:01:19.000Z,255.08597,255.79397,0
1973-05-02T18:59:12.000Z,255.08597,255.79397,0
1973-05-02T19:57:14.000Z,255.08647,255.79347,0
1973-05-02T20:55:07.000Z,255.08597,255.79397,0
1973-05-02T21:53:09.000Z,255.08647,255.79347,0
1973-05-02T22:51:02.000Z,255.08597,255.79397,0
1973-05-02T23:49:04.000Z,255.08647,255.79347,0
1973-05-03T00:46:57.000Z,255.11597,255.82397,0
1973-05-03T01:44:59.000Z,255.04649,255.75349,0
1973-05-03T02:43:00.000Z,255.11597,255.82397,0
1973-05-03T03:40:54.000Z,255.08647,255.79347,0
1973-05-03T04:38:55.000Z,255.08647,255.79347,0
1973-05-03T05:36:49.000Z,255.04649,255.75349,0
1973-05-03T05:58:31.000Z,255.00649,255.71349,0
1973-05-03T06:56:25.000Z,255.07599,255.78399,0
1973-05-03T07:54:26.000Z,255.04649,255.75349,0
1973-05-03T08:52:28.000Z,255.08647,255.79347,0
1973-05-03T09:50:21.000Z,255.04649,255.75349,0
1973-05-03T10:48:23.000Z,255.08647,255.79347,0
1973-05-03T11:39:02.000Z,255.08647,255.79347,0
1973-05-03T12:22:35.000Z,255.08647,255.79347,0
1973-05-03T13:20:29.000Z,255.08647,255.79347,0
1973-05-03T14:18:30.000Z,255.08647,255.79347,0
1973-05-03T15:16:24.000Z,255.08647,255.79347,0
1973-05-03T16:14:25.000Z,255.07649,255.78349,0
1973-05-03T17:12:19.000Z,255.04649,255.75349,0
1973-05-03T18:10:20.000Z,255.11647,255.82347,0
1973-05-03T19:08:14.000Z,255.04649,255.75349,0
1973-05-03T20:06:15.000Z,255.08647,255.79347,0
1973-05-03T21:04:09.000Z,255.07649,255.78349,0
1973-05-03T22:02:10.000Z,255.11647,255.82347,0
1973-05-03T23:00:04.000Z,255.11647,255.82347,0
1973-05-03T23:58:05.000Z,255.07649,255.78349,0
1973-05-04T00:56:07.000Z,255.04649,255.75349,0
1973-05-04T01:54:00.000Z,255.08647,255.79347,0
1973-05-04T02:52:02.000Z,255.03648,255.74348,0
1973-05-04T03:49:55.000Z,255.03698,255.74298,0
1973-05-04T04:47:57.000Z,255.00649,255.71349,0
1973-05-04T05:45:50.000Z,255.00649,255.71349,0
1973-05-04T06:43:52.000Z,255.11647,255.82347,0
1973-05-04T07:41:45.000Z,255.11647,255.82347,0
1973-05-04T08:39:47.000Z,255.03698,255.74298,0
1973-05-04T08:54:15.000Z,255.00649,255.71349,0
1973-05-04T09:52:09.000Z,255.07649,255.78349,0
1973-05-04T10:50:10.000Z,255.03648,255.74348,0
1973-05-04T11:48:04.000Z,255.11647,255.82347,0
1973-05-04T12:46:05.000Z,255.03698,255.74298,0
1973-05-04T14:43:47.000Z,255.06698,255.77298,0
1973-05-04T15:41:48.000Z,255.07649,255.78349,0
1973-05-04T16:39:42.000Z,255.04699,255.75299,0
1973-05-04T17:37:43.000Z,255.03698,255.74298,0
1973-05-04T18:35:37.000Z,255.04699,255.75299,0
1973-05-04T19:33:38.000Z,255.07699,255.78299,0
1973-05-04T20:38:46.000Z,255.03698,255.74298,0
1973-05-04T20:46:08.000Z,255.07699,255.78299,0
1973-05-04T21:44:02.000Z,255.03698,255.74298,0
1973-05-04T22:42:03.000Z,255.07649,255.78349,0
1973-05-04T23:39:57.000Z,255.06698,255.77298,0
1973-05-05T00:37:58.000Z,255.10649,255.81349,0
1973-05-05T01:35:52.000Z,255.03698,255.74298,0
1973-05-05T02:33:53.000Z,255.06698,255.77298,0
1973-05-05T02:55:36.000Z,255.06698,255.77298,0
1973-05-05T03:53:29.000Z,255.04699,255.75299,0
1973-05-05T04:51:31.000Z,255.07699,255.78299,0
1973-05-05T05:49:24.000Z,255.07699,255.78299,0
1973-05-05T06:47:26.000Z,255.07699,255.78299,0
1973-05-05T07:45:19.000Z,255.07699,255.78299,0
1973-05-05T08:43:21.000Z,255.07699,255.78299,0
1973-05-05T09:41:23.000Z,255.06698,255.77298,0
1973-05-05T10:39:16.000Z,255.06698,255.77298,0
1973-05-05T11:44:32.000Z,255.03698,255.74298,0
1973-05-05T12:42:25.000Z,255.03698,255.74298,0
1973-05-05T13:40:27.000Z,255.03698,255.74298,0
1973-05-05T14:38:20.000Z,255.147,255.853,0
1973-05-05T15:36:22.000Z,255.03698,255.74298,0
1973-05-05T16:34:15.000Z,255.06698,255.77298,0
1973-05-05T17:32:17.000Z,255.07699,255.78299,0
1973-05-05T18:30:10.000Z,255.06698,255.77298,0
1973-05-05T19:28:12.000Z,255.06698,255.77298,0
1973-05-05T20:26:05.000Z,255.06698,255.77298,0
1973-05-05T21:24:07.000Z,255.03698,255.74298,0
1973-05-05T22:22:00.000Z,255.10699,255.81299,0
1973-05-05T23:41:44.000Z,255.06698,255.77298,0
1973-05-06T00:32:32.000Z,255.10699,255.81299,0
1973-05-06T01:30:25.000Z,255.06698,255.77298,0
1973-05-06T02:28:27.000Z,255.06698,255.77298,0
1973-05-06T03:26:20.000Z,255.06698,255.77298,0
1973-05-06T04:24:14.000Z,255.10699,255.81299,0
1973-05-06T04:31:36.000Z,255.03698,255.74298,0
1973-05-06T05:29:29.000Z,255.07699,255.78299,0
1973-05-06T06:27:31.000Z,255.06698,255.77298,0
1973-05-06T07:25:24.000Z,255.06698,255.77298,0
1973-05-06T08:23:26.000Z,255.06698,255.77298,0
1973-05-06T09:21:19.000Z,255.06698,255.77298,0
1973-05-06T10:19:21.000Z,255.06748,255.77248,0
1973-05-06T11:17:14.000Z,255.06698,255.77298,0
1973-05-06T12:15:16.000Z,255.06748,255.77248,0
1973-05-06T13:13:09.000Z,255.06698,255.77298,0
1973-05-06T14:11:11.000Z,255.06698,255.77298,0
1973-05-06T15:09:04.000Z,255.06748,255.77248,0
1973-05-06T16:07:06.000Z,255.06748,255.77248,0
1973-05-06T17:05:08.000Z,255.06748,255.77248,0
1973-05-06T18:03:01.000Z,255.03698,255.74298,0
1973-05-06T19:01:03.000Z,255.06698,255.77298,0
1973-05-06T19:58:56.000Z,255.03748,255.74248,0
1973-05-06T20:56:58.000Z,255.06748,255.77248,0
1973-05-06T21:54:51.000Z,255.06698,255.77298,0
1973-05-06T22:52:53.000Z,255.06748,255.77248,0
1973-05-06T23:50:46.000Z,255.06748,255.77248,0
1973-05-07T00:48:48.000Z,255.06698,255.77298,0
1973-05-07T01:46:41.000Z,255.03748,255.74248,0
1973-05-07T02:44:43.000Z,255.06748,255.77248,0
1973-05-07T03:42:36.000Z,255.10699,255.81299,0
1973-05-07T04:40:38.000Z,255.06748,255.77248,0
1973-05-07T05:38:31.000Z,255.10699,255.81299,0
1973-05-07T06:36:33.000Z,255.06748,255.77248,0
1973-05-07T07:34:26.000Z,255.06748,255.77248,0
1973-05-07T08:32:28.000Z,255.06748,255.77248,0
1973-05-07T09:30:21.000Z,255.07749,255.78249,0
1973-05-07T10:28:23.000Z,255.05747,255.76247,0
1973-05-07T11:26:16.000Z,255.07749,255.78249,0
1973-05-07T12:24:18.000Z,255.05747,255.76247,0
1973-05-07T13:22:11.000Z,255.10749,255.81249,0
1973-05-07T14:12:59.000Z,255.05747,255.76247,0
1973-05-07T15:10:52.000Z,255.10749,255.81249,0
1973-05-07T16:08:54.000Z,255.07749,255.78249,0
1973-05-07T17:06:55.000Z,255.04749,255.75249,0
1973-05-07T18:32:56.000Z,255.05747,255.76247,0
1973-05-07T19:30:50.000Z,255.05747,255.76247,0
1973-05-07T20:28:51.000Z,255.07749,255.78249,0
1973-05-07T21:26:45.000Z,255.05747,255.76247,0
1973-05-07T22:39:14.000Z,255.02747,255.73247,0
1973-05-07T23:37:08.000Z,255.05747,255.76247,0
1973-05-08T00:35:09.000Z,255.03748,255.74248,0
1973-05-08T01:33:03.000Z,255.06748,255.77248,0
1973-05-08T02:31:04.000Z,255.03798,255.74198,0
1973-05-08T03:36:20.000Z,255.1475,255.8525,0
1973-05-08T04:34:14.000Z,255.03748,255.74248,0
1973-05-08T05:32:15.000Z,255.03748,255.74248,0
1973-05-08T06:30:09.000Z,255.03748,255.74248,0
1973-05-08T07:28:10.000Z,255.11747,255.82247,0
1973-05-08T08:26:04.000Z,255.07749,255.78249,0
1973-05-08T09:24:05.000Z,255.03798,255.74198,0
1973-05-08T10:21:59.000Z,255.03748,255.74248,0
1973-05-08T11:20:00.000Z,255.11747,255.82247,0
1973-05-08T12:17:54.000Z,255.03798,255.74198,0
1973-05-08T13:15:55.000Z,255.07799,255.78199,0
1973-05-08T14:13:49.000Z,255.03798,255.74198,0
1973-05-08T15:04:36.000Z,255.03748,255.74248,0
1973-05-08T16:02:30.000Z,255.07799,255.78199,0
1973-05-08T17:00:31.000Z,255.03798,255.74198,0
1973-05-08T17:58:25.000Z,255.07799,255.78199,0
1973-05-08T18:56:26.000Z,255.07799,255.78199,0
1973-05-08T19:54:20.000Z,255.07799,255.78199,0
1973-05-08T20:52:21.000Z,255.11747,255.82247,0
1973-05-08T21:50:23.000Z,255.07799,255.78199,0
1973-05-08T22:48:16.000Z,255.07799,255.78199,0
1973-05-08T23:02:45.000Z,255.07799,255.78199,0
1973-05-09T00:00:46.000Z,255.07799,255.78199,0
1973-05-09T00:58:40.000Z,255.07799,255.78199,0
1973-05-09T01:56:41.000Z,255.04799,255.75199,0
1973-05-09T02:54:35.000Z,255.07799,255.78199,0
1973-05-09T03:52:36.000Z,255.04799,255.75199,0
1973-05-09T04:50:30.000Z,255.04799,255.75199,0
1973-05-09T05:19:34.000Z,255.04799,255.75199,0
1973-05-09T06:17:28.000Z,255.04799,255.75199,0
1973-05-09T06:39:10.000Z,255.04799,255.75199,0
1973-05-09T07:37:12.000Z,255.08797,255.79197,0
1973-05-09T08:35:05.000Z,255.07799,255.78199,0
1973-05-09T09:33:07.000Z,255.08797,255.79197,0
1973-05-09T10:31:00.000Z,255.08797,255.79197,0
1973-05-09T10:59:57.000Z,255.08797,255.79197,0
1973-05-09T11:21:48.000Z,255.07799,255.78199,0
1973-05-09T12:19:41.000Z,255.04799,255.75199,0
1973-05-09T13:37:39.000Z,255.08797,255.79197,0
1973-05-09T14:35:32.000Z,255.08797,255.79197,0
1973-05-09T15:33:34.000Z,255.04849,255.75149,0
1973-05-09T16:31:27.000Z,255.04799,255.75199,0
1973-05-09T17:07:46.000Z,255.04799,255.75199,0
1973-05-09T18:05:40.000Z,255.04849,255.75149,0
1973-05-09T19:03:41.000Z,255.04799,255.75199,0
1973-05-09T20:01:35.000Z,255.11797,255.82197,0
1973-05-09T20:59:28.000Z,255.04849,255.75149,0
1973-05-09T21:57:22.000Z,255.08847,255.79147,0
1973-05-09T22:55:15.000Z,255.04849,255.75149,0
1973-05-09T23:31:26.000Z,255.04799,255.75199,0
1973-05-09T23:38:56.000Z,255.04849,255.75149,0
1973-05-10T00:00:47.000Z,255.07799,255.78199,0
1973-05-10T06:17:29.000Z,255.11797,255.82197,0
1973-05-10T07:15:14.000Z,255.11797,255.82197,0
1973-05-10T08:12:59.000Z,255.11797,255.82197,0
1973-05-10T09:10:45.000Z,255.11797,255.82197,0
1973-05-10T10:08:22.000Z,255.03848,255.74148,0
1973-05-10T11:05:59.000Z,255.11797,255.82197,0
1973-05-10T12:03:44.000Z,255.07849,255.78149,0
1973-05-10T13:01:21.000Z,255.07849,255.78149,0
1973-05-10T13:58:58.000Z,255.11847,255.82147,0
1973-05-10T14:27:46.000Z,255.11797,255.82197,0
1973-05-10T14:37:28.000Z,255.07849,255.78149,0
1973-05-10T15:35:21.000Z,255.07849,255.78149,0
1973-05-10T16:33:23.000Z,255.08847,255.79147,0
1973-05-10T17:31:16.000Z,255.07849,255.78149,0
1973-05-10T18:29:18.000Z,255.07849,255.78149,0
1973-05-10T19:27:11.000Z,255.07799,255.78199,0
1973-05-10T20:25:13.000Z,255.04849,255.75149,0
1973-05-10T21:23:06.000Z,255.04849,255.75149,0
1973-05-10T22:21:08.000Z,255.04849,255.75149,0
1973-05-10T23:11:47.000Z,255.11797,255.82197,0
1973-05-11T00:09:49.000Z,255.07849,255.78149,0
1973-05-11T01:07:42.000Z,255.07849,255.78149,0
1973-05-11T01:44:01.000Z,255.11847,255.82147,0
1973-05-11T02:41:55.000Z,255.04849,255.75149,0
1973-05-11T03:18:06.000Z,255.04849,255.75149,0
1973-05-11T04:16:07.000Z,255.08847,255.79147,0
1973-05-11T05:14:01.000Z,255.10849,255.81149,0
1973-05-11T05:50:20.000Z,255.04849,255.75149,0
1973-05-11T06:48:13.000Z,255.04849,255.75149,0
1973-05-11T07:46:15.000Z,255.07849,255.78149,0
1973-05-11T08:44:08.000Z,255.04849,255.75149,0
1973-05-11T09:27:41.000Z,255.10849,255.81149,0
1973-05-11T10:25:35.000Z,255.11847,255.82147,0
1973-05-11T11:23:36.000Z,255.04849,255.75149,0
1973-05-11T12:21:30.000Z,255.07849,255.78149,0
1973-05-11T14:16:36.000Z,255.08847,255.79147,0
1973-05-11T15:14:29.000Z,255.08847,255.79147,0
1973-05-11T16:12:31.000Z,255.07849,255.78149,0
1973-05-11T17:10:24.000Z,255.07849,255.78149,0
1973-05-11T18:15:40.000Z,255.1485,255.8515,0
1973-05-11T19:13:41.000Z,255.07849,255.78149,0
1973-05-11T20:11:35.000Z,255.04849,255.75149,0
1973-05-11T21:09:36.000Z,255.04849,255.75149,0
1973-05-11T22:07:30.000Z,255.11847,255.82147,0
1973-05-11T23:20:00.000Z,255.07849,255.78149,0
1973-05-12T00:17:53.000Z,255.11847,255.82147,0
1973-05-12T00:46:58.000Z,255.07849,255.78149,0
1973-05-12T01:44:52.000Z,255.07849,255.78149,0
1973-05-12T02:42:53.000Z,255.07899,255.78099,0
1973-05-12T03:19:04.000Z,255.07899,255.78099,0
1973-05-12T03:55:15.000Z,255.07849,255.78149,0
1973-05-12T04:46:02.000Z,255.07899,255.78099,0
1973-05-12T05:43:56.000Z,255.10849,255.81149,0
1973-05-12T06:41:57.000Z,255.11847,255.82147,0
1973-05-12T07:10:54.000Z,255.07849,255.78149,0
1973-05-12T08:08:56.000Z,255.10849,255.81149,0
1973-05-12T09:06:49.000Z,255.07899,255.78099,0
1973-05-12T10:04:51.000Z,255.04899,255.75099,0
1973-05-12T10:48:16.000Z,255.07899,255.78099,0
1973-05-12T11:46:17.000Z,255.11847,255.82147,0
1973-05-12T12:44:11.000Z,255.10849,255.81149,0
1973-05-12T13:42:12.000Z,255.149,255.851,0
1973-05-12T14:40:06.000Z,255.04849,255.75149,0
1973-05-12T15:38:07.000Z,255.07949,255.78049,0
1973-05-12T16:36:01.000Z,255.04899,255.75099,0
1973-05-12T17:34:02.000Z,255.11897,255.82097,0
1973-05-12T18:32:04.000Z,255.10899,255.81099,0
1973-05-12T19:29:57.000Z,255.11897,255.82097,0
1973-05-12T20:27:59.000Z,255.10899,255.81099,0
1973-05-12T21:25:52.000Z,255.07899,255.78099,0
1973-05-12T22:23:54.000Z,255.149,255.851,0
1973-05-12T23:21:47.000Z,255.08897,255.79097,0
1973-05-13T00:05:21.000Z,255.11897,255.82097,0
1973-05-13T01:03:14.000Z,255.149,255.851,0
1973-05-13T01:32:11.000Z,255.07949,255.78049,0
1973-05-13T02:30:12.000Z,255.10899,255.81099,0
1973-05-13T04:26:07.000Z,255.07899,255.78099,0
1973-05-13T04:47:50.000Z,255.11897,255.82097,0
1973-05-13T04:55:04.000Z,255.10899,255.81099,0
1973-05-13T05:38:37.000Z,255.149,255.851,0
1973-05-13T05:45:51.000Z,255.1495,255.8505,0
1973-05-13T06:43:45.000Z,255.179,255.881,0
1973-05-13T07:05:36.000Z,255.10899,255.81099,0
1973-05-13T08:03:29.000Z,255.10899,255.81099,0
1973-05-13T09:01:31.000Z,255.07949,255.78049,0
1973-05-13T09:59:24.000Z,255.04949,255.75049,0
1973-05-13T10:57:26.000Z,255.11847,255.82147,0
1973-05-13T11:55:19.000Z,255.10949,255.81049,0
1973-05-13T12:53:21.000Z,255.149,255.851,0
1973-05-13T13:51:14.000Z,255.07899,255.78099,0
1973-05-13T14:56:30.000Z,255.149,255.851,0
1973-05-13T15:54:23.000Z,255.07899,255.78099,0
1973-05-13T16:52:25.000Z,255.11947,255.82047,0
1973-05-13T17:50:18.000Z,255.07949,255.78049,0
1973-05-13T18:48:20.000Z,255.10949,255.81049,0
1973-05-13T19:46:21.000Z,255.07949,255.78049,0
1973-05-13T20:44:15.000Z,255.1495,255.8505,0
1973-05-13T21:42:16.000Z,255.07949,255.78049,0
1973-05-13T22:40:10.000Z,255.04899,255.75099,0
1973-05-13T23:38:11.000Z,255.10949,255.81049,0
1973-05-14T00:36:05.000Z,255.149,255.851,0
1973-05-14T01:19:38.000Z,255.10949,255.81049,0
1973-05-14T01:55:49.000Z,255.06998,255.76998,0
1973-05-14T03:01:05.000Z,255.11947,255.82047,0
1973-05-14T03:08:19.000Z,255.11897,255.82097,0
1973-05-14T03:58:58.000Z,255.11947,255.82047,0
1973-05-14T04:35:09.000Z,255.1495,255.8505,0
1973-05-14T05:11:28.000Z,255.1495,255.8505,0
1973-05-14T06:09:21.000Z,255.07949,255.78049,0
1973-05-14T07:07:23.000Z,255.11897,255.82097,0
1973-05-14T08:05:16.000Z,255.11947,255.82047,0
1973-05-14T09:17:46.000Z,255.07949,255.78049,0
1973-05-14T10:15:48.000Z,255.07949,255.78049,0
1973-05-14T11:13:41.000Z,255.07949,255.78049,0
1973-05-14T12:11:43.000Z,255.11947,255.82047,0
1973-05-14T13:09:36.000Z,255.10949,255.81049,0
1973-05-14T14:07:38.000Z,255.11947,255.82047,0
1973-05-14T15:05:31.000Z,255.07949,255.78049,0
1973-05-14T16:03:33.000Z,255.03948,255.74048,0
1973-05-14T17:01:26.000Z,255.07949,255.78049,0
1973-05-14T17:23:17.000Z,255.07999,255.77999,0
1973-05-14T17:45:00.000Z,255.1495,255.8505,0
1973-05-14T18:42:53.000Z,255.11947,255.82047,0
1973-05-14T19:26:26.000Z,255.11947,255.82047,0
1973-05-14T20:24:20.000Z,255.11947,255.82047,0
1973-05-14T21:00:39.000Z,255.07949,255.78049,0
1973-05-14T21:58:32.000Z,255.11947,255.82047,0
1973-05-14T22:20:15.000Z,255.1495,255.8505,0
1973-05-14T23:11:02.000Z,255.11947,255.82047,0
1973-05-14T23:54:27.000Z,255.11947,255.82047,0
1973-05-15T00:08:56.000Z,255.11947,255.82047,0
1973-05-15T01:06:57.000Z,255.07949,255.78049,0
1973-05-15T02:04:51.000Z,255.11947,255.82047,0
1973-05-15T03:02:52.000Z,255.11947,255.82047,0
1973-05-15T04:08:08.000Z,255.11947,255.82047,0
1973-05-15T04:29:51.000Z,255.11947,255.82047,0
1973-05-15T04:58:47.000Z,255.10949,255.81049,0
1973-05-15T05:06:01.000Z,255.1495,255.8505,0
1973-05-15T05:42:12.000Z,255.11947,255.82047,0
1973-05-15T06:25:46.000Z,255.11947,255.82047,0
1973-05-15T07:30:53.000Z,255.11997,255.81997,0
1973-05-15T08:21:41.000Z,255.11947,255.82047,0
1973-05-15T09:19:34.000Z,255.11947,255.82047,0
1973-05-15T09:55:53.000Z,255.07999,255.77999,0
1973-05-15T10:10:21.000Z,255.1495,255.8505,0
1973-05-15T11:08:15.000Z,255.11947,255.82047,0
1973-05-15T12:06:16.000Z,255.10949,255.81049,0
1973-05-15T13:04:10.000Z,255.07999,255.77999,0
1973-05-15T14:02:11.000Z,255.11947,255.82047,0
1973-05-15T14:31:08.000Z,255.07999,255.77999,0
1973-05-15T15:29:10.000Z,255.15,255.85,0
1973-05-15T16:27:03.000Z,255.10999,255.80999,0
1973-05-15T17:25:05.000Z,255.10999,255.80999,0
1973-05-15T18:22:58.000Z,255.10999,255.80999,0
1973-05-15T19:21:00.000Z,255.10949,255.81049,0
1973-05-15T20:26:07.000Z,255.11947,255.82047,0
1973-05-15T21:24:01.000Z,255.18,255.88,0
1973-05-15T22:07:42.000Z,255.1495,255.8505,0
1973-05-15T23:05:36.000Z,255.10949,255.81049,0
1973-05-16T00:03:37.000Z,255.07999,255.77999,0
1973-05-16T01:01:31.000Z,255.10999,255.80999,0
1973-05-16T01:59:32.000Z,255.10999,255.80999,0
1973-05-16T02:57:26.000Z,255.11997,255.81997,0
1973-05-16T03:55:27.000Z,255.11997,255.81997,0
1973-05-16T04:53:21.000Z,255.10999,255.80999,0
1973-05-16T05:29:40.000Z,255.15,255.85,0
1973-05-16T06:27:33.000Z,255.07999,255.77999,0
1973-05-16T07:32:49.000Z,255.07999,255.77999,0
1973-05-16T08:30:42.000Z,255.11997,255.81997,0
1973-05-16T09:28:44.000Z,255.07999,255.77999,0
1973-05-16T10:04:55.000Z,255.15,255.85,0
1973-05-16T10:55:42.000Z,255.07999,255.77999,0
1973-05-16T11:53:36.000Z,255.07999,255.77999,0
1973-05-16T12:51:37.000Z,255.11997,255.81997,0
1973-05-16T13:49:31.000Z,255.07999,255.77999,0
1973-05-16T14:47:32.000Z,255.07999,255.77999,0
1973-05-16T15:45:26.000Z,255.10999,255.80999,0
1973-05-16T16:43:27.000Z,255.07999,255.77999,0
1973-05-16T17:41:21.000Z,255.07999,255.77999,0
1973-05-16T18:39:22.000Z,255.08049,255.77949,0
1973-05-16T19:37:16.000Z,255.07999,255.77999,0
1973-05-16T20:35:17.000Z,255.11997,255.81997,0
1973-05-16T21:33:19.000Z,255.08049,255.77949,0
1973-05-16T22:38:26.000Z,255.08049,255.77949,0
1973-05-16T23:36:28.000Z,255.07999,255.77999,0
1973-05-17T00:34:21.000Z,255.11997,255.81997,0
1973-05-17T01:32:23.000Z,255.12047,255.81947,0
1973-05-17T02:30:16.000Z,255.11997,255.81997,0
1973-05-17T02:59:21.000Z,255.07999,255.77999,0
1973-05-17T03:57:15.000Z,255.08049,255.77949,0
1973-05-17T04:55:16.000Z,255.08049,255.77949,0
1973-05-17T05:53:10.000Z,255.08049,255.77949,0
1973-05-17T06:51:11.000Z,255.11997,255.81997,0
1973-05-17T07:49:05.000Z,255.08049,255.77949,0
1973-05-17T08:47:06.000Z,255.12047,255.81947,0
1973-05-17T09:45:00.000Z,255.1505,255.8495,0
1973-05-17T10:43:01.000Z,255.12047,255.81947,0
1973-05-17T11:40:55.000Z,255.08049,255.77949,0
1973-05-17T12:38:56.000Z,255.08049,255.77949,0
1973-05-17T13:36:50.000Z,255.08049,255.77949,0
1973-05-17T14:34:51.000Z,255.12047,255.81947,0
1973-05-17T15:32:45.000Z,255.12047,255.81947,0
1973-05-17T16:30:46.000Z,255.12047,255.81947,0
1973-05-17T17:28:48.000Z,255.12047,255.81947,0
1973-05-17T18:26:41.000Z,255.08049,255.77949,0
1973-05-17T19:24:43.000Z,255.09047,255.78947,0
1973-05-17T20:22:36.000Z,255.12047,255.81947,0
1973-05-17T21:20:38.000Z,255.1505,255.8495,0
1973-05-17T22:18:31.000Z,255.09047,255.78947,0
1973-05-17T23:16:33.000Z,255.12047,255.81947,0
1973-05-18T00:14:26.000Z,255.11049,255.80949,0
1973-05-18T01:12:28.000Z,255.12047,255.81947,0
1973-05-18T02:10:21.000Z,255.12047,255.81947,0
1973-05-18T03:08:23.000Z,255.1505,255.8495,0
1973-05-18T04:06:16.000Z,255.11049,255.80949,0
1973-05-18T05:04:18.000Z,255.08049,255.77949,0
1973-05-18T06:02:20.000Z,255.12047,255.81947,0
1973-05-18T07:00:13.000Z,255.12047,255.81947,0
1973-05-18T07:58:15.000Z,255.12047,255.81947,0
1973-05-18T08:56:08.000Z,255.12047,255.81947,0
1973-05-18T09:54:10.000Z,255.12047,255.81947,0
1973-05-18T10:54:47.000Z,255.12097,255.81897,0
1973-05-18T11:45:34.000Z,255.09047,255.78947,0
1973-05-18T12:43:28.000Z,255.08049,255.77949,0
1973-05-18T13:41:29.000Z,255.08099,255.77899,0
1973-05-18T14:39:23.000Z,255.12047,255.81947,0
1973-05-18T15:37:24.000Z,255.12047,255.81947,0
1973-05-18T16:35:18.000Z,255.05049,255.74949,0
1973-05-18T17:33:19.000Z,255.09047,255.78947,0
1973-05-18T18:31:13.000Z,255.12097,255.81897,0
1973-05-18T19:29:14.000Z,255.08099,255.77899,0
1973-05-18T20:27:08.000Z,255.05099,255.74899,0
1973-05-18T21:25:09.000Z,255.09047,255.78947,0
1973-05-18T22:23:03.000Z,255.09097,255.78897,0
1973-05-18T23:21:04.000Z,255.12097,255.81897,0
1973-05-19T00:18:58.000Z,255.08099,255.77899,0
1973-05-19T01:16:59.000Z,255.05099,255.74899,0
1973-05-19T02:15:01.000Z,255.08099,255.77899,0
1973-05-19T03:05:40.000Z,255.09097,255.78897,0
1973-05-19T04:03:42.000Z,255.08099,255.77899,0
1973-05-19T05:01:35.000Z,255.08099,255.77899,0
1973-05-19T05:59:37.000Z,255.08099,255.77899,0
1973-05-19T06:57:30.000Z,255.08049,255.77949,0
1973-05-19T07:55:32.000Z,255.08099,255.77899,0
1973-05-19T08:46:11.000Z,255.08099,255.77899,0
1973-05-19T09:44:13.000Z,255.12097,255.81897,0
1973-05-19T10:42:06.000Z,255.12097,255.81897,0
1973-05-19T11:40:08.000Z,255.05099,255.74899,0
1973-05-19T12:38:01.000Z,255.12097,255.81897,0
1973-05-19T13:36:03.000Z,255.08099,255.77899,0
1973-05-19T14:33:56.000Z,255.08099,255.77899,0
1973-05-19T15:31:58.000Z,255.08099,255.77899,0
1973-05-19T16:29:51.000Z,255.12097,255.81897,0
1973-05-19T17:27:53.000Z,255.08099,255.77899,0
1973-05-19T18:25:46.000Z,255.12097,255.81897,0
1973-05-19T19:02:05.000Z,255.04098,255.73898,0
1973-05-19T19:45:30.000Z,255.08099,255.77899,0
1973-05-19T20:43:32.000Z,255.04098,255.73898,0
1973-05-19T21:41:25.000Z,255.04098,255.73898,0
1973-05-19T22:32:13.000Z,255.01149,255.70849,0
1973-05-19T23:30:06.000Z,255.08099,255.77899,0
1973-05-20T00:28:08.000Z,255.04098,255.73898,0
1973-05-20T01:26:01.000Z,255.05099,255.74899,0
1973-05-20T02:24:03.000Z,255.08099,255.77899,0
1973-05-20T03:21:56.000Z,255.08099,255.77899,0
1973-05-20T03:51:01.000Z,255.01099,255.70899,0
1973-05-20T04:48:54.000Z,255.04098,255.73898,0
1973-05-20T05:39:42.000Z,255.05099,255.74899,0
1973-05-20T06:01:24.000Z,255.04148,255.73848,0
1973-05-20T06:37:35.000Z,255.08099,255.77899,0
1973-05-20T07:35:37.000Z,255.08099,255.77899,0
1973-05-20T08:33:30.000Z,255.04098,255.73898,0
1973-05-20T08:47:59.000Z,255.04148,255.73848,0
1973-05-20T09:46:00.000Z,255.09097,255.78897,0
1973-05-20T10:43:54.000Z,255.08099,255.77899,0
1973-05-20T11:41:55.000Z,255.04148,255.73848,0
1973-05-20T12:39:49.000Z,255.08099,255.77899,0
1973-05-20T13:37:50.000Z,255.04098,255.73898,0
1973-05-20T14:35:44.000Z,255.04148,255.73848,0
1973-05-20T15:33:45.000Z,255.04148,255.73848,0
1973-05-20T16:31:39.000Z,255.08149,255.77849,0
1973-05-20T17:29:40.000Z,255.04148,255.73848,0
1973-05-20T18:27:34.000Z,255.04148,255.73848,0
1973-05-20T19:25:35.000Z,255.04148,255.73848,0
1973-05-20T20:23:37.000Z,255.04148,255.73848,0
1973-05-20T21:21:30.000Z,255.11099,255.80899,0
1973-05-20T22:19:32.000Z,255.04148,255.73848,0
1973-05-20T23:17:25.000Z,255.11149,255.80849,0
1973-05-21T00:15:27.000Z,255.04148,255.73848,0
1973-05-21T00:44:23.000Z,255.11149,255.80849,0
1973-05-21T01:42:17.000Z,255.07148,255.76848,0
1973-05-21T02:40:18.000Z,255.11149,255.80849,0
1973-05-21T02:54:47.000Z,255.07148,255.76848,0
1973-05-21T03:52:48.000Z,255.07148,255.76848,0
1973-05-21T04:50:42.000Z,255.07148,255.76848,0
1973-05-21T05:48:43.000Z,255.03147,255.72847,0
1973-05-21T06:46:37.000Z,255.06147,255.75847,0
1973-05-21T07:44:38.000Z,255.06147,255.75847,0
1973-05-21T08:56:11.000Z,255.06147,255.75847,0
1973-05-21T09:54:04.000Z,255.06147,255.75847,0
1973-05-21T10:52:06.000Z,255.06147,255.75847,0
1973-05-21T11:49:59.000Z,255.05149,255.74849,0
1973-05-21T12:48:01.000Z,255.09147,255.78847,0
1973-05-21T13:45:54.000Z,255.0215,255.7185,0
1973-05-21T14:43:56.000Z,255.08149,255.77849,0
1973-05-21T15:41:49.000Z,255.05149,255.74849,0
1973-05-21T16:39:51.000Z,255.08149,255.77849,0
1973-05-21T17:37:44.000Z,255.05149,255.74849,0
1973-05-21T18:35:46.000Z,255.04148,255.73848,0
1973-05-21T19:33:48.000Z,255.11149,255.80849,0
1973-05-21T20:31:41.000Z,255.07148,255.76848,0
1973-05-21T21:22:20.000Z,255.03147,255.72847,0
1973-05-21T22:27:36.000Z,255.09147,255.78847,0
1973-05-21T23:25:38.000Z,255.10148,255.79848,0
1973-05-22T00:23:31.000Z,255.10148,255.79848,0
1973-05-22T01:21:33.000Z,255.07148,255.76848,0
1973-05-22T02:19:26.000Z,255.11149,255.80849,0
1973-05-22T03:17:28.000Z,255.06197,255.75797,0
1973-05-22T04:29:49.000Z,255.08149,255.77849,0
1973-05-22T05:27:51.000Z,255.03147,255.72847,0
1973-05-22T06:32:59.000Z,255.05149,255.74849,0
1973-05-22T07:31:00.000Z,255.09147,255.78847,0
1973-05-22T08:29:02.000Z,255.08149,255.77849,0
1973-05-22T09:26:55.000Z,255.08199,255.77799,0
1973-05-22T10:24:57.000Z,255.08149,255.77849,0
1973-05-22T11:22:50.000Z,255.04148,255.73848,0
1973-05-22T12:20:52.000Z,255.07148,255.76848,0
1973-05-22T13:18:45.000Z,255.10148,255.79848,0
1973-05-22T14:16:47.000Z,255.07198,255.76798,0
1973-05-22T15:14:40.000Z,255.10148,255.79848,0
1973-05-22T16:12:42.000Z,255.06147,255.75847,0
1973-05-22T17:10:35.000Z,255.09147,255.78847,0
1973-05-22T18:08:37.000Z,255.06147,255.75847,0
1973-05-22T19:06:30.000Z,255.09197,255.78797,0
1973-05-22T20:04:32.000Z,255.06197,255.75797,0
1973-05-22T21:02:25.000Z,255.09147,255.78847,0
1973-05-22T22:00:27.000Z,255.05199,255.74799,0
1973-05-22T22:43:52.000Z,255.05199,255.74799,0
1973-05-22T22:58:20.000Z,255.05199,255.74799,0
1973-05-22T23:56:22.000Z,255.12147,255.81847,0
1973-05-23T00:54:15.000Z,255.08199,255.77799,0
1973-05-23T01:52:17.000Z,255.08199,255.77799,0
1973-05-23T02:50:19.000Z,255.08199,255.77799,0
1973-05-23T03:55:26.000Z,255.08199,255.77799,0
1973-05-23T04:53:28.000Z,255.07198,255.76798,0
1973-05-23T05:51:21.000Z,255.05199,255.74799,0
1973-05-23T06:49:23.000Z,255.07198,255.76798,0
1973-05-23T07:47:16.000Z,255.07198,255.76798,0
1973-05-23T08:45:18.000Z,255.11199,255.80799,0
1973-05-23T09:45:06.000Z,255.07198,255.76798,0
1973-05-23T10:42:59.000Z,255.07198,255.76798,0
1973-05-23T11:41:01.000Z,255.04198,255.73798,0
1973-05-23T12:38:54.000Z,255.07198,255.76798,0
1973-05-23T13:36:56.000Z,255.07198,255.76798,0
1973-05-23T14:34:49.000Z,255.07198,255.76798,0
1973-05-23T15:32:51.000Z,255.04248,255.73748,0
1973-05-23T16:30:44.000Z,255.07198,255.76798,0
1973-05-23T17:28:46.000Z,255.07198,255.76798,0
1973-05-23T18:26:39.000Z,255.07198,255.76798,0
1973-05-23T19:24:41.000Z,255.07248,255.76748,0
1973-05-23T20:22:34.000Z,255.04198,255.73798,0
1973-05-23T21:20:36.000Z,255.07198,255.76798,0
1973-05-23T22:18:29.000Z,255.10198,255.79798,0
1973-05-23T23:16:31.000Z,255.07198,255.76798,0
1973-05-24T00:14:24.000Z,255.07198,255.76798,0
1973-05-24T01:12:26.000Z,255.10198,255.79798,0
1973-05-24T02:10:19.000Z,255.07198,255.76798,0
1973-05-24T03:08:21.000Z,255.10198,255.79798,0
1973-05-24T04:06:23.000Z,255.06197,255.75797,0
1973-05-24T05:04:16.000Z,255.06247,255.75747,0
1973-05-24T06:02:18.000Z,255.10198,255.79798,0
1973-05-24T07:00:11.000Z,255.10198,255.79798,0
1973-05-24T07:58:13.000Z,255.06247,255.75747,0
1973-05-24T08:56:06.000Z,255.06247,255.75747,0
1973-05-24T09:54:08.000Z,255.10248,255.79748,0
1973-05-24T10:52:01.000Z,255.06247,255.75747,0
1973-05-24T11:50:03.000Z,255.0225,255.7175,0
1973-05-24T12:47:56.000Z,255.06247,255.75747,0
1973-05-24T13:45:58.000Z,255.09247,255.78747,0
1973-05-24T14:43:51.000Z,255.10248,255.79748,0
1973-05-24T15:41:53.000Z,255.09247,255.78747,0
1973-05-24T16:39:46.000Z,255.09247,255.78747,0
1973-05-24T17:37:48.000Z,255.09247,255.78747,0
1973-05-24T18:35:41.000Z,255.09247,255.78747,0
1973-05-24T19:33:43.000Z,255.13248,255.82748,0
1973-05-24T20:31:36.000Z,255.13248,255.82748,0
1973-05-24T21:00:41.000Z,255.09247,255.78747,0
1973-05-24T21:29:38.000Z,255.13198,255.82798,0
1973-05-24T22:27:31.000Z,255.05249,255.74749,0
1973-05-24T23:25:33.000Z,255.09247,255.78747,0
1973-05-25T00:23:34.000Z,255.09247,255.78747,0
1973-05-25T01:21:28.000Z,255.05249,255.74749,0
1973-05-25T02:19:29.000Z,255.09247,255.78747,0
1973-05-25T02:55:40.000Z,255.05249,255.74749,0
1973-05-25T03:53:33.000Z,255.05249,255.74749,0
1973-05-25T05:17:48.000Z,255.11249,255.80749,0
1973-05-25T06:15:50.000Z,255.09247,255.78747,0
1973-05-25T07:13:43.000Z,255.08249,255.77749,0
1973-05-25T08:11:45.000Z,255.05249,255.74749,0
1973-05-25T09:09:38.000Z,255.05249,255.74749,0
1973-05-25T10:14:54.000Z,255.04248,255.73748,0
1973-05-25T11:12:55.000Z,255.08249,255.77749,0
1973-05-25T11:21:07.000Z,255.12247,255.81747,0
1973-05-25T12:19:00.000Z,255.08249,255.77749,0
1973-05-25T13:17:02.000Z,255.08249,255.77749,0
1973-05-25T13:52:15.000Z,255.08249,255.77749,0
1973-05-25T14:50:09.000Z,255.08249,255.77749,0
1973-05-25T15:48:10.000Z,255.08249,255.77749,0
1973-05-25T16:46:12.000Z,255.04248,255.73748,0
1973-05-25T17:44:05.000Z,255.08249,255.77749,0
1973-05-25T18:42:07.000Z,255.04248,255.73748,0
1973-05-25T19:18:18.000Z,255.07248,255.76748,0
1973-05-25T20:16:11.000Z,255.07248,255.76748,0
1973-05-25T21:14:13.000Z,255.04248,255.73748,0
1973-05-25T22:12:06.000Z,255.08249,255.77749,0
1973-05-25T23:10:08.000Z,255.11249,255.80749,0
1973-05-26T00:08:10.000Z,255.07298,255.76698,0
1973-05-26T01:06:03.000Z,255.04248,255.73748,0
1973-05-26T02:04:05.000Z,255.07298,255.76698,0
1973-05-26T03:01:58.000Z,255.04298,255.73698,0
1973-05-26T04:00:00.000Z,255.11249,255.80749,0
1973-05-26T04:57:53.000Z,255.07298,255.76698,0
1973-05-26T05:55:55.000Z,255.07248,255.76748,0
1973-05-26T06:53:48.000Z,255.11299,255.80699,0
1973-05-26T07:51:50.000Z,255.07298,255.76698,0
1973-05-26T08:49:43.000Z,255.07248,255.76748,0
1973-05-26T09:47:45.000Z,255.11299,255.80699,0
1973-05-26T10:45:38.000Z,255.04298,255.73698,0
1973-05-26T11:43:40.000Z,255.04298,255.73698,0
1973-05-26T12:41:33.000Z,255.04298,255.73698,0
1973-05-26T13:39:35.000Z,255.11299,255.80699,0
1973-05-26T14:37:28.000Z,255.11299,255.80699,0
1973-05-26T15:35:30.000Z,255.10298,255.79698,0
1973-05-26T16:33:23.000Z,255.07298,255.76698,0
1973-05-26T17:31:25.000Z,255.07298,255.76698,0
1973-05-26T18:29:18.000Z,255.11299,255.80699,0
1973-05-26T19:27:20.000Z,255.07298,255.76698,0
1973-05-26T20:25:13.000Z,255.04298,255.73698,0
1973-05-26T21:23:15.000Z,255.07298,255.76698,0
1973-05-26T22:21:16.000Z,255.04298,255.73698,0
1973-05-26T23:19:10.000Z,255.07298,255.76698,0
1973-05-27T00:17:11.000Z,255.10298,255.79698,0
1973-05-27T01:15:05.000Z,255.11299,255.80699,0
1973-05-27T01:22:19.000Z,255.04298,255.73698,0
1973-05-27T01:36:47.000Z,255.06297,255.75697,0
1973-05-27T02:34:49.000Z,255.06297,255.75697,0
1973-05-27T03:03:45.000Z,255.07298,255.76698,0
1973-05-27T03:11:00.000Z,255.04298,255.73698,0
1973-05-27T04:09:01.000Z,255.04298,255.73698,0
1973-05-27T05:06:55.000Z,255.06297,255.75697,0
1973-05-27T06:04:56.000Z,255.06297,255.75697,0
1973-05-27T07:02:50.000Z,255.06297,255.75697,0
1973-05-27T07:39:09.000Z,255.06297,255.75697,0
1973-05-27T08:37:02.000Z,255.06297,255.75697,0
1973-05-27T09:49:32.000Z,255.04298,255.73698,0
1973-05-27T10:47:25.000Z,255.06297,255.75697,0
1973-05-27T11:45:27.000Z,255.06297,255.75697,0
1973-05-27T12:43:20.000Z,255.04298,255.73698,0
1973-05-27T14:03:05.000Z,255.04298,255.73698,0
1973-05-27T15:01:06.000Z,255.06297,255.75697,0
1973-05-27T15:44:31.000Z,255.06297,255.75697,0
1973-05-27T16:42:25.000Z,255.09297,255.78697,0
1973-05-27T17:40:26.000Z,255.10298,255.79698,0
1973-05-27T18:38:28.000Z,255.06297,255.75697,0
1973-05-27T19:36:21.000Z,255.09297,255.78697,0
1973-05-27T20:34:23.000Z,255.06297,255.75697,0
1973-05-27T21:32:16.000Z,255.06297,255.75697,0
1973-05-27T22:30:18.000Z,255.09347,255.78647,0
1973-05-27T23:28:11.000Z,255.09297,255.78697,0
1973-05-28T00:26:13.000Z,255.06347,255.75647,0
1973-05-28T01:24:06.000Z,255.09297,255.78697,0
1973-05-28T02:22:08.000Z,255.09297,255.78697,0
1973-05-28T03:20:01.000Z,255.06347,255.75647,0
1973-05-28T04:18:03.000Z,255.09347,255.78647,0
1973-05-28T05:30:25.000Z,255.06347,255.75647,0
1973-05-28T06:35:40.000Z,255.09297,255.78697,0
1973-05-28T06:42:55.000Z,255.09297,255.78697,0
1973-05-28T07:40:56.000Z,255.09347,255.78647,0
1973-05-28T08:38:50.000Z,255.09347,255.78647,0
1973-05-28T09:00:32.000Z,255.09297,255.78697,0
1973-05-28T09:58:34.000Z,255.09347,255.78647,0
1973-05-28T10:56:27.000Z,255.09347,255.78647,0
1973-05-28T11:54:29.000Z,255.09297,255.78697,0
1973-05-28T12:52:22.000Z,255.09347,255.78647,0
1973-05-28T13:50:24.000Z,255.09347,255.78647,0
1973-05-28T14:48:17.000Z,255.09297,255.78697,0
1973-05-28T15:46:19.000Z,255.09347,255.78647,0
1973-05-28T16:44:12.000Z,255.09347,255.78647,0
1973-05-28T17:42:14.000Z,255.09347,255.78647,0
1973-05-28T18:40:15.000Z,255.09347,255.78647,0
1973-05-28T19:38:09.000Z,255.09347,255.78647,0
1973-05-28T20:36:10.000Z,255.06347,255.75647,0
1973-05-28T21:41:18.000Z,255.06347,255.75647,0
1973-05-28T22:39:20.000Z,255.06347,255.75647,0
1973-05-28T23:37:13.000Z,255.09347,255.78647,0
1973-05-29T00:35:15.000Z,255.06347,255.75647,0
1973-05-29T01:33:08.000Z,255.09347,255.78647,0
1973-05-29T01:54:51.000Z,255.09347,255.78647,0
1973-05-29T03:00:06.000Z,255.09347,255.78647,0
1973-05-29T03:58:08.000Z,255.06347,255.75647,0
1973-05-29T05:16:55.000Z,255.09397,255.78597,0
1973-05-29T06:14:48.000Z,255.09347,255.78647,0
1973-05-29T07:12:50.000Z,255.06397,255.75597,0
1973-05-29T08:10:43.000Z,255.09347,255.78647,0
1973-05-29T09:08:45.000Z,255.09347,255.78647,0
1973-05-29T10:06:38.000Z,255.09347,255.78647,0
1973-05-29T11:04:40.000Z,255.06347,255.75647,0
1973-05-29T12:02:33.000Z,255.06347,255.75647,0
1973-05-29T13:00:35.000Z,255.06397,255.75597,0
1973-05-29T13:58:28.000Z,255.06397,255.75597,0
1973-05-29T14:56:30.000Z,255.06397,255.75597,0
1973-05-29T15:54:23.000Z,255.09347,255.78647,0
1973-05-29T16:52:25.000Z,255.09347,255.78647,0
1973-05-29T17:50:18.000Z,255.06397,255.75597,0
1973-05-29T18:48:20.000Z,255.09347,255.78647,0
1973-05-29T19:46:13.000Z,255.024,255.716,0
1973-05-29T20:44:15.000Z,255.06397,255.75597,0
1973-05-29T21:42:16.000Z,255.09347,255.78647,0
1973-05-29T22:40:10.000Z,255.05399,255.74599,0
1973-05-29T23:38:11.000Z,255.09347,255.78647,0
1973-05-30T00:36:05.000Z,255.06397,255.75597,0
1973-05-30T01:34:06.000Z,255.09397,255.78597,0
1973-05-30T02:32:00.000Z,255.06397,255.75597,0
1973-05-30T03:30:01.000Z,255.09397,255.78597,0
1973-05-30T03:58:50.000Z,255.06397,255.75597,0
1973-05-30T04:06:12.000Z,255.05399,255.74599,0
1973-05-30T05:04:14.000Z,255.12397,255.81597,0
1973-05-30T06:02:07.000Z,255.024,255.716,0
1973-05-30T07:00:09.000Z,255.024,255.716,0
1973-05-30T07:58:02.000Z,255.06397,255.75597,0
1973-05-30T09:03:18.000Z,255.09397,255.78597,0
1973-05-30T10:01:11.000Z,255.06397,255.75597,0
1973-05-30T10:59:13.000Z,255.09397,255.78597,0
1973-05-30T11:57:06.000Z,255.06397,255.75597,0
1973-05-30T13:15:53.000Z,255.06397,255.75597,0
1973-05-30T14:13:55.000Z,255.06397,255.75597,0
1973-05-30T15:11:48.000Z,255.12397,255.81597,0
1973-05-30T16:09:50.000Z,255.06397,255.75597,0
1973-05-30T17:07:43.000Z,255.09397,255.78597,0
1973-05-30T18:05:45.000Z,255.06397,255.75597,0
1973-05-30T19:03:38.000Z,255.06397,255.75597,0
1973-05-30T20:01:40.000Z,255.12397,255.81597,0
1973-05-30T20:59:41.000Z,255.024,255.716,0
1973-05-30T21:57:35.000Z,255.09397,255.78597,0
1973-05-30T22:55:36.000Z,255.08399,255.77599,0
1973-05-30T23:53:30.000Z,255.024,255.716,0
1973-05-31T00:51:32.000Z,255.06397,255.75597,0
1973-05-31T01:49:25.000Z,255.05399,255.74599,0
1973-05-31T02:47:27.000Z,255.12397,255.81597,0
1973-05-31T03:16:23.000Z,255.05399,255.74599,0
1973-05-31T04:14:08.000Z,255.06397,255.75597,0
1973-05-31T04:21:23.000Z,255.09447,255.78547,0
1973-05-31T04:28:53.000Z,255.05399,255.74599,0
1973-05-31T05:26:47.000Z,255.05399,255.74599,0
1973-05-31T06:24:48.000Z,255.06397,255.75597,0
1973-05-31T07:22:42.000Z,255.09397,255.78597,0
1973-05-31T08:20:43.000Z,255.05399,255.74599,0
1973-05-31T09:18:37.000Z,255.05449,255.74549,0
1973-05-31T10:16:38.000Z,255.08449,255.77549,0
1973-05-31T11:14:32.000Z,255.05449,255.74549,0
1973-05-31T12:12:33.000Z,255.12397,255.81597,0
1973-05-31T13:10:27.000Z,255.05449,255.74549,0
1973-05-31T14:08:28.000Z,255.12397,255.81597,0
1973-05-31T15:06:22.000Z,255.05399,255.74599,0
1973-05-31T16:04:23.000Z,255.12397,255.81597,0
1973-05-31T17:02:17.000Z,255.08399,255.77599,0
1973-05-31T18:00:18.000Z,255.08449,255.77549,0
1973-05-31T18:58:12.000Z,255.08449,255.77549,0
1973-05-31T19:56:13.000Z,255.08449,255.77549,0
1973-05-31T20:54:07.000Z,255.05399,255.74599,0
1973-05-31T21:52:08.000Z,255.12397,255.81597,0
1973-05-31T22:50:10.000Z,255.08449,255.77549,0
1973-05-31T23:40:49.000Z,255.05399,255.74599,0
1973-06-01T00:38:42.000Z,255.05449,255.74549,0
1973-06-01T01:36:44.000Z,255.08449,255.77549,0
1973-06-01T02:34:46.000Z,255.12397,255.81597,0
1973-06-01T03:32:39.000Z,255.08449,255.77549,0
1973-06-01T04:30:41.000Z,255.05449,255.74549,0
1973-06-01T05:28:34.000Z,255.08449,255.77549,0
1973-06-01T06:26:36.000Z,255.08449,255.77549,0
1973-06-01T07:24:21.000Z,255.08449,255.77549,0
1973-06-01T08:22:31.000Z,255.12397,255.81597,0
1973-06-01T09:20:24.000Z,255.08449,255.77549,0
1973-06-01T10:18:26.000Z,255.08449,255.77549,0
1973-06-01T11:16:19.000Z,255.08449,255.77549,0
1973-06-01T12:14:21.000Z,255.04448,255.73548,0
1973-06-01T12:43:17.000Z,255.12447,255.81547,0
1973-06-01T13:41:19.000Z,255.05449,255.74549,0
1973-06-01T14:39:12.000Z,255.05449,255.74549,0
1973-06-01T15:08:09.000Z,255.08449,255.77549,0
1973-06-01T16:06:11.000Z,255.08449,255.77549,0
1973-06-01T17:04:04.000Z,255.08449,255.77549,0
1973-06-01T18:02:06.000Z,255.08449,255.77549,0
1973-06-01T18:59:59.000Z,255.12447,255.81547,0
1973-06-01T19:58:01.000Z,255.08499,255.77499,0
1973-06-01T20:55:54.000Z,255.08449,255.77549,0
1973-06-02T00:06:06.000Z,255.08449,255.77549,0
1973-06-02T01:04:07.000Z,255.05449,255.74549,0
1973-06-02T02:02:01.000Z,255.08499,255.77499,0
1973-06-02T03:00:02.000Z,255.08449,255.77549,0
1973-06-02T03:58:04.000Z,255.08499,255.77499,0
1973-06-02T04:55:57.000Z,255.08499,255.77499,0
1973-06-02T05:53:59.000Z,255.08499,255.77499,0
1973-06-02T06:51:52.000Z,255.08499,255.77499,0
1973-06-02T07:49:54.000Z,255.04498,255.73498,0
1973-06-02T08:47:47.000Z,255.08499,255.77499,0
1973-06-02T09:45:49.000Z,255.08499,255.77499,0
1973-06-02T10:43:42.000Z,255.08499,255.77499,0
1973-06-02T11:41:44.000Z,255.04498,255.73498,0
1973-06-02T12:25:09.000Z,255.08499,255.77499,0
1973-06-02T13:23:11.000Z,255.08499,255.77499,0
1973-06-02T14:28:18.000Z,255.04498,255.73498,0
1973-06-02T15:26:20.000Z,255.08549,255.77449,0
1973-06-02T16:24:13.000Z,255.08499,255.77499,0
1973-06-02T17:22:15.000Z,255.08499,255.77499,0
1973-06-02T18:05:40.000Z,255.07498,255.76498,0
1973-06-02T19:03:41.000Z,255.08499,255.77499,0
1973-06-02T20:01:35.000Z,255.08549,255.77449,0
1973-06-02T20:59:36.000Z,255.08499,255.77499,0
1973-06-02T21:14:05.000Z,255.07498,255.76498,0
1973-06-02T22:11:58.000Z,255.11499,255.80499,0
1973-06-02T23:10:00.000Z,255.08499,255.77499,0
1973-06-03T00:00:39.000Z,255.08549,255.77449,0
1973-06-03T00:58:41.000Z,255.08499,255.77499,0
1973-06-03T01:56:34.000Z,255.08549,255.77449,0
1973-06-03T02:54:36.000Z,255.08549,255.77449,0
1973-06-03T03:52:29.000Z,255.08549,255.77449,0
1973-06-03T04:50:31.000Z,255.08499,255.77499,0
1973-06-03T05:48:32.000Z,255.08549,255.77449,0
1973-06-03T06:46:26.000Z,255.11499,255.80499,0
1973-06-03T07:44:27.000Z,255.08549,255.77449,0
1973-06-03T08:42:21.000Z,255.11499,255.80499,0
1973-06-03T09:40:22.000Z,255.08549,255.77449,0
1973-06-03T10:38:16.000Z,255.11499,255.80499,0
1973-06-03T11:36:17.000Z,255.11549,255.80449,0
1973-06-03T12:34:11.000Z,255.07548,255.76448,0
1973-06-03T13:32:12.000Z,255.03547,255.72447,0
1973-06-03T14:30:06.000Z,255.07548,255.76448,0
1973-06-03T15:28:07.000Z,255.07548,255.76448,0
1973-06-03T15:42:36.000Z,255.11499,255.80499,0
1973-06-03T16:40:29.000Z,255.08549,255.77449,0
1973-06-03T17:38:31.000Z,255.07548,255.76448,0
1973-06-03T18:36:24.000Z,255.07548,255.76448,0
1973-06-03T19:34:26.000Z,255.08549,255.77449,0
1973-06-03T20:32:19.000Z,255.08549,255.77449,0
1973-06-03T21:30:21.000Z,255.11549,255.80449,0
1973-06-03T22:28:22.000Z,255.04548,255.73448,0
1973-06-03T23:26:16.000Z,255.07548,255.76448,0
1973-06-04T00:24:17.000Z,255.07548,255.76448,0
1973-06-04T01:07:42.000Z,255.07548,255.76448,0
1973-06-04T01:14:56.000Z,255.07548,255.76448,0
1973-06-04T02:12:58.000Z,255.04548,255.73448,0
1973-06-04T03:10:51.000Z,255.07548,255.76448,0
1973-06-04T04:08:53.000Z,255.08599,255.77399,0
1973-06-04T05:06:46.000Z,255.10548,255.79448,0
1973-06-04T05:28:29.000Z,255.07548,255.76448,0
1973-06-04T06:26:31.000Z,255.07548,255.76448,0
1973-06-04T07:24:24.000Z,255.04548,255.73448,0
1973-06-04T08:22:26.000Z,255.00548,255.69448,0
1973-06-04T09:20:19.000Z,255.11549,255.80449,0
1973-06-04T10:18:21.000Z,255.07548,255.76448,0
1973-06-04T10:47:17.000Z,255.11549,255.80449,0
1973-06-04T11:50:47.000Z,255.04548,255.73448,0
1973-06-04T12:48:40.000Z,255.03547,255.72447,0
1973-06-04T13:46:42.000Z,255.07548,255.76448,0
1973-06-04T14:44:35.000Z,255.07598,255.76398,0
1973-06-04T15:13:32.000Z,255.07548,255.76448,0
1973-06-04T15:35:22.000Z,255.04598,255.73398,0
1973-06-04T16:33:16.000Z,255.08549,255.77449,0
1973-06-04T17:31:17.000Z,255.07548,255.76448,0
1973-06-04T18:29:11.000Z,255.07598,255.76398,0
1973-06-04T19:27:12.000Z,255.07548,255.76448,0
1973-06-04T20:25:06.000Z,255.07598,255.76398,0
1973-06-04T21:23:07.000Z,255.07548,255.76448,0
1973-06-04T22:28:15.000Z,255.11549,255.80449,0
1973-06-04T23:26:17.000Z,255.04598,255.73398,0
1973-06-04T23:55:13.000Z,255.11549,255.80449,0
1973-06-05T00:53:15.000Z,255.11549,255.80449,0
1973-06-05T01:51:08.000Z,255.07598,255.76398,0
1973-06-05T02:49:10.000Z,255.07598,255.76398,0
1973-06-05T03:47:03.000Z,255.08599,255.77399,0
1973-06-05T04:45:05.000Z,255.04598,255.73398,0
1973-06-05T05:42:58.000Z,255.07598,255.76398,0
1973-06-05T06:41:00.000Z,255.07598,255.76398,0
1973-06-05T07:38:53.000Z,255.11549,255.80449,0
1973-06-05T08:36:55.000Z,255.07598,255.76398,0
1973-06-05T09:34:48.000Z,255.07598,255.76398,0
1973-06-05T10:32:50.000Z,255.14599,255.83399,0
1973-06-05T11:30:43.000Z,255.07598,255.76398,0
1973-06-05T12:28:45.000Z,255.07598,255.76398,0
1973-06-05T13:26:38.000Z,255.00598,255.69398,0
1973-06-05T14:39:08.000Z,255.07598,255.76398,0
1973-06-05T14:46:23.000Z,255.07598,255.76398,0
1973-06-05T15:08:05.000Z,255.07598,255.76398,0
1973-06-05T16:06:07.000Z,255.07598,255.76398,0
1973-06-05T17:04:00.000Z,255.06597,255.75397,0
1973-06-05T17:18:28.000Z,255.07598,255.76398,0
1973-06-05T18:16:30.000Z,255.07598,255.76398,0
1973-06-05T19:14:32.000Z,255.07598,255.76398,0
1973-06-05T20:12:25.000Z,255.04598,255.73398,0
1973-06-05T21:10:27.000Z,255.08599,255.77399,0
1973-06-05T22:08:20.000Z,255.09597,255.78397,0
1973-06-05T23:06:22.000Z,255.07598,255.76398,0
1973-06-06T00:04:15.000Z,255.07598,255.76398,0
1973-06-06T01:02:17.000Z,255.08599,255.77399,0
1973-06-06T02:00:10.000Z,255.06597,255.75397,0
1973-06-06T02:38:16.000Z,255.04648,255.73348,0
1973-06-06T02:58:12.000Z,255.07598,255.76398,0
1973-06-06T03:56:05.000Z,255.08599,255.77399,0
1973-06-06T04:54:07.000Z,255.05649,255.74349,0
1973-06-06T05:52:00.000Z,255.05599,255.74399,0
1973-06-06T06:50:02.000Z,255.05599,255.74399,0
1973-06-06T07:47:55.000Z,255.06597,255.75397,0
1973-06-06T08:42:24.000Z,255.08649,255.77349,0
1973-06-06T08:53:11.000Z,255.05599,255.74399,0
1973-06-06T09:51:04.000Z,255.09647,255.78347,0
1973-06-06T10:49:06.000Z,255.06597,255.75397,0
1973-06-06T11:47:07.000Z,255.10598,255.79398,0
1973-06-06T12:45:01.000Z,255.07598,255.76398,0
1973-06-06T13:43:02.000Z,255.10648,255.79348,0
1973-06-06T14:40:56.000Z,255.07648,255.76348,0
1973-06-06T16:15:08.000Z,255.07648,255.76348,0
1973-06-06T17:13:02.000Z,255.07648,255.76348,0
1973-06-06T18:11:03.000Z,255.07598,255.76398,0
1973-06-06T19:09:05.000Z,255.07598,255.76398,0
1973-06-06T20:06:58.000Z,255.01649,255.70349,0
1973-06-06T21:05:00.000Z,255.07648,255.76348,0
1973-06-06T21:55:39.000Z,255.04648,255.73348,0
1973-06-06T22:53:41.000Z,255.11649,255.80349,0
1973-06-06T23:37:06.000Z,255.01649,255.70349,0
1973-06-06T23:58:48.000Z,255.11649,255.80349,0
1973-06-07T00:13:17.000Z,255.07648,255.76348,0
1973-06-07T00:42:22.000Z,255.11649,255.80349,0
1973-06-07T01:11:18.000Z,255.04648,255.73348,0
1973-06-07T02:09:12.000Z,255.07648,255.76348,0
1973-06-07T02:38:17.000Z,255.04648,255.73348,0
1973-06-07T03:28:56.000Z,255.08649,255.77349,0
1973-06-07T04:05:07.000Z,255.04648,255.73348,0
1973-06-07T04:26:57.000Z,255.07648,255.76348,0
1973-06-07T05:24:51.000Z,255.04648,255.73348,0
1973-06-07T06:22:52.000Z,255.04648,255.73348,0
1973-06-07T07:20:46.000Z,255.04648,255.73348,0
1973-06-07T08:18:47.000Z,255.08649,255.77349,0
1973-06-07T09:16:41.000Z,255.04648,255.73348,0
1973-06-07T10:14:42.000Z,255.04648,255.73348,0
1973-06-07T11:12:36.000Z,255.04648,255.73348,0
1973-06-07T12:10:37.000Z,255.04648,255.73348,0
1973-06-07T12:54:03.000Z,255.04648,255.73348,0
1973-06-07T13:52:04.000Z,255.08699,255.77299,0
1973-06-07T14:57:12.000Z,255.04648,255.73348,0
1973-06-07T15:55:13.000Z,255.12647,255.81347,0
1973-06-07T16:53:07.000Z,255.08649,255.77349,0
1973-06-07T17:51:08.000Z,255.05649,255.74349,0
1973-06-07T18:49:02.000Z,255.08649,255.77349,0
1973-06-07T19:47:03.000Z,255.08649,255.77349,0
1973-06-07T20:44:57.000Z,255.12697,255.81297,0
1973-06-07T21:42:58.000Z,255.08649,255.77349,0
1973-06-07T22:41:00.000Z,255.08699,255.77299,0
1973-06-07T23:38:53.000Z,255.05699,255.74299,0
1973-06-08T00:07:50.000Z,255.05699,255.74299,0
1973-06-08T00:51:23.000Z,255.08699,255.77299,0
1973-06-08T01:13:06.000Z,255.09697,255.78297,0
1973-06-08T01:42:03.000Z,255.12647,255.81347,0
1973-06-08T01:56:31.000Z,255.05699,255.74299,0
1973-06-08T02:10:59.000Z,255.12697,255.81297,0
1973-06-08T02:32:50.000Z,255.08699,255.77299,0
1973-06-08T02:40:04.000Z,255.08699,255.77299,0
1973-06-08T03:01:47.000Z,255.08699,255.77299,0
1973-06-08T03:30:43.000Z,255.05699,255.74299,0
1973-06-08T04:14:17.000Z,255.08699,255.77299,0
1973-06-08T04:35:59.000Z,255.05699,255.74299,0
1973-06-08T05:12:10.000Z,255.04698,255.73298,0
1973-06-08T05:26:38.000Z,255.08699,255.77299,0
1973-06-08T05:33:53.000Z,255.08699,255.77299,0
1973-06-08T05:48:21.000Z,255.05699,255.74299,0
1973-06-08T06:46:23.000Z,255.01699,255.70299,0
1973-06-08T07:44:16.000Z,255.05699,255.74299,0
1973-06-08T08:42:18.000Z,255.04698,255.73298,0
1973-06-08T09:40:11.000Z,255.05699,255.74299,0
1973-06-08T10:38:13.000Z,255.08699,255.77299,0
1973-06-08T11:36:14.000Z,255.08699,255.77299,0
1973-06-08T12:19:39.000Z,255.05699,255.74299,0
1973-06-08T13:17:33.000Z,255.08699,255.77299,0
1973-06-08T14:15:34.000Z,255.08699,255.77299,0
1973-06-08T15:13:36.000Z,255.05699,255.74299,0
1973-06-08T16:11:29.000Z,255.08699,255.77299,0
1973-06-08T17:09:31.000Z,255.05699,255.74299,0
1973-06-08T18:07:24.000Z,255.157,255.843,0
1973-06-08T19:42:34.000Z,255.05749,255.74249,0
1973-06-08T20:33:13.000Z,255.08699,255.77299,0
1973-06-08T21:31:15.000Z,255.12747,255.81247,0
1973-06-08T22:29:08.000Z,255.08749,255.77249,0
1973-06-08T23:27:10.000Z,255.1575,255.8425,0
1973-06-09T00:25:03.000Z,255.08749,255.77249,0
1973-06-09T01:23:05.000Z,255.12747,255.81247,0
1973-06-09T02:20:58.000Z,255.12747,255.81247,0
1973-06-09T03:19:00.000Z,255.12747,255.81247,0
1973-06-09T04:16:53.000Z,255.08749,255.77249,0
1973-06-09T05:14:55.000Z,255.12747,255.81247,0
1973-06-09T06:12:48.000Z,255.12747,255.81247,0
1973-06-09T07:10:50.000Z,255.12747,255.81247,0
1973-06-09T08:08:43.000Z,255.12747,255.81247,0
1973-06-09T09:06:45.000Z,255.12747,255.81247,0
1973-06-09T10:04:38.000Z,255.08749,255.77249,0
1973-06-09T11:02:40.000Z,255.08749,255.77249,0
1973-06-09T11:24:22.000Z,255.12747,255.81247,0
1973-06-09T12:22:24.000Z,255.12747,255.81247,0
1973-06-09T13:05:49.000Z,255.12747,255.81247,0
1973-06-09T13:42:00.000Z,255.04898,255.73098,0
1973-06-09T14:32:47.000Z,255.09747,255.78247,0
1973-06-09T14:54:30.000Z,255.08749,255.77249,0
1973-06-09T15:45:17.000Z,255.08749,255.77249,0
1973-06-09T15:59:46.000Z,255.12747,255.81247,0
1973-06-09T16:57:39.000Z,255.08749,255.77249,0
1973-06-09T17:55:41.000Z,255.08749,255.77249,0
1973-06-09T18:53:34.000Z,255.08749,255.77249,0
1973-06-09T19:51:36.000Z,255.12797,255.81197,0
1973-06-09T20:49:29.000Z,255.11749,255.80249,0
1973-06-09T21:47:31.000Z,255.08799,255.77199,0
1973-06-09T22:45:24.000Z,255.08799,255.77199,0
1973-06-09T23:07:15.000Z,255.12797,255.81197,0
1973-06-09T23:14:29.000Z,255.08799,255.77199,0
1973-06-09T23:57:54.000Z,255.08749,255.77249,0
1973-06-10T00:55:56.000Z,255.11749,255.80249,0
1973-06-10T01:53:49.000Z,255.05799,255.74199,0
1973-06-10T02:22:46.000Z,255.05799,255.74199,0
1973-06-10T02:59:05.000Z,255.08799,255.77199,0
1973-06-10T03:56:58.000Z,255.12797,255.81197,0
1973-06-10T04:55:00.000Z,255.08799,255.77199,0
1973-06-10T05:52:53.000Z,255.08799,255.77199,0
1973-06-10T06:50:55.000Z,255.08799,255.77199,0
1973-06-10T07:56:11.000Z,255.11749,255.80249,0
1973-06-10T08:03:25.000Z,255.158,255.842,0
1973-06-10T09:01:18.000Z,255.12797,255.81197,0
1973-06-10T09:59:20.000Z,255.11799,255.80199,0
1973-06-10T10:57:13.000Z,255.11799,255.80199,0
1973-06-10T11:55:15.000Z,255.08799,255.77199,0
1973-06-10T12:53:08.000Z,255.08849,255.77149,0
1973-06-10T13:51:10.000Z,255.11799,255.80199,0
1973-06-10T14:49:03.000Z,255.11799,255.80199,0
1973-06-10T15:32:37.000Z,255.11749,255.80249,0
1973-06-10T16:01:33.000Z,255.11799,255.80199,0
1973-06-10T16:59:35.000Z,255.08749,255.77249,0
1973-06-10T17:57:28.000Z,255.158,255.842,0
1973-06-10T18:48:16.000Z,255.11799,255.80199,0
1973-06-10T19:46:09.000Z,255.08799,255.77199,0
1973-06-10T20:44:11.000Z,255.12847,255.81147,0
1973-06-10T21:42:04.000Z,255.11849,255.80149,0
1973-06-10T22:40:06.000Z,255.08799,255.77199,0
1973-06-10T23:37:59.000Z,255.05849,255.74149,0
1973-06-11T00:36:01.000Z,255.12847,255.81147,0
1973-06-11T01:33:54.000Z,255.08849,255.77149,0
1973-06-11T02:31:56.000Z,255.11799,255.80199,0
1973-06-11T03:29:49.000Z,255.08849,255.77149,0
1973-06-11T04:27:51.000Z,255.12847,255.81147,0
1973-06-11T05:25:44.000Z,255.11849,255.80149,0
1973-06-11T06:23:46.000Z,255.158,255.842,0
1973-06-11T07:21:39.000Z,255.12847,255.81147,0
1973-06-11T08:19:41.000Z,255.08849,255.77149,0
1973-06-11T09:13:04.000Z,255.11899,255.80099,0
1973-06-11T09:56:37.000Z,255.12797,255.81197,0
1973-06-11T10:54:30.000Z,255.11849,255.80149,0
1973-06-11T11:45:18.000Z,255.12847,255.81147,0
1973-06-11T12:43:11.000Z,255.11849,255.80149,0
1973-06-11T13:33:59.000Z,255.08849,255.77149,0
1973-06-11T13:48:27.000Z,255.11849,255.80149,0
1973-06-11T14:53:43.000Z,255.159,255.841,0
1973-06-11T15:51:36.000Z,255.11849,255.80149,0
1973-06-11T16:49:38.000Z,255.07898,255.76098,0
1973-06-11T17:47:31.000Z,255.11899,255.80099,0
1973-06-11T18:45:33.000Z,255.08849,255.77149,0
1973-06-11T19:43:26.000Z,255.08849,255.77149,0
1973-06-11T20:41:28.000Z,255.159,255.841,0
1973-06-11T21:39:21.000Z,255.11849,255.80149,0
1973-06-11T22:37:23.000Z,255.08899,255.77099,0
1973-06-11T22:51:51.000Z,255.12747,255.81247,0
1973-06-11T23:49:45.000Z,255.08899,255.77099,0
1973-06-12T00:47:46.000Z,255.08899,255.77099,0
1973-06-12T01:45:48.000Z,255.11849,255.80149,0
1973-06-12T02:43:41.000Z,255.08849,255.77149,0
1973-06-12T03:41:43.000Z,255.12847,255.81147,0
1973-06-12T04:39:36.000Z,255.08899,255.77099,0
1973-06-12T05:37:38.000Z,255.08899,255.77099,0
1973-06-12T06:35:31.000Z,255.12847,255.81147,0
1973-06-12T07:33:33.000Z,255.11849,255.80149,0
1973-06-12T08:31:26.000Z,255.11849,255.80149,0
1973-06-12T09:29:28.000Z,255.1585,255.8415,0
1973-06-12T10:27:21.000Z,255.189,255.871,0
1973-06-12T11:25:23.000Z,255.12897,255.81097,0
1973-06-12T11:32:37.000Z,255.12847,255.81147,0
1973-06-12T12:16:02.000Z,255.12847,255.81147,0
1973-06-12T12:52:21.000Z,255.12897,255.81097,0
1973-06-12T13:50:15.000Z,255.12897,255.81097,0
1973-06-12T14:55:30.000Z,255.12897,255.81097,0
1973-06-12T15:53:24.000Z,255.12897,255.81097,0
1973-06-12T16:15:14.000Z,255.159,255.841,0
1973-06-12T17:13:08.000Z,255.11899,255.80099,0
1973-06-12T18:11:09.000Z,255.12897,255.81097,0
1973-06-12T19:09:03.000Z,255.12947,255.81047,0
1973-06-12T20:07:04.000Z,255.12897,255.81097,0
1973-06-12T21:04:58.000Z,255.12897,255.81097,0
1973-06-12T22:03:00.000Z,255.1585,255.8415,0
1973-06-12T23:00:53.000Z,255.08899,255.77099,0
1973-06-12T23:22:44.000Z,255.159,255.841,0
1973-06-13T00:20:37.000Z,255.12897,255.81097,0
1973-06-13T01:18:39.000Z,255.11899,255.80099,0
1973-06-13T02:16:32.000Z,255.159,255.841,0
1973-06-13T03:14:34.000Z,255.159,255.841,0
1973-06-13T03:43:30.000Z,255.159,255.841,0
1973-06-13T04:41:32.000Z,255.159,255.841,0
1973-06-13T05:39:25.000Z,255.159,255.841,0
1973-06-13T06:37:27.000Z,255.159,255.841,0
1973-06-13T07:35:20.000Z,255.159,255.841,0
1973-06-13T08:04:17.000Z,255.12897,255.81097,0
1973-06-13T08:33:22.000Z,255.159,255.841,0
1973-06-13T09:31:15.000Z,255.159,255.841,0
1973-06-13T10:29:17.000Z,255.159,255.841,0
1973-06-13T11:27:10.000Z,255.11899,255.80099,0
1973-06-13T12:25:12.000Z,255.159,255.841,0
1973-06-13T13:01:23.000Z,255.11899,255.80099,0
1973-06-13T13:59:24.000Z,255.159,255.841,0
1973-06-13T14:57:18.000Z,255.11899,255.80099,0
1973-06-13T15:55:19.000Z,255.11899,255.80099,0
1973-06-13T16:53:13.000Z,255.159,255.841,0
1973-06-13T17:51:14.000Z,255.11949,255.80049,0
1973-06-13T18:49:08.000Z,255.159,255.841,0
1973-06-13T19:47:09.000Z,255.11949,255.80049,0
1973-06-13T20:45:03.000Z,255.11949,255.80049,0
1973-06-13T21:43:04.000Z,255.11949,255.80049,0
1973-06-13T22:12:01.000Z,255.159,255.841,0
1973-06-13T23:10:03.000Z,255.11949,255.80049,0
1973-06-14T00:07:56.000Z,255.159,255.841,0
1973-06-14T01:05:58.000Z,255.11949,255.80049,0
1973-06-14T02:03:51.000Z,255.08949,255.77049,0
1973-06-14T02:54:39.000Z,255.159,255.841,0
1973-06-14T03:52:32.000Z,255.11949,255.80049,0
1973-06-14T04:07:00.000Z,255.11949,255.80049,0
1973-06-14T05:05:02.000Z,255.11949,255.80049,0
1973-06-14T06:03:04.000Z,255.08949,255.77049,0
1973-06-14T07:00:57.000Z,255.11949,255.80049,0
1973-06-14T07:58:59.000Z,255.12947,255.81047,0
1973-06-14T08:56:52.000Z,255.11899,255.80099,0
1973-06-14T09:54:54.000Z,255.1595,255.8405,0
1973-06-14T10:52:47.000Z,255.08949,255.77049,0
1973-06-14T11:50:49.000Z,255.04948,255.73048,0
1973-06-14T12:48:42.000Z,255.12947,255.81047,0
1973-06-14T13:46:44.000Z,255.12947,255.81047,0
1973-06-14T14:44:37.000Z,255.08949,255.77049,0
1973-06-14T15:42:39.000Z,255.11949,255.80049,0
1973-06-14T16:33:18.000Z,255.1595,255.8405,0
1973-06-14T17:31:19.000Z,255.08949,255.77049,0
1973-06-14T18:29:13.000Z,255.08949,255.77049,0
1973-06-14T19:27:14.000Z,255.08949,255.77049,0
1973-06-14T20:25:16.000Z,255.08949,255.77049,0
1973-06-14T21:23:09.000Z,255.12947,255.81047,0
1973-06-14T22:50:08.000Z,255.12947,255.81047,0
1973-06-14T23:48:01.000Z,255.1595,255.8405,0
1973-06-15T00:46:03.000Z,255.12947,255.81047,0
1973-06-15T01:15:00.000Z,255.12947,255.81047,0
1973-06-15T02:13:01.000Z,255.12947,255.81047,0
1973-06-15T03:10:55.000Z,255.08949,255.77049,0
1973-06-15T04:16:10.000Z,255.12947,255.81047,0
1973-06-15T05:14:04.000Z,255.12947,255.81047,0
1973-06-15T05:28:32.000Z,255.12947,255.81047,0
1973-06-15T05:35:54.000Z,255.12947,255.81047,0
1973-06-15T06:33:48.000Z,255.08999,255.76999,0
1973-06-15T07:31:49.000Z,255.12997,255.80997,0
1973-06-15T08:29:43.000Z,255.12997,255.80997,0
1973-06-15T09:27:44.000Z,255.16,255.84,0
1973-06-15T10:25:38.000Z,255.11999,255.79999,0
1973-06-15T11:23:39.000Z,255.07998,255.75998,0
1973-06-15T12:21:33.000Z,255.08999,255.76999,0
1973-06-15T13:19:34.000Z,255.16,255.84,0
1973-06-15T13:34:03.000Z,255.12997,255.80997,0
1973-06-15T14:32:04.000Z,255.11999,255.79999,0
1973-06-15T15:29:58.000Z,255.11999,255.79999,0
1973-06-15T16:27:59.000Z,255.05999,255.73999,0
1973-06-15T17:25:53.000Z,255.12997,255.80997,0
1973-06-15T18:23:54.000Z,255.08999,255.76999,0
1973-06-15T19:37:14.000Z,255.16,255.84,0
1973-06-15T20:35:15.000Z,255.16,255.84,0
1973-06-15T21:33:09.000Z,255.08999,255.76999,0
1973-06-15T22:31:10.000Z,255.11999,255.79999,0
1973-06-15T23:21:49.000Z,255.11999,255.79999,0
1973-06-15T23:36:18.000Z,255.09049,255.76949,0
1973-06-15T23:50:46.000Z,255.11999,255.79999,0
1973-06-16T00:48:48.000Z,255.16,255.84,0
1973-06-16T01:46:41.000Z,255.11999,255.79999,0
1973-06-16T02:44:43.000Z,255.09049,255.76949,0
1973-06-16T03:06:25.000Z,255.12049,255.79949,0
1973-06-16T03:20:54.000Z,255.12049,255.79949,0
1973-06-16T03:42:44.000Z,255.09049,255.76949,0
1973-06-16T04:40:38.000Z,255.1605,255.8395,0
1973-06-16T05:38:39.000Z,255.09049,255.76949,0
1973-06-16T06:36:33.000Z,255.13047,255.80947,0
1973-06-16T07:34:34.000Z,255.12049,255.79949,0
1973-06-16T08:32:28.000Z,255.09049,255.76949,0
1973-06-16T09:30:29.000Z,255.06049,255.73949,0
1973-06-16T10:28:23.000Z,255.13047,255.80947,0
1973-06-16T11:26:24.000Z,255.06049,255.73949,0
1973-06-16T12:24:18.000Z,255.12049,255.79949,0
1973-06-16T13:22:19.000Z,255.12049,255.79949,0
1973-06-16T14:20:13.000Z,255.09049,255.76949,0
1973-06-16T14:49:18.000Z,255.09049,255.76949,0
1973-06-16T15:47:11.000Z,255.09049,255.76949,0
1973-06-16T16:45:13.000Z,255.09049,255.76949,0
1973-06-16T17:43:06.000Z,255.09049,255.76949,0
1973-06-16T18:41:08.000Z,255.09049,255.76949,0
1973-06-16T19:39:01.000Z,255.12049,255.79949,0
1973-06-16T20:37:03.000Z,255.09049,255.76949,0
1973-06-16T21:34:56.000Z,255.09049,255.76949,0
1973-06-16T22:32:58.000Z,255.09099,255.76899,0
1973-06-16T23:30:51.000Z,255.09099,255.76899,0
1973-06-17T00:28:53.000Z,255.09099,255.76899,0
1973-06-17T01:26:54.000Z,255.09099,255.76899,0
1973-06-17T02:24:48.000Z,255.09099,255.76899,0
1973-06-17T03:22:49.000Z,255.09099,255.76899,0
1973-06-17T04:20:43.000Z,255.09099,255.76899,0
1973-06-17T05:18:44.000Z,255.05098,255.72898,0
1973-06-17T06:16:38.000Z,255.13047,255.80947,0
1973-06-17T06:23:52.000Z,255.13047,255.80947,0
1973-06-17T06:38:20.000Z,255.13047,255.80947,0
1973-06-17T07:36:22.000Z,255.09099,255.76899,0
1973-06-17T07:50:50.000Z,255.09099,255.76899,0
1973-06-17T08:48:52.000Z,255.09099,255.76899,0
1973-06-17T09:46:45.000Z,255.13047,255.80947,0
1973-06-17T10:44:47.000Z,255.09099,255.76899,0
1973-06-17T11:42:40.000Z,255.09099,255.76899,0
1973-06-17T12:40:42.000Z,255.09099,255.76899,0
1973-06-17T13:38:35.000Z,255.09099,255.76899,0
1973-06-17T14:36:37.000Z,255.09099,255.76899,0
1973-06-17T15:34:30.000Z,255.13047,255.80947,0
1973-06-17T16:32:32.000Z,255.13097,255.80897,0
1973-06-17T17:30:25.000Z,255.09099,255.76899,0
1973-06-17T18:28:27.000Z,255.05098,255.72898,0
1973-06-17T19:26:20.000Z,255.13097,255.80897,0
1973-06-17T20:24:22.000Z,255.13097,255.80897,0
1973-06-17T21:22:23.000Z,255.13097,255.80897,0
1973-06-17T22:20:17.000Z,255.13097,255.80897,0
1973-06-17T22:49:14.000Z,255.13097,255.80897,0
1973-06-17T23:47:15.000Z,255.09099,255.76899,0
1973-06-18T00:45:09.000Z,255.05098,255.72898,0
1973-06-18T01:43:10.000Z,255.13097,255.80897,0
1973-06-18T02:41:04.000Z,255.06099,255.73899,0
1973-06-18T02:55:40.000Z,255.161,255.839,0
1973-06-18T03:31:51.000Z,255.09099,255.76899,0
1973-06-18T04:29:44.000Z,255.10097,255.77897,0
1973-06-18T05:06:03.000Z,255.09099,255.76899,0
1973-06-18T06:03:57.000Z,255.13097,255.80897,0
1973-06-18T06:54:44.000Z,255.09099,255.76899,0
1973-06-18T07:30:55.000Z,255.09099,255.76899,0
1973-06-18T08:28:57.000Z,255.09099,255.76899,0
1973-06-18T08:50:39.000Z,255.09099,255.76899,0
1973-06-18T09:48:33.000Z,255.12099,255.79899,0
1973-06-18T10:46:34.000Z,255.09099,255.76899,0
1973-06-18T11:37:14.000Z,255.09099,255.76899,0
1973-06-18T12:35:15.000Z,255.13097,255.80897,0
1973-06-18T13:52:15.000Z,255.09099,255.76899,0
1973-06-18T13:59:30.000Z,255.09099,255.76899,0
1973-06-18T14:42:55.000Z,255.09099,255.76899,0
1973-06-18T15:40:56.000Z,255.09099,255.76899,0
1973-06-18T16:38:50.000Z,255.09099,255.76899,0
1973-06-18T17:36:51.000Z,255.09099,255.76899,0
1973-06-18T18:34:45.000Z,255.09149,255.76849,0
1973-06-18T19:32:46.000Z,255.06149,255.73849,0
1973-06-18T20:30:40.000Z,255.09099,255.76899,0
1973-06-18T21:28:41.000Z,255.09149,255.76849,0
1973-06-18T22:26:35.000Z,255.12149,255.79849,0
1973-06-18T23:24:36.000Z,255.09149,255.76849,0
1973-06-19T00:22:30.000Z,255.12149,255.79849,0
1973-06-19T01:20:31.000Z,255.09149,255.76849,0
1973-06-19T02:18:25.000Z,255.12149,255.79849,0
1973-06-19T03:16:26.000Z,255.09149,255.76849,0
1973-06-19T04:14:28.000Z,255.09149,255.76849,0
1973-06-19T05:12:21.000Z,255.09149,255.76849,0
1973-06-19T06:10:23.000Z,255.09149,255.76849,0
1973-06-19T07:08:16.000Z,255.12149,255.79849,0
1973-06-19T07:59:04.000Z,255.12149,255.79849,0
1973-06-19T08:56:57.000Z,255.08148,255.75848,0
1973-06-19T09:54:59.000Z,255.12149,255.79849,0
1973-06-19T10:52:52.000Z,255.08148,255.75848,0
1973-06-19T11:36:25.000Z,255.12149,255.79849,0
1973-06-19T12:34:19.000Z,255.08148,255.75848,0
1973-06-19T13:32:20.000Z,255.08148,255.75848,0
1973-06-19T14:30:14.000Z,255.08148,255.75848,0
1973-06-19T15:28:15.000Z,255.04147,255.71847,0
1973-06-19T16:26:09.000Z,255.07147,255.74847,0
1973-06-19T17:24:10.000Z,255.07147,255.74847,0
1973-06-19T18:22:04.000Z,255.07197,255.74797,0
1973-06-19T19:20:05.000Z,255.07147,255.74847,0
1973-06-19T19:56:16.000Z,255.07147,255.74847,0
1973-06-19T20:25:13.000Z,255.07147,255.74847,0
1973-06-19T20:47:04.000Z,255.10147,255.77847,0
1973-06-19T21:44:57.000Z,255.06149,255.73849,0
1973-06-19T21:59:25.000Z,255.06149,255.73849,0
1973-06-19T22:13:54.000Z,255.06199,255.73799,0
1973-06-19T23:11:55.000Z,255.09149,255.76849,0
1973-06-20T00:09:49.000Z,255.06149,255.73849,0
1973-06-20T00:46:08.000Z,255.06149,255.73849,0
1973-06-20T01:44:01.000Z,255.09149,255.76849,0
1973-06-20T02:42:03.000Z,255.12199,255.79799,0
1973-06-20T03:18:14.000Z,255.12149,255.79849,0
1973-06-20T04:16:15.000Z,255.12199,255.79799,0
1973-06-20T05:14:09.000Z,255.12149,255.79849,0
1973-06-20T06:12:10.000Z,255.05198,255.72798,0
1973-06-20T07:17:18.000Z,255.11198,255.78798,0
1973-06-20T08:15:20.000Z,255.09199,255.76799,0
1973-06-20T09:13:13.000Z,255.06199,255.73799,0
1973-06-20T10:11:15.000Z,255.07197,255.74797,0
1973-06-20T11:09:08.000Z,255.07197,255.74797,0
1973-06-20T12:07:10.000Z,255.11198,255.78798,0
1973-06-20T13:05:03.000Z,255.08198,255.75798,0
1973-06-20T14:03:05.000Z,255.10197,255.77797,0
1973-06-20T15:00:58.000Z,255.08198,255.75798,0
1973-06-20T15:59:00.000Z,255.14198,255.81798,0
1973-06-20T17:20:14.000Z,255.06199,255.73799,0
1973-06-20T18:18:24.000Z,255.09199,255.76799,0
1973-06-20T19:16:25.000Z,255.12199,255.79799,0
1973-06-20T20:14:27.000Z,255.05198,255.72798,0
1973-06-20T21:12:20.000Z,255.05198,255.72798,0
1973-06-20T22:10:22.000Z,255.15199,255.82799,0
1973-06-20T23:08:15.000Z,255.11198,255.78798,0
1973-06-21T00:06:17.000Z,255.11198,255.78798,0
1973-06-21T01:04:10.000Z,255.11198,255.78798,0
1973-06-21T02:02:12.000Z,255.07197,255.74797,0
1973-06-21T03:00:05.000Z,255.032,255.708,0
1973-06-21T03:58:07.000Z,255.0325,255.7075,0
1973-06-21T04:56:00.000Z,255.13197,255.80797,0
1973-06-21T05:54:02.000Z,255.06249,255.73749,0
1973-06-21T06:51:55.000Z,255.09199,255.76799,0
1973-06-21T07:49:57.000Z,255.09199,255.76799,0
1973-06-21T08:47:50.000Z,255.09199,255.76799,0
1973-06-21T09:45:52.000Z,255.09199,255.76799,0
1973-06-21T10:43:45.000Z,255.09199,255.76799,0
1973-06-21T11:41:47.000Z,255.09199,255.76799,0
1973-06-21T12:39:40.000Z,255.09199,255.76799,0
1973-06-21T13:37:42.000Z,255.08198,255.75798,0
1973-06-21T14:35:44.000Z,255.09249,255.76749,0
1973-06-21T15:33:37.000Z,255.09199,255.76799,0
1973-06-21T16:31:39.000Z,255.12199,255.79799,0
1973-06-21T17:29:32.000Z,255.12199,255.79799,0
1973-06-21T18:27:34.000Z,255.11248,255.78748,0
1973-06-21T19:25:27.000Z,255.11198,255.78798,0
1973-06-21T20:23:29.000Z,255.15249,255.82749,0
1973-06-21T21:21:22.000Z,255.15199,255.82799,0
1973-06-21T22:19:24.000Z,255.11248,255.78748,0
1973-06-21T23:17:17.000Z,255.08248,255.75748,0
1973-06-22T00:15:19.000Z,255.08248,255.75748,0
1973-06-22T01:13:12.000Z,255.08248,255.75748,0
1973-06-22T02:03:59.000Z,255.08248,255.75748,0
1973-06-22T02:54:39.000Z,255.11248,255.78748,0
1973-06-22T03:52:40.000Z,255.11248,255.78748,0
1973-06-22T04:50:34.000Z,255.11248,255.78748,0
1973-06-22T05:41:21.000Z,255.08248,255.75748,0
1973-06-22T06:39:14.000Z,255.08248,255.75748,0
1973-06-22T07:37:16.000Z,255.08248,255.75748,0
1973-06-22T08:35:09.000Z,255.11248,255.78748,0
1973-06-22T09:33:11.000Z,255.14248,255.81748,0
1973-06-22T10:02:08.000Z,255.11248,255.78748,0
1973-06-22T11:00:09.000Z,255.11248,255.78748,0
1973-06-22T11:58:03.000Z,255.11248,255.78748,0
1973-06-22T12:56:04.000Z,255.11248,255.78748,0
1973-06-22T13:53:58.000Z,255.11248,255.78748,0
1973-06-22T14:51:59.000Z,255.08248,255.75748,0
1973-06-22T15:49:53.000Z,255.11248,255.78748,0
1973-06-22T16:26:12.000Z,255.11248,255.78748,0
1973-06-22T17:24:05.000Z,255.10247,255.77747,0
1973-06-22T18:22:07.000Z,255.10247,255.77747,0
1973-06-22T19:48:57.000Z,255.14248,255.81748,0
1973-06-22T20:37:01.000Z,255.10247,255.77747,0
1973-06-22T20:51:29.000Z,255.10297,255.77697,0
1973-06-22T21:34:46.000Z,255.10247,255.77747,0
1973-06-22T22:32:56.000Z,255.10247,255.77747,0
1973-06-22T23:30:57.000Z,255.14248,255.81748,0
1973-06-23T00:28:51.000Z,255.10297,255.77697,0
1973-06-23T01:26:52.000Z,255.10297,255.77697,0
1973-06-23T02:32:00.000Z,255.06299,255.73699,0
1973-06-23T03:08:11.000Z,255.10297,255.77697,0
1973-06-23T03:37:16.000Z,255.10247,255.77747,0
1973-06-23T04:35:09.000Z,255.06299,255.73699,0
1973-06-23T06:02:07.000Z,255.06299,255.73699,0
1973-06-23T07:00:09.000Z,255.13297,255.80697,0
1973-06-23T07:50:48.000Z,255.06299,255.73699,0
1973-06-23T08:48:50.000Z,255.06299,255.73699,0
1973-06-23T10:15:40.000Z,255.06299,255.73699,0
1973-06-23T11:13:41.000Z,255.10297,255.77697,0
1973-06-23T12:11:35.000Z,255.06299,255.73699,0
1973-06-23T13:09:36.000Z,255.06299,255.73699,0
1973-06-23T13:53:01.000Z,255.09299,255.76699,0
1973-06-23T14:51:03.000Z,255.09299,255.76699,0
1973-06-23T15:48:56.000Z,255.09299,255.76699,0
1973-06-23T16:46:58.000Z,255.09299,255.76699,0
1973-06-23T17:44:52.000Z,255.09299,255.76699,0
1973-06-23T18:42:53.000Z,255.09299,255.76699,0
1973-06-23T19:40:47.000Z,255.09299,255.76699,0
1973-06-23T20:38:48.000Z,255.12299,255.79699,0
1973-06-23T21:36:42.000Z,255.09349,255.76649,0
1973-06-23T22:27:29.000Z,255.09299,255.76699,0
1973-06-24T02:55:30.000Z,255.12299,255.79699,0
1973-06-24T04:15:14.000Z,255.11298,255.78698,0
1973-06-24T04:44:11.000Z,255.09349,255.76649,0
1973-06-24T05:42:12.000Z,255.12299,255.79699,0
1973-06-24T06:40:06.000Z,255.12299,255.79699,0
1973-06-24T07:09:11.000Z,255.12299,255.79699,0
1973-06-24T07:45:21.000Z,255.12299,255.79699,0
1973-06-24T08:43:15.000Z,255.12299,255.79699,0
1973-06-24T09:41:16.000Z,255.08348,255.75648,0
1973-06-24T10:39:18.000Z,255.08348,255.75648,0
1973-06-24T11:37:11.000Z,255.12349,255.79649,0
1973-06-24T12:35:13.000Z,255.12299,255.79699,0
1973-06-24T13:33:06.000Z,255.12299,255.79699,0
1973-06-24T15:14:33.000Z,255.08348,255.75648,0
1973-06-24T16:12:35.000Z,255.11348,255.78648,0
1973-06-24T17:10:28.000Z,255.08348,255.75648,0
1973-06-24T17:53:53.000Z,255.12299,255.79699,0
1973-06-24T18:22:58.000Z,255.08348,255.75648,0
1973-06-24T19:20:52.000Z,255.08348,255.75648,0
1973-06-24T20:18:53.000Z,255.08348,255.75648,0
1973-06-24T21:16:47.000Z,255.11348,255.78648,0
1973-06-24T21:38:29.000Z,255.08348,255.75648,0
1973-06-24T22:36:31.000Z,255.11348,255.78648,0
1973-06-24T23:34:32.000Z,255.08348,255.75648,0
1973-06-25T00:32:26.000Z,255.12349,255.79649,0
1973-06-25T02:21:06.000Z,255.11348,255.78648,0
1973-06-25T02:50:03.000Z,255.08348,255.75648,0
1973-06-25T03:11:46.000Z,255.07347,255.74647,0
1973-06-25T05:15:03.000Z,255.08348,255.75648,0
1973-06-25T06:12:56.000Z,255.08348,255.75648,0
1973-06-25T07:10:50.000Z,255.11348,255.78648,0
1973-06-25T09:13:59.000Z,255.10347,255.77647,0
1973-06-25T10:04:47.000Z,255.11348,255.78648,0
1973-06-25T12:44:15.000Z,255.11348,255.78648,0
1973-06-25T12:51:29.000Z,255.07397,255.74597,0
1973-06-25T15:56:13.000Z,255.08398,255.75598,0
1973-06-25T16:54:06.000Z,255.07397,255.74597,0
1973-06-25T17:52:08.000Z,255.11398,255.78598,0
1973-06-25T19:48:03.000Z,255.07397,255.74597,0
1973-06-25T20:46:04.000Z,255.11398,255.78598,0
1973-06-25T21:43:58.000Z,255.07397,255.74597,0
1973-06-25T23:18:10.000Z,255.07397,255.74597,0
1973-06-26T00:16:04.000Z,255.10397,255.77597,0
1973-06-26T00:59:37.000Z,255.14398,255.81598,0
1973-06-26T02:55:24.000Z,255.10397,255.77597,0
1973-06-26T03:53:09.000Z,255.05398,255.72598,0
1973-06-26T04:29:12.000Z,255.07397,255.74597,0
1973-06-26T04:44:13.000Z,255.10397,255.77597,0
1973-06-26T05:42:06.000Z,255.10397,255.77597,0
1973-06-26T06:40:08.000Z,255.07397,255.74597,0
1973-06-26T07:38:01.000Z,255.05398,255.72598,0
1973-06-26T08:36:03.000Z,255.07397,255.74597,0
1973-06-26T09:41:19.000Z,255.10397,255.77597,0
1973-06-26T10:39:12.000Z,255.07397,255.74597,0
1973-06-26T11:37:14.000Z,255.10397,255.77597,0
1973-06-26T12:35:07.000Z,255.10397,255.77597,0
1973-06-26T13:33:09.000Z,255.10397,255.77597,0
1973-06-26T14:31:02.000Z,255.10397,255.77597,0
1973-06-26T15:36:18.000Z,255.10397,255.77597,0
1973-06-26T15:50:46.000Z,255.10397,255.77597,0
1973-06-26T16:48:39.000Z,255.13447,255.80547,0
1973-06-26T17:46:41.000Z,255.07447,255.74547,0
1973-06-26T18:44:34.000Z,255.10397,255.77597,0
1973-06-26T19:42:36.000Z,255.07447,255.74547,0
1973-06-26T20:40:29.000Z,255.04447,255.71547,0
1973-06-26T21:38:31.000Z,255.10447,255.77547,0
1973-06-26T22:36:33.000Z,255.07397,255.74597,0
1973-06-26T23:34:26.000Z,255.10447,255.77547,0
1973-06-27T00:32:28.000Z,255.07447,255.74547,0
1973-06-27T01:37:35.000Z,255.07447,255.74547,0
1973-06-27T02:35:37.000Z,255.10447,255.77547,0
1973-06-27T03:33:30.000Z,255.07447,255.74547,0
1973-06-27T04:09:49.000Z,255.10447,255.77547,0
1973-06-27T05:07:43.000Z,255.07447,255.74547,0
1973-06-27T06:05:44.000Z,255.10447,255.77547,0
1973-06-27T07:03:38.000Z,255.07447,255.74547,0
1973-06-27T08:01:39.000Z,255.10447,255.77547,0
1973-06-27T08:59:33.000Z,255.10447,255.77547,0
1973-06-27T09:50:20.000Z,255.10447,255.77547,0
1973-06-27T10:48:14.000Z,255.10447,255.77547,0
1973-06-27T11:46:15.000Z,255.07447,255.74547,0
1973-06-27T12:44:09.000Z,255.10447,255.77547,0
1973-06-27T13:33:59.000Z,255.13447,255.80547,0
1973-06-27T14:17:24.000Z,255.10447,255.77547,0
1973-06-27T15:15:25.000Z,255.10447,255.77547,0
1973-06-27T16:13:19.000Z,255.10447,255.77547,0
1973-06-27T17:11:20.000Z,255.10447,255.77547,0
1973-06-27T18:09:14.000Z,255.07447,255.74547,0
1973-06-27T19:07:15.000Z,255.13447,255.80547,0
1973-06-27T20:05:17.000Z,255.13447,255.80547,0
1973-06-27T21:03:10.000Z,255.10497,255.77497,0
1973-06-27T22:01:12.000Z,255.07447,255.74547,0
1973-06-27T22:59:05.000Z,255.07497,255.74497,0
1973-06-27T23:57:07.000Z,255.07497,255.74497,0
1973-06-28T00:55:00.000Z,255.10447,255.77547,0
1973-06-28T01:53:02.000Z,255.13447,255.80547,0
1973-06-28T02:14:45.000Z,255.13447,255.80547,0
1973-06-28T03:12:38.000Z,255.13497,255.80497,0
1973-06-28T04:10:40.000Z,255.165,255.835,0
1973-06-28T05:08:33.000Z,255.10497,255.77497,0
1973-06-28T05:44:52.000Z,255.10497,255.77497,0
1973-06-28T06:42:45.000Z,255.09499,255.76499,0
1973-06-28T07:04:28.000Z,255.09499,255.76499,0
1973-06-28T07:40:47.000Z,255.10497,255.77497,0
1973-06-28T07:55:15.000Z,255.13497,255.80497,0
1973-06-28T08:53:09.000Z,255.10497,255.77497,0
1973-06-28T09:51:10.000Z,255.10497,255.77497,0
1973-06-28T10:49:04.000Z,255.10497,255.77497,0
1973-06-28T11:47:05.000Z,255.10497,255.77497,0
1973-06-28T12:45:07.000Z,255.13497,255.80497,0
1973-06-28T13:43:00.000Z,255.10497,255.77497,0
1973-06-28T14:41:02.000Z,255.10497,255.77497,0
1973-06-28T15:38:55.000Z,255.06499,255.73499,0
1973-06-28T16:36:57.000Z,255.10497,255.77497,0
1973-06-28T17:34:50.000Z,255.10497,255.77497,0
1973-06-28T18:32:52.000Z,255.10497,255.77497,0
1973-06-28T19:30:45.000Z,255.13497,255.80497,0
1973-06-28T20:28:47.000Z,255.10497,255.77497,0
1973-06-28T21:26:40.000Z,255.10497,255.77497,0
1973-06-28T22:24:42.000Z,255.10497,255.77497,0
1973-06-28T23:22:35.000Z,255.10497,255.77497,0
1973-06-29T00:20:37.000Z,255.10497,255.77497,0
1973-06-29T01:18:30.000Z,255.10497,255.77497,0
1973-06-29T02:16:32.000Z,255.10497,255.77497,0
1973-06-29T03:14:25.000Z,255.06549,255.73449,0
1973-06-29T04:12:27.000Z,255.06499,255.73499,0
1973-06-29T05:10:20.000Z,255.10497,255.77497,0
1973-06-29T06:08:22.000Z,255.10547,255.77447,0
1973-06-29T07:06:15.000Z,255.10497,255.77497,0
1973-06-29T08:04:17.000Z,255.06549,255.73449,0
1973-06-29T09:02:19.000Z,255.13547,255.80447,0
1973-06-29T09:38:30.000Z,255.10497,255.77497,0
1973-06-29T10:36:23.000Z,255.10547,255.77447,0
1973-06-29T11:34:25.000Z,255.10497,255.77497,0
1973-06-29T12:32:18.000Z,255.10497,255.77497,0
1973-06-29T13:30:20.000Z,255.10497,255.77497,0
1973-06-29T14:40:55.000Z,255.10547,255.77447,0
1973-06-29T15:38:56.000Z,255.10547,255.77447,0
1973-06-29T16:36:50.000Z,255.10547,255.77447,0
1973-06-29T17:34:51.000Z,255.10547,255.77447,0
1973-06-29T18:32:45.000Z,255.10547,255.77447,0
1973-06-29T19:30:46.000Z,255.10547,255.77447,0
1973-06-29T20:06:57.000Z,255.06549,255.73449,0
1973-06-29T21:04:59.000Z,255.10547,255.77447,0
1973-06-29T22:02:52.000Z,255.10547,255.77447,0
1973-06-29T23:00:54.000Z,255.13547,255.80447,0
1973-06-29T23:58:47.000Z,255.09549,255.76449,0
1973-06-30T00:27:52.000Z,255.10547,255.77447,0
1973-06-30T01:25:46.000Z,255.13547,255.80447,0
1973-06-30T02:23:47.000Z,255.10547,255.77447,0
1973-06-30T02:59:58.000Z,255.10547,255.77447,0
1973-06-30T03:58:00.000Z,255.10547,255.77447,0
1973-06-30T04:26:56.000Z,255.13547,255.80447,0
1973-06-30T05:24:50.000Z,255.10547,255.77447,0
1973-06-30T06:22:51.000Z,255.10547,255.77447,0
1973-06-30T07:06:16.000Z,255.13547,255.80447,0
1973-06-30T08:04:18.000Z,255.06549,255.73449,0
1973-06-30T12:39:33.000Z,255.02599,255.69399,0
1973-06-30T13:08:30.000Z,255.06599,255.73399,0
1973-06-30T13:44:49.000Z,255.06599,255.73399,0
1973-06-30T14:42:42.000Z,255.13547,255.80447,0
1973-06-30T15:11:47.000Z,255.09599,255.76399,0
1973-06-30T16:09:41.000Z,255.06599,255.73399,0
1973-06-30T17:07:42.000Z,255.1655,255.8345,0
1973-06-30T18:05:36.000Z,255.13547,255.80447,0
1973-06-30T19:03:37.000Z,255.13597,255.80397,0
1973-06-30T20:01:31.000Z,255.10597,255.77397,0
1973-06-30T20:59:32.000Z,255.09599,255.76399,0
1973-06-30T21:57:26.000Z,255.09599,255.76399,0
1973-06-30T22:55:27.000Z,255.12599,255.79399,0
1973-06-30T23:53:21.000Z,255.12599,255.79399,0
1973-07-01T00:07:49.000Z,255.09599,255.76399,0
1973-07-01T01:05:51.000Z,255.10597,255.77397,0
1973-07-01T02:03:44.000Z,255.09599,255.76399,0
1973-07-01T03:01:46.000Z,255.09599,255.76399,0
1973-07-01T03:37:57.000Z,255.13597,255.80397,0
1973-07-01T04:35:58.000Z,255.06649,255.73349,0
1973-07-01T05:33:52.000Z,255.09599,255.76399,0
1973-07-01T06:39:07.000Z,255.13597,255.80397,0
1973-07-01T07:00:50.000Z,255.10597,255.77397,0
1973-07-01T07:15:18.000Z,255.166,255.834,0
1973-07-01T08:13:20.000Z,255.06599,255.73399,0
1973-07-01T09:11:13.000Z,255.09599,255.76399,0
1973-07-01T10:09:15.000Z,255.166,255.834,0
1973-07-01T11:07:08.000Z,255.05598,255.72398,0
1973-07-01T12:05:10.000Z,255.13597,255.80397,0
1973-07-01T13:03:03.000Z,255.09599,255.76399,0
1973-07-01T14:01:05.000Z,255.05648,255.72348,0
1973-07-01T14:58:58.000Z,255.09599,255.76399,0
1973-07-01T15:57:00.000Z,255.12599,255.79399,0
1973-07-01T16:55:01.000Z,255.09649,255.76349,0
1973-07-01T17:52:55.000Z,255.06649,255.73349,0
1973-07-01T18:50:56.000Z,255.12599,255.79399,0
1973-07-01T19:27:07.000Z,255.166,255.834,0
1973-07-01T23:11:43.000Z,255.09649,255.76349,0
1973-07-02T00:09:37.000Z,255.08648,255.75348,0
1973-07-02T01:07:38.000Z,255.08648,255.75348,0
1973-07-02T02:05:32.000Z,255.12649,255.79349,0
1973-07-02T03:03:33.000Z,255.09649,255.76349,0
1973-07-02T04:01:35.000Z,255.12649,255.79349,0
1973-07-02T04:59:28.000Z,255.12649,255.79349,0
1973-07-02T05:57:30.000Z,255.05648,255.72348,0
1973-07-02T06:55:23.000Z,255.12649,255.79349,0
1973-07-02T07:53:25.000Z,255.09649,255.76349,0
1973-07-02T08:51:18.000Z,255.09649,255.76349,0
1973-07-02T09:27:29.000Z,255.12649,255.79349,0
1973-07-02T10:25:31.000Z,255.08648,255.75348,0
1973-07-02T11:23:32.000Z,255.09649,255.76349,0
1973-07-02T12:21:26.000Z,255.08648,255.75348,0
1973-07-02T13:19:27.000Z,255.12649,255.79349,0
1973-07-02T14:17:21.000Z,255.12649,255.79349,0
1973-07-02T15:15:22.000Z,255.08648,255.75348,0
1973-07-02T16:13:16.000Z,255.12649,255.79349,0
1973-07-02T17:11:17.000Z,255.12649,255.79349,0
1973-07-02T18:09:11.000Z,255.12699,255.79299,0
1973-07-02T19:07:12.000Z,255.08698,255.75298,0
1973-07-02T20:05:06.000Z,255.1665,255.8335,0
1973-07-02T21:03:07.000Z,255.12699,255.79299,0
1973-07-02T22:22:43.000Z,255.12699,255.79299,0
1973-07-02T23:20:45.000Z,255.12699,255.79299,0
1973-07-02T23:42:27.000Z,255.08698,255.75298,0
1973-07-02T23:56:56.000Z,255.12699,255.79299,0
1973-07-03T00:04:10.000Z,255.08698,255.75298,0
1973-07-03T00:58:30.000Z,255.05698,255.72298,0
1973-07-03T01:20:21.000Z,255.08698,255.75298,0
1973-07-03T01:56:32.000Z,255.08698,255.75298,0
1973-07-03T02:11:00.000Z,255.08698,255.75298,0
1973-07-03T03:09:02.000Z,255.08698,255.75298,0
1973-07-03T04:06:55.000Z,255.12699,255.79299,0
1973-07-03T05:04:57.000Z,255.12699,255.79299,0
1973-07-03T05:33:54.000Z,255.12699,255.79299,0
1973-07-03T06:31:47.000Z,255.12699,255.79299,0
1973-07-03T07:29:49.000Z,255.08698,255.75298,0
1973-07-03T08:27:42.000Z,255.167,255.833,0
1973-07-03T09:25:35.000Z,255.12699,255.79299,0
1973-07-03T10:23:21.000Z,255.08698,255.75298,0
1973-07-03T11:20:58.000Z,255.08698,255.75298,0
1973-07-03T11:49:46.000Z,255.08698,255.75298,0
1973-07-03T11:57:49.000Z,255.08698,255.75298,0
1973-07-03T12:41:23.000Z,255.12699,255.79299,0
1973-07-03T13:39:16.000Z,255.08698,255.75298,0
1973-07-03T14:37:18.000Z,255.12699,255.79299,0
1973-07-03T15:35:11.000Z,255.08698,255.75298,0
1973-07-03T16:33:13.000Z,255.08698,255.75298,0
1973-07-03T17:31:06.000Z,255.08748,255.75248,0
1973-07-03T18:29:08.000Z,255.08698,255.75298,0
1973-07-03T19:27:01.000Z,255.08698,255.75298,0
1973-07-03T20:25:03.000Z,255.08698,255.75298,0
1973-07-03T21:22:56.000Z,255.08698,255.75298,0
1973-07-03T22:20:58.000Z,255.08698,255.75298,0
1973-07-03T23:18:51.000Z,255.08698,255.75298,0
1973-07-03T23:40:42.000Z,255.08748,255.75248,0
1973-07-04T00:38:35.000Z,255.08698,255.75298,0
1973-07-04T01:36:37.000Z,255.11748,255.78248,0
1973-07-04T02:34:30.000Z,255.08698,255.75298,0
1973-07-04T02:56:13.000Z,255.11748,255.78248,0
1973-07-04T03:54:14.000Z,255.12699,255.79299,0
1973-07-04T04:52:08.000Z,255.12749,255.79249,0
1973-07-04T05:50:09.000Z,255.08748,255.75248,0
1973-07-04T06:11:52.000Z,255.08748,255.75248,0
1973-07-04T07:17:08.000Z,255.12749,255.79249,0
1973-07-04T08:15:01.000Z,255.08748,255.75248,0
1973-07-04T09:13:03.000Z,255.08698,255.75298,0
1973-07-04T10:10:56.000Z,255.08748,255.75248,0
1973-07-04T11:08:58.000Z,255.08748,255.75248,0
1973-07-04T12:06:51.000Z,255.08748,255.75248,0
1973-07-04T13:04:53.000Z,255.08748,255.75248,0
1973-07-04T14:02:46.000Z,255.08748,255.75248,0
1973-07-04T15:00:48.000Z,255.08748,255.75248,0
1973-07-04T15:58:41.000Z,255.12749,255.79249,0
1973-07-04T16:56:43.000Z,255.08748,255.75248,0
1973-07-04T17:54:44.000Z,255.12749,255.79249,0
1973-07-04T18:52:38.000Z,255.11748,255.78248,0
1973-07-04T19:50:39.000Z,255.08748,255.75248,0
1973-07-04T20:48:33.000Z,255.08748,255.75248,0
1973-07-04T21:03:01.000Z,255.08748,255.75248,0
1973-07-04T22:01:03.000Z,255.12749,255.79249,0
1973-07-04T22:58:56.000Z,255.08798,255.75198,0
1973-07-04T23:28:01.000Z,255.08748,255.75248,0
1973-07-05T00:25:54.000Z,255.08748,255.75248,0
1973-07-05T01:23:56.000Z,255.11748,255.78248,0
1973-07-05T02:21:49.000Z,255.08748,255.75248,0
1973-07-05T03:19:51.000Z,255.08748,255.75248,0
1973-07-05T04:17:44.000Z,255.07797,255.74197,0
1973-07-05T05:15:46.000Z,255.08748,255.75248,0
1973-07-05T05:30:14.000Z,255.11748,255.78248,0
1973-07-05T06:28:08.000Z,255.11798,255.78198,0
1973-07-05T06:49:59.000Z,255.08748,255.75248,0
1973-07-05T07:47:52.000Z,255.11748,255.78248,0
1973-07-05T08:45:54.000Z,255.09749,255.76249,0
1973-07-05T09:43:47.000Z,255.11748,255.78248,0
1973-07-05T10:41:49.000Z,255.09799,255.76199,0
1973-07-05T11:39:42.000Z,255.14748,255.81248,0
1973-07-05T12:37:44.000Z,255.09799,255.76199,0
1973-07-05T12:44:58.000Z,255.09799,255.76199,0
1973-07-05T12:52:12.000Z,255.09799,255.76199,0
1973-07-05T13:06:40.000Z,255.06799,255.73199,0
1973-07-05T13:35:37.000Z,255.11798,255.78198,0
1973-07-05T14:26:24.000Z,255.08798,255.75198,0
1973-07-05T15:02:35.000Z,255.08798,255.75198,0
1973-07-05T15:09:49.000Z,255.09799,255.76199,0
1973-07-05T15:53:15.000Z,255.06799,255.73199,0
1973-07-05T16:15:05.000Z,255.09799,255.76199,0
1973-07-05T17:28:24.000Z,255.06799,255.73199,0
1973-07-05T18:11:49.000Z,255.10797,255.77197,0
1973-07-05T18:48:08.000Z,255.10797,255.77197,0
1973-07-05T19:46:02.000Z,255.09799,255.76199,0
1973-07-05T20:07:44.000Z,255.07797,255.74197,0
1973-07-05T21:13:00.000Z,255.06799,255.73199,0
1973-07-05T21:20:14.000Z,255.07797,255.74197,0
1973-07-05T21:41:57.000Z,255.07797,255.74197,0
1973-07-05T22:03:39.000Z,255.07797,255.74197,0
1973-07-05T23:08:55.000Z,255.11798,255.78198,0
1973-07-05T23:52:20.000Z,255.038,255.702,0
1973-07-06T00:50:22.000Z,255.08848,255.75148,0
1973-07-06T01:48:15.000Z,255.11798,255.78198,0
1973-07-06T02:46:17.000Z,255.11798,255.78198,0
1973-07-06T03:44:18.000Z,255.11798,255.78198,0
1973-07-06T04:42:12.000Z,255.08798,255.75198,0
1973-07-06T05:40:13.000Z,255.05848,255.72148,0
1973-07-06T06:38:07.000Z,255.12799,255.79199,0
1973-07-06T06:52:35.000Z,255.08798,255.75198,0
1973-07-06T07:50:37.000Z,255.09799,255.76199,0
1973-07-06T08:19:34.000Z,255.09849,255.76149,0
1973-07-06T09:17:35.000Z,255.08798,255.75198,0
1973-07-06T10:15:29.000Z,255.05848,255.72148,0
1973-07-06T11:13:30.000Z,255.12849,255.79149,0
1973-07-06T12:11:24.000Z,255.05848,255.72148,0
1973-07-06T13:41:06.000Z,255.12849,255.79149,0
1973-07-06T14:38:59.000Z,255.09849,255.76149,0
1973-07-06T15:37:01.000Z,255.09849,255.76149,0
1973-07-06T16:34:54.000Z,255.09849,255.76149,0
1973-07-06T17:32:56.000Z,255.09849,255.76149,0
1973-07-06T18:30:49.000Z,255.09849,255.76149,0
1973-07-06T18:45:26.000Z,255.09849,255.76149,0
1973-07-06T19:43:19.000Z,255.09849,255.76149,0
1973-07-06T20:34:07.000Z,255.09849,255.76149,0
1973-07-06T21:10:17.000Z,255.09849,255.76149,0
1973-07-06T21:17:32.000Z,255.09849,255.76149,0
1973-07-06T21:53:42.000Z,255.09849,255.76149,0
1973-07-06T22:22:47.000Z,255.12849,255.79149,0
1973-07-06T22:44:30.000Z,255.09849,255.76149,0
1973-07-06T23:42:23.000Z,255.06849,255.73149,0
1973-07-07T00:04:06.000Z,255.12849,255.79149,0
1973-07-07T00:18:42.000Z,255.09849,255.76149,0
1973-07-07T00:40:25.000Z,255.12849,255.79149,0
1973-07-07T00:54:53.000Z,255.06849,255.73149,0
1973-07-07T02:00:09.000Z,255.12849,255.79149,0
1973-07-07T02:21:52.000Z,255.12849,255.79149,0
1973-07-07T02:43:34.000Z,255.12849,255.79149,0
1973-07-07T03:41:27.000Z,255.05898,255.72098,0
1973-07-07T04:39:29.000Z,255.09899,255.76099,0
1973-07-07T05:37:22.000Z,255.12899,255.79099,0
1973-07-07T06:35:24.000Z,255.09849,255.76149,0
1973-07-07T07:33:26.000Z,255.09849,255.76149,0
1973-07-07T08:31:19.000Z,255.09849,255.76149,0
1973-07-07T09:29:21.000Z,255.09849,255.76149,0
1973-07-07T10:27:14.000Z,255.13897,255.80097,0
1973-07-07T11:25:16.000Z,255.13897,255.80097,0
1973-07-07T12:23:09.000Z,255.09899,255.76099,0
1973-07-07T13:21:11.000Z,255.09899,255.76099,0
1973-07-07T14:19:04.000Z,255.09899,255.76099,0
1973-07-07T15:17:06.000Z,255.13897,255.80097,0
1973-07-07T16:14:59.000Z,255.09899,255.76099,0
1973-07-07T17:13:01.000Z,255.09899,255.76099,0
1973-07-07T18:10:54.000Z,255.06899,255.73099,0
1973-07-07T19:08:56.000Z,255.06899,255.73099,0
1973-07-07T20:06:49.000Z,255.09899,255.76099,0
1973-07-07T21:04:51.000Z,255.12899,255.79099,0
1973-07-07T22:02:44.000Z,255.09899,255.76099,0
1973-07-07T22:31:49.000Z,255.05898,255.72098,0
1973-07-07T22:46:17.000Z,255.09899,255.76099,0
1973-07-07T23:08:00.000Z,255.09899,255.76099,0
1973-07-08T00:06:02.000Z,255.169,255.831,0
1973-07-08T01:03:55.000Z,255.06949,255.73049,0
1973-07-08T02:01:57.000Z,255.09949,255.76049,0
1973-07-08T02:59:50.000Z,255.13897,255.80097,0
1973-07-08T03:21:32.000Z,255.05898,255.72098,0
1973-07-08T04:19:34.000Z,255.09899,255.76099,0
1973-07-08T04:41:17.000Z,255.09949,255.76049,0
1973-07-08T05:39:18.000Z,255.09949,255.76049,0
1973-07-08T06:37:12.000Z,255.09949,255.76049,0
1973-07-08T07:35:13.000Z,255.09899,255.76099,0
1973-07-08T08:25:52.000Z,255.05948,255.72048,0
1973-07-08T09:23:54.000Z,255.09899,255.76099,0
1973-07-08T10:21:47.000Z,255.05948,255.72048,0
1973-07-08T11:19:49.000Z,255.09949,255.76049,0
1973-07-08T11:56:00.000Z,255.12949,255.79049,0
1973-07-08T12:46:39.000Z,255.13947,255.80047,0
1973-07-08T13:44:41.000Z,255.09949,255.76049,0
1973-07-08T14:42:42.000Z,255.1695,255.8305,0
1973-07-08T15:40:36.000Z,255.12949,255.79049,0
1973-07-08T16:38:37.000Z,255.12949,255.79049,0
1973-07-08T17:36:31.000Z,255.12949,255.79049,0
1973-07-08T18:34:32.000Z,255.12949,255.79049,0
1973-07-08T19:32:26.000Z,255.09949,255.76049,0
1973-07-08T20:30:27.000Z,255.12949,255.79049,0
1973-07-08T21:28:21.000Z,255.12949,255.79049,0
1973-07-08T22:26:22.000Z,255.09949,255.76049,0
1973-07-08T23:24:16.000Z,255.12949,255.79049,0
1973-07-08T23:38:44.000Z,255.09949,255.76049,0
1973-07-08T23:53:21.000Z,255.12999,255.78999,0
1973-07-09T00:51:14.000Z,255.09949,255.76049,0
1973-07-09T01:42:02.000Z,255.09949,255.76049,0
1973-07-09T02:39:55.000Z,255.1695,255.8305,0
1973-07-09T03:37:57.000Z,255.1695,255.8305,0
1973-07-09T04:35:50.000Z,255.09999,255.75999,0
1973-07-09T05:33:52.000Z,255.13947,255.80047,0
1973-07-09T06:17:17.000Z,255.12949,255.79049,0
1973-07-09T07:15:18.000Z,255.13947,255.80047,0
1973-07-09T08:13:12.000Z,255.17,255.83,0
1973-07-09T09:11:13.000Z,255.09999,255.75999,0
1973-07-09T10:09:07.000Z,255.09999,255.75999,0
1973-07-09T11:07:08.000Z,255.12999,255.78999,0
1973-07-09T12:05:02.000Z,255.09999,255.75999,0
1973-07-09T13:03:03.000Z,255.12999,255.78999,0
1973-07-09T14:30:02.000Z,255.12999,255.78999,0
1973-07-09T15:27:55.000Z,255.12949,255.79049,0
1973-07-09T16:25:57.000Z,255.09949,255.76049,0
1973-07-09T17:23:50.000Z,255.13997,255.79997,0
1973-07-09T18:21:52.000Z,255.13997,255.79997,0
1973-07-09T19:19:45.000Z,255.13997,255.79997,0
1973-07-09T19:41:27.000Z,255.17,255.83,0
1973-07-09T20:39:29.000Z,255.17,255.83,0
1973-07-09T21:37:22.000Z,255.12999,255.78999,0
1973-07-09T22:35:24.000Z,255.12999,255.78999,0
1973-07-09T23:33:26.000Z,255.08998,255.74998,0
1973-07-10T00:31:19.000Z,255.12999,255.78999,0
1973-07-10T01:29:21.000Z,255.12999,255.78999,0
1973-07-10T01:58:17.000Z,255.12999,255.78999,0
1973-07-10T02:56:11.000Z,255.12999,255.78999,0
1973-07-10T03:54:12.000Z,255.12999,255.78999,0
1973-07-10T04:52:14.000Z,255.12999,255.78999,0
1973-07-10T05:50:07.000Z,255.13049,255.78949,0
1973-07-10T06:11:50.000Z,255.13049,255.78949,0
1973-07-10T07:09:52.000Z,255.12999,255.78999,0
1973-07-10T08:07:45.000Z,255.17,255.83,0
1973-07-10T09:05:47.000Z,255.13997,255.79997,0
1973-07-10T10:03:40.000Z,255.1705,255.8295,0
1973-07-10T11:01:42.000Z,255.10049,255.75949,0
1973-07-10T11:59:35.000Z,255.13049,255.78949,0
1973-07-10T12:57:37.000Z,255.13049,255.78949,0
1973-07-10T13:55:38.000Z,255.1705,255.8295,0
1973-07-10T14:53:32.000Z,255.14047,255.79947,0
1973-07-10T15:51:33.000Z,255.10049,255.75949,0
1973-07-10T16:49:27.000Z,255.13049,255.78949,0
1973-07-10T17:47:28.000Z,255.13049,255.78949,0
1973-07-10T18:45:22.000Z,255.14047,255.79947,0
1973-07-10T19:43:23.000Z,255.13099,255.78899,0
1973-07-10T20:41:17.000Z,255.10099,255.75899,0
1973-07-10T21:39:18.000Z,255.10049,255.75949,0
1973-07-10T22:37:12.000Z,255.10099,255.75899,0
1973-07-10T23:35:13.000Z,255.13049,255.78949,0
1973-07-11T00:33:07.000Z,255.13099,255.78899,0
1973-07-11T01:31:08.000Z,255.14047,255.79947,0
1973-07-11T02:29:02.000Z,255.14097,255.79897,0
1973-07-11T03:27:03.000Z,255.10099,255.75899,0
1973-07-11T04:25:05.000Z,255.17,255.83,0
1973-07-11T05:15:44.000Z,255.171,255.829,0
1973-07-11T05:44:41.000Z,255.1705,255.8295,0
1973-07-11T05:51:55.000Z,255.13099,255.78899,0
1973-07-11T06:58:08.000Z,255.09098,255.74898,0
1973-07-11T07:34:19.000Z,255.171,255.829,0
1973-07-11T08:32:12.000Z,255.171,255.829,0
1973-07-11T09:30:14.000Z,255.13099,255.78899,0
1973-07-11T10:28:16.000Z,255.13099,255.78899,0
1973-07-11T11:26:09.000Z,255.13149,255.78849,0
1973-07-11T12:24:11.000Z,255.13099,255.78899,0
1973-07-11T13:22:04.000Z,255.13099,255.78899,0
1973-07-11T14:20:06.000Z,255.13099,255.78899,0
1973-07-11T15:17:59.000Z,255.13099,255.78899,0
1973-07-11T16:16:01.000Z,255.13099,255.78899,0
1973-07-11T17:13:54.000Z,255.13099,255.78899,0
1973-07-11T18:11:56.000Z,255.13099,255.78899,0
1973-07-11T19:09:49.000Z,255.201,255.859,0
1973-07-11T20:07:51.000Z,255.13099,255.78899,0
1973-07-11T21:05:44.000Z,255.13099,255.78899,0
1973-07-11T22:03:46.000Z,255.13099,255.78899,0
1973-07-11T22:54:25.000Z,255.13099,255.78899,0
1973-07-11T23:37:58.000Z,255.10099,255.75899,0
1973-07-12T00:35:51.000Z,255.13099,255.78899,0
1973-07-12T01:33:53.000Z,255.10099,255.75899,0
1973-07-12T02:53:37.000Z,255.13099,255.78899,0
1973-07-12T03:51:31.000Z,255.171,255.829,0
1973-07-12T04:49:32.000Z,255.1715,255.8285,0
1973-07-12T05:47:26.000Z,255.13199,255.78799,0
1973-07-12T06:45:27.000Z,255.13149,255.78849,0
1973-07-12T07:43:21.000Z,255.13149,255.78849,0
1973-07-12T08:41:22.000Z,255.16099,255.81899,0
1973-07-12T09:39:16.000Z,255.171,255.829,0
1973-07-12T10:37:17.000Z,255.13149,255.78849,0
1973-07-12T11:35:11.000Z,255.13099,255.78899,0
1973-07-12T12:33:12.000Z,255.10099,255.75899,0
1973-07-12T13:31:14.000Z,255.13149,255.78849,0
1973-07-12T14:29:07.000Z,255.13149,255.78849,0
1973-07-12T15:27:09.000Z,255.16149,255.81849,0
1973-07-12T16:25:02.000Z,255.171,255.829,0
1973-07-12T17:01:13.000Z,255.171,255.829,0
1973-07-12T17:59:15.000Z,255.16099,255.81899,0
1973-07-12T18:57:16.000Z,255.1715,255.8285,0
1973-07-12T19:55:10.000Z,255.09148,255.74848,0
1973-07-12T20:53:11.000Z,255.13149,255.78849,0
1973-07-12T21:51:05.000Z,255.1715,255.8285,0
1973-07-12T22:49:06.000Z,255.10149,255.75849,0
1973-07-12T23:47:00.000Z,255.1715,255.8285,0
1973-07-13T00:59:30.000Z,255.13149,255.78849,0
1973-07-13T01:57:23.000Z,255.1715,255.8285,0
1973-07-13T02:55:25.000Z,255.1715,255.8285,0
1973-07-13T03:53:26.000Z,255.1715,255.8285,0
1973-07-13T04:51:20.000Z,255.1715,255.8285,0
1973-07-13T05:49:21.000Z,255.09198,255.74798,0
1973-07-13T06:47:15.000Z,255.1715,255.8285,0
1973-07-13T07:45:16.000Z,255.1715,255.8285,0
1973-07-13T08:43:10.000Z,255.13199,255.78799,0
1973-07-13T09:41:11.000Z,255.13149,255.78849,0
1973-07-13T10:39:05.000Z,255.1715,255.8285,0
1973-07-13T11:37:06.000Z,255.1715,255.8285,0
1973-07-13T12:35:00.000Z,255.1715,255.8285,0
1973-07-13T13:33:01.000Z,255.13199,255.78799,0
1973-07-13T14:01:58.000Z,255.2015,255.8585,0
1973-07-13T15:00:00.000Z,255.172,255.828,0
1973-07-13T16:16:03.000Z,255.1715,255.8285,0
1973-07-14T13:02:11.000Z,255.13199,255.78799,0
1973-07-14T14:00:13.000Z,255.13249,255.78749,0
1973-07-15T12:49:38.000Z,255.173,255.827,0
1973-07-15T12:56:53.000Z,255.173,255.827,0
1973-07-15T13:54:46.000Z,255.14297,255.79697,0
1973-07-16T12:51:26.000Z,255.10299,255.75699,0
1973-07-16T13:49:19.000Z,255.10349,255.75649,0
1973-07-16T14:47:21.000Z,255.13299,255.78699,0
1973-07-16T14:54:35.000Z,255.10349,255.75649,0
1973-07-17T12:53:13.000Z,255.14347,255.79647,0
1973-07-17T13:36:38.000Z,255.10349,255.75649,0
1973-07-17T14:34:40.000Z,255.10349,255.75649,0
1973-07-17T15:54:24.000Z,255.13349,255.78649,0
1973-07-17T16:16:07.000Z,255.13349,255.78649,0
1973-07-17T16:52:18.000Z,255.13349,255.78649,0
1973-07-17T17:14:00.000Z,255.13349,255.78649,0
1973-07-17T18:12:02.000Z,255.13349,255.78649,0
1973-07-17T19:09:55.000Z,255.10349,255.75649,0
1973-07-17T20:07:57.000Z,255.13399,255.78599,0
1973-07-17T21:05:58.000Z,255.13349,255.78649,0
1973-07-17T22:03:52.000Z,255.1735,255.8265,0
1973-07-17T23:01:53.000Z,255.1735,255.8265,0
1973-07-17T23:59:47.000Z,255.09348,255.74648,0
1973-07-18T00:57:48.000Z,255.13399,255.78599,0
1973-07-18T01:55:42.000Z,255.09398,255.74598,0
1973-07-18T02:53:43.000Z,255.10349,255.75649,0
1973-07-18T03:51:37.000Z,255.10399,255.75599,0
1973-07-18T04:49:38.000Z,255.13399,255.78599,0
1973-07-18T05:47:32.000Z,255.06398,255.71598,0
1973-07-18T06:45:33.000Z,255.13399,255.78599,0
1973-07-18T07:43:27.000Z,255.06398,255.71598,0
1973-07-18T08:41:28.000Z,255.09398,255.74598,0
1973-07-18T09:39:22.000Z,255.10399,255.75599,0
1973-07-18T10:37:23.000Z,255.06398,255.71598,0
1973-07-18T11:35:17.000Z,255.09398,255.74598,0
1973-07-18T12:33:18.000Z,255.13399,255.78599,0
1973-07-18T13:40:21.000Z,255.09398,255.74598,0
1973-07-18T14:38:14.000Z,255.10399,255.75599,0
1973-07-18T15:36:16.000Z,255.09398,255.74598,0
1973-07-18T16:34:09.000Z,255.13399,255.78599,0
1973-07-18T17:32:11.000Z,255.09448,255.74548,0
1973-07-18T18:30:04.000Z,255.13399,255.78599,0
1973-07-18T19:28:06.000Z,255.13399,255.78599,0
1973-07-18T20:25:59.000Z,255.09398,255.74598,0
1973-07-18T20:55:04.000Z,255.16399,255.81599,0
1973-07-18T21:31:15.000Z,255.09448,255.74548,0
1973-07-18T21:52:57.000Z,255.09398,255.74598,0
1973-07-18T22:50:59.000Z,255.09448,255.74548,0
1973-07-18T23:48:52.000Z,255.12448,255.77548,0
1973-07-19T00:46:54.000Z,255.09448,255.74548,0
1973-07-19T01:44:47.000Z,255.16449,255.81549,0
1973-07-19T02:42:49.000Z,255.12448,255.77548,0
1973-07-19T03:40:42.000Z,255.08447,255.73547,0
1973-07-19T04:02:33.000Z,255.12448,255.77548,0
1973-07-19T05:00:27.000Z,255.11447,255.76547,0
1973-07-19T05:58:28.000Z,255.11447,255.76547,0
1973-07-19T06:56:22.000Z,255.11447,255.76547,0
1973-07-19T07:54:23.000Z,255.08447,255.73547,0
1973-07-19T08:52:17.000Z,255.11447,255.76547,0
1973-07-19T09:50:18.000Z,255.14447,255.79547,0
1973-07-19T10:48:12.000Z,255.10449,255.75549,0
1973-07-19T11:46:13.000Z,255.10449,255.75549,0
1973-07-19T12:44:07.000Z,255.07449,255.72549,0
1973-07-19T13:42:08.000Z,255.07449,255.72549,0
1973-07-19T14:40:02.000Z,255.10449,255.75549,0
1973-07-19T15:38:03.000Z,255.13449,255.78549,0
1973-07-19T16:28:42.000Z,255.13449,255.78549,0
1973-07-19T17:26:44.000Z,255.11447,255.76547,0
1973-07-19T18:24:37.000Z,255.14447,255.79547,0
1973-07-19T19:22:39.000Z,255.11447,255.76547,0
1973-07-19T20:20:32.000Z,255.08447,255.73547,0
1973-07-19T21:18:34.000Z,255.06448,255.71548,0
1973-07-19T22:23:50.000Z,255.12448,255.77548,0
1973-07-19T22:31:04.000Z,255.12448,255.77548,0
1973-07-19T23:36:12.000Z,255.11497,255.76497,0
1973-07-19T23:50:40.000Z,255.11497,255.76497,0
1973-07-20T00:05:16.000Z,255.11497,255.76497,0
1973-07-20T01:03:10.000Z,255.13449,255.78549,0
1973-07-20T02:01:11.000Z,255.08497,255.73497,0
1973-07-20T02:59:05.000Z,255.11447,255.76547,0
1973-07-20T03:57:06.000Z,255.10449,255.75549,0
1973-07-20T04:55:00.000Z,255.13499,255.78499,0
1973-07-20T05:53:01.000Z,255.13499,255.78499,0
1973-07-20T06:50:55.000Z,255.13499,255.78499,0
1973-07-20T07:48:56.000Z,255.13499,255.78499,0
1973-07-20T08:46:50.000Z,255.16499,255.81499,0
1973-07-20T09:44:52.000Z,255.09498,255.74498,0
1973-07-20T10:42:45.000Z,255.11497,255.76497,0
1973-07-20T11:40:47.000Z,255.11497,255.76497,0
1973-07-20T12:38:40.000Z,255.11497,255.76497,0
1973-07-20T13:37:39.000Z,255.11497,255.76497,0
1973-07-20T14:21:04.000Z,255.11497,255.76497,0
1973-07-20T14:28:18.000Z,255.11497,255.76497,0
1973-07-20T15:26:20.000Z,255.11497,255.76497,0
1973-07-20T16:24:13.000Z,255.07499,255.72499,0
1973-07-20T17:22:15.000Z,255.11497,255.76497,0
1973-07-20T18:20:08.000Z,255.07499,255.72499,0
1973-07-20T19:18:10.000Z,255.07499,255.72499,0
1973-07-20T20:16:03.000Z,255.07499,255.72499,0
1973-07-20T21:14:05.000Z,255.14497,255.79497,0
1973-07-20T22:11:58.000Z,255.10499,255.75499,0
1973-07-20T23:10:00.000Z,255.09498,255.74498,0
1973-07-21T00:07:53.000Z,255.09498,255.74498,0
1973-07-21T01:05:55.000Z,255.09498,255.74498,0
1973-07-21T02:03:48.000Z,255.13499,255.78499,0
1973-07-21T03:01:50.000Z,255.09498,255.74498,0
1973-07-21T03:59:43.000Z,255.09548,255.74448,0
1973-07-21T04:57:45.000Z,255.09498,255.74498,0
1973-07-21T05:55:38.000Z,255.09548,255.74448,0
1973-07-21T06:53:40.000Z,255.06548,255.71448,0
1973-07-21T07:51:33.000Z,255.12548,255.77448,0
1973-07-21T08:49:35.000Z,255.12548,255.77448,0
1973-07-21T09:47:28.000Z,255.09498,255.74498,0
1973-07-21T10:45:30.000Z,255.12548,255.77448,0
1973-07-21T11:43:31.000Z,255.12498,255.77498,0
1973-07-21T12:41:25.000Z,255.06548,255.71448,0
1973-07-21T13:10:21.000Z,255.09498,255.74498,0
1973-07-21T14:08:23.000Z,255.15548,255.80448,0
1973-07-21T15:06:16.000Z,255.12548,255.77448,0
1973-07-21T16:04:18.000Z,255.08547,255.73447,0
1973-07-21T16:40:29.000Z,255.15548,255.80448,0
1973-07-21T17:38:31.000Z,255.12548,255.77448,0
1973-07-21T18:36:24.000Z,255.08547,255.73447,0
1973-07-21T19:34:26.000Z,255.12548,255.77448,0
1973-07-21T20:32:19.000Z,255.12548,255.77448,0
1973-07-21T21:08:38.000Z,255.12548,255.77448,0
1973-07-21T22:06:31.000Z,255.08547,255.73447,0
1973-07-21T23:04:33.000Z,255.11547,255.76447,0
1973-07-22T00:02:26.000Z,255.08547,255.73447,0
1973-07-22T01:00:28.000Z,255.12548,255.77448,0
1973-07-22T01:58:21.000Z,255.08547,255.73447,0
1973-07-22T02:56:23.000Z,255.08547,255.73447,0
1973-07-22T03:54:16.000Z,255.08547,255.73447,0
1973-07-22T04:52:18.000Z,255.08547,255.73447,0
1973-07-22T05:50:12.000Z,255.11547,255.76447,0
1973-07-22T06:48:13.000Z,255.08597,255.73397,0
1973-07-22T07:46:07.000Z,255.11547,255.76447,0
1973-07-22T08:44:08.000Z,255.11597,255.76397,0
1973-07-22T09:42:02.000Z,255.15548,255.80448,0
1973-07-22T10:40:03.000Z,255.11547,255.76447,0
1973-07-22T11:37:57.000Z,255.11597,255.76397,0
1973-07-22T12:35:58.000Z,255.11547,255.76447,0
1973-07-22T13:34:00.000Z,255.14547,255.79447,0
1973-07-22T14:31:53.000Z,255.14547,255.79447,0
1973-07-22T15:29:55.000Z,255.10549,255.75449,0
1973-07-22T16:27:48.000Z,255.14547,255.79447,0
1973-07-22T17:25:50.000Z,255.14547,255.79447,0
1973-07-22T18:23:43.000Z,255.14597,255.79397,0
1973-07-22T19:21:45.000Z,255.14597,255.79397,0
1973-07-22T20:19:38.000Z,255.11597,255.76397,0
1973-07-22T21:32:08.000Z,255.14547,255.79447,0
1973-07-22T21:46:36.000Z,255.14597,255.79397,0
1973-07-22T22:44:38.000Z,255.14597,255.79397,0
1973-07-22T23:42:31.000Z,255.14547,255.79447,0
1973-07-23T00:40:33.000Z,255.14597,255.79397,0
1973-07-23T01:38:26.000Z,255.11597,255.76397,0
1973-07-23T02:36:28.000Z,255.10599,255.75399,0
1973-07-23T03:34:21.000Z,255.14597,255.79397,0
1973-07-23T04:32:23.000Z,255.10599,255.75399,0
1973-07-23T05:30:16.000Z,255.176,255.824,0
1973-07-23T06:28:18.000Z,255.09598,255.74398,0
1973-07-23T07:26:12.000Z,255.09598,255.74398,0
1973-07-23T08:24:13.000Z,255.13599,255.78399,0
1973-07-23T09:22:07.000Z,255.06648,255.71348,0
1973-07-23T10:20:08.000Z,255.06598,255.71398,0
1973-07-23T11:18:02.000Z,255.06598,255.71398,0
1973-07-23T17:31:10.000Z,255.09598,255.74398,0
1973-07-23T18:29:12.000Z,255.13649,255.78349,0
1973-07-23T19:27:05.000Z,255.09598,255.74398,0
1973-07-23T20:25:07.000Z,255.09648,255.74348,0
1973-07-23T21:23:00.000Z,255.09648,255.74348,0
1973-07-23T22:21:02.000Z,255.09648,255.74348,0
1973-07-23T23:18:55.000Z,255.13649,255.78349,0
1973-07-24T00:16:57.000Z,255.13649,255.78349,0
1973-07-24T00:53:08.000Z,255.12648,255.77348,0
1973-07-24T01:51:09.000Z,255.09648,255.74348,0
1973-07-24T02:56:17.000Z,255.12648,255.77348,0
1973-07-24T03:54:19.000Z,255.16649,255.81349,0
1973-07-24T04:52:12.000Z,255.09648,255.74348,0
1973-07-24T05:50:14.000Z,255.12648,255.77348,0
1973-07-24T06:48:07.000Z,255.16649,255.81349,0
1973-07-24T07:46:09.000Z,255.09698,255.74298,0
1973-07-24T08:44:02.000Z,255.12648,255.77348,0
1973-07-24T09:42:04.000Z,255.12698,255.77298,0
1973-07-24T10:39:57.000Z,255.12648,255.77348,0
1973-07-24T11:37:59.000Z,255.09698,255.74298,0
1973-07-24T12:36:00.000Z,255.12698,255.77298,0
1973-07-24T13:33:54.000Z,255.12648,255.77348,0
1973-07-24T14:31:55.000Z,255.12698,255.77298,0
1973-07-24T15:29:49.000Z,255.12698,255.77298,0
1973-07-24T16:27:50.000Z,255.12698,255.77298,0
1973-07-24T17:25:44.000Z,255.12698,255.77298,0
1973-07-24T18:23:45.000Z,255.12698,255.77298,0
1973-07-24T19:21:39.000Z,255.12698,255.77298,0
1973-07-24T20:19:40.000Z,255.12698,255.77298,0
1973-07-24T21:17:34.000Z,255.12698,255.77298,0
1973-07-24T22:15:35.000Z,255.08697,255.73297,0
1973-07-24T23:13:29.000Z,255.08697,255.73297,0
1973-07-25T00:11:30.000Z,255.12698,255.77298,0
1973-07-25T01:09:24.000Z,255.08697,255.73297,0
1973-07-25T02:07:25.000Z,255.08697,255.73297,0
1973-07-25T03:05:19.000Z,255.12698,255.77298,0
1973-07-25T04:03:20.000Z,255.12698,255.77298,0
1973-07-25T05:01:14.000Z,255.12698,255.77298,0
1973-07-25T05:59:15.000Z,255.08697,255.73297,0
1973-07-25T06:57:09.000Z,255.15698,255.80298,0
1973-07-25T07:55:10.000Z,255.11697,255.76297,0
1973-07-25T08:53:12.000Z,255.08697,255.73297,0
1973-07-25T09:51:05.000Z,255.11697,255.76297,0
1973-07-25T10:49:07.000Z,255.08697,255.73297,0
1973-07-25T11:47:00.000Z,255.08747,255.73247,0
1973-07-25T12:45:02.000Z,255.11747,255.76247,0
1973-07-25T13:42:55.000Z,255.08697,255.73297,0
1973-07-25T14:53:39.000Z,255.08697,255.73297,0
1973-07-25T15:08:07.000Z,255.12698,255.77298,0
1973-07-25T16:06:00.000Z,255.08747,255.73247,0
1973-07-25T17:04:02.000Z,255.15698,255.80298,0
1973-07-25T18:01:56.000Z,255.12748,255.77248,0
1973-07-25T18:59:57.000Z,255.08747,255.73247,0
1973-07-25T19:57:51.000Z,255.11747,255.76247,0
1973-07-25T20:55:52.000Z,255.08747,255.73247,0
1973-07-25T21:53:46.000Z,255.15748,255.80248,0
1973-07-25T22:51:47.000Z,255.08747,255.73247,0
1973-07-25T23:49:41.000Z,255.11747,255.76247,0
1973-07-26T00:47:42.000Z,255.11747,255.76247,0
1973-07-26T01:45:36.000Z,255.11747,255.76247,0
1973-07-26T02:43:37.000Z,255.08747,255.73247,0
1973-07-26T03:41:31.000Z,255.08747,255.73247,0
1973-07-26T04:39:32.000Z,255.11747,255.76247,0
1973-07-26T05:37:26.000Z,255.05747,255.70247,0
1973-07-26T06:42:41.000Z,255.15748,255.80248,0
1973-07-26T07:40:43.000Z,255.12748,255.77248,0
1973-07-26T08:38:36.000Z,255.11747,255.76247,0
1973-07-26T08:53:05.000Z,255.11747,255.76247,0
1973-07-26T09:51:06.000Z,255.08747,255.73247,0
1973-07-26T10:49:00.000Z,255.08747,255.73247,0
1973-07-26T11:47:01.000Z,255.11747,255.76247,0
1973-07-26T12:44:55.000Z,255.11747,255.76247,0
1973-07-26T13:42:56.000Z,255.14747,255.79247,0
1973-07-26T14:40:50.000Z,255.11747,255.76247,0
1973-07-26T15:38:51.000Z,255.11747,255.76247,0
1973-07-26T16:36:45.000Z,255.11747,255.76247,0
1973-07-26T17:34:46.000Z,255.11747,255.76247,0
1973-07-26T18:32:40.000Z,255.11747,255.76247,0
1973-07-26T19:30:41.000Z,255.11797,255.76197,0
1973-07-26T20:28:43.000Z,255.08797,255.73197,0
1973-07-26T21:26:36.000Z,255.08797,255.73197,0
1973-07-26T22:24:38.000Z,255.14797,255.79197,0
1973-07-26T23:22:31.000Z,255.14797,255.79197,0
1973-07-27T00:20:33.000Z,255.18748,255.83248,0
1973-07-27T01:18:26.000Z,255.08797,255.73197,0
1973-07-27T02:16:28.000Z,255.08797,255.73197,0
1973-07-27T03:14:21.000Z,255.11797,255.76197,0
1973-07-27T04:12:23.000Z,255.14747,255.79247,0
1973-07-27T05:10:16.000Z,255.11797,255.76197,0
1973-07-27T05:31:59.000Z,255.11797,255.76197,0
1973-07-27T06:30:00.000Z,255.14797,255.79197,0
1973-07-27T07:06:11.000Z,255.11797,255.76197,0
1973-07-27T07:56:59.000Z,255.11797,255.76197,0
1973-07-27T08:18:41.000Z,255.11797,255.76197,0
1973-07-27T08:47:38.000Z,255.14797,255.79197,0
1973-07-27T08:54:52.000Z,254.96798,255.61198,0
1973-07-27T09:38:25.000Z,255.11797,255.76197,0
1973-07-27T09:45:40.000Z,255.11797,255.76197,0
1973-07-27T10:00:08.000Z,255.08797,255.73197,0
1973-07-27T10:29:05.000Z,255.08797,255.73197,0
1973-07-27T11:19:52.000Z,255.14797,255.79197,0
1973-07-27T11:27:06.000Z,255.11797,255.76197,0
1973-07-27T11:34:20.000Z,255.11797,255.76197,0
1973-07-27T12:03:17.000Z,255.11797,255.76197,0
1973-07-27T12:10:31.000Z,255.11797,255.76197,0
1973-07-27T12:53:56.000Z,255.14797,255.79197,0
1973-07-27T13:15:47.000Z,255.11797,255.76197,0
1973-07-27T13:30:15.000Z,255.14797,255.79197,0
1973-07-27T14:06:26.000Z,255.11797,255.76197,0
1973-07-27T15:18:56.000Z,255.11797,255.76197,0
1973-07-27T16:44:57.000Z,255.07799,255.72199,0
1973-07-27T17:21:08.000Z,255.11797,255.76197,0
1973-07-27T18:19:10.000Z,255.08797,255.73197,0
1973-07-27T19:17:03.000Z,255.11797,255.76197,0
1973-07-27T20:07:51.000Z,255.11797,255.76197,0
1973-07-27T20:22:19.000Z,255.11797,255.76197,0
1973-07-27T20:44:01.000Z,255.11797,255.76197,0
1973-07-27T21:42:03.000Z,255.14797,255.79197,0
1973-07-27T22:39:56.000Z,255.11797,255.76197,0
1973-07-27T23:37:58.000Z,255.11797,255.76197,0
1973-07-28T00:35:51.000Z,255.11797,255.76197,0
1973-07-28T01:33:53.000Z,255.11847,255.76147,0
1973-07-28T03:00:43.000Z,255.11797,255.76197,0
1973-07-28T03:58:45.000Z,255.11797,255.76197,0
1973-07-28T04:56:38.000Z,255.11847,255.76147,0
1973-07-28T05:54:40.000Z,255.11797,255.76197,0
1973-07-28T06:52:41.000Z,255.14847,255.79147,0
1973-07-28T07:50:35.000Z,255.10849,255.75149,0
1973-07-28T08:48:36.000Z,255.11847,255.76147,0
1973-07-28T09:03:05.000Z,255.11847,255.76147,0
1973-07-28T09:17:33.000Z,255.14847,255.79147,0
1973-07-28T10:15:27.000Z,255.11847,255.76147,0
1973-07-28T11:13:28.000Z,255.178,255.822,0
1973-07-28T12:11:22.000Z,255.11847,255.76147,0
1973-07-28T13:09:23.000Z,255.14847,255.79147,0
1973-07-28T14:07:17.000Z,255.11847,255.76147,0
1973-07-28T15:05:18.000Z,255.11847,255.76147,0
1973-07-28T18:49:54.000Z,255.11847,255.76147,0
1973-07-28T19:47:56.000Z,255.11847,255.76147,0
1973-07-28T20:45:49.000Z,255.11847,255.76147,0
1973-07-28T21:28:58.000Z,255.11847,255.76147,0
1973-07-28T21:50:48.000Z,255.14847,255.79147,0
1973-07-28T21:58:19.000Z,255.14847,255.79147,0
1973-07-28T22:56:12.000Z,255.11847,255.76147,0
1973-07-28T23:54:14.000Z,255.07849,255.72149,0
1973-07-29T00:52:07.000Z,255.10849,255.75149,0
1973-07-29T01:50:09.000Z,255.10849,255.75149,0
1973-07-29T02:48:02.000Z,255.14847,255.79147,0
1973-07-29T03:46:04.000Z,255.14847,255.79147,0
1973-07-29T04:43:57.000Z,255.13899,255.78099,0
1973-07-29T05:27:31.000Z,255.14847,255.79147,0
1973-07-29T06:25:24.000Z,255.07899,255.72099,0
1973-07-29T07:23:26.000Z,255.14897,255.79097,0
1973-07-29T08:21:19.000Z,255.10849,255.75149,0
1973-07-29T09:19:21.000Z,255.10899,255.75099,0
1973-07-29T10:17:14.000Z,255.11847,255.76147,0
1973-07-29T11:15:16.000Z,255.10899,255.75099,0
1973-07-29T12:13:09.000Z,255.10899,255.75099,0
1973-07-29T13:11:11.000Z,255.14897,255.79097,0
1973-07-29T14:09:04.000Z,255.10899,255.75099,0
1973-07-29T15:07:06.000Z,255.14897,255.79097,0
1973-07-29T16:05:07.000Z,255.10899,255.75099,0
1973-07-29T17:03:01.000Z,255.14897,255.79097,0
1973-07-29T18:01:02.000Z,255.14897,255.79097,0
1973-07-29T18:58:56.000Z,255.10899,255.75099,0
1973-07-29T19:56:57.000Z,255.07899,255.72099,0
1973-07-29T20:54:51.000Z,255.10899,255.75099,0
1973-07-29T21:52:52.000Z,255.10899,255.75099,0
1973-07-29T22:50:46.000Z,255.14897,255.79097,0
1973-07-29T23:48:47.000Z,255.10899,255.75099,0
1973-07-30T00:46:41.000Z,255.10899,255.75099,0
1973-07-30T01:44:42.000Z,255.10899,255.75099,0
1973-07-30T02:42:36.000Z,255.10899,255.75099,0
1973-07-30T03:40:37.000Z,255.10899,255.75099,0
1973-07-30T04:38:31.000Z,255.10899,255.75099,0
1973-07-30T05:36:32.000Z,255.10949,255.75049,0
1973-07-30T06:34:26.000Z,255.10949,255.75049,0
1973-07-30T07:03:31.000Z,255.10949,255.75049,0
1973-07-30T08:01:24.000Z,255.10899,255.75099,0
1973-07-30T08:59:26.000Z,255.10949,255.75049,0
1973-07-30T09:57:19.000Z,255.10949,255.75049,0
1973-07-30T10:55:21.000Z,255.10949,255.75049,0
1973-07-30T12:44:01.000Z,255.14947,255.79047,0
1973-07-30T13:49:09.000Z,255.10949,255.75049,0
1973-07-30T15:07:07.000Z,255.10949,255.75049,0
1973-07-30T16:05:00.000Z,255.10949,255.75049,0
1973-07-30T17:03:02.000Z,255.10949,255.75049,0
1973-07-30T18:00:55.000Z,255.10949,255.75049,0
1973-07-30T18:58:57.000Z,255.10949,255.75049,0
1973-07-30T19:56:50.000Z,255.1795,255.8205,0
1973-07-30T20:54:52.000Z,255.10949,255.75049,0
1973-07-30T21:52:45.000Z,255.1795,255.8205,0
1973-07-30T22:50:47.000Z,255.13949,255.78049,0
1973-07-30T23:48:40.000Z,255.10949,255.75049,0
1973-07-31T00:46:42.000Z,255.14997,255.78997,0
1973-07-31T01:44:35.000Z,255.10999,255.74999,0
1973-07-31T02:42:37.000Z,255.13999,255.77999,0
1973-07-31T03:40:38.000Z,255.10949,255.75049,0
1973-07-31T04:38:32.000Z,255.10999,255.74999,0
1973-07-31T05:36:33.000Z,255.10999,255.74999,0
1973-07-31T06:34:27.000Z,255.10999,255.74999,0
1973-07-31T06:56:09.000Z,255.13999,255.77999,0
1973-07-31T07:10:38.000Z,255.10999,255.74999,0
1973-07-31T08:08:39.000Z,255.10999,255.74999,0
1973-07-31T09:06:33.000Z,255.13949,255.78049,0
1973-07-31T10:04:34.000Z,255.10999,255.74999,0
1973-07-31T11:09:50.000Z,255.10999,255.74999,0
1973-07-31T12:07:43.000Z,255.10999,255.74999,0
1973-07-31T12:22:12.000Z,255.10999,255.74999,0
1973-07-31T13:20:13.000Z,255.10999,255.74999,0
1973-07-31T14:18:07.000Z,255.10999,255.74999,0
1973-07-31T15:16:08.000Z,255.10999,255.74999,0
1973-07-31T16:14:02.000Z,255.10999,255.74999,0
1973-07-31T17:12:03.000Z,255.10999,255.74999,0
1973-07-31T18:09:57.000Z,255.10999,255.74999,0
1973-07-31T19:07:58.000Z,255.10999,255.74999,0
1973-07-31T19:58:38.000Z,255.10999,255.74999,0
1973-07-31T20:56:39.000Z,255.10999,255.74999,0
1973-07-31T21:54:33.000Z,255.13999,255.77999,0
1973-07-31T22:52:34.000Z,255.14997,255.78997,0
1973-07-31T23:50:28.000Z,255.10999,255.74999,0
1973-08-01T00:48:29.000Z,255.14049,255.77949,0
1973-08-01T01:46:31.000Z,255.10999,255.74999,0
1973-08-01T02:44:24.000Z,255.13999,255.77999,0
1973-08-01T02:58:53.000Z,255.10999,255.74999,0
1973-08-01T04:04:08.000Z,255.14049,255.77949,0
1973-08-01T05:02:02.000Z,255.10048,255.73948,0
1973-08-01T05:45:35.000Z,255.10048,255.73948,0
1973-08-01T06:43:28.000Z,255.11049,255.74949,0
1973-08-01T07:41:22.000Z,255.10999,255.74999,0
1973-08-01T08:39:23.000Z,255.14049,255.77949,0
1973-08-01T09:37:17.000Z,255.11049,255.74949,0
1973-08-01T10:35:10.000Z,255.14049,255.77949,0
1973-08-01T11:11:29.000Z,255.11049,255.74949,0
1973-08-01T12:09:23.000Z,255.14049,255.77949,0
1973-08-01T13:22:01.000Z,255.14049,255.77949,0
1973-08-01T14:12:40.000Z,255.11049,255.74949,0
1973-08-01T14:34:23.000Z,255.11049,255.74949,0
1973-08-01T16:11:19.000Z,255.14049,255.77949,0
1973-08-01T16:47:38.000Z,255.15047,255.78947,0
1973-08-01T17:52:46.000Z,255.14049,255.77949,0
1973-08-01T18:43:33.000Z,255.14049,255.77949,0
1973-08-01T19:41:26.000Z,255.13048,255.76948,0
1973-08-01T20:53:56.000Z,255.14049,255.77949,0
1973-08-01T21:44:36.000Z,255.14049,255.77949,0
1973-08-01T22:42:37.000Z,255.14049,255.77949,0
1973-08-01T23:33:16.000Z,255.10048,255.73948,0
1973-08-02T00:24:04.000Z,255.14049,255.77949,0
1973-08-02T01:21:57.000Z,255.14049,255.77949,0
1973-08-02T02:12:45.000Z,255.10048,255.73948,0
1973-08-02T03:10:38.000Z,255.14049,255.77949,0
1973-08-02T04:08:40.000Z,255.17049,255.80949,0
1973-08-02T05:06:33.000Z,255.14049,255.77949,0
1973-08-02T06:04:35.000Z,255.17049,255.80949,0
1973-08-02T07:02:28.000Z,255.17049,255.80949,0
1973-08-02T08:00:30.000Z,255.13048,255.76948,0
1973-08-02T08:58:23.000Z,255.17049,255.80949,0
1973-08-02T09:56:25.000Z,255.17049,255.80949,0
1973-08-02T10:54:18.000Z,255.13048,255.76948,0
1973-08-02T11:52:20.000Z,255.17099,255.80899,0
1973-08-02T12:50:13.000Z,255.17049,255.80949,0
1973-08-02T13:26:32.000Z,255.17099,255.80899,0
1973-08-02T14:24:26.000Z,255.17049,255.80949,0
1973-08-02T15:22:27.000Z,255.17049,255.80949,0
1973-08-02T15:44:10.000Z,255.17049,255.80949,0
1973-08-02T16:42:03.000Z,255.13098,255.76898,0
1973-08-02T17:40:05.000Z,255.17099,255.80899,0
1973-08-02T18:38:06.000Z,255.17099,255.80899,0
1973-08-02T19:36:00.000Z,255.17049,255.80949,0
1973-08-02T20:34:01.000Z,255.17099,255.80899,0
1973-08-02T21:24:41.000Z,255.13048,255.76948,0
1973-08-02T22:22:42.000Z,255.17099,255.80899,0
1973-08-02T23:20:36.000Z,255.17099,255.80899,0
1973-08-03T00:18:37.000Z,255.14099,255.77899,0
1973-08-03T01:16:31.000Z,255.17099,255.80899,0
1973-08-03T02:14:32.000Z,255.17099,255.80899,0
1973-08-03T03:12:26.000Z,255.17099,255.80899,0
1973-08-03T04:10:19.000Z,255.13098,255.76898,0
1973-08-03T05:08:21.000Z,255.17099,255.80899,0
1973-08-03T06:06:14.000Z,255.17099,255.80899,0
1973-08-03T07:04:16.000Z,255.17099,255.80899,0
1973-08-03T08:02:17.000Z,255.13098,255.76898,0
1973-08-03T09:00:11.000Z,255.17099,255.80899,0
1973-08-03T09:58:12.000Z,255.17099,255.80899,0
1973-08-03T10:56:06.000Z,255.13098,255.76898,0
1973-08-03T11:54:07.000Z,255.17099,255.80899,0
1973-08-03T12:52:01.000Z,255.17099,255.80899,0
1973-08-03T13:50:02.000Z,255.17099,255.80899,0
1973-08-03T14:47:56.000Z,255.17149,255.80849,0
1973-08-03T15:45:57.000Z,255.13148,255.76848,0
1973-08-03T16:07:40.000Z,255.13098,255.76898,0
1973-08-03T16:14:54.000Z,255.13148,255.76848,0
1973-08-03T16:36:37.000Z,255.13148,255.76848,0
1973-08-03T17:12:56.000Z,255.13148,255.76848,0
1973-08-03T18:10:49.000Z,255.17149,255.80849,0
1973-08-03T19:08:51.000Z,255.17149,255.80849,0
1973-08-03T20:06:44.000Z,255.15147,255.78847,0
1973-08-03T21:04:46.000Z,255.16148,255.79848,0
1973-08-03T21:33:42.000Z,255.10148,255.73848,0
1973-08-03T22:40:45.000Z,255.13148,255.76848,0
1973-08-03T22:54:16.000Z,255.13148,255.76848,0
1973-08-03T23:52:17.000Z,255.11149,255.74849,0
1973-08-04T00:50:11.000Z,255.16148,255.79848,0
1973-08-04T01:48:12.000Z,255.14149,255.77849,0
1973-08-04T02:46:14.000Z,255.14149,255.77849,0
1973-08-04T03:36:53.000Z,255.11149,255.74849,0
1973-08-04T03:51:21.000Z,255.14149,255.77849,0
1973-08-04T04:05:50.000Z,255.15147,255.78847,0
1973-08-04T04:13:04.000Z,255.14149,255.77849,0
1973-08-04T04:27:32.000Z,255.11149,255.74849,0
1973-08-04T05:03:51.000Z,255.12147,255.75847,0
1973-08-04T05:47:16.000Z,255.12197,255.75797,0
1973-08-04T06:23:35.000Z,255.09147,255.72847,0
1973-08-04T06:38:04.000Z,255.16148,255.79848,0
1973-08-04T07:35:57.000Z,255.12147,255.75847,0
1973-08-04T08:33:59.000Z,255.12147,255.75847,0
1973-08-04T09:31:52.000Z,255.12147,255.75847,0
1973-08-04T10:29:54.000Z,255.16148,255.79848,0
1973-08-04T11:35:01.000Z,255.13148,255.76848,0
1973-08-04T11:49:30.000Z,255.16148,255.79848,0
1973-08-04T12:47:31.000Z,255.10148,255.73848,0
1973-08-04T13:09:14.000Z,255.10148,255.73848,0
1973-08-04T13:16:28.000Z,255.13148,255.76848,0
1973-08-04T13:52:47.000Z,255.10148,255.73848,0
1973-08-04T14:00:01.000Z,255.10148,255.73848,0
1973-08-04T14:28:58.000Z,255.12147,255.75847,0
1973-08-04T15:12:23.000Z,255.10148,255.73848,0
1973-08-04T15:55:56.000Z,255.10148,255.73848,0
1973-08-04T17:51:51.000Z,255.13148,255.76848,0
1973-08-04T18:06:20.000Z,255.17149,255.80849,0
1973-08-04T19:04:13.000Z,255.13148,255.76848,0
1973-08-04T19:26:04.000Z,255.10198,255.73798,0
1973-08-04T19:40:32.000Z,255.10198,255.73798,0
1973-08-04T20:02:15.000Z,255.11199,255.74799,0
1973-08-04T21:14:45.000Z,255.10198,255.73798,0
1973-08-04T22:19:52.000Z,255.10198,255.73798,0
1973-08-04T22:27:06.000Z,255.10198,255.73798,0
1973-08-04T22:41:35.000Z,255.10198,255.73798,0
1973-08-04T23:17:54.000Z,255.11199,255.74799,0
1973-08-04T23:32:22.000Z,255.10198,255.73798,0
1973-08-04T23:39:36.000Z,255.10198,255.73798,0
1973-08-05T00:01:19.000Z,255.14199,255.77799,0
1973-08-05T00:30:16.000Z,255.10198,255.73798,0
1973-08-05T00:52:06.000Z,255.14199,255.77799,0
1973-08-05T01:21:03.000Z,255.14149,255.77849,0
1973-08-05T02:55:16.000Z,255.14199,255.77799,0
1973-08-05T03:38:41.000Z,255.14199,255.77799,0
1973-08-05T04:36:42.000Z,255.14199,255.77799,0
1973-08-05T05:34:36.000Z,255.11199,255.74799,0
1973-08-05T06:32:37.000Z,255.14199,255.77799,0
1973-08-05T07:30:31.000Z,255.14199,255.77799,0
1973-08-05T08:28:32.000Z,255.14199,255.77799,0
1973-08-05T09:26:26.000Z,255.14249,255.77749,0
1973-08-05T10:24:27.000Z,255.10248,255.73748,0
1973-08-05T11:22:21.000Z,255.10198,255.73798,0
1973-08-05T12:20:22.000Z,255.10198,255.73798,0
1973-08-05T12:49:19.000Z,255.11199,255.74799,0
1973-08-05T13:47:12.000Z,255.11249,255.74749,0
1973-08-05T14:45:06.000Z,255.14199,255.77799,0
1973-08-05T15:43:16.000Z,255.10248,255.73748,0
1973-08-05T15:57:44.000Z,255.17199,255.80799,0
1973-08-05T16:41:09.000Z,255.14249,255.77749,0
1973-08-05T17:39:11.000Z,255.14199,255.77799,0
1973-08-05T18:37:04.000Z,255.14249,255.77749,0
1973-08-05T19:35:06.000Z,255.11249,255.74749,0
1973-08-05T20:32:59.000Z,255.1825,255.8175,0
1973-08-05T21:31:01.000Z,255.14249,255.77749,0
1973-08-05T22:28:54.000Z,255.11249,255.74749,0
1973-08-05T23:26:56.000Z,255.11249,255.74749,0
1973-08-06T00:24:49.000Z,255.11249,255.74749,0
1973-08-06T01:22:51.000Z,255.11249,255.74749,0
1973-08-06T02:20:44.000Z,255.15247,255.78747,0
1973-08-06T02:57:03.000Z,255.15247,255.78747,0
1973-08-06T03:54:56.000Z,255.15247,255.78747,0
1973-08-06T04:52:58.000Z,255.15247,255.78747,0
1973-08-06T05:50:51.000Z,255.11299,255.74699,0
1973-08-06T06:48:53.000Z,255.15247,255.78747,0
1973-08-06T07:46:46.000Z,255.07298,255.70698,0
1973-08-06T08:44:48.000Z,255.14249,255.77749,0
1973-08-06T09:42:41.000Z,255.07298,255.70698,0
1973-08-06T10:40:43.000Z,255.15247,255.78747,0
1973-08-06T11:38:45.000Z,255.14249,255.77749,0
1973-08-06T12:36:38.000Z,255.11299,255.74699,0
1973-08-06T13:20:03.000Z,255.15297,255.78697,0
1973-08-06T14:18:05.000Z,255.14299,255.77699,0
1973-08-06T15:15:58.000Z,255.08299,255.71699,0
1973-08-06T16:14:00.000Z,255.14299,255.77699,0
1973-08-06T17:12:01.000Z,255.14299,255.77699,0
1973-08-06T18:09:55.000Z,255.183,255.817,0
1973-08-06T19:07:56.000Z,255.11299,255.74699,0
1973-08-06T20:05:50.000Z,255.11299,255.74699,0
1973-08-06T21:03:51.000Z,255.11299,255.74699,0
1973-08-06T22:08:59.000Z,255.14299,255.77699,0
1973-08-06T22:23:27.000Z,255.14299,255.77699,0
1973-08-06T23:12:28.000Z,255.14299,255.77699,0
1973-08-07T00:10:22.000Z,255.11349,255.74649,0
1973-08-07T01:08:23.000Z,255.11299,255.74699,0
1973-08-07T02:06:17.000Z,255.14299,255.77699,0
1973-08-07T03:04:18.000Z,255.14299,255.77699,0
1973-08-07T04:02:12.000Z,255.14299,255.77699,0
1973-08-07T05:00:13.000Z,255.15297,255.78697,0
1973-08-07T05:58:07.000Z,255.11349,255.74649,0
1973-08-07T06:56:08.000Z,255.15297,255.78697,0
1973-08-07T07:54:02.000Z,255.14299,255.77699,0
1973-08-07T08:52:03.000Z,255.11299,255.74699,0
1973-08-07T09:49:57.000Z,255.15297,255.78697,0
1973-08-07T10:47:58.000Z,255.11349,255.74649,0
1973-08-07T11:45:52.000Z,255.183,255.817,0
1973-08-07T12:43:53.000Z,255.15297,255.78697,0
1973-08-07T13:27:18.000Z,255.15347,255.78647,0
1973-08-07T13:56:23.000Z,255.14299,255.77699,0
1973-08-07T14:54:17.000Z,255.11349,255.74649,0
1973-08-07T15:37:50.000Z,255.15347,255.78647,0
1973-08-07T16:35:43.000Z,255.1835,255.8165,0
1973-08-07T17:33:45.000Z,255.11349,255.74649,0
1973-08-07T18:31:38.000Z,255.11349,255.74649,0
1973-08-07T19:29:40.000Z,255.2135,255.8465,0
1973-08-07T20:27:33.000Z,255.15347,255.78647,0
1973-08-07T21:25:35.000Z,255.1835,255.8165,0
1973-08-07T22:23:28.000Z,255.14349,255.77649,0
1973-08-07T23:21:30.000Z,255.11349,255.74649,0
1973-08-08T00:19:23.000Z,255.1835,255.8165,0
1973-08-08T01:17:25.000Z,255.14349,255.77649,0
1973-08-08T02:15:18.000Z,255.1835,255.8165,0
1973-08-08T03:13:20.000Z,255.1835,255.8165,0
1973-08-08T04:11:13.000Z,255.11349,255.74649,0
1973-08-08T05:09:15.000Z,255.1835,255.8165,0
1973-08-08T06:07:08.000Z,255.14349,255.77649,0
1973-08-08T07:05:10.000Z,255.14349,255.77649,0
1973-08-08T08:03:12.000Z,255.1835,255.8165,0
1973-08-08T09:01:05.000Z,255.1835,255.8165,0
1973-08-08T09:59:07.000Z,255.14349,255.77649,0
1973-08-08T10:57:00.000Z,255.14349,255.77649,0
1973-08-08T11:55:02.000Z,255.11349,255.74649,0
1973-08-08T12:52:55.000Z,255.14349,255.77649,0
1973-08-08T13:50:57.000Z,255.17349,255.80649,0
1973-08-08T14:48:50.000Z,255.15397,255.78597,0
1973-08-08T15:53:08.000Z,255.14349,255.77649,0
1973-08-08T16:36:42.000Z,255.14349,255.77649,0
1973-08-08T17:34:35.000Z,255.14349,255.77649,0
1973-08-08T18:32:37.000Z,255.17399,255.80599,0
1973-08-08T19:30:30.000Z,255.14399,255.77599,0
1973-08-08T20:28:32.000Z,255.14399,255.77599,0
1973-08-08T21:26:25.000Z,255.184,255.816,0
1973-08-08T22:24:27.000Z,255.11399,255.74599,0
1973-08-08T23:22:20.000Z,255.14399,255.77599,0
1973-08-09T00:20:22.000Z,255.184,255.816,0
1973-08-09T01:18:15.000Z,255.17399,255.80599,0
1973-08-09T02:16:17.000Z,255.14449,255.77549,0
1973-08-09T02:59:42.000Z,255.14399,255.77599,0
1973-08-09T03:57:43.000Z,255.17399,255.80599,0
1973-08-09T04:55:37.000Z,255.14399,255.77599,0
1973-08-09T05:53:38.000Z,255.1845,255.8155,0
1973-08-09T06:51:40.000Z,255.184,255.816,0
1973-08-09T07:49:33.000Z,255.14399,255.77599,0
1973-08-09T08:47:35.000Z,255.1845,255.8155,0
1973-08-09T09:45:28.000Z,255.17399,255.80599,0
1973-08-09T10:43:30.000Z,255.11499,255.74499,0
1973-08-09T11:41:23.000Z,255.214,255.846,0
1973-08-09T12:46:39.000Z,255.214,255.846,0
1973-08-09T13:44:24.000Z,255.1845,255.8155,0
1973-08-09T13:58:53.000Z,255.1845,255.8155,0
1973-08-09T14:06:23.000Z,255.1845,255.8155,0
1973-08-09T15:04:17.000Z,255.1845,255.8155,0
1973-08-09T16:02:18.000Z,255.15447,255.78547,0
1973-08-09T17:00:12.000Z,255.214,255.846,0
1973-08-09T17:58:13.000Z,255.11449,255.74549,0
1973-08-09T18:56:07.000Z,255.15447,255.78547,0
1973-08-09T19:54:08.000Z,255.2145,255.8455,0
1973-08-09T20:52:02.000Z,255.11449,255.74549,0
1973-08-09T21:50:03.000Z,255.10448,255.73548,0
1973-08-09T22:47:57.000Z,255.15447,255.78547,0
1973-08-09T23:45:58.000Z,255.1845,255.8155,0
1973-08-10T00:43:52.000Z,255.2145,255.8455,0
1973-08-10T01:41:53.000Z,255.2145,255.8455,0
1973-08-10T02:39:55.000Z,255.14449,255.77549,0
1973-08-10T03:37:48.000Z,255.1845,255.8155,0
1973-08-10T04:43:04.000Z,255.185,255.815,0
1973-08-10T05:40:58.000Z,255.11449,255.74549,0
1973-08-10T06:38:59.000Z,255.185,255.815,0
1973-08-10T07:36:53.000Z,255.1845,255.8155,0
1973-08-10T08:34:54.000Z,255.185,255.815,0
1973-08-10T09:32:48.000Z,255.14449,255.77549,0
1973-08-10T10:30:49.000Z,255.185,255.815,0
1973-08-10T11:28:43.000Z,255.185,255.815,0
1973-08-10T12:26:44.000Z,255.215,255.845,0
1973-08-10T13:24:38.000Z,255.14499,255.77499,0
1973-08-10T14:22:39.000Z,255.185,255.815,0
1973-08-10T15:20:41.000Z,255.215,255.845,0
1973-08-10T16:04:06.000Z,255.14499,255.77499,0
1973-08-10T17:01:59.000Z,255.17499,255.80499,0
1973-08-10T18:00:01.000Z,255.185,255.815,0
1973-08-10T18:50:40.000Z,255.14499,255.77499,0
1973-08-10T19:12:31.000Z,255.185,255.815,0
1973-08-10T20:10:24.000Z,255.14499,255.77499,0
1973-08-10T21:08:26.000Z,255.14549,255.77449,0
1973-08-10T22:06:19.000Z,255.215,255.845,0
1973-08-10T23:04:21.000Z,255.14499,255.77499,0
1973-08-11T00:02:14.000Z,255.14499,255.77499,0
1973-08-11T01:00:16.000Z,255.14549,255.77449,0
1973-08-11T01:58:09.000Z,255.2155,255.8445,0
1973-08-11T02:56:11.000Z,255.14499,255.77499,0
1973-08-11T03:54:12.000Z,255.185,255.815,0
1973-08-11T04:52:06.000Z,255.17549,255.80449,0
1973-08-11T05:50:07.000Z,255.14549,255.77449,0
1973-08-11T06:48:01.000Z,255.14549,255.77449,0
1973-08-11T07:46:02.000Z,255.215,255.845,0
1973-08-11T08:43:56.000Z,255.17549,255.80449,0
1973-08-11T09:41:57.000Z,255.215,255.845,0
1973-08-11T10:39:51.000Z,255.2155,255.8445,0
1973-08-11T11:37:52.000Z,255.14549,255.77449,0
1973-08-11T12:35:46.000Z,255.2155,255.8445,0
1973-08-11T13:12:05.000Z,255.17549,255.80449,0
1973-08-11T14:09:58.000Z,255.17549,255.80449,0
1973-08-11T15:08:00.000Z,255.17549,255.80449,0
1973-08-11T16:05:53.000Z,255.17549,255.80449,0
1973-08-11T17:03:55.000Z,255.17549,255.80449,0
1973-08-11T17:25:37.000Z,255.17549,255.80449,0
1973-08-11T18:23:39.000Z,255.2155,255.8445,0
1973-08-11T19:21:32.000Z,255.17599,255.80399,0
1973-08-11T19:36:01.000Z,255.17549,255.80449,0
1973-08-11T20:34:02.000Z,255.2155,255.8445,0
1973-08-11T21:31:56.000Z,255.1855,255.8145,0
1973-08-11T22:01:01.000Z,255.2155,255.8445,0
1973-08-11T22:58:54.000Z,255.2155,255.8445,0
1973-08-11T23:56:56.000Z,255.1855,255.8145,0
1973-08-12T00:54:49.000Z,255.1855,255.8145,0
1973-08-12T01:52:51.000Z,255.186,255.814,0
1973-08-12T02:50:44.000Z,255.2155,255.8445,0
1973-08-12T03:48:46.000Z,255.17599,255.80399,0
1973-08-12T04:46:39.000Z,255.216,255.844,0
1973-08-12T05:44:41.000Z,255.186,255.814,0
1973-08-12T06:42:34.000Z,255.186,255.814,0
1973-08-12T07:33:22.000Z,255.14599,255.77399,0
1973-08-12T07:47:50.000Z,255.2155,255.8445,0
1973-08-12T08:45:52.000Z,255.186,255.814,0
1973-08-12T09:58:13.000Z,255.186,255.814,0
1973-08-12T10:56:15.000Z,255.186,255.814,0
1973-08-12T11:54:08.000Z,255.2155,255.8445,0
1973-08-12T12:52:10.000Z,255.186,255.814,0
1973-08-12T13:50:03.000Z,255.186,255.814,0
1973-08-12T14:48:05.000Z,255.186,255.814,0
1973-08-12T15:45:58.000Z,255.186,255.814,0
1973-08-12T16:00:35.000Z,255.186,255.814,0
1973-08-12T16:58:28.000Z,255.14599,255.77399,0
1973-08-12T17:56:30.000Z,255.186,255.814,0
1973-08-12T18:54:23.000Z,255.216,255.844,0
1973-08-12T19:52:25.000Z,255.14599,255.77399,0
1973-08-12T20:50:18.000Z,255.14599,255.77399,0
1973-08-12T21:48:20.000Z,255.14599,255.77399,0
1973-08-12T22:46:13.000Z,255.186,255.814,0
1973-08-12T23:44:15.000Z,255.1865,255.8135,0
1973-08-13T00:05:57.000Z,255.216,255.844,0
1973-08-13T00:56:45.000Z,255.14599,255.77399,0
1973-08-13T01:54:38.000Z,255.14599,255.77399,0
1973-08-13T02:23:35.000Z,255.186,255.814,0
1973-08-13T02:59:54.000Z,255.14649,255.77349,0
1973-08-13T03:28:51.000Z,255.14649,255.77349,0
1973-08-13T03:50:33.000Z,255.14599,255.77399,0
1973-08-13T04:48:35.000Z,255.186,255.814,0
1973-08-13T06:00:57.000Z,255.1865,255.8135,0
1973-08-13T06:58:58.000Z,255.186,255.814,0
1973-08-13T07:56:52.000Z,255.14649,255.77349,0
1973-08-13T08:54:53.000Z,255.17649,255.80349,0
1973-08-13T09:38:18.000Z,255.1865,255.8135,0
1973-08-13T10:36:20.000Z,255.14649,255.77349,0
1973-08-13T11:34:13.000Z,255.14649,255.77349,0
1973-08-13T12:32:15.000Z,255.1865,255.8135,0
1973-08-13T14:03:44.000Z,255.14649,255.77349,0
1973-08-13T14:47:09.000Z,255.17649,255.80349,0
1973-08-13T15:45:10.000Z,255.14649,255.77349,0
1973-08-13T16:28:35.000Z,255.17649,255.80349,0
1973-08-13T17:26:37.000Z,255.14649,255.77349,0
1973-08-13T18:24:30.000Z,255.14649,255.77349,0
1973-08-13T18:38:59.000Z,255.14649,255.77349,0
1973-08-13T19:37:00.000Z,255.14649,255.77349,0
1973-08-13T20:42:16.000Z,255.1865,255.8135,0
1973-08-13T21:40:09.000Z,255.14649,255.77349,0
1973-08-13T22:38:11.000Z,255.14649,255.77349,0
1973-08-13T23:36:04.000Z,255.17649,255.80349,0
1973-08-14T00:34:06.000Z,255.14649,255.77349,0
1973-08-14T01:03:03.000Z,255.14649,255.77349,0
1973-08-14T01:53:42.000Z,255.2165,255.8435,0
1973-08-14T02:01:04.000Z,255.1865,255.8135,0
1973-08-14T02:58:58.000Z,255.15647,255.78347,0
1973-08-14T03:42:23.000Z,255.1865,255.8135,0
1973-08-14T04:33:10.000Z,255.15647,255.78347,0
1973-08-14T05:02:07.000Z,255.11649,255.74349,0
1973-08-14T06:00:08.000Z,255.17699,255.80299,0
1973-08-14T06:58:02.000Z,255.2165,255.8435,0
1973-08-14T07:56:04.000Z,255.14649,255.77349,0
1973-08-14T08:53:57.000Z,255.17699,255.80299,0
1973-08-14T09:30:16.000Z,255.1865,255.8135,0
1973-08-14T09:51:59.000Z,255.1865,255.8135,0
1973-08-14T10:28:09.000Z,255.1865,255.8135,0
1973-08-14T11:26:11.000Z,255.187,255.813,0
1973-08-14T12:24:04.000Z,255.1865,255.8135,0
1973-08-14T13:22:06.000Z,255.1865,255.8135,0
1973-08-14T14:19:59.000Z,255.187,255.813,0
1973-08-14T15:18:01.000Z,255.2165,255.8435,0
1973-08-14T16:15:54.000Z,255.14699,255.77299,0
1973-08-14T17:13:56.000Z,255.14699,255.77299,0
1973-08-14T18:11:49.000Z,255.1865,255.8135,0
1973-08-14T19:09:51.000Z,255.17699,255.80299,0
1973-08-14T20:07:53.000Z,255.1865,255.8135,0
1973-08-14T21:05:46.000Z,255.14699,255.77299,0
1973-08-14T22:03:48.000Z,255.187,255.813,0
1973-08-14T23:01:41.000Z,255.14699,255.77299,0
1973-08-14T23:59:43.000Z,255.187,255.813,0
1973-08-15T00:57:36.000Z,255.14699,255.77299,0
1973-08-15T01:48:23.000Z,255.14699,255.77299,0
1973-08-15T02:39:03.000Z,255.187,255.813,0
1973-08-15T03:00:45.000Z,255.14699,255.77299,0
1973-08-15T03:58:47.000Z,255.187,255.813,0
1973-08-15T04:56:40.000Z,255.187,255.813,0
1973-08-15T05:54:42.000Z,255.14749,255.77249,0
1973-08-15T06:52:35.000Z,255.14749,255.77249,0
1973-08-15T07:50:37.000Z,255.14749,255.77249,0
1973-08-15T08:48:38.000Z,255.187,255.813,0
1973-08-15T09:46:32.000Z,255.187,255.813,0
1973-08-15T10:44:33.000Z,255.14749,255.77249,0
1973-08-15T11:42:27.000Z,255.187,255.813,0
1973-08-15T12:40:28.000Z,255.14749,255.77249,0
1973-08-15T13:38:22.000Z,255.14749,255.77249,0
1973-08-15T14:36:23.000Z,255.14749,255.77249,0
1973-08-15T15:38:47.000Z,255.14749,255.77249,0
1973-08-15T16:29:35.000Z,255.14749,255.77249,0
1973-08-15T16:36:49.000Z,255.14749,255.77249,0
1973-08-15T17:34:42.000Z,255.14749,255.77249,0
1973-08-15T18:32:44.000Z,255.1875,255.8125,0
1973-08-15T19:30:37.000Z,255.14749,255.77249,0
1973-08-15T20:28:39.000Z,255.14749,255.77249,0
1973-08-15T21:26:40.000Z,255.15797,255.78197,0
1973-08-15T22:24:34.000Z,255.14799,255.77199,0
1973-08-15T23:22:35.000Z,255.14749,255.77249,0
1973-08-15T23:37:04.000Z,255.14749,255.77249,0
1973-08-15T23:58:46.000Z,255.11749,255.74249,0
1973-08-16T00:27:43.000Z,255.14749,255.77249,0
1973-08-16T01:04:02.000Z,255.15747,255.78247,0
1973-08-16T02:01:56.000Z,255.11799,255.74199,0
1973-08-16T02:59:57.000Z,255.14749,255.77249,0
1973-08-16T03:57:51.000Z,255.11749,255.74249,0
1973-08-16T04:55:52.000Z,255.14799,255.77199,0
1973-08-16T05:53:46.000Z,255.1875,255.8125,0
1973-08-16T06:51:47.000Z,255.188,255.812,0
1973-08-16T07:49:41.000Z,255.1875,255.8125,0
1973-08-16T08:47:42.000Z,255.188,255.812,0
1973-08-16T09:45:36.000Z,255.10748,255.73248,0
1973-08-16T10:43:37.000Z,255.14799,255.77199,0
1973-08-16T10:58:05.000Z,255.14799,255.77199,0
1973-08-16T11:55:59.000Z,255.11799,255.74199,0
1973-08-16T12:54:00.000Z,255.188,255.812,0
1973-08-16T13:52:02.000Z,255.1875,255.8125,0
1973-08-16T15:04:24.000Z,255.14799,255.77199,0
1973-08-16T16:02:25.000Z,255.188,255.812,0
1973-08-16T17:00:19.000Z,255.14799,255.77199,0
1973-08-16T17:58:20.000Z,255.188,255.812,0
1973-08-16T18:56:14.000Z,255.188,255.812,0
1973-08-16T19:54:15.000Z,255.14799,255.77199,0
1973-08-16T20:52:09.000Z,255.14799,255.77199,0
1973-08-16T21:50:10.000Z,255.14799,255.77199,0
1973-08-16T22:48:04.000Z,255.17799,255.80199,0
1973-08-16T23:46:05.000Z,255.14799,255.77199,0
1973-08-17T00:43:59.000Z,255.13798,255.76198,0
1973-08-17T01:42:00.000Z,255.17799,255.80199,0
1973-08-17T02:39:54.000Z,255.14799,255.77199,0
1973-08-17T02:54:30.000Z,255.11799,255.74199,0
1973-08-17T03:52:24.000Z,255.13798,255.76198,0
1973-08-17T04:50:25.000Z,255.10798,255.73198,0
1973-08-17T05:48:19.000Z,255.218,255.842,0
1973-08-17T06:46:20.000Z,255.14799,255.77199,0
1973-08-17T07:44:14.000Z,255.14799,255.77199,0
1973-08-17T08:42:15.000Z,255.16798,255.79198,0
1973-08-17T09:40:09.000Z,255.13848,255.76148,0
1973-08-17T10:38:10.000Z,255.13848,255.76148,0
1973-08-17T11:36:04.000Z,255.16848,255.79148,0
1973-08-17T12:34:05.000Z,255.13848,255.76148,0
1973-08-17T14:07:21.000Z,255.13848,255.76148,0
1973-08-17T15:04:58.000Z,255.16848,255.79148,0
1973-08-17T16:02:26.000Z,255.16848,255.79148,0
1973-08-17T16:59:55.000Z,255.15847,255.78147,0
1973-08-17T17:57:24.000Z,255.12847,255.75147,0
1973-08-17T18:54:53.000Z,255.15847,255.78147,0
1973-08-17T19:52:22.000Z,255.15847,255.78147,0
1973-08-17T20:21:02.000Z,255.15847,255.78147,0
1973-08-17T20:31:25.000Z,255.15797,255.78197,0
1973-08-17T21:29:18.000Z,255.11849,255.74149,0
1973-08-17T22:27:20.000Z,255.14849,255.77149,0
1973-08-17T23:25:13.000Z,255.15847,255.78147,0
1973-08-18T00:23:15.000Z,255.08849,255.71149,0
1973-08-18T01:06:40.000Z,255.1885,255.8115,0
1973-08-18T02:04:41.000Z,255.11849,255.74149,0
1973-08-18T03:02:35.000Z,255.14849,255.77149,0
1973-08-18T03:17:03.000Z,255.16848,255.79148,0
1973-08-18T04:15:05.000Z,255.13848,255.76148,0
1973-08-18T05:12:58.000Z,255.12847,255.75147,0
1973-08-18T06:11:00.000Z,255.08849,255.71149,0
1973-08-18T07:08:53.000Z,255.14849,255.77149,0
1973-08-18T08:06:55.000Z,255.19848,255.82148,0
1973-08-18T09:04:48.000Z,255.16848,255.79148,0
1973-08-18T10:02:50.000Z,255.14849,255.77149,0
1973-08-18T11:00:43.000Z,255.1885,255.8115,0
1973-08-18T11:58:45.000Z,255.13898,255.76098,0
1973-08-18T12:56:46.000Z,255.09847,255.72147,0
1973-08-18T13:54:40.000Z,255.11899,255.74099,0
1973-08-18T14:52:41.000Z,255.08899,255.71099,0
1973-08-18T15:50:35.000Z,255.14899,255.77099,0
1973-08-18T16:48:36.000Z,255.14899,255.77099,0
1973-08-18T17:46:30.000Z,255.14899,255.77099,0
1973-08-18T18:44:31.000Z,255.13898,255.76098,0
1973-08-18T19:42:25.000Z,255.13898,255.76098,0
1973-08-18T20:40:26.000Z,255.12897,255.75097,0
1973-08-18T21:38:20.000Z,255.12897,255.75097,0
1973-08-18T22:36:21.000Z,255.12897,255.75097,0
1973-08-18T23:05:18.000Z,255.12897,255.75097,0
1973-08-18T23:34:15.000Z,255.12897,255.75097,0
1973-08-18T23:48:43.000Z,255.12897,255.75097,0
1973-08-19T00:53:59.000Z,255.12897,255.75097,0
1973-08-19T01:22:56.000Z,255.15897,255.78097,0
1973-08-19T02:06:29.000Z,255.15897,255.78097,0
1973-08-19T02:28:11.000Z,255.12897,255.75097,0
1973-08-19T02:35:26.000Z,255.12897,255.75097,0
1973-08-19T03:04:22.000Z,255.15897,255.78097,0
1973-08-19T03:26:05.000Z,255.15897,255.78097,0
1973-08-19T03:33:19.000Z,255.12897,255.75097,0
1973-08-19T04:31:21.000Z,255.15897,255.78097,0
1973-08-19T04:53:03.000Z,255.14899,255.77099,0
1973-08-19T05:07:32.000Z,255.189,255.811,0
1973-08-19T06:05:33.000Z,255.15897,255.78097,0
1973-08-19T06:27:16.000Z,255.14899,255.77099,0
1973-08-19T07:25:17.000Z,255.189,255.811,0
1973-08-19T08:23:11.000Z,255.14899,255.77099,0
1973-08-19T09:21:12.000Z,255.189,255.811,0
1973-08-19T10:19:06.000Z,255.14899,255.77099,0
1973-08-19T11:17:07.000Z,255.10898,255.73098,0
1973-08-19T12:15:01.000Z,255.10948,255.73048,0
1973-08-19T13:13:02.000Z,255.14899,255.77099,0
1973-08-19T14:10:56.000Z,255.10898,255.73098,0
1973-08-19T15:08:57.000Z,255.10898,255.73098,0
1973-08-19T16:06:51.000Z,255.10898,255.73098,0
1973-08-19T17:04:52.000Z,255.13948,255.76048,0
1973-08-19T18:02:46.000Z,255.10948,255.73048,0
1973-08-19T19:00:47.000Z,255.10898,255.73098,0
1973-08-19T19:58:41.000Z,255.10898,255.73098,0
1973-08-19T20:56:42.000Z,255.13948,255.76048,0
1973-08-19T21:54:36.000Z,255.16948,255.79048,0
1973-08-19T22:52:37.000Z,255.16948,255.79048,0
1973-08-19T23:50:31.000Z,255.16948,255.79048,0
1973-08-20T00:05:07.000Z,255.16948,255.79048,0
1973-08-20T01:03:01.000Z,255.16948,255.79048,0
1973-08-20T01:31:57.000Z,255.13948,255.76048,0
1973-08-20T02:29:59.000Z,255.13948,255.76048,0
1973-08-20T02:44:27.000Z,255.13948,255.76048,0
1973-08-20T03:49:43.000Z,255.16948,255.79048,0
1973-08-20T04:18:40.000Z,255.13948,255.76048,0
1973-08-20T05:02:05.000Z,255.13948,255.76048,0
1973-08-20T05:23:47.000Z,255.13948,255.76048,0
1973-08-20T05:38:24.000Z,255.16948,255.79048,0
1973-08-20T06:36:17.000Z,255.13948,255.76048,0
1973-08-20T07:34:19.000Z,255.16948,255.79048,0
1973-08-20T08:32:12.000Z,255.16948,255.79048,0
1973-08-20T09:30:14.000Z,255.13948,255.76048,0
1973-08-20T10:28:07.000Z,255.13948,255.76048,0
1973-08-20T11:26:09.000Z,255.09947,255.72047,0
1973-08-20T12:24:02.000Z,255.16948,255.79048,0
1973-08-20T13:22:04.000Z,255.09947,255.72047,0
1973-08-20T14:19:57.000Z,255.16998,255.78998,0
1973-08-20T15:17:59.000Z,255.08949,255.71049,0
1973-08-20T16:15:52.000Z,255.12947,255.75047,0
1973-08-20T17:13:54.000Z,255.16948,255.79048,0
1973-08-20T18:11:47.000Z,255.19998,255.81998,0
1973-08-20T19:09:49.000Z,255.15947,255.78047,0
1973-08-20T19:31:32.000Z,255.09997,255.71997,0
1973-08-20T21:41:06.000Z,255.15947,255.78047,0
1973-08-20T22:38:59.000Z,255.12997,255.74997,0
1973-08-20T23:37:01.000Z,255.12947,255.75047,0
1973-08-21T00:34:54.000Z,255.15947,255.78047,0
1973-08-21T01:11:13.000Z,255.12997,255.74997,0
1973-08-21T01:32:56.000Z,255.12997,255.74997,0
1973-08-21T02:16:21.000Z,255.11999,255.73999,0
1973-08-21T02:45:17.000Z,255.12997,255.74997,0
1973-08-21T03:07:08.000Z,255.16948,255.79048,0
1973-08-21T03:43:19.000Z,255.12997,255.74997,0
1973-08-21T04:05:02.000Z,255.11999,255.73999,0
1973-08-21T04:48:35.000Z,255.14999,255.76999,0
1973-08-21T05:46:28.000Z,255.08999,255.70999,0
1973-08-21T06:44:30.000Z,255.16998,255.78998,0
1973-08-21T07:20:41.000Z,255.14999,255.76999,0
1973-08-21T08:18:34.000Z,255.11999,255.73999,0
1973-08-21T09:16:36.000Z,255.15997,255.77997,0
1973-08-21T10:14:29.000Z,255.11999,255.73999,0
1973-08-21T11:12:31.000Z,255.14999,255.76999,0
1973-08-21T11:34:13.000Z,255.15997,255.77997,0
1973-08-21T12:32:15.000Z,255.14999,255.76999,0
1973-08-21T13:37:22.000Z,255.11999,255.73999,0
1973-08-21T14:35:24.000Z,255.15997,255.77997,0
1973-08-21T15:33:17.000Z,255.14999,255.76999,0
1973-08-21T16:31:19.000Z,255.14999,255.76999,0
1973-08-21T17:29:12.000Z,255.14999,255.76999,0
1973-08-21T18:27:14.000Z,255.14999,255.76999,0
1973-08-21T18:56:11.000Z,255.14999,255.76999,0
1973-08-21T19:10:39.000Z,255.14999,255.76999,0
1973-08-21T20:08:41.000Z,255.14999,255.76999,0
1973-08-21T21:06:34.000Z,255.14999,255.76999,0
1973-08-21T22:04:36.000Z,255.14999,255.76999,0
1973-08-21T23:02:29.000Z,255.14048,255.75948,0
1973-08-22T00:00:31.000Z,255.14999,255.76999,0
1973-08-22T00:58:24.000Z,255.14999,255.76999,0
1973-08-22T01:56:26.000Z,255.14999,255.76999,0
1973-08-22T03:01:42.000Z,255.14048,255.75948,0
1973-08-22T03:08:56.000Z,255.14999,255.76999,0
1973-08-22T04:06:49.000Z,255.14048,255.75948,0
1973-08-22T05:04:51.000Z,255.15049,255.76949,0
1973-08-22T06:02:44.000Z,255.14999,255.76999,0
1973-08-22T07:00:46.000Z,255.16047,255.77947,0
1973-08-22T07:58:39.000Z,255.18049,255.79949,0
1973-08-22T08:56:41.000Z,255.17999,255.79999,0
1973-08-22T09:54:34.000Z,255.15049,255.76949,0
1973-08-22T10:52:36.000Z,255.14048,255.75948,0
1973-08-22T11:50:29.000Z,255.18049,255.79949,0
1973-08-22T12:48:31.000Z,255.14048,255.75948,0
1973-08-22T13:46:24.000Z,255.15049,255.76949,0
1973-08-22T14:44:26.000Z,255.14048,255.75948,0
1973-08-22T15:42:19.000Z,255.15049,255.76949,0
1973-08-22T16:40:21.000Z,255.14048,255.75948,0
1973-08-22T17:38:22.000Z,255.15049,255.76949,0
1973-08-22T18:36:16.000Z,255.14048,255.75948,0
1973-08-22T19:34:17.000Z,255.21049,255.82949,0
1973-08-22T20:32:11.000Z,255.18049,255.79949,0
1973-08-22T21:30:12.000Z,255.14048,255.75948,0
1973-08-22T22:28:06.000Z,255.14048,255.75948,0
1973-08-22T23:26:07.000Z,255.14048,255.75948,0
1973-08-23T00:31:15.000Z,255.14098,255.75898,0
1973-08-23T02:10:55.000Z,255.13047,255.74947,0
1973-08-23T03:08:49.000Z,255.17048,255.78948,0
1973-08-23T04:06:50.000Z,255.14098,255.75898,0
1973-08-23T05:04:44.000Z,255.14098,255.75898,0
1973-08-23T06:02:45.000Z,255.17048,255.78948,0
1973-08-23T07:00:39.000Z,255.17048,255.78948,0
1973-08-23T07:58:40.000Z,255.14098,255.75898,0
1973-08-23T08:56:42.000Z,255.13097,255.74897,0
1973-08-23T09:54:35.000Z,255.17098,255.78898,0
1973-08-23T10:52:37.000Z,255.13097,255.74897,0
1973-08-23T11:50:30.000Z,255.14098,255.75898,0
1973-08-23T12:48:32.000Z,255.13097,255.74897,0
1973-08-23T13:46:25.000Z,255.13097,255.74897,0
1973-08-23T14:44:27.000Z,255.17098,255.78898,0
1973-08-23T15:42:20.000Z,255.17098,255.78898,0
1973-08-23T16:40:22.000Z,255.13097,255.74897,0
1973-08-23T17:38:15.000Z,255.17098,255.78898,0
1973-08-23T18:36:17.000Z,255.17098,255.78898,0
1973-08-23T19:34:10.000Z,255.17148,255.78848,0
1973-08-23T20:32:12.000Z,255.20098,255.81898,0
1973-08-23T21:30:05.000Z,255.13097,255.74897,0
1973-08-23T22:28:07.000Z,255.13097,255.74897,0
1973-08-23T22:57:04.000Z,255.17098,255.78898,0
1973-08-23T23:55:05.000Z,255.17098,255.78898,0
1973-08-24T00:52:59.000Z,255.16097,255.77897,0
1973-08-24T01:51:00.000Z,255.13147,255.74847,0
1973-08-24T02:48:54.000Z,255.17148,255.78848,0
1973-08-24T03:46:55.000Z,255.16147,255.77847,0
1973-08-24T04:44:49.000Z,255.17098,255.78898,0
1973-08-24T05:42:50.000Z,255.13147,255.74847,0
1973-08-24T06:40:44.000Z,255.13147,255.74847,0
1973-08-24T07:38:45.000Z,255.17148,255.78848,0
1973-08-24T08:36:39.000Z,255.10147,255.71847,0
1973-08-24T09:34:40.000Z,255.13147,255.74847,0
1973-08-24T10:32:34.000Z,255.13147,255.74847,0
1973-08-24T11:30:35.000Z,255.13147,255.74847,0
1973-08-24T12:28:29.000Z,255.13147,255.74847,0
1973-08-24T13:26:30.000Z,255.13147,255.74847,0
1973-08-24T14:24:24.000Z,255.13147,255.74847,0
1973-08-24T15:22:25.000Z,255.13147,255.74847,0
1973-08-24T16:20:27.000Z,255.13147,255.74847,0
1973-08-24T17:18:20.000Z,255.16147,255.77847,0
1973-08-24T18:16:22.000Z,255.17148,255.78848,0
1973-08-24T19:14:15.000Z,255.16147,255.77847,0
1973-08-24T20:12:17.000Z,255.13147,255.74847,0
1973-08-24T21:10:10.000Z,255.13147,255.74847,0
1973-08-24T22:08:12.000Z,255.13147,255.74847,0
1973-08-24T22:51:37.000Z,255.13147,255.74847,0
1973-08-24T23:20:34.000Z,255.13147,255.74847,0
1973-08-25T00:11:21.000Z,255.13147,255.74847,0
1973-08-25T01:09:14.000Z,255.13147,255.74847,0
1973-08-25T02:07:16.000Z,255.16147,255.77847,0
1973-08-25T02:57:55.000Z,255.16147,255.77847,0
1973-08-25T03:55:57.000Z,255.13147,255.74847,0
1973-08-25T04:53:50.000Z,255.13147,255.74847,0
1973-08-25T05:51:52.000Z,255.13197,255.74797,0
1973-08-25T06:49:45.000Z,255.13147,255.74847,0
1973-08-25T07:47:47.000Z,255.16197,255.77797,0
1973-08-25T08:45:40.000Z,255.13197,255.74797,0
1973-08-25T09:43:42.000Z,255.1915,255.8085,0
1973-08-25T09:58:10.000Z,255.16197,255.77797,0
1973-08-25T10:12:39.000Z,255.16197,255.77797,0
1973-08-25T11:10:40.000Z,255.16197,255.77797,0
1973-08-25T11:39:37.000Z,255.16197,255.77797,0
1973-08-25T12:01:19.000Z,255.16197,255.77797,0
1973-08-25T12:23:02.000Z,255.10197,255.71797,0
1973-08-25T13:06:35.000Z,255.16197,255.77797,0
1973-08-25T13:42:46.000Z,255.12199,255.73799,0
1973-08-25T14:40:48.000Z,255.16197,255.77797,0
1973-08-25T15:38:41.000Z,255.16197,255.77797,0
1973-08-25T16:36:43.000Z,255.16197,255.77797,0
1973-08-25T17:34:36.000Z,255.192,255.808,0
1973-08-25T18:32:38.000Z,255.16197,255.77797,0
1973-08-25T19:30:31.000Z,255.192,255.808,0
1973-08-25T20:35:47.000Z,255.16197,255.77797,0
1973-08-25T20:43:01.000Z,255.16197,255.77797,0
1973-08-25T21:11:58.000Z,255.13197,255.74797,0
1973-08-25T22:17:14.000Z,255.16197,255.77797,0
1973-08-25T23:15:07.000Z,255.16197,255.77797,0
1973-08-26T00:13:09.000Z,255.16197,255.77797,0
1973-08-26T01:11:02.000Z,255.16197,255.77797,0
1973-08-26T02:09:04.000Z,255.192,255.808,0
1973-08-26T03:06:57.000Z,255.16197,255.77797,0
1973-08-26T04:04:59.000Z,255.13197,255.74797,0
1973-08-26T05:02:52.000Z,255.16197,255.77797,0
1973-08-26T06:00:54.000Z,255.192,255.808,0
1973-08-26T06:58:47.000Z,255.192,255.808,0
1973-08-26T07:56:49.000Z,255.192,255.808,0
1973-08-26T08:54:50.000Z,255.13197,255.74797,0
1973-08-26T09:52:44.000Z,255.1925,255.8075,0
1973-08-26T10:50:45.000Z,255.192,255.808,0
1973-08-26T11:48:39.000Z,255.13247,255.74747,0
1973-08-26T12:46:40.000Z,255.1925,255.8075,0
1973-08-26T13:44:34.000Z,255.1925,255.8075,0
1973-08-26T14:42:35.000Z,255.13247,255.74747,0
1973-08-26T15:40:29.000Z,255.16247,255.77747,0
1973-08-26T16:38:30.000Z,255.1925,255.8075,0
1973-08-26T17:36:24.000Z,255.1925,255.8075,0
1973-08-26T18:34:25.000Z,255.192,255.808,0
1973-08-26T19:32:19.000Z,255.1925,255.8075,0
1973-08-26T20:30:20.000Z,255.1925,255.8075,0
1973-08-26T21:28:14.000Z,255.16247,255.77747,0
1973-08-26T22:26:15.000Z,255.16247,255.77747,0
1973-08-26T23:24:09.000Z,255.1925,255.8075,0
1973-08-27T00:22:10.000Z,255.16247,255.77747,0
1973-08-27T01:20:04.000Z,255.1925,255.8075,0
1973-08-27T02:18:05.000Z,255.16247,255.77747,0
1973-08-27T03:15:59.000Z,255.12249,255.73749,0
1973-08-27T04:14:00.000Z,255.16247,255.77747,0
1973-08-27T05:12:02.000Z,255.12249,255.73749,0
1973-08-27T06:09:55.000Z,255.16247,255.77747,0
1973-08-27T07:07:57.000Z,255.16247,255.77747,0
1973-08-27T08:05:50.000Z,255.12249,255.73749,0
1973-08-27T09:03:52.000Z,255.16247,255.77747,0
1973-08-27T10:01:45.000Z,255.16247,255.77747,0
1973-08-27T10:59:47.000Z,255.16247,255.77747,0
1973-08-27T11:57:40.000Z,255.16247,255.77747,0
1973-08-27T12:55:42.000Z,255.16247,255.77747,0
1973-08-27T13:46:21.000Z,255.1925,255.8075,0
1973-08-27T14:35:14.000Z,255.16247,255.77747,0
1973-08-27T15:33:15.000Z,255.16297,255.77697,0
1973-08-27T16:31:09.000Z,255.16297,255.77697,0
1973-08-27T17:29:10.000Z,255.12299,255.73699,0
1973-08-27T18:27:04.000Z,255.16297,255.77697,0
1973-08-27T19:25:05.000Z,255.16297,255.77697,0
1973-08-27T20:22:59.000Z,255.16297,255.77697,0
1973-08-27T21:21:00.000Z,255.16297,255.77697,0
1973-08-27T22:19:02.000Z,255.16297,255.77697,0
1973-08-27T23:16:55.000Z,255.16297,255.77697,0
1973-08-28T00:14:57.000Z,255.16297,255.77697,0
1973-08-28T01:12:50.000Z,255.12299,255.73699,0
1973-08-28T02:10:52.000Z,255.16297,255.77697,0
1973-08-28T03:08:45.000Z,255.16297,255.77697,0
1973-08-28T04:06:47.000Z,255.12299,255.73699,0
1973-08-28T05:04:40.000Z,255.16297,255.77697,0
1973-08-28T06:02:42.000Z,255.12299,255.73699,0
1973-08-28T07:00:36.000Z,255.12299,255.73699,0
1973-08-28T07:29:32.000Z,255.12299,255.73699,0
1973-08-28T08:27:34.000Z,255.16297,255.77697,0
1973-08-28T09:25:35.000Z,255.12299,255.73699,0
1973-08-28T10:23:29.000Z,255.1935,255.8065,0
1973-08-28T11:21:30.000Z,255.12299,255.73699,0
1973-08-28T12:19:24.000Z,255.16297,255.77697,0
1973-08-28T13:17:25.000Z,255.12349,255.73649,0
1973-08-28T14:15:19.000Z,255.12299,255.73699,0
1973-08-28T15:13:20.000Z,255.12299,255.73699,0
1973-08-28T16:11:14.000Z,255.15299,255.76699,0
1973-08-28T16:40:11.000Z,255.12349,255.73649,0
1973-08-28T16:47:33.000Z,255.15299,255.76699,0
1973-08-28T17:45:26.000Z,255.12349,255.73649,0
1973-08-28T18:43:28.000Z,255.12349,255.73649,0
1973-08-28T19:41:21.000Z,255.15349,255.76649,0
1973-08-28T20:39:23.000Z,255.12349,255.73649,0
1973-08-28T21:37:16.000Z,255.16347,255.77647,0
1973-08-28T22:35:18.000Z,255.12349,255.73649,0
1973-08-28T23:33:11.000Z,255.12349,255.73649,0
1973-08-29T00:31:13.000Z,255.12349,255.73649,0
1973-08-29T01:29:06.000Z,255.12349,255.73649,0
1973-08-29T02:27:08.000Z,255.16347,255.77647,0
1973-08-29T02:56:05.000Z,255.12349,255.73649,0
1973-08-29T03:54:06.000Z,255.12349,255.73649,0
1973-08-29T04:52:00.000Z,255.15349,255.76649,0
1973-08-29T05:50:01.000Z,255.12349,255.73649,0
1973-08-29T06:47:55.000Z,255.18349,255.79649,0
1973-08-29T07:45:56.000Z,255.12349,255.73649,0
1973-08-29T08:43:50.000Z,255.1935,255.8065,0
1973-08-29T09:41:51.000Z,255.12349,255.73649,0
1973-08-29T10:39:45.000Z,255.12349,255.73649,0
1973-08-29T11:37:46.000Z,255.12349,255.73649,0
1973-08-29T12:35:40.000Z,255.15349,255.76649,0
1973-08-29T13:37:14.000Z,255.15349,255.76649,0
1973-08-29T14:35:16.000Z,255.15349,255.76649,0
1973-08-29T15:33:09.000Z,255.16397,255.77597,0
1973-08-29T16:31:11.000Z,255.16397,255.77597,0
1973-08-29T17:29:04.000Z,255.12399,255.73599,0
1973-08-29T18:27:06.000Z,255.18349,255.79649,0
1973-08-29T19:24:59.000Z,255.18399,255.79599,0
1973-08-29T20:23:01.000Z,255.11348,255.72648,0
1973-08-29T21:20:54.000Z,255.12399,255.73599,0
1973-08-29T22:18:56.000Z,255.18399,255.79599,0
1973-08-29T23:16:58.000Z,255.15399,255.76599,0
1973-08-30T00:14:51.000Z,255.14398,255.75598,0
1973-08-30T00:43:48.000Z,255.12399,255.73599,0
1973-08-30T00:51:02.000Z,255.18399,255.79599,0
1973-08-30T01:49:03.000Z,255.18399,255.79599,0
1973-08-30T02:46:57.000Z,255.18399,255.79599,0
1973-08-30T03:44:58.000Z,255.18399,255.79599,0
1973-08-30T04:42:52.000Z,255.18399,255.79599,0
1973-08-30T05:40:53.000Z,255.18399,255.79599,0
1973-08-30T06:38:55.000Z,255.15399,255.76599,0
1973-08-30T07:36:48.000Z,255.194,255.806,0
1973-08-30T08:34:50.000Z,255.18399,255.79599,0
1973-08-30T09:32:43.000Z,255.18399,255.79599,0
1973-08-30T10:30:45.000Z,255.15399,255.76599,0
1973-08-30T11:28:38.000Z,255.18399,255.79599,0
1973-08-30T12:26:40.000Z,255.15399,255.76599,0
1973-08-30T13:24:33.000Z,255.18399,255.79599,0
1973-08-30T14:22:35.000Z,255.15399,255.76599,0
1973-08-30T15:20:28.000Z,255.15399,255.76599,0
1973-08-30T16:18:30.000Z,255.18399,255.79599,0
1973-08-30T17:16:23.000Z,255.18399,255.79599,0
1973-08-30T18:14:25.000Z,255.18399,255.79599,0
1973-08-30T19:12:18.000Z,255.18399,255.79599,0
1973-08-30T20:10:20.000Z,255.11398,255.72598,0
1973-08-30T21:08:13.000Z,255.15399,255.76599,0
1973-08-30T22:06:15.000Z,255.18399,255.79599,0
1973-08-30T23:04:08.000Z,255.18399,255.79599,0
1973-08-31T00:02:10.000Z,255.18399,255.79599,0
1973-08-31T01:00:04.000Z,255.18449,255.79549,0
1973-08-31T02:19:48.000Z,255.18399,255.79599,0
1973-08-31T03:17:49.000Z,255.18449,255.79549,0
1973-08-31T04:15:43.000Z,255.18399,255.79599,0
1973-08-31T05:13:44.000Z,255.14448,255.75548,0
1973-08-31T06:11:38.000Z,255.14448,255.75548,0
1973-08-31T07:09:39.000Z,255.18449,255.79549,0
1973-08-31T08:07:33.000Z,255.18449,255.79549,0
1973-08-31T08:58:20.000Z,255.15449,255.76549,0
1973-08-31T09:56:13.000Z,255.18449,255.79549,0
1973-08-31T10:54:15.000Z,255.18449,255.79549,0
1973-08-31T11:52:08.000Z,255.18449,255.79549,0
1973-08-31T12:50:10.000Z,255.15449,255.76549,0
1973-08-31T13:55:18.000Z,255.18449,255.79549,0
1973-08-31T14:24:23.000Z,255.18449,255.79549,0
1973-08-31T14:38:51.000Z,255.18449,255.79549,0
1973-08-31T14:48:49.000Z,255.18449,255.79549,0
1973-08-31T16:12:06.000Z,255.18449,255.79549,0
1973-08-31T17:02:53.000Z,255.14448,255.75548,0
1973-08-31T17:31:50.000Z,255.18449,255.79549,0
1973-08-31T18:22:29.000Z,255.15499,255.76499,0
1973-08-31T19:20:31.000Z,255.18449,255.79549,0
1973-08-31T20:25:39.000Z,255.18499,255.79499,0
1973-08-31T20:32:53.000Z,255.18499,255.79499,0
1973-08-31T21:30:54.000Z,255.15499,255.76499,0
1973-08-31T22:28:48.000Z,255.18449,255.79549,0
1973-08-31T23:26:49.000Z,255.18449,255.79549,0
1973-08-31T23:55:46.000Z,255.18499,255.79499,0
1973-09-01T00:53:48.000Z,255.18449,255.79549,0
1973-09-01T01:51:41.000Z,255.18499,255.79499,0
1973-09-01T02:49:43.000Z,255.18449,255.79549,0
1973-09-01T03:47:36.000Z,255.18499,255.79499,0
1973-09-01T04:45:38.000Z,255.18499,255.79499,0
1973-09-01T05:43:31.000Z,255.18499,255.79499,0
1973-09-01T06:41:33.000Z,255.18499,255.79499,0
1973-09-01T07:39:26.000Z,255.18499,255.79499,0
1973-09-01T08:37:28.000Z,255.18499,255.79499,0
1973-09-01T09:35:21.000Z,255.14498,255.75498,0
1973-09-01T10:33:23.000Z,255.11498,255.72498,0
1973-09-01T11:31:24.000Z,255.18499,255.79499,0
1973-09-01T12:36:32.000Z,255.18499,255.79499,0
1973-09-01T13:27:19.000Z,255.18499,255.79499,0
1973-09-01T14:25:13.000Z,255.18499,255.79499,0
1973-09-01T15:16:00.000Z,255.14498,255.75498,0
1973-09-01T16:13:54.000Z,255.14498,255.75498,0
1973-09-01T17:11:55.000Z,255.18499,255.79499,0
1973-09-01T17:33:38.000Z,255.18499,255.79499,0
1973-09-01T17:55:20.000Z,255.18499,255.79499,0
1973-09-01T19:00:36.000Z,255.15549,255.76449,0
1973-09-01T19:58:29.000Z,255.18549,255.79449,0
1973-09-01T20:56:31.000Z,255.18499,255.79499,0
1973-09-01T21:25:28.000Z,255.18499,255.79499,0
1973-09-01T22:01:39.000Z,255.18549,255.79449,0
1973-09-01T22:59:40.000Z,255.18499,255.79499,0
1973-09-01T23:57:34.000Z,255.18549,255.79449,0
1973-09-02T00:55:35.000Z,255.14548,255.75448,0
1973-09-02T01:10:04.000Z,255.14548,255.75448,0
1973-09-02T02:15:19.000Z,255.18499,255.79499,0
1973-09-02T02:29:48.000Z,255.11548,255.72448,0
1973-09-02T02:58:44.000Z,255.14548,255.75448,0
1973-09-02T03:56:38.000Z,255.14548,255.75448,0
1973-09-02T04:54:39.000Z,255.18549,255.79449,0
1973-09-02T05:52:33.000Z,255.18549,255.79449,0
1973-09-02T06:50:34.000Z,255.18549,255.79449,0
1973-09-02T07:48:36.000Z,255.16547,255.77447,0
1973-09-02T08:46:29.000Z,255.16547,255.77447,0
1973-09-02T09:44:31.000Z,255.1955,255.8045,0
1973-09-02T10:42:24.000Z,255.24499,255.85499,0
1973-09-02T11:40:26.000Z,255.12549,255.73449,0
1973-09-02T12:38:19.000Z,255.20548,255.81448,0
1973-09-02T13:36:21.000Z,255.18549,255.79449,0
1973-09-02T14:34:14.000Z,255.18549,255.79449,0
1973-09-02T15:32:16.000Z,255.1955,255.8045,0
1973-09-02T16:30:09.000Z,255.12549,255.73449,0
1973-09-02T17:28:11.000Z,255.16547,255.77447,0
1973-09-02T18:26:04.000Z,255.13547,255.74447,0
1973-09-02T19:24:06.000Z,255.16547,255.77447,0
1973-09-02T20:21:59.000Z,255.13547,255.74447,0
1973-09-02T20:58:19.000Z,255.17548,255.78448,0
1973-09-02T21:56:12.000Z,255.13547,255.74447,0
1973-09-02T23:01:28.000Z,255.17548,255.78448,0
1973-09-02T23:08:42.000Z,255.14548,255.75448,0
1973-09-03T00:06:35.000Z,255.17548,255.78448,0
1973-09-03T00:35:40.000Z,255.14598,255.75398,0
1973-09-03T01:33:34.000Z,255.17548,255.78448,0
1973-09-03T02:31:35.000Z,255.17548,255.78448,0
1973-09-03T03:29:29.000Z,255.11598,255.72398,0
1973-09-03T04:27:30.000Z,255.11598,255.72398,0
1973-09-03T05:25:24.000Z,255.11598,255.72398,0
1973-09-03T06:23:25.000Z,255.14548,255.75448,0
1973-09-03T07:21:19.000Z,255.15599,255.76399,0
1973-09-03T07:57:38.000Z,255.15599,255.76399,0
1973-09-03T08:55:31.000Z,255.15549,255.76449,0
1973-09-03T09:53:33.000Z,255.15599,255.76399,0
1973-09-03T10:51:26.000Z,255.15599,255.76399,0
1973-09-03T11:27:45.000Z,255.15599,255.76399,0
1973-09-03T12:25:39.000Z,255.15599,255.76399,0
1973-09-03T12:54:35.000Z,255.15599,255.76399,0
1973-09-03T13:09:04.000Z,255.11598,255.72398,0
1973-09-03T14:27:01.000Z,255.15599,255.76399,0
1973-09-03T15:24:55.000Z,255.15599,255.76399,0
1973-09-03T16:22:56.000Z,255.15599,255.76399,0
1973-09-03T17:20:50.000Z,255.15599,255.76399,0
1973-09-03T18:18:51.000Z,255.196,255.804,0
1973-09-03T19:16:53.000Z,255.15599,255.76399,0
1973-09-03T20:14:46.000Z,255.196,255.804,0
1973-09-03T21:12:48.000Z,255.226,255.834,0
1973-09-03T22:10:41.000Z,255.18599,255.79399,0
1973-09-03T22:54:15.000Z,255.15599,255.76399,0
1973-09-03T23:37:40.000Z,255.15599,255.76399,0
1973-09-04T00:35:33.000Z,255.18599,255.79399,0
1973-09-04T01:33:35.000Z,255.15599,255.76399,0
1973-09-04T02:31:28.000Z,255.15599,255.76399,0
1973-09-04T03:29:30.000Z,255.15599,255.76399,0
1973-09-04T04:27:31.000Z,255.15649,255.76349,0
1973-09-04T05:25:25.000Z,255.15649,255.76349,0
1973-09-04T06:23:26.000Z,255.1965,255.8035,0
1973-09-04T07:21:20.000Z,255.15649,255.76349,0
1973-09-04T07:57:31.000Z,255.15649,255.76349,0
1973-09-04T08:55:32.000Z,255.15649,255.76349,0
1973-09-04T09:53:26.000Z,255.15649,255.76349,0
1973-09-04T10:51:27.000Z,255.15649,255.76349,0
1973-09-04T11:49:29.000Z,255.18649,255.79349,0
1973-09-04T12:47:22.000Z,255.18649,255.79349,0
1973-09-04T13:45:24.000Z,255.16647,255.77347,0
1973-09-04T13:59:52.000Z,255.18649,255.79349,0
1973-09-04T14:14:20.000Z,255.15649,255.76349,0
1973-09-04T15:12:14.000Z,255.15649,255.76349,0
1973-09-04T16:10:15.000Z,255.1965,255.8035,0
1973-09-04T17:08:09.000Z,255.1965,255.8035,0
1973-09-04T18:06:10.000Z,255.15649,255.76349,0
1973-09-04T19:04:04.000Z,255.15649,255.76349,0
1973-09-04T20:02:05.000Z,255.15649,255.76349,0
1973-09-04T21:00:07.000Z,255.197,255.803,0
1973-09-04T21:58:00.000Z,255.15699,255.76299,0
1973-09-04T22:56:02.000Z,255.15649,255.76349,0
1973-09-04T23:53:56.000Z,255.15649,255.76349,0
1973-09-05T00:51:57.000Z,255.15699,255.76299,0
1973-09-05T01:49:51.000Z,255.15699,255.76299,0
1973-09-05T02:47:52.000Z,255.15699,255.76299,0
1973-09-05T03:45:46.000Z,255.15699,255.76299,0
1973-09-05T04:43:47.000Z,255.197,255.803,0
1973-09-05T05:41:41.000Z,255.197,255.803,0
1973-09-05T06:39:42.000Z,255.1965,255.8035,0
1973-09-05T07:37:36.000Z,255.15699,255.76299,0
1973-09-05T08:35:37.000Z,255.197,255.803,0
1973-09-05T09:33:31.000Z,255.197,255.803,0
1973-09-05T10:31:32.000Z,255.15699,255.76299,0
1973-09-05T11:29:26.000Z,255.18699,255.79299,0
1973-09-05T12:27:27.000Z,255.197,255.803,0
1973-09-05T13:25:21.000Z,255.18699,255.79299,0
1973-09-05T14:23:22.000Z,255.227,255.833,0
1973-09-05T15:21:24.000Z,255.197,255.803,0
1973-09-05T16:19:17.000Z,255.197,255.803,0
1973-09-05T17:17:19.000Z,255.16697,255.77297,0
1973-09-05T18:15:12.000Z,255.227,255.833,0
1973-09-05T19:13:14.000Z,255.197,255.803,0
1973-09-05T20:47:26.000Z,255.227,255.833,0
1973-09-05T21:45:20.000Z,255.197,255.803,0
1973-09-05T22:43:21.000Z,255.16697,255.77297,0
1973-09-05T23:41:15.000Z,255.197,255.803,0
1973-09-06T00:39:16.000Z,255.227,255.833,0
1973-09-06T01:37:10.000Z,255.18749,255.79249,0
1973-09-06T01:58:52.000Z,255.1975,255.8025,0
1973-09-06T02:56:54.000Z,255.18749,255.79249,0
1973-09-06T03:54:47.000Z,255.18749,255.79249,0
1973-09-06T04:52:49.000Z,255.18749,255.79249,0
1973-09-06T05:50:42.000Z,255.2275,255.8325,0
1973-09-06T06:48:44.000Z,255.227,255.833,0
1973-09-06T07:46:45.000Z,255.227,255.833,0
1973-09-06T08:44:39.000Z,255.2275,255.8325,0
1973-09-06T09:42:40.000Z,255.15749,255.76249,0
1973-09-06T10:40:34.000Z,255.227,255.833,0
1973-09-06T11:24:07.000Z,255.18749,255.79249,0
1973-09-06T12:22:00.000Z,255.1975,255.8025,0
1973-09-06T13:20:02.000Z,255.15749,255.76249,0
1973-09-06T14:17:56.000Z,255.198,255.802,0
1973-09-06T15:01:29.000Z,255.2275,255.8325,0
1973-09-06T15:30:25.000Z,255.18749,255.79249,0
1973-09-06T16:21:05.000Z,255.198,255.802,0
1973-09-06T17:11:52.000Z,255.1975,255.8025,0
1973-09-06T17:55:17.000Z,255.1975,255.8025,0
1973-09-06T18:31:28.000Z,255.15749,255.76249,0
1973-09-06T18:53:19.000Z,255.15799,255.76199,0
1973-09-06T19:29:30.000Z,255.1975,255.8025,0
1973-09-06T20:27:31.000Z,255.228,255.832,0
1973-09-06T21:03:42.000Z,255.18799,255.79199,0
1973-09-06T22:01:36.000Z,255.1975,255.8025,0
1973-09-06T23:06:51.000Z,255.198,255.802,0
1973-09-07T00:04:53.000Z,255.18799,255.79199,0
1973-09-07T01:02:46.000Z,255.18799,255.79199,0
1973-09-07T02:00:48.000Z,255.228,255.832,0
1973-09-07T02:58:41.000Z,255.18799,255.79199,0
1973-09-07T03:56:43.000Z,255.198,255.802,0
1973-09-07T04:54:36.000Z,255.228,255.832,0
1973-09-07T05:52:38.000Z,255.15799,255.76199,0
1973-09-07T07:21:23.000Z,255.228,255.832,0
1973-09-07T07:57:34.000Z,255.15799,255.76199,0
1973-09-07T08:04:48.000Z,255.15799,255.76199,0
1973-09-07T08:33:44.000Z,255.198,255.802,0
1973-09-07T09:31:46.000Z,255.18799,255.79199,0
1973-09-07T10:29:48.000Z,255.228,255.832,0
1973-09-07T11:27:41.000Z,255.228,255.832,0
1973-09-07T12:25:43.000Z,255.15849,255.76149,0
1973-09-07T13:23:36.000Z,255.228,255.832,0
1973-09-07T14:21:38.000Z,255.228,255.832,0
1973-09-07T15:19:31.000Z,255.18849,255.79149,0
1973-09-07T16:17:33.000Z,255.18799,255.79199,0
1973-09-07T17:15:26.000Z,255.198,255.802,0
1973-09-07T17:58:59.000Z,255.1985,255.8015,0
1973-09-07T18:49:39.000Z,255.18849,255.79149,0
1973-09-07T19:47:40.000Z,255.18849,255.79149,0
1973-09-07T20:09:23.000Z,255.228,255.832,0
1973-09-07T21:07:16.000Z,255.2285,255.8315,0
1973-09-07T22:05:18.000Z,255.228,255.832,0
1973-09-07T23:03:11.000Z,255.18849,255.79149,0
1973-09-08T00:01:13.000Z,255.2285,255.8315,0
1973-09-08T00:59:14.000Z,255.2285,255.8315,0
1973-09-08T02:04:22.000Z,255.2285,255.8315,0
1973-09-08T02:11:36.000Z,255.2285,255.8315,0
1973-09-08T03:09:38.000Z,255.2285,255.8315,0
1973-09-08T04:07:31.000Z,255.2285,255.8315,0
1973-09-08T05:05:33.000Z,255.2285,255.8315,0
1973-09-08T06:03:26.000Z,255.2285,255.8315,0
1973-09-08T07:01:28.000Z,255.2285,255.8315,0
1973-09-08T07:59:21.000Z,255.1985,255.8015,0
1973-09-08T08:57:23.000Z,255.2285,255.8315,0
1973-09-08T09:55:16.000Z,255.2285,255.8315,0
1973-09-08T10:53:18.000Z,255.2285,255.8315,0
1973-09-08T11:51:19.000Z,255.2285,255.8315,0
1973-09-08T12:49:13.000Z,255.1985,255.8015,0
1973-09-08T13:47:14.000Z,255.2285,255.8315,0
1973-09-08T14:45:08.000Z,255.2285,255.8315,0
1973-09-08T15:43:09.000Z,255.2285,255.8315,0
1973-09-08T16:33:49.000Z,255.2285,255.8315,0
1973-09-08T17:10:08.000Z,255.2585,255.8615,0
1973-09-08T17:31:50.000Z,255.2285,255.8315,0
1973-09-08T18:29:44.000Z,255.199,255.801,0
1973-09-08T19:27:45.000Z,255.2285,255.8315,0
1973-09-08T19:42:14.000Z,255.15899,255.76099,0
1973-09-08T20:40:07.000Z,255.2285,255.8315,0
1973-09-08T21:38:09.000Z,255.1985,255.8015,0
1973-09-08T22:36:10.000Z,255.2285,255.8315,0
1973-09-08T23:34:04.000Z,255.229,255.831,0
1973-09-09T00:32:05.000Z,255.229,255.831,0
1973-09-09T01:29:59.000Z,255.199,255.801,0
1973-09-09T02:28:00.000Z,255.199,255.801,0
1973-09-09T03:25:54.000Z,255.2585,255.8615,0
1973-09-09T04:23:55.000Z,255.199,255.801,0
1973-09-09T05:21:49.000Z,255.15899,255.76099,0
1973-09-09T06:19:50.000Z,255.15899,255.76099,0
1973-09-09T07:17:44.000Z,255.18899,255.79099,0
1973-09-09T08:15:45.000Z,255.199,255.801,0
1973-09-09T09:13:39.000Z,255.15899,255.76099,0
1973-09-09T10:11:40.000Z,255.18949,255.79049,0
1973-09-09T11:09:34.000Z,255.15899,255.76099,0
1973-09-09T12:07:35.000Z,255.18899,255.79099,0
1973-09-09T13:05:37.000Z,255.18899,255.79099,0
1973-09-09T14:03:30.000Z,255.229,255.831,0
1973-09-09T15:01:32.000Z,255.18899,255.79099,0
1973-09-09T15:59:25.000Z,255.229,255.831,0
1973-09-09T16:57:27.000Z,255.18899,255.79099,0
1973-09-09T17:55:20.000Z,255.18899,255.79099,0
1973-09-09T18:53:22.000Z,255.18949,255.79049,0
1973-09-09T19:51:15.000Z,255.18899,255.79099,0
1973-09-09T20:49:17.000Z,255.2295,255.8305,0
1973-09-09T21:47:10.000Z,255.229,255.831,0
1973-09-09T22:45:12.000Z,255.229,255.831,0
1973-09-09T23:21:23.000Z,255.229,255.831,0
1973-09-10T00:19:24.000Z,255.18949,255.79049,0
1973-09-10T01:17:18.000Z,255.2295,255.8305,0
1973-09-10T01:53:37.000Z,255.229,255.831,0
1973-09-10T02:58:44.000Z,255.229,255.831,0
1973-09-10T03:35:03.000Z,255.2295,255.8305,0
1973-09-10T04:32:57.000Z,255.2295,255.8305,0
1973-09-10T05:30:58.000Z,255.229,255.831,0
1973-09-10T06:28:52.000Z,255.2295,255.8305,0
1973-09-10T07:26:53.000Z,255.2295,255.8305,0
1973-09-10T08:24:47.000Z,255.1995,255.8005,0
1973-09-10T09:22:48.000Z,255.1995,255.8005,0
1973-09-10T10:20:42.000Z,255.2295,255.8305,0
1973-09-10T11:18:44.000Z,255.1995,255.8005,0
1973-09-10T12:16:37.000Z,255.1995,255.8005,0
1973-09-10T13:14:39.000Z,255.2295,255.8305,0
1973-09-10T14:44:21.000Z,255.2295,255.8305,0
1973-09-10T14:58:49.000Z,255.2295,255.8305,0
1973-09-10T15:56:42.000Z,255.2295,255.8305,0
1973-09-10T16:54:44.000Z,255.1995,255.8005,0
1973-09-10T17:38:09.000Z,255.2295,255.8305,0
1973-09-10T18:36:11.000Z,255.2295,255.8305,0
1973-09-10T19:34:04.000Z,255.1995,255.8005,0
1973-09-10T20:32:06.000Z,255.18999,255.78999,0
1973-09-10T21:29:59.000Z,255.15949,255.76049,0
1973-09-10T22:28:01.000Z,255.18949,255.79049,0
1973-09-10T23:25:54.000Z,255.2,255.8,0
1973-09-11T00:23:56.000Z,255.15999,255.75999,0
1973-09-11T01:21:57.000Z,255.23,255.83,0
1973-09-11T02:19:51.000Z,255.18999,255.78999,0
1973-09-11T03:17:52.000Z,255.15999,255.75999,0
1973-09-11T04:15:46.000Z,255.15999,255.75999,0
1973-09-11T05:13:47.000Z,255.18999,255.78999,0
1973-09-11T06:11:41.000Z,255.2,255.8,0
1973-09-11T06:40:46.000Z,255.21999,255.81999,0
1973-09-11T07:38:39.000Z,255.21999,255.81999,0
1973-09-11T08:36:41.000Z,255.18999,255.78999,0
1973-09-11T09:34:34.000Z,255.26,255.86,0
1973-09-11T10:32:36.000Z,255.18999,255.78999,0
1973-09-11T11:30:29.000Z,255.18999,255.78999,0
1973-09-11T12:28:31.000Z,255.15999,255.75999,0
1973-09-11T13:26:24.000Z,255.18999,255.78999,0
1973-09-11T14:24:26.000Z,255.15999,255.75999,0
1973-09-11T15:29:33.000Z,255.18999,255.78999,0
1973-09-11T15:44:02.000Z,255.15999,255.75999,0
1973-09-11T16:12:58.000Z,255.18999,255.78999,0
1973-09-11T16:56:23.000Z,255.23,255.83,0
1973-09-11T17:03:38.000Z,255.23,255.83,0
1973-09-11T18:01:39.000Z,255.18999,255.78999,0
1973-09-11T18:59:41.000Z,255.23,255.83,0
1973-09-11T19:57:42.000Z,255.18999,255.78999,0
1973-09-11T20:55:36.000Z,255.15999,255.75999,0
1973-09-11T21:53:21.000Z,255.2,255.8,0
1973-09-11T22:50:58.000Z,255.18999,255.78999,0
1973-09-11T23:48:43.000Z,255.2305,255.8295,0
1973-09-12T00:46:20.000Z,255.18999,255.78999,0
1973-09-12T01:44:05.000Z,255.19049,255.78949,0
1973-09-12T02:41:51.000Z,255.18999,255.78999,0
1973-09-12T02:48:57.000Z,255.18999,255.78999,0
1973-09-12T02:57:57.000Z,255.23,255.83,0
1973-09-12T04:03:05.000Z,255.2,255.8,0
1973-09-12T05:01:06.000Z,255.23,255.83,0
1973-09-12T05:59:00.000Z,255.2305,255.8295,0
1973-09-12T06:57:01.000Z,255.2305,255.8295,0
1973-09-12T07:55:03.000Z,255.23,255.83,0
1973-09-12T08:52:56.000Z,255.2305,255.8295,0
1973-09-12T09:50:58.000Z,255.19049,255.78949,0
1973-09-12T10:48:52.000Z,255.2305,255.8295,0
1973-09-12T11:46:53.000Z,255.2305,255.8295,0
1973-09-12T12:44:47.000Z,255.19049,255.78949,0
1973-09-12T13:42:48.000Z,255.16049,255.75949,0
1973-09-12T14:04:31.000Z,255.2005,255.7995,0
1973-09-12T14:57:54.000Z,255.2305,255.8295,0
1973-09-12T15:55:55.000Z,255.2005,255.7995,0
1973-09-12T16:53:49.000Z,255.2005,255.7995,0
1973-09-12T17:51:50.000Z,255.16049,255.75949,0
1973-09-12T18:49:44.000Z,255.16049,255.75949,0
1973-09-12T19:47:45.000Z,255.2305,255.8295,0
1973-09-12T20:45:39.000Z,255.2005,255.7995,0
1973-09-12T21:43:40.000Z,255.2005,255.7995,0
1973-09-12T22:41:42.000Z,255.2305,255.8295,0
1973-09-12T23:39:35.000Z,255.2005,255.7995,0
1973-09-13T00:37:37.000Z,255.19049,255.78949,0
1973-09-13T01:35:30.000Z,255.2005,255.7995,0
1973-09-13T02:33:32.000Z,255.2005,255.7995,0
1973-09-13T03:31:25.000Z,255.2305,255.8295,0
1973-09-13T04:29:27.000Z,255.16049,255.75949,0
1973-09-13T05:27:20.000Z,255.201,255.799,0
1973-09-13T06:25:22.000Z,255.2005,255.7995,0
1973-09-13T07:23:15.000Z,255.2005,255.7995,0
1973-09-13T08:21:17.000Z,255.2005,255.7995,0
1973-09-13T09:19:10.000Z,255.2305,255.8295,0
1973-09-13T10:17:12.000Z,255.16099,255.75899,0
1973-09-13T11:15:05.000Z,255.16049,255.75949,0
1973-09-13T12:13:07.000Z,255.2005,255.7995,0
1973-09-13T13:11:09.000Z,255.201,255.799,0
1973-09-13T14:09:02.000Z,255.16099,255.75899,0
1973-09-13T15:07:04.000Z,255.201,255.799,0
1973-09-13T16:04:57.000Z,255.201,255.799,0
1973-09-13T17:02:59.000Z,255.16099,255.75899,0
1973-09-13T18:00:52.000Z,255.201,255.799,0
1973-09-13T18:58:54.000Z,255.19099,255.78899,0
1973-09-13T19:56:47.000Z,255.201,255.799,0
1973-09-13T20:54:49.000Z,255.16099,255.75899,0
1973-09-13T21:52:42.000Z,255.13099,255.72899,0
1973-09-13T22:50:44.000Z,255.231,255.829,0
1973-09-13T23:48:37.000Z,255.19099,255.78899,0
1973-09-14T00:32:10.000Z,255.231,255.829,0
1973-09-14T01:30:04.000Z,255.13099,255.72899,0
1973-09-14T02:28:05.000Z,255.231,255.829,0
1973-09-14T02:57:02.000Z,255.19099,255.78899,0
1973-09-14T03:55:04.000Z,255.2015,255.7985,0
1973-09-14T04:52:57.000Z,255.19099,255.78899,0
1973-09-14T05:50:59.000Z,255.19149,255.78849,0
1973-09-14T06:48:52.000Z,255.16149,255.75849,0
1973-09-14T07:46:54.000Z,255.19149,255.78849,0
1973-09-14T08:44:47.000Z,255.201,255.799,0
1973-09-14T09:42:49.000Z,255.2315,255.8285,0
1973-09-14T10:40:42.000Z,255.2015,255.7985,0
1973-09-14T11:38:44.000Z,255.2015,255.7985,0
1973-09-14T12:36:37.000Z,255.16149,255.75849,0
1973-09-14T13:50:04.000Z,255.2315,255.8285,0
1973-09-14T14:47:58.000Z,255.2015,255.7985,0
1973-09-14T16:00:28.000Z,255.2015,255.7985,0
1973-09-14T16:58:21.000Z,255.16149,255.75849,0
1973-09-14T17:56:23.000Z,255.16149,255.75849,0
1973-09-14T18:54:24.000Z,255.2015,255.7985,0
1973-09-14T19:52:18.000Z,255.2015,255.7985,0
1973-09-14T20:50:19.000Z,255.2015,255.7985,0
1973-09-14T21:48:13.000Z,255.16149,255.75849,0
1973-09-14T22:46:14.000Z,255.16149,255.75849,0
1973-09-14T23:44:08.000Z,255.16149,255.75849,0
1973-09-14T23:58:36.000Z,255.2015,255.7985,0
1973-09-15T00:56:38.000Z,255.16149,255.75849,0
1973-09-15T01:54:31.000Z,255.16149,255.75849,0
1973-09-15T02:52:33.000Z,255.16149,255.75849,0
1973-09-15T03:50:26.000Z,255.16149,255.75849,0
1973-09-15T04:48:28.000Z,255.16149,255.75849,0
1973-09-15T05:46:21.000Z,255.16149,255.75849,0
1973-09-15T06:44:23.000Z,255.16149,255.75849,0
1973-09-15T07:42:24.000Z,255.16149,255.75849,0
1973-09-15T08:40:18.000Z,255.19149,255.78849,0
1973-09-15T09:38:19.000Z,255.16149,255.75849,0
1973-09-15T10:36:13.000Z,255.16149,255.75849,0
1973-09-15T11:34:14.000Z,255.19199,255.78799,0
1973-09-15T12:32:08.000Z,255.2315,255.8285,0
1973-09-15T13:30:09.000Z,255.19149,255.78849,0
1973-09-15T14:28:03.000Z,255.16149,255.75849,0
1973-09-15T15:26:04.000Z,255.16149,255.75849,0
1973-09-15T16:23:58.000Z,255.16199,255.75799,0
1973-09-15T17:21:59.000Z,255.16199,255.75799,0
1973-09-15T18:19:53.000Z,255.22199,255.81799,0
1973-09-15T19:17:54.000Z,255.19199,255.78799,0
1973-09-15T20:15:48.000Z,255.15198,255.74798,0
1973-09-15T21:13:49.000Z,255.16199,255.75799,0
1973-09-15T22:11:43.000Z,255.15198,255.74798,0
1973-09-15T23:09:44.000Z,255.22199,255.81799,0
1973-09-16T00:07:38.000Z,255.18198,255.77798,0
1973-09-16T01:05:39.000Z,255.18198,255.77798,0
1973-09-16T02:03:41.000Z,255.18198,255.77798,0
1973-09-16T03:01:34.000Z,255.18198,255.77798,0
1973-09-16T03:59:36.000Z,255.14197,255.73797,0
1973-09-16T04:57:29.000Z,255.14197,255.73797,0
1973-09-16T05:55:31.000Z,255.17247,255.76747,0
1973-09-16T06:53:24.000Z,255.17247,255.76747,0
1973-09-16T07:51:26.000Z,255.17247,255.76747,0
1973-09-16T08:49:19.000Z,255.17197,255.76797,0
1973-09-16T09:47:21.000Z,255.17247,255.76747,0
1973-09-16T10:45:14.000Z,255.16249,255.75749,0
1973-09-16T11:43:16.000Z,255.19249,255.78749,0
1973-09-16T12:41:09.000Z,255.19249,255.78749,0
1973-09-16T13:39:11.000Z,255.16249,255.75749,0
1973-09-16T14:37:04.000Z,255.16249,255.75749,0
1973-09-16T15:35:06.000Z,255.18198,255.77798,0
1973-09-16T16:32:59.000Z,255.18198,255.77798,0
1973-09-16T17:31:01.000Z,255.21198,255.80798,0
1973-09-16T18:28:54.000Z,255.16249,255.75749,0
1973-09-16T19:26:56.000Z,255.21198,255.80798,0
1973-09-16T20:24:58.000Z,255.19199,255.78799,0
1973-09-16T21:22:51.000Z,255.16249,255.75749,0
1973-09-16T22:20:53.000Z,255.14247,255.73747,0
1973-09-16T23:18:46.000Z,255.15248,255.74748,0
1973-09-17T00:16:48.000Z,255.15248,255.74748,0
1973-09-17T01:14:41.000Z,255.13249,255.72749,0
1973-09-17T02:12:43.000Z,255.16249,255.75749,0
1973-09-17T03:10:36.000Z,255.16249,255.75749,0
1973-09-17T04:08:38.000Z,255.16249,255.75749,0
1973-09-17T05:06:31.000Z,255.19249,255.78749,0
1973-09-17T06:04:33.000Z,255.18248,255.77748,0
1973-09-17T07:02:26.000Z,255.22249,255.81749,0
1973-09-17T08:00:28.000Z,255.14247,255.73747,0
1973-09-17T08:58:21.000Z,255.15248,255.74748,0
1973-09-17T09:56:23.000Z,255.14247,255.73747,0
1973-09-17T10:54:16.000Z,255.18248,255.77748,0
1973-09-17T11:52:18.000Z,255.17247,255.76747,0
1973-09-17T12:50:11.000Z,255.14247,255.73747,0
1973-09-17T13:48:13.000Z,255.17247,255.76747,0
1973-09-17T14:35:19.000Z,255.17247,255.76747,0
1973-09-17T14:57:01.000Z,255.17247,255.76747,0
1973-09-17T15:55:03.000Z,255.17247,255.76747,0
1973-09-17T16:52:56.000Z,255.2025,255.7975,0
1973-09-17T17:50:58.000Z,255.13299,255.72699,0
1973-09-17T18:48:52.000Z,255.2025,255.7975,0
1973-09-17T19:46:53.000Z,255.2025,255.7975,0
1973-09-17T20:44:47.000Z,255.2025,255.7975,0
1973-09-17T21:42:48.000Z,255.15248,255.74748,0
1973-09-17T22:40:42.000Z,255.16249,255.75749,0
1973-09-17T23:38:43.000Z,255.13249,255.72749,0
1973-09-18T00:36:37.000Z,255.15298,255.74698,0
1973-09-18T01:34:38.000Z,255.12248,255.71748,0
1973-09-18T02:32:32.000Z,255.19299,255.78699,0
1973-09-18T02:54:22.000Z,255.19249,255.78749,0
1973-09-18T03:52:16.000Z,255.15298,255.74698,0
1973-09-18T04:50:17.000Z,255.15298,255.74698,0
1973-09-18T05:48:11.000Z,255.18298,255.77698,0
1973-09-18T06:46:12.000Z,255.18298,255.77698,0
1973-09-18T07:44:06.000Z,255.18298,255.77698,0
1973-09-18T08:42:07.000Z,255.18298,255.77698,0
1973-09-18T09:40:01.000Z,255.18298,255.77698,0
1973-09-18T10:38:02.000Z,255.18298,255.77698,0
1973-09-18T11:35:56.000Z,255.18298,255.77698,0
1973-09-18T12:26:43.000Z,255.18298,255.77698,0
1973-09-18T12:41:11.000Z,255.18298,255.77698,0
1973-09-18T13:39:05.000Z,255.18298,255.77698,0
1973-09-18T14:37:06.000Z,255.18298,255.77698,0
1973-09-18T15:35:00.000Z,255.18298,255.77698,0
1973-09-18T16:33:01.000Z,255.18298,255.77698,0
1973-09-18T17:31:03.000Z,255.18298,255.77698,0
1973-09-18T18:28:56.000Z,255.18298,255.77698,0
1973-09-18T19:26:58.000Z,255.21298,255.80698,0
1973-09-18T20:24:52.000Z,255.21298,255.80698,0
1973-09-18T21:22:53.000Z,255.21298,255.80698,0
1973-09-18T22:20:47.000Z,255.18298,255.77698,0
1973-09-18T23:18:48.000Z,255.18298,255.77698,0
1973-09-19T00:16:42.000Z,255.21298,255.80698,0
1973-09-19T01:14:43.000Z,255.18348,255.77648,0
1973-09-19T02:12:37.000Z,255.18348,255.77648,0
1973-09-19T03:10:38.000Z,255.17297,255.76697,0
1973-09-19T04:08:32.000Z,255.17347,255.76647,0
1973-09-19T04:52:05.000Z,255.14347,255.73647,0
1973-09-19T05:06:33.000Z,255.17347,255.76647,0
1973-09-19T06:04:27.000Z,255.21348,255.80648,0
1973-09-19T07:02:28.000Z,255.17347,255.76647,0
1973-09-19T08:00:22.000Z,255.17347,255.76647,0
1973-09-19T08:58:23.000Z,255.21348,255.80648,0
1973-09-19T09:56:17.000Z,255.17297,255.76697,0
1973-09-19T10:54:18.000Z,255.17347,255.76647,0
1973-09-19T11:52:12.000Z,255.17347,255.76647,0
1973-09-19T12:50:13.000Z,255.18348,255.77648,0
1973-09-19T14:08:03.000Z,255.17297,255.76697,0
1973-09-19T14:44:22.000Z,255.17347,255.76647,0
1973-09-19T15:20:33.000Z,255.17347,255.76647,0
1973-09-19T16:18:34.000Z,255.17347,255.76647,0
1973-09-19T17:16:28.000Z,255.17347,255.76647,0
1973-09-19T18:14:29.000Z,255.17347,255.76647,0
1973-09-19T19:12:23.000Z,255.17347,255.76647,0
1973-09-19T20:10:24.000Z,255.17347,255.76647,0
1973-09-19T21:08:18.000Z,255.2035,255.7965,0
1973-09-19T22:06:19.000Z,255.2035,255.7965,0
1973-09-19T23:04:13.000Z,255.2035,255.7965,0
1973-09-20T00:02:14.000Z,255.17347,255.76647,0
1973-09-20T01:00:08.000Z,255.17397,255.76597,0
1973-09-20T01:58:09.000Z,255.2035,255.7965,0
1973-09-20T02:56:03.000Z,255.17347,255.76647,0
1973-09-20T03:54:04.000Z,255.17397,255.76597,0
1973-09-20T04:51:58.000Z,255.2035,255.7965,0
1973-09-20T05:49:59.000Z,255.16349,255.75649,0
1973-09-20T06:47:53.000Z,255.2035,255.7965,0
1973-09-20T07:45:54.000Z,255.19399,255.78599,0
1973-09-20T08:43:56.000Z,255.19399,255.78599,0
1973-09-20T09:41:49.000Z,255.234,255.826,0
1973-09-20T10:39:51.000Z,255.234,255.826,0
1973-09-20T11:37:44.000Z,255.19399,255.78599,0
1973-09-20T12:35:46.000Z,255.2335,255.8265,0
1973-09-20T13:40:53.000Z,255.234,255.826,0
1973-09-20T14:38:55.000Z,255.204,255.796,0
1973-09-20T14:53:23.000Z,255.234,255.826,0
1973-09-20T15:51:17.000Z,255.234,255.826,0
1973-09-20T16:49:18.000Z,255.234,255.826,0
1973-09-20T17:47:12.000Z,255.15398,255.74598,0
1973-09-20T18:45:13.000Z,255.234,255.826,0
1973-09-20T19:43:07.000Z,255.19399,255.78599,0
1973-09-20T20:41:08.000Z,255.15398,255.74598,0
1973-09-20T21:39:10.000Z,255.15398,255.74598,0
1973-09-20T22:37:03.000Z,255.15398,255.74598,0
1973-09-20T23:35:05.000Z,255.12398,255.71598,0
1973-09-21T00:32:58.000Z,255.15398,255.74598,0
1973-09-21T01:31:00.000Z,255.15448,255.74548,0
1973-09-21T02:28:53.000Z,255.15398,255.74598,0
1973-09-21T03:26:55.000Z,255.234,255.826,0
1973-09-21T04:24:48.000Z,255.19399,255.78599,0
1973-09-21T08:52:58.000Z,255.15448,255.74548,0
1973-09-21T09:50:51.000Z,255.15448,255.74548,0
1973-09-21T10:48:53.000Z,255.15448,255.74548,0
1973-09-21T11:46:46.000Z,255.18398,255.77598,0
1973-09-21T12:36:36.000Z,255.19449,255.78549,0
1973-09-21T13:34:38.000Z,255.15448,255.74548,0
1973-09-21T14:32:31.000Z,255.19449,255.78549,0
1973-09-21T15:30:33.000Z,255.15448,255.74548,0
1973-09-21T16:28:26.000Z,255.18398,255.77598,0
1973-09-21T17:33:42.000Z,255.15448,255.74548,0
1973-09-21T18:31:35.000Z,255.15448,255.74548,0
1973-09-21T19:29:37.000Z,255.18448,255.77548,0
1973-09-21T20:27:30.000Z,255.21448,255.80548,0
1973-09-21T21:25:32.000Z,255.18448,255.77548,0
1973-09-21T22:23:25.000Z,255.21448,255.80548,0
1973-09-21T23:21:27.000Z,255.15448,255.74548,0
1973-09-22T00:19:20.000Z,255.15448,255.74548,0
1973-09-22T01:17:22.000Z,255.21448,255.80548,0
1973-09-22T02:58:48.000Z,255.18498,255.77498,0
1973-09-22T03:56:42.000Z,255.21448,255.80548,0
1973-09-22T04:54:44.000Z,255.21448,255.80548,0
1973-09-22T05:52:37.000Z,255.18448,255.77548,0
1973-09-22T06:50:39.000Z,255.17447,255.76547,0
1973-09-22T07:48:32.000Z,255.17447,255.76547,0
1973-09-22T08:32:05.000Z,255.21448,255.80548,0
1973-09-22T09:01:02.000Z,255.18498,255.77498,0
1973-09-22T09:22:44.000Z,255.21448,255.80548,0
1973-09-22T09:29:59.000Z,255.17447,255.76547,0
1973-09-22T09:44:27.000Z,255.21448,255.80548,0
1973-09-22T10:42:29.000Z,255.21448,255.80548,0
1973-09-22T11:25:54.000Z,255.18448,255.77548,0
1973-09-22T12:23:55.000Z,255.21448,255.80548,0
1973-09-22T13:21:49.000Z,255.21448,255.80548,0
1973-09-22T14:05:22.000Z,255.21448,255.80548,0
1973-09-22T15:03:15.000Z,255.21448,255.80548,0
1973-09-22T16:01:17.000Z,255.21448,255.80548,0
1973-09-22T16:59:10.000Z,255.17447,255.76547,0
1973-09-22T17:57:12.000Z,255.21498,255.80498,0
1973-09-22T18:55:05.000Z,255.18498,255.77498,0
1973-09-22T19:53:07.000Z,255.25449,255.84549,0
1973-09-22T20:51:00.000Z,255.21448,255.80548,0
1973-09-22T21:49:02.000Z,255.18498,255.77498,0
1973-09-22T22:47:03.000Z,255.21498,255.80498,0
1973-09-22T23:44:57.000Z,255.21498,255.80498,0
1973-09-23T00:06:39.000Z,255.21498,255.80498,0
1973-09-23T01:04:41.000Z,255.21498,255.80498,0
1973-09-23T02:02:34.000Z,255.17497,255.76497,0
1973-09-23T03:00:36.000Z,255.21498,255.80498,0
1973-09-23T03:58:29.000Z,255.24498,255.83498,0
1973-09-23T04:56:31.000Z,255.17497,255.76497,0
1973-09-23T05:54:24.000Z,255.17497,255.76497,0
1973-09-23T06:52:26.000Z,255.21498,255.80498,0
1973-09-23T07:50:19.000Z,255.21498,255.80498,0
1973-09-23T08:48:21.000Z,255.21498,255.80498,0
1973-09-23T09:46:14.000Z,255.21498,255.80498,0
1973-09-23T10:44:16.000Z,255.17497,255.76497,0
1973-09-23T11:42:18.000Z,255.17497,255.76497,0
1973-09-23T12:40:11.000Z,255.17497,255.76497,0
1973-09-23T13:38:13.000Z,255.205,255.795,0
1973-09-23T14:36:06.000Z,255.17497,255.76497,0
1973-09-23T15:34:08.000Z,255.205,255.795,0
1973-09-23T16:32:01.000Z,255.205,255.795,0
1973-09-23T17:30:03.000Z,255.17497,255.76497,0
1973-09-23T18:27:56.000Z,255.21498,255.80498,0
1973-09-23T19:18:44.000Z,255.17497,255.76497,0
1973-09-23T20:16:37.000Z,255.205,255.795,0
1973-09-23T21:14:39.000Z,255.205,255.795,0
1973-09-23T22:12:32.000Z,255.14497,255.73497,0
1973-09-23T23:10:34.000Z,255.2055,255.7945,0
1973-09-23T23:32:16.000Z,255.205,255.795,0
1973-09-24T00:01:13.000Z,255.17547,255.76447,0
1973-09-24T00:59:14.000Z,255.17547,255.76447,0
1973-09-24T01:49:54.000Z,255.17547,255.76447,0
1973-09-24T02:47:55.000Z,255.17497,255.76497,0
1973-09-24T03:45:49.000Z,255.17497,255.76497,0
1973-09-24T04:43:50.000Z,255.17497,255.76497,0
1973-09-24T05:41:44.000Z,255.17547,255.76447,0
1973-09-24T06:03:26.000Z,255.17547,255.76447,0
1973-09-24T07:01:28.000Z,255.17547,255.76447,0
1973-09-24T07:59:29.000Z,255.17547,255.76447,0
1973-09-24T08:57:23.000Z,255.2055,255.7945,0
1973-09-24T09:55:24.000Z,255.17547,255.76447,0
1973-09-24T10:53:18.000Z,255.17547,255.76447,0
1973-09-24T11:51:19.000Z,255.205,255.795,0
1973-09-24T12:49:13.000Z,255.17547,255.76447,0
1973-09-24T13:25:24.000Z,255.17547,255.76447,0
1973-09-24T14:17:08.000Z,255.17547,255.76447,0
1973-09-24T15:15:02.000Z,255.2055,255.7945,0
1973-09-24T15:36:44.000Z,255.17547,255.76447,0
1973-09-24T16:34:46.000Z,255.2055,255.7945,0
1973-09-24T17:32:39.000Z,255.17547,255.76447,0
1973-09-24T18:30:41.000Z,255.17547,255.76447,0
1973-09-24T19:28:34.000Z,255.2055,255.7945,0
1973-09-24T20:26:36.000Z,255.17547,255.76447,0
1973-09-24T21:24:29.000Z,255.24548,255.83448,0
1973-09-24T22:22:31.000Z,255.2055,255.7945,0
1973-09-24T23:20:24.000Z,255.21548,255.80448,0
1973-09-25T00:18:26.000Z,255.2055,255.7945,0
1973-09-25T01:30:56.000Z,255.2055,255.7945,0
1973-09-25T02:28:49.000Z,255.2055,255.7945,0
1973-09-25T02:50:32.000Z,255.2055,255.7945,0
1973-09-25T03:48:33.000Z,255.2055,255.7945,0
1973-09-25T04:46:27.000Z,255.2055,255.7945,0
1973-09-25T05:44:28.000Z,255.2055,255.7945,0
1973-09-25T06:42:22.000Z,255.17597,255.76397,0
1973-09-25T06:56:58.000Z,255.17547,255.76447,0
1973-09-25T07:54:52.000Z,255.17597,255.76397,0
1973-09-25T08:52:53.000Z,255.17597,255.76397,0
1973-09-25T09:50:47.000Z,255.17547,255.76447,0
1973-09-25T10:56:03.000Z,255.17597,255.76397,0
1973-09-25T11:53:56.000Z,255.17597,255.76397,0
1973-09-25T12:51:58.000Z,255.17597,255.76397,0
1973-09-25T13:49:51.000Z,255.206,255.794,0
1973-09-25T14:47:53.000Z,255.206,255.794,0
1973-09-25T15:45:46.000Z,255.17597,255.76397,0
1973-09-25T16:43:48.000Z,255.2355,255.8245,0
1973-09-25T17:41:41.000Z,255.2355,255.8245,0
1973-09-25T18:39:43.000Z,255.206,255.794,0
1973-09-25T19:37:36.000Z,255.17597,255.76397,0
1973-09-25T20:35:38.000Z,255.206,255.794,0
1973-09-25T21:33:39.000Z,255.206,255.794,0
1973-09-25T21:55:22.000Z,255.17597,255.76397,0
1973-09-25T22:53:15.000Z,255.17597,255.76397,0
1973-09-25T23:51:17.000Z,255.17597,255.76397,0
1973-09-26T00:49:10.000Z,255.17597,255.76397,0
1973-09-26T01:47:12.000Z,255.206,255.794,0
1973-09-26T02:45:05.000Z,255.17597,255.76397,0
1973-09-26T02:59:34.000Z,255.17597,255.76397,0
1973-09-26T03:28:38.000Z,255.206,255.794,0
1973-09-26T04:26:32.000Z,255.206,255.794,0
1973-09-26T04:55:37.000Z,255.206,255.794,0
1973-09-26T05:53:30.000Z,255.17597,255.76397,0
1973-09-26T06:51:32.000Z,255.206,255.794,0
1973-09-26T07:49:25.000Z,255.13649,255.72349,0
1973-09-26T08:47:27.000Z,255.2065,255.7935,0
1973-09-26T09:16:23.000Z,255.206,255.794,0
1973-09-26T10:14:17.000Z,255.17647,255.76347,0
1973-09-26T10:21:31.000Z,255.17647,255.76347,0
1973-09-26T10:36:08.000Z,255.236,255.824,0
1973-09-26T10:43:22.000Z,255.17597,255.76397,0
1973-09-26T11:26:47.000Z,255.2065,255.7935,0
1973-09-26T12:24:48.000Z,255.236,255.824,0
1973-09-26T13:00:59.000Z,255.16649,255.75349,0
1973-09-26T13:37:10.000Z,255.2065,255.7935,0
1973-09-26T14:35:12.000Z,255.236,255.824,0
1973-09-26T15:33:05.000Z,255.2065,255.7935,0
1973-09-26T16:31:07.000Z,255.2065,255.7935,0
1973-09-26T17:29:00.000Z,255.2065,255.7935,0
1973-09-26T18:27:02.000Z,255.17647,255.76347,0
1973-09-26T19:24:55.000Z,255.17647,255.76347,0
1973-09-26T20:56:24.000Z,255.17647,255.76347,0
1973-09-26T21:54:25.000Z,255.2065,255.7935,0
1973-09-26T22:52:19.000Z,255.17647,255.76347,0
1973-09-26T23:50:20.000Z,255.2065,255.7935,0
1973-09-27T00:48:14.000Z,255.2065,255.7935,0
1973-09-27T01:46:15.000Z,255.2065,255.7935,0
1973-09-27T02:44:09.000Z,255.16649,255.75349,0
1973-09-27T03:42:10.000Z,255.2065,255.7935,0
1973-09-27T04:40:12.000Z,255.16649,255.75349,0
1973-09-27T05:38:05.000Z,255.13649,255.72349,0
1973-09-27T06:36:07.000Z,255.17647,255.76347,0
1973-09-27T07:41:15.000Z,255.17697,255.76297,0
1973-09-27T08:02:57.000Z,255.17697,255.76297,0
1973-09-27T09:00:59.000Z,255.207,255.793,0
1973-09-27T10:06:06.000Z,255.17647,255.76347,0
1973-09-27T10:49:40.000Z,255.17697,255.76297,0
1973-09-27T10:56:54.000Z,255.2065,255.7935,0
1973-09-27T11:11:22.000Z,255.17697,255.76297,0
1973-09-27T11:40:19.000Z,255.207,255.793,0
1973-09-27T12:02:10.000Z,255.17697,255.76297,0
1973-09-27T12:09:24.000Z,255.16699,255.75299,0
1973-09-27T12:31:06.000Z,255.16649,255.75349,0
1973-09-27T13:00:03.000Z,255.2065,255.7935,0
1973-09-27T13:58:05.000Z,255.19699,255.78299,0
1973-09-27T14:55:58.000Z,255.207,255.793,0
1973-09-27T15:54:00.000Z,255.16699,255.75299,0
1973-09-27T16:51:53.000Z,255.16699,255.75299,0
1973-09-27T17:49:55.000Z,255.16699,255.75299,0
1973-09-27T18:47:48.000Z,255.16699,255.75299,0
1973-09-27T19:45:50.000Z,255.207,255.793,0
1973-09-27T20:43:43.000Z,255.16699,255.75299,0
1973-09-27T20:58:11.000Z,255.207,255.793,0
1973-09-27T21:20:02.000Z,255.13699,255.72299,0
1973-09-27T22:17:56.000Z,255.207,255.793,0
1973-09-27T23:15:57.000Z,255.207,255.793,0
1973-09-28T00:13:51.000Z,255.16699,255.75299,0
1973-09-28T01:11:52.000Z,255.207,255.793,0
1973-09-28T02:09:46.000Z,255.16699,255.75299,0
1973-09-28T03:07:47.000Z,255.19699,255.78299,0
1973-09-28T04:05:41.000Z,255.17697,255.76297,0
1973-09-28T05:03:42.000Z,255.207,255.793,0
1973-09-28T05:54:21.000Z,255.16699,255.75299,0
1973-09-28T06:16:04.000Z,255.19699,255.78299,0
1973-09-28T06:37:55.000Z,255.237,255.823,0
1973-09-28T06:59:37.000Z,255.237,255.823,0
1973-09-28T07:50:16.000Z,255.207,255.793,0
1973-09-28T07:57:31.000Z,255.2075,255.7925,0
1973-09-28T08:19:21.000Z,255.207,255.793,0
1973-09-28T08:33:50.000Z,255.16749,255.75249,0
1973-09-28T08:41:04.000Z,255.16699,255.75299,0
1973-09-28T09:38:57.000Z,255.2075,255.7925,0
1973-09-28T09:53:26.000Z,255.207,255.793,0
1973-09-28T10:58:41.000Z,255.207,255.793,0
1973-09-28T11:56:35.000Z,255.207,255.793,0
1973-09-28T12:32:54.000Z,255.2075,255.7925,0
1973-09-28T13:30:47.000Z,255.19699,255.78299,0
1973-09-28T14:34:16.000Z,255.16749,255.75249,0
1973-09-28T14:41:31.000Z,255.2075,255.7925,0
1973-09-28T15:24:56.000Z,255.2075,255.7925,0
1973-09-28T16:22:57.000Z,255.2075,255.7925,0
1973-09-28T17:20:51.000Z,255.16749,255.75249,0
1973-09-28T18:26:07.000Z,255.16749,255.75249,0
1973-09-28T19:09:32.000Z,255.19749,255.78249,0
1973-09-28T20:07:33.000Z,255.16749,255.75249,0
1973-09-28T21:05:27.000Z,255.2075,255.7925,0
1973-09-28T22:03:28.000Z,255.19749,255.78249,0
1973-09-28T23:01:22.000Z,255.2375,255.8225,0
1973-09-28T23:59:23.000Z,255.2375,255.8225,0
1973-09-29T00:57:17.000Z,255.19749,255.78249,0
1973-09-29T01:55:18.000Z,255.19749,255.78249,0
1973-09-29T02:53:12.000Z,255.19749,255.78249,0
1973-09-29T03:51:13.000Z,255.19749,255.78249,0
1973-09-29T04:49:07.000Z,255.19749,255.78249,0
1973-09-29T04:56:21.000Z,255.16749,255.75249,0
1973-09-29T05:03:43.000Z,255.19749,255.78249,0
1973-09-29T05:32:40.000Z,255.19749,255.78249,0
1973-09-29T06:01:37.000Z,255.19749,255.78249,0
1973-09-29T06:16:05.000Z,255.19749,255.78249,0
1973-09-29T06:45:02.000Z,255.2375,255.8225,0
1973-09-29T07:14:07.000Z,255.19749,255.78249,0
1973-09-29T07:21:21.000Z,255.19749,255.78249,0
1973-09-29T07:43:03.000Z,255.19749,255.78249,0
1973-09-29T08:12:00.000Z,255.16749,255.75249,0
1973-09-29T08:55:33.000Z,255.19749,255.78249,0
1973-09-29T09:17:16.000Z,255.19749,255.78249,0
1973-09-29T09:38:58.000Z,255.19749,255.78249,0
1973-09-29T09:53:27.000Z,255.2075,255.7925,0
1973-09-29T10:00:41.000Z,255.16749,255.75249,0
1973-09-29T10:22:23.000Z,255.19749,255.78249,0
1973-09-29T10:51:28.000Z,255.19749,255.78249,0
1973-09-29T11:56:36.000Z,255.19749,255.78249,0
1973-09-29T12:11:04.000Z,255.19749,255.78249,0
1973-09-29T12:40:09.000Z,255.19749,255.78249,0
1973-09-29T13:09:06.000Z,255.16749,255.75249,0
1973-09-29T13:23:34.000Z,255.19749,255.78249,0
1973-09-29T13:38:02.000Z,255.2375,255.8225,0
1973-09-29T14:06:59.000Z,255.2375,255.8225,0
1973-09-29T15:05:01.000Z,255.16749,255.75249,0
1973-09-29T15:33:57.000Z,255.16749,255.75249,0
1973-09-29T16:31:59.000Z,255.22749,255.81249,0
1973-09-29T16:39:13.000Z,255.16749,255.75249,0
1973-09-29T16:53:42.000Z,255.19749,255.78249,0
1973-09-29T17:00:56.000Z,255.19749,255.78249,0
1973-09-29T17:58:57.000Z,255.19749,255.78249,0
1973-09-29T18:13:26.000Z,255.19749,255.78249,0
1973-09-29T19:04:05.000Z,255.19749,255.78249,0
1973-09-29T19:40:16.000Z,255.22749,255.81249,0
1973-09-29T20:02:07.000Z,255.19749,255.78249,0
1973-09-29T21:00:00.000Z,255.19749,255.78249,0
1973-09-29T21:58:02.000Z,255.19749,255.78249,0
1973-09-29T22:55:55.000Z,255.2375,255.8225,0
1973-09-29T23:39:28.000Z,255.19749,255.78249,0
1973-09-30T00:01:11.000Z,255.16749,255.75249,0
1973-09-30T00:59:04.000Z,255.19749,255.78249,0
1973-09-30T01:42:37.000Z,255.19749,255.78249,0
1973-09-30T01:49:52.000Z,255.19799,255.78199,0
1973-09-30T02:54:59.000Z,255.19749,255.78249,0
1973-09-30T03:24:04.000Z,255.19749,255.78249,0
1973-09-30T04:21:57.000Z,255.19749,255.78249,0
1973-09-30T05:19:59.000Z,255.19799,255.78199,0
1973-09-30T06:25:07.000Z,255.19749,255.78249,0
1973-09-30T06:32:21.000Z,255.19799,255.78199,0
1973-09-30T07:08:40.000Z,255.19799,255.78199,0
1973-09-30T08:06:33.000Z,255.19799,255.78199,0
1973-09-30T09:26:17.000Z,255.19799,255.78199,0
1973-09-30T09:55:14.000Z,255.19799,255.78199,0
1973-09-30T10:09:42.000Z,255.19799,255.78199,0
1973-09-30T10:16:57.000Z,255.19799,255.78199,0
1973-09-30T11:00:30.000Z,255.238,255.822,0
1973-09-30T11:14:58.000Z,255.2375,255.8225,0
1973-09-30T11:43:55.000Z,255.19799,255.78199,0
1973-09-30T12:34:42.000Z,255.22799,255.81199,0
1973-09-30T13:32:36.000Z,255.16799,255.75199,0
1973-09-30T14:30:37.000Z,255.19799,255.78199,0
1973-09-30T15:28:31.000Z,255.22799,255.81199,0
1973-09-30T16:26:32.000Z,255.19799,255.78199,0
1973-09-30T17:24:26.000Z,255.19799,255.78199,0
1973-09-30T18:22:27.000Z,255.19799,255.78199,0
1973-09-30T19:20:21.000Z,255.19799,255.78199,0
1973-09-30T20:18:22.000Z,255.19799,255.78199,0
1973-09-30T20:47:19.000Z,255.22799,255.81199,0
1973-09-30T21:23:30.000Z,255.22799,255.81199,0
1973-09-30T22:21:23.000Z,255.19799,255.78199,0
1973-09-30T23:19:25.000Z,255.15798,255.74198,0
1973-10-01T00:17:27.000Z,255.19799,255.78199,0
1973-10-01T01:15:20.000Z,255.19799,255.78199,0
1973-10-01T02:13:22.000Z,255.19799,255.78199,0
1973-10-01T03:11:23.000Z,255.19799,255.78199,0
1973-10-01T04:09:17.000Z,255.18848,255.77148,0
1973-10-01T05:07:18.000Z,255.19799,255.78199,0
1973-10-01T06:05:12.000Z,255.22799,255.81199,0
1973-10-01T07:24:56.000Z,255.18848,255.77148,0
1973-10-01T08:15:35.000Z,255.238,255.822,0
1973-10-01T08:37:17.000Z,255.15798,255.74198,0
1973-10-01T08:59:08.000Z,255.19799,255.78199,0
1973-10-01T09:13:37.000Z,255.19799,255.78199,0
1973-10-01T09:49:47.000Z,255.18848,255.77148,0
1973-10-01T09:57:02.000Z,255.22799,255.81199,0
1973-10-01T10:11:30.000Z,255.19849,255.78149,0
1973-10-01T10:40:35.000Z,255.19849,255.78149,0
1973-10-01T10:55:03.000Z,255.19799,255.78199,0
1973-10-01T11:52:57.000Z,255.19849,255.78149,0
1973-10-01T12:50:58.000Z,255.22799,255.81199,0
1973-10-01T13:48:52.000Z,255.19849,255.78149,0
1973-10-01T14:46:53.000Z,255.19849,255.78149,0
1973-10-01T15:44:47.000Z,255.19849,255.78149,0
1973-10-01T16:42:48.000Z,255.19849,255.78149,0
1973-10-01T17:40:42.000Z,255.18848,255.77148,0
1973-10-01T18:38:43.000Z,255.19849,255.78149,0
1973-10-01T19:36:37.000Z,255.2085,255.7915,0
1973-10-01T20:34:38.000Z,255.17847,255.76147,0
1973-10-01T21:32:32.000Z,255.19849,255.78149,0
1973-10-01T22:16:05.000Z,255.18848,255.77148,0
1973-10-01T22:30:33.000Z,255.18848,255.77148,0
1973-10-01T23:28:27.000Z,255.19849,255.78149,0
1973-10-02T00:26:28.000Z,255.21848,255.80148,0
1973-10-02T01:24:30.000Z,255.15898,255.74098,0
1973-10-02T02:22:23.000Z,255.19899,255.78099,0
1973-10-02T03:20:25.000Z,255.24898,255.83098,0
1973-10-02T05:04:27.000Z,255.16849,255.75149,0
1973-10-02T06:02:29.000Z,255.18898,255.77098,0
1973-10-02T07:00:22.000Z,255.18848,255.77148,0
1973-10-02T07:58:24.000Z,255.21848,255.80148,0
1973-10-02T08:56:17.000Z,255.18848,255.77148,0
1973-10-02T09:54:19.000Z,255.18848,255.77148,0
1973-10-02T10:52:20.000Z,255.18848,255.77148,0
1973-10-02T11:50:14.000Z,255.18848,255.77148,0
1973-10-02T12:48:15.000Z,255.22849,255.81149,0
1973-10-02T13:46:09.000Z,255.22849,255.81149,0
1973-10-02T14:44:10.000Z,255.18898,255.77098,0
1973-10-02T15:42:04.000Z,255.18898,255.77098,0
1973-10-02T16:40:05.000Z,255.22899,255.81099,0
1973-10-02T17:37:59.000Z,255.22899,255.81099,0
1973-10-02T18:36:00.000Z,255.209,255.791,0
1973-10-02T19:33:54.000Z,255.18898,255.77098,0
1973-10-02T20:31:55.000Z,255.19899,255.78099,0
1973-10-02T21:15:20.000Z,255.19899,255.78099,0
1973-10-02T22:13:22.000Z,255.19899,255.78099,0
1973-10-02T23:11:07.000Z,255.19899,255.78099,0
1973-10-03T00:09:17.000Z,255.16899,255.75099,0
1973-10-03T01:07:11.000Z,255.16899,255.75099,0
1973-10-03T01:57:50.000Z,255.16899,255.75099,0
1973-10-03T02:55:51.000Z,255.16899,255.75099,0
1973-10-03T03:53:53.000Z,255.209,255.791,0
1973-10-03T04:51:46.000Z,255.16949,255.75049,0
1973-10-03T05:49:48.000Z,255.19899,255.78099,0
1973-10-03T06:47:41.000Z,255.16949,255.75049,0
1973-10-03T07:45:43.000Z,255.16949,255.75049,0
1973-10-03T08:43:36.000Z,255.16949,255.75049,0
1973-10-03T09:41:38.000Z,255.16949,255.75049,0
1973-10-03T10:39:31.000Z,255.16949,255.75049,0
1973-10-03T11:37:33.000Z,255.239,255.821,0
1973-10-03T12:35:35.000Z,255.239,255.821,0
1973-10-03T13:33:28.000Z,255.239,255.821,0
1973-10-03T14:31:30.000Z,255.16949,255.75049,0
1973-10-03T15:29:23.000Z,255.239,255.821,0
1973-10-03T16:49:07.000Z,255.16949,255.75049,0
1973-10-03T17:47:01.000Z,255.2095,255.7905,0
1973-10-03T18:45:02.000Z,255.2395,255.8205,0
1973-10-03T19:42:56.000Z,255.16949,255.75049,0
1973-10-03T20:40:57.000Z,255.16949,255.75049,0
1973-10-03T21:38:51.000Z,255.2095,255.7905,0
1973-10-03T22:36:52.000Z,255.19949,255.78049,0
1973-10-03T23:34:54.000Z,255.2095,255.7905,0
1973-10-04T00:32:47.000Z,255.21,255.79,0
1973-10-04T01:30:49.000Z,255.2095,255.7905,0
1973-10-04T02:28:42.000Z,255.2395,255.8205,0
1973-10-04T02:57:39.000Z,255.2095,255.7905,0
1973-10-04T03:55:40.000Z,255.2395,255.8205,0
1973-10-04T04:53:34.000Z,255.24,255.82,0
1973-10-04T05:51:35.000Z,255.24,255.82,0
1973-10-04T06:06:04.000Z,255.2395,255.8205,0
1973-10-04T07:04:05.000Z,255.2395,255.8205,0
1973-10-04T08:01:59.000Z,255.16999,255.74999,0
1973-10-04T09:00:00.000Z,255.16999,255.74999,0
1973-10-04T09:57:54.000Z,255.16999,255.74999,0
1973-10-04T10:55:55.000Z,255.16999,255.74999,0
1973-10-04T11:53:49.000Z,255.19949,255.78049,0
1973-10-04T12:51:50.000Z,255.16999,255.74999,0
1973-10-04T13:49:44.000Z,255.19999,255.77999,0
1973-10-04T14:47:45.000Z,255.21,255.79,0
1973-10-04T15:45:39.000Z,255.16999,255.74999,0
1973-10-04T16:43:40.000Z,255.16999,255.74999,0
1973-10-04T17:41:34.000Z,255.16999,255.74999,0
1973-10-04T18:39:35.000Z,255.16999,255.74999,0
1973-10-04T19:08:32.000Z,255.16999,255.74999,0
1973-10-04T19:23:01.000Z,255.16999,255.74999,0
1973-10-04T19:37:29.000Z,255.16999,255.74999,0
1973-10-04T20:35:30.000Z,255.21,255.79,0
1973-10-04T21:18:56.000Z,255.16999,255.74999,0
1973-10-04T21:33:24.000Z,255.16999,255.74999,0
1973-10-04T22:16:57.000Z,255.16999,255.74999,0
1973-10-04T22:45:54.000Z,255.21,255.79,0
1973-10-04T23:43:55.000Z,255.16999,255.74999,0
1973-10-05T00:41:49.000Z,255.17049,255.74949,0
1973-10-05T00:56:17.000Z,255.21,255.79,0
1973-10-05T01:54:19.000Z,255.2105,255.7895,0
1973-10-05T02:52:12.000Z,255.17049,255.74949,0
1973-10-05T03:50:14.000Z,255.24,255.82,0
1973-10-05T04:48:07.000Z,255.2105,255.7895,0
1973-10-05T05:46:09.000Z,255.24,255.82,0
1973-10-05T06:44:10.000Z,255.20049,255.77949,0
1973-10-05T07:42:04.000Z,255.17049,255.74949,0
1973-10-05T08:40:05.000Z,255.20049,255.77949,0
1973-10-05T09:37:59.000Z,255.2405,255.8195,0
1973-10-05T10:36:00.000Z,255.2105,255.7895,0
1973-10-05T11:33:54.000Z,255.2405,255.8195,0
1973-10-05T12:31:55.000Z,255.2405,255.8195,0
1973-10-05T13:44:17.000Z,255.2405,255.8195,0
1973-10-05T13:58:54.000Z,255.2405,255.8195,0
1973-10-05T14:56:47.000Z,255.20049,255.77949,0
1973-10-05T16:07:22.000Z,255.2405,255.8195,0
1973-10-05T16:50:56.000Z,255.2705,255.8495,0
1973-10-05T17:05:24.000Z,255.2105,255.7895,0
1973-10-05T17:19:52.000Z,255.2405,255.8195,0
1973-10-05T17:56:03.000Z,255.2405,255.8195,0
1973-10-05T18:17:54.000Z,255.2405,255.8195,0
1973-10-05T18:39:36.000Z,255.20049,255.77949,0
1973-10-05T19:01:19.000Z,255.21,255.79,0
1973-10-05T19:15:47.000Z,255.2105,255.7895,0
1973-10-05T20:13:49.000Z,255.2105,255.7895,0
1973-10-05T21:11:42.000Z,255.2405,255.8195,0
1973-10-05T22:09:44.000Z,255.2405,255.8195,0
1973-10-05T23:07:37.000Z,255.2405,255.8195,0
1973-10-06T00:05:39.000Z,255.2405,255.8195,0
1973-10-06T01:03:32.000Z,255.2105,255.7895,0
1973-10-06T02:01:34.000Z,255.2405,255.8195,0
1973-10-06T02:59:27.000Z,255.2405,255.8195,0
1973-10-06T03:57:29.000Z,255.2405,255.8195,0
1973-10-06T04:55:22.000Z,255.2405,255.8195,0
1973-10-06T05:53:24.000Z,255.20049,255.77949,0
1973-10-06T06:51:26.000Z,255.2405,255.8195,0
1973-10-06T07:34:51.000Z,255.2405,255.8195,0
1973-10-06T08:32:44.000Z,255.2405,255.8195,0
1973-10-06T09:16:17.000Z,255.2405,255.8195,0
1973-10-06T09:30:46.000Z,255.20049,255.77949,0
1973-10-06T09:59:42.000Z,255.2405,255.8195,0
1973-10-06T10:43:16.000Z,255.2405,255.8195,0
1973-10-06T10:57:44.000Z,255.2405,255.8195,0
1973-10-06T11:33:55.000Z,255.2405,255.8195,0
1973-10-06T12:02:52.000Z,255.20049,255.77949,0
1973-10-06T12:24:42.000Z,255.2405,255.8195,0
1973-10-06T12:46:25.000Z,255.2405,255.8195,0
1973-10-06T13:44:18.000Z,255.2105,255.7895,0
1973-10-06T14:42:20.000Z,255.2405,255.8195,0
1973-10-06T15:47:27.000Z,255.2405,255.8195,0
1973-10-06T16:45:29.000Z,255.2105,255.7895,0
1973-10-06T17:43:31.000Z,255.241,255.819,0
1973-10-06T18:41:24.000Z,255.20049,255.77949,0
1973-10-06T19:39:26.000Z,255.2405,255.8195,0
1973-10-06T20:37:19.000Z,255.20049,255.77949,0
1973-10-06T21:35:21.000Z,255.2405,255.8195,0
1973-10-06T22:33:14.000Z,255.241,255.819,0
1973-10-06T23:31:16.000Z,255.241,255.819,0
1973-10-07T00:29:09.000Z,255.241,255.819,0
1973-10-07T01:27:11.000Z,255.241,255.819,0
1973-10-07T02:25:04.000Z,255.17099,255.74899,0
1973-10-07T03:23:06.000Z,255.2705,255.8495,0
1973-10-07T04:20:59.000Z,255.20099,255.77899,0
1973-10-07T05:19:01.000Z,255.241,255.819,0
1973-10-07T06:17:02.000Z,255.241,255.819,0
1973-10-07T07:14:56.000Z,255.241,255.819,0
1973-10-07T07:43:52.000Z,255.241,255.819,0
1973-10-07T07:58:21.000Z,255.241,255.819,0
1973-10-07T08:34:40.000Z,255.241,255.819,0
1973-10-07T08:49:08.000Z,255.271,255.849,0
1973-10-07T09:25:19.000Z,255.20149,255.77849,0
1973-10-07T09:39:47.000Z,255.241,255.819,0
1973-10-07T09:54:24.000Z,255.271,255.849,0
1973-10-07T10:30:35.000Z,255.271,255.849,0
1973-10-07T11:28:28.000Z,255.271,255.849,0
1973-10-07T12:26:30.000Z,255.241,255.819,0
1973-10-07T13:24:23.000Z,255.271,255.849,0
1973-10-07T14:22:25.000Z,255.241,255.819,0
1973-10-07T15:20:26.000Z,255.241,255.819,0
1973-10-07T16:18:20.000Z,255.20099,255.77899,0
1973-10-07T16:40:02.000Z,255.241,255.819,0
1973-10-07T17:38:04.000Z,255.241,255.819,0
1973-10-07T18:35:57.000Z,255.241,255.819,0
1973-10-07T19:33:59.000Z,255.241,255.819,0
1973-10-07T20:31:52.000Z,255.23099,255.80899,0
1973-10-07T21:29:54.000Z,255.23099,255.80899,0
1973-10-07T22:13:19.000Z,255.2415,255.8185,0
1973-10-07T23:04:06.000Z,255.23099,255.80899,0
1973-10-08T00:02:00.000Z,255.2415,255.8185,0
1973-10-08T01:00:01.000Z,255.241,255.819,0
1973-10-08T01:57:55.000Z,255.2115,255.7885,0
1973-10-08T02:55:56.000Z,255.20149,255.77849,0
1973-10-08T03:53:50.000Z,255.271,255.849,0
1973-10-08T04:51:51.000Z,255.23149,255.80849,0
1973-10-08T05:57:07.000Z,255.2415,255.8185,0
1973-10-08T06:40:32.000Z,255.2715,255.8485,0
1973-10-08T07:38:34.000Z,255.23149,255.80849,0
1973-10-08T08:36:27.000Z,255.20149,255.77849,0
1973-10-08T08:58:10.000Z,255.20149,255.77849,0
1973-10-08T09:12:38.000Z,255.272,255.848,0
1973-10-08T09:27:15.000Z,255.20149,255.77849,0
1973-10-08T10:25:08.000Z,255.2415,255.8185,0
1973-10-08T11:23:10.000Z,255.242,255.818,0
1973-10-08T12:21:03.000Z,255.2415,255.8185,0
1973-10-08T13:19:05.000Z,255.2415,255.8185,0
1973-10-08T14:16:58.000Z,255.2415,255.8185,0
1973-10-08T15:33:01.000Z,255.20199,255.77799,0
1973-10-08T15:47:38.000Z,255.20149,255.77849,0
1973-10-08T16:45:31.000Z,255.242,255.818,0
1973-10-08T17:43:33.000Z,255.242,255.818,0
1973-10-08T18:41:26.000Z,255.242,255.818,0
1973-10-08T19:39:28.000Z,255.242,255.818,0
1973-10-08T20:37:21.000Z,255.242,255.818,0
1973-10-08T21:35:23.000Z,255.272,255.848,0
1973-10-08T22:33:16.000Z,255.20199,255.77799,0
1973-10-08T23:31:18.000Z,255.272,255.848,0
1973-10-09T00:29:11.000Z,255.242,255.818,0
1973-10-09T01:27:13.000Z,255.212,255.788,0
1973-10-09T02:25:06.000Z,255.2715,255.8485,0
1973-10-09T03:23:08.000Z,255.272,255.848,0
1973-10-09T04:21:09.000Z,255.3015,255.8785,0
1973-10-09T05:04:34.000Z,255.272,255.848,0
1973-10-09T05:47:59.000Z,255.242,255.818,0
1973-10-09T06:46:01.000Z,255.23199,255.80799,0
1973-10-09T07:43:54.000Z,255.242,255.818,0
1973-10-09T08:41:56.000Z,255.23199,255.80799,0
1973-10-09T09:03:39.000Z,255.272,255.848,0
1973-10-09T10:01:40.000Z,255.272,255.848,0
1973-10-09T10:59:34.000Z,255.272,255.848,0
1973-10-09T11:57:35.000Z,255.23199,255.80799,0
1973-10-09T12:55:29.000Z,255.23199,255.80799,0
1973-10-09T13:53:30.000Z,255.272,255.848,0
1973-10-09T14:51:24.000Z,255.23199,255.80799,0
1973-10-09T15:49:25.000Z,255.242,255.818,0
1973-10-09T16:47:19.000Z,255.242,255.818,0
1973-10-09T17:45:20.000Z,255.242,255.818,0
1973-10-09T18:43:22.000Z,255.2725,255.8475,0
1973-10-09T19:41:15.000Z,255.2725,255.8475,0
1973-10-09T20:39:17.000Z,255.20249,255.77749,0
1973-10-09T21:37:10.000Z,255.20249,255.77749,0
1973-10-09T22:35:12.000Z,255.2425,255.8175,0
1973-10-09T23:33:05.000Z,255.23249,255.80749,0
1973-10-10T00:31:07.000Z,255.2425,255.8175,0
1973-10-10T01:29:00.000Z,255.20249,255.77749,0
1973-10-10T02:27:02.000Z,255.20249,255.77749,0
1973-10-10T03:24:55.000Z,255.23199,255.80799,0
1973-10-10T04:22:57.000Z,255.20249,255.77749,0
1973-10-10T05:20:50.000Z,255.2425,255.8175,0
1973-10-10T06:13:24.000Z,255.2425,255.8175,0
1973-10-10T07:11:26.000Z,255.20249,255.77749,0
1973-10-10T07:33:08.000Z,255.2425,255.8175,0
1973-10-10T08:31:02.000Z,255.20249,255.77749,0
1973-10-10T09:29:03.000Z,255.2425,255.8175,0
1973-10-10T10:27:05.000Z,255.2425,255.8175,0
1973-10-10T11:24:58.000Z,255.2425,255.8175,0
1973-10-10T12:23:00.000Z,255.2425,255.8175,0
1973-10-10T13:20:53.000Z,255.2725,255.8475,0
1973-10-10T14:18:55.000Z,255.2725,255.8475,0
1973-10-10T15:16:48.000Z,255.2425,255.8175,0
1973-10-10T16:14:50.000Z,255.23249,255.80749,0
1973-10-10T17:12:43.000Z,255.2425,255.8175,0
1973-10-10T18:10:45.000Z,255.2425,255.8175,0
1973-10-10T19:08:38.000Z,255.2725,255.8475,0
1973-10-10T20:06:40.000Z,255.2725,255.8475,0
1973-10-10T21:04:33.000Z,255.2125,255.7875,0
1973-10-10T22:02:35.000Z,255.2425,255.8175,0
1973-10-10T23:00:28.000Z,255.273,255.847,0
1973-10-10T23:51:16.000Z,255.23249,255.80749,0
1973-10-11T00:05:44.000Z,255.2725,255.8475,0
1973-10-11T00:27:27.000Z,255.2125,255.7875,0
1973-10-11T00:49:09.000Z,255.2725,255.8475,0
1973-10-11T01:25:28.000Z,255.243,255.817,0
1973-10-11T02:23:22.000Z,255.273,255.847,0
1973-10-11T03:21:23.000Z,255.23249,255.80749,0
1973-10-11T04:19:17.000Z,255.2425,255.8175,0
1973-10-11T05:17:18.000Z,255.243,255.817,0
1973-10-11T06:15:20.000Z,255.2425,255.8175,0
1973-10-11T07:13:13.000Z,255.2725,255.8475,0
1973-10-11T08:11:15.000Z,255.243,255.817,0
1973-10-11T09:09:08.000Z,255.243,255.817,0
1973-10-11T09:59:56.000Z,255.2425,255.8175,0
1973-10-11T10:14:24.000Z,255.23299,255.80699,0
1973-10-11T11:12:17.000Z,255.20249,255.77749,0
1973-10-11T12:10:19.000Z,255.273,255.847,0
1973-10-11T13:08:12.000Z,255.243,255.817,0
1973-10-11T14:06:14.000Z,255.20299,255.77699,0
1973-10-11T14:20:42.000Z,255.243,255.817,0
1973-10-11T14:56:53.000Z,255.23299,255.80699,0
1973-10-11T15:25:58.000Z,255.273,255.847,0
1973-10-11T16:23:52.000Z,255.20299,255.77699,0
1973-10-11T16:52:48.000Z,255.243,255.817,0
1973-10-11T17:14:39.000Z,255.20299,255.77699,0
1973-10-11T17:43:36.000Z,255.23299,255.80699,0
1973-10-11T17:58:04.000Z,255.243,255.817,0
1973-10-11T18:27:01.000Z,255.20299,255.77699,0
1973-10-11T18:56:06.000Z,255.273,255.847,0
1973-10-11T19:03:20.000Z,255.20299,255.77699,0
1973-10-11T20:01:13.000Z,255.23299,255.80699,0
1973-10-11T20:59:15.000Z,255.20299,255.77699,0
1973-10-11T21:57:08.000Z,255.243,255.817,0
1973-10-11T22:55:10.000Z,255.243,255.817,0
1973-10-11T23:53:03.000Z,255.243,255.817,0
1973-10-12T00:51:05.000Z,255.20299,255.77699,0
1973-10-12T01:48:58.000Z,255.20299,255.77699,0
1973-10-12T02:54:14.000Z,255.20299,255.77699,0
1973-10-12T03:52:07.000Z,255.20299,255.77699,0
1973-10-12T04:50:09.000Z,255.2435,255.8165,0
1973-10-12T05:48:11.000Z,255.243,255.817,0
1973-10-12T06:17:07.000Z,255.2435,255.8165,0
1973-10-12T07:15:01.000Z,255.20349,255.77649,0
1973-10-12T08:13:02.000Z,255.243,255.817,0
1973-10-12T08:34:45.000Z,255.243,255.817,0
1973-10-12T08:49:13.000Z,255.20299,255.77699,0
1973-10-12T09:10:56.000Z,255.20349,255.77649,0
1973-10-12T09:25:32.000Z,255.243,255.817,0
1973-10-12T09:40:01.000Z,255.20299,255.77699,0
1973-10-12T10:30:40.000Z,255.243,255.817,0
1973-10-12T11:06:59.000Z,255.243,255.817,0
1973-10-12T11:43:10.000Z,255.20349,255.77649,0
1973-10-12T11:57:38.000Z,255.2435,255.8165,0
1973-10-12T12:12:07.000Z,255.20349,255.77649,0
1973-10-12T13:17:22.000Z,255.243,255.817,0
1973-10-12T13:24:37.000Z,255.20349,255.77649,0
1973-10-12T13:46:19.000Z,255.20349,255.77649,0
1973-10-12T14:08:02.000Z,255.2435,255.8165,0
1973-10-12T14:22:30.000Z,255.20299,255.77699,0
1973-10-12T15:06:03.000Z,255.20349,255.77649,0
1973-10-12T16:31:07.000Z,255.2435,255.8165,0
1973-10-12T17:29:08.000Z,255.2435,255.8165,0
1973-10-12T18:27:02.000Z,255.20349,255.77649,0
1973-10-12T19:25:03.000Z,255.2435,255.8165,0
1973-10-12T20:22:57.000Z,255.2435,255.8165,0
1973-10-12T21:20:58.000Z,255.2435,255.8165,0
1973-10-12T22:18:52.000Z,255.2435,255.8165,0
1973-10-12T23:16:53.000Z,255.20349,255.77649,0
1973-10-13T00:14:55.000Z,255.2435,255.8165,0
1973-10-13T01:12:48.000Z,255.2435,255.8165,0
1973-10-13T02:10:50.000Z,255.2135,255.7865,0
1973-10-13T03:08:43.000Z,255.2435,255.8165,0
1973-10-13T03:23:12.000Z,255.2435,255.8165,0
1973-10-13T04:21:13.000Z,255.20349,255.77649,0
1973-10-13T05:19:07.000Z,255.2435,255.8165,0
1973-10-13T06:17:08.000Z,255.2135,255.7865,0
1973-10-13T07:15:02.000Z,255.2435,255.8165,0
1973-10-13T08:13:03.000Z,255.244,255.816,0
1973-10-13T09:10:57.000Z,255.2435,255.8165,0
1973-10-13T10:08:58.000Z,255.2135,255.7865,0
1973-10-13T11:07:00.000Z,255.2435,255.8165,0
1973-10-13T12:04:53.000Z,255.20349,255.77649,0
1973-10-13T13:02:55.000Z,255.244,255.816,0
1973-10-13T14:00:48.000Z,255.2135,255.7865,0
1973-10-13T14:58:50.000Z,255.244,255.816,0
1973-10-13T15:13:18.000Z,255.2435,255.8165,0
1973-10-13T15:35:01.000Z,255.214,255.786,0
1973-10-13T15:49:29.000Z,255.214,255.786,0
1973-10-13T16:11:12.000Z,255.2135,255.7865,0
1973-10-13T16:54:45.000Z,255.20399,255.77599,0
1973-10-13T17:01:59.000Z,255.274,255.846,0
1973-10-13T17:23:42.000Z,255.214,255.786,0
1973-10-13T17:52:38.000Z,255.2435,255.8165,0
1973-10-13T17:59:53.000Z,255.2435,255.8165,0
1973-10-13T18:21:35.000Z,255.214,255.786,0
1973-10-13T18:43:26.000Z,255.17399,255.74599,0
1973-10-13T19:26:51.000Z,255.214,255.786,0
1973-10-13T20:24:53.000Z,255.214,255.786,0
1973-10-13T21:22:46.000Z,255.214,255.786,0
1973-10-13T22:20:48.000Z,255.2435,255.8165,0
1973-10-13T23:18:41.000Z,255.214,255.786,0
1973-10-14T00:16:43.000Z,255.17399,255.74599,0
1973-10-14T01:14:36.000Z,255.214,255.786,0
1973-10-14T02:12:38.000Z,255.214,255.786,0
1973-10-14T03:10:31.000Z,255.244,255.816,0
1973-10-14T04:08:33.000Z,255.244,255.816,0
1973-10-14T05:06:26.000Z,255.214,255.786,0
1973-10-14T06:04:28.000Z,255.20399,255.77599,0
1973-10-14T07:02:21.000Z,255.244,255.816,0
1973-10-14T08:00:23.000Z,255.244,255.816,0
1973-10-14T08:58:16.000Z,255.20399,255.77599,0
1973-10-14T09:56:18.000Z,255.20399,255.77599,0
1973-10-14T10:54:19.000Z,255.20449,255.77549,0
1973-10-14T11:52:13.000Z,255.20449,255.77549,0
1973-10-14T12:50:14.000Z,255.20399,255.77599,0
1973-10-14T13:48:08.000Z,255.20399,255.77599,0
1973-10-14T14:46:09.000Z,255.214,255.786,0
1973-10-14T15:07:52.000Z,255.20399,255.77599,0
1973-10-14T15:36:48.000Z,255.20449,255.77549,0
1973-10-14T15:58:31.000Z,255.20449,255.77549,0
1973-10-14T16:34:50.000Z,255.23399,255.80599,0
1973-10-14T17:11:01.000Z,255.20449,255.77549,0
1973-10-14T17:32:43.000Z,255.20449,255.77549,0
1973-10-14T18:08:54.000Z,255.20399,255.77599,0
1973-10-14T18:23:31.000Z,255.20449,255.77549,0
1973-10-14T18:45:13.000Z,255.20399,255.77599,0
1973-10-14T18:59:42.000Z,255.20449,255.77549,0
1973-10-14T19:57:35.000Z,255.20449,255.77549,0
1973-10-14T20:55:37.000Z,255.20449,255.77549,0
1973-10-14T21:53:38.000Z,255.2145,255.7855,0
1973-10-14T22:51:32.000Z,255.20449,255.77549,0
1973-10-14T23:49:33.000Z,255.20399,255.77599,0
1973-10-15T00:47:27.000Z,255.20449,255.77549,0
1973-10-15T01:45:28.000Z,255.20449,255.77549,0
1973-10-15T02:43:22.000Z,255.20449,255.77549,0
1973-10-15T03:41:23.000Z,255.20449,255.77549,0
1973-10-15T04:39:17.000Z,255.20449,255.77549,0
1973-10-15T05:37:18.000Z,255.20449,255.77549,0
1973-10-15T06:35:12.000Z,255.20449,255.77549,0
1973-10-15T07:33:13.000Z,255.20449,255.77549,0
1973-10-15T08:31:07.000Z,255.20449,255.77549,0
1973-10-15T08:45:35.000Z,255.20449,255.77549,0
1973-10-15T09:43:37.000Z,255.23449,255.80549,0
1973-10-15T10:41:30.000Z,255.23449,255.80549,0
1973-10-15T11:39:32.000Z,255.20449,255.77549,0
1973-10-15T12:37:33.000Z,255.19448,255.76548,0
1973-10-15T13:35:27.000Z,255.20449,255.77549,0
1973-10-15T14:43:26.000Z,255.23449,255.80549,0
1973-10-15T15:19:37.000Z,255.26449,255.83549,0
1973-10-15T15:48:34.000Z,255.22448,255.79548,0
1973-10-15T16:46:36.000Z,255.19448,255.76548,0
1973-10-15T17:44:29.000Z,255.15447,255.72547,0
1973-10-15T18:42:31.000Z,255.22448,255.79548,0
1973-10-15T19:40:24.000Z,255.22448,255.79548,0
1973-10-15T20:38:26.000Z,255.25448,255.82548,0
1973-10-15T21:36:19.000Z,255.2145,255.7855,0
1973-10-15T22:34:21.000Z,255.25448,255.82548,0
1973-10-15T23:32:14.000Z,255.2145,255.7855,0
1973-10-16T00:30:16.000Z,255.2145,255.7855,0
1973-10-16T01:28:09.000Z,255.17499,255.74499,0
1973-10-16T02:26:11.000Z,255.17499,255.74499,0
1973-10-16T02:55:07.000Z,255.20449,255.77549,0
1973-10-16T03:53:09.000Z,255.22448,255.79548,0
1973-10-16T04:51:02.000Z,255.17499,255.74499,0
1973-10-16T05:49:04.000Z,255.20499,255.77499,0
1973-10-16T06:39:43.000Z,255.17499,255.74499,0
1973-10-16T06:54:12.000Z,255.2145,255.7855,0
1973-10-16T07:52:13.000Z,255.19498,255.76498,0
1973-10-16T08:50:07.000Z,255.20499,255.77499,0
1973-10-16T09:48:08.000Z,255.215,255.785,0
1973-10-16T10:46:02.000Z,255.22498,255.79498,0
1973-10-16T11:44:03.000Z,255.20499,255.77499,0
1973-10-16T12:42:05.000Z,255.20499,255.77499,0
1973-10-16T13:39:58.000Z,255.25448,255.82548,0
1973-10-16T14:38:00.000Z,255.215,255.785,0
1973-10-16T15:35:53.000Z,255.17499,255.74499,0
1973-10-16T16:33:55.000Z,255.17499,255.74499,0
1973-10-16T17:31:48.000Z,255.20499,255.77499,0
1973-10-16T18:29:50.000Z,255.16498,255.73498,0
1973-10-16T19:27:43.000Z,255.20499,255.77499,0
1973-10-16T20:25:45.000Z,255.16498,255.73498,0
1973-10-16T21:23:38.000Z,255.19498,255.76498,0
1973-10-16T22:21:40.000Z,255.23499,255.80499,0
1973-10-16T23:19:33.000Z,255.19498,255.76498,0
1973-10-17T00:17:35.000Z,255.18497,255.75497,0
1973-10-17T01:15:28.000Z,255.25498,255.82498,0
1973-10-17T02:13:30.000Z,255.215,255.785,0
1973-10-17T03:11:23.000Z,255.22498,255.79498,0
1973-10-17T04:09:25.000Z,255.215,255.785,0
1973-10-17T05:07:18.000Z,255.2155,255.7845,0
1973-10-17T06:05:20.000Z,255.215,255.785,0
1973-10-17T07:03:21.000Z,255.215,255.785,0
1973-10-17T08:01:15.000Z,255.20499,255.77499,0
1973-10-17T08:59:16.000Z,255.215,255.785,0
1973-10-17T09:57:10.000Z,255.2455,255.8145,0
1973-10-17T10:55:11.000Z,255.20499,255.77499,0
1973-10-17T11:53:05.000Z,255.215,255.785,0
1973-10-17T12:51:06.000Z,255.20549,255.77449,0
1973-10-17T13:41:46.000Z,255.23549,255.80449,0
1973-10-17T14:25:19.000Z,255.20549,255.77449,0
1973-10-17T15:23:12.000Z,255.23499,255.80499,0
1973-10-17T16:21:14.000Z,255.245,255.815,0
1973-10-17T17:19:07.000Z,255.19498,255.76498,0
1973-10-17T18:17:09.000Z,255.19548,255.76448,0
1973-10-17T19:15:02.000Z,255.19548,255.76448,0
1973-10-17T20:13:04.000Z,255.23499,255.80499,0
1973-10-17T21:10:57.000Z,255.23549,255.80449,0
1973-10-17T23:57:40.000Z,255.26549,255.83449,0
1973-10-18T00:55:33.000Z,255.22548,255.79448,0
1973-10-18T01:53:35.000Z,255.19498,255.76498,0
1973-10-18T02:51:28.000Z,255.19548,255.76448,0
1973-10-18T03:49:30.000Z,255.22548,255.79448,0
1973-10-18T04:47:23.000Z,255.19548,255.76448,0
1973-10-18T05:45:25.000Z,255.22548,255.79448,0
1973-10-18T06:43:18.000Z,255.19548,255.76448,0
1973-10-18T07:41:20.000Z,255.19548,255.76448,0
1973-10-18T08:39:13.000Z,255.19548,255.76448,0
1973-10-18T09:37:15.000Z,255.19548,255.76448,0
1973-10-18T10:35:08.000Z,255.25548,255.82448,0
1973-10-18T11:33:10.000Z,255.25548,255.82448,0
1973-10-18T12:31:03.000Z,255.19548,255.76448,0
1973-10-18T13:29:05.000Z,255.19548,255.76448,0
1973-10-18T14:27:06.000Z,255.19548,255.76448,0
1973-10-18T15:25:00.000Z,255.19548,255.76448,0
1973-10-18T16:23:01.000Z,255.25548,255.82448,0
1973-10-18T17:13:41.000Z,255.22548,255.79448,0
1973-10-18T17:57:06.000Z,255.22548,255.79448,0
1973-10-18T18:18:56.000Z,255.22548,255.79448,0
1973-10-18T18:33:25.000Z,255.19548,255.76448,0
1973-10-18T19:31:18.000Z,255.22548,255.79448,0
1973-10-18T20:29:20.000Z,255.22548,255.79448,0
1973-10-18T21:27:13.000Z,255.25548,255.82448,0
1973-10-18T22:25:15.000Z,255.25548,255.82448,0
1973-10-18T23:23:08.000Z,255.25548,255.82448,0
1973-10-19T00:21:10.000Z,255.25548,255.82448,0
1973-10-19T01:19:03.000Z,255.18597,255.75397,0
1973-10-19T02:17:05.000Z,255.216,255.784,0
1973-10-19T03:14:58.000Z,255.216,255.784,0
1973-10-19T04:13:00.000Z,255.216,255.784,0
1973-10-19T05:11:01.000Z,255.216,255.784,0
1973-10-19T06:08:55.000Z,255.216,255.784,0
1973-10-19T07:06:56.000Z,255.2155,255.7845,0
1973-10-19T08:04:50.000Z,255.216,255.784,0
1973-10-19T09:02:51.000Z,255.25548,255.82448,0
1973-10-19T10:00:45.000Z,255.25598,255.82398,0
1973-10-19T10:58:46.000Z,255.17599,255.74399,0
1973-10-19T11:56:40.000Z,255.216,255.784,0
1973-10-19T12:54:41.000Z,255.216,255.784,0
1973-10-19T13:52:35.000Z,255.216,255.784,0
1973-10-19T14:50:36.000Z,255.25598,255.82398,0
1973-10-19T15:48:30.000Z,255.246,255.814,0
1973-10-19T16:46:31.000Z,255.17599,255.74399,0
1973-10-19T17:44:25.000Z,255.17599,255.74399,0
1973-10-19T18:42:26.000Z,255.216,255.784,0
1973-10-19T19:40:20.000Z,255.216,255.784,0
1973-10-19T20:38:21.000Z,255.17599,255.74399,0
1973-10-19T21:36:15.000Z,255.17599,255.74399,0
1973-10-19T22:34:16.000Z,255.17599,255.74399,0
1973-10-19T23:32:10.000Z,255.17599,255.74399,0
1973-10-20T00:30:12.000Z,255.20599,255.77399,0
1973-10-20T01:28:13.000Z,255.25598,255.82398,0
1973-10-20T02:26:07.000Z,255.17599,255.74399,0
1973-10-20T02:55:03.000Z,255.23649,255.80349,0
1973-10-20T03:53:05.000Z,255.17599,255.74399,0
1973-10-20T04:50:58.000Z,255.20599,255.77399,0
1973-10-20T05:49:00.000Z,255.23599,255.80399,0
1973-10-20T06:46:53.000Z,255.20599,255.77399,0
1973-10-20T07:44:55.000Z,255.276,255.844,0
1973-10-20T08:42:48.000Z,255.23599,255.80399,0
1973-10-20T09:40:50.000Z,255.20649,255.77349,0
1973-10-20T10:38:51.000Z,255.20649,255.77349,0
1973-10-20T11:36:45.000Z,255.20649,255.77349,0
1973-10-20T11:58:27.000Z,255.23649,255.80349,0
1973-10-20T12:56:29.000Z,255.23649,255.80349,0
1973-10-20T13:18:12.000Z,255.20649,255.77349,0
1973-10-20T13:54:22.000Z,255.20599,255.77399,0
1973-10-20T14:52:24.000Z,255.23649,255.80349,0
1973-10-20T15:50:17.000Z,255.23649,255.80349,0
1973-10-20T16:48:19.000Z,255.20649,255.77349,0
1973-10-20T17:10:02.000Z,255.23649,255.80349,0
1973-10-20T17:46:12.000Z,255.23649,255.80349,0
1973-10-20T18:15:17.000Z,255.23649,255.80349,0
1973-10-20T19:13:11.000Z,255.23599,255.80399,0
1973-10-20T20:11:12.000Z,255.20649,255.77349,0
1973-10-20T21:09:06.000Z,255.23649,255.80349,0
1973-10-20T22:07:07.000Z,255.20649,255.77349,0
1973-10-20T22:57:47.000Z,255.20649,255.77349,0
1973-10-20T23:12:15.000Z,255.23649,255.80349,0
1973-10-20T23:41:20.000Z,255.23649,255.80349,0
1973-10-21T00:34:43.000Z,255.23649,255.80349,0
1973-10-21T01:32:36.000Z,255.23649,255.80349,0
1973-10-21T02:30:38.000Z,255.20649,255.77349,0
1973-10-21T02:52:20.000Z,255.20649,255.77349,0
1973-10-21T03:50:22.000Z,255.23649,255.80349,0
1973-10-21T04:48:15.000Z,255.23649,255.80349,0
1973-10-21T05:46:17.000Z,255.19648,255.76348,0
1973-10-21T06:44:10.000Z,255.23649,255.80349,0
1973-10-21T07:42:12.000Z,255.23649,255.80349,0
1973-10-21T08:40:05.000Z,255.16648,255.73348,0
1973-10-21T09:38:07.000Z,255.23649,255.80349,0
1973-10-21T10:36:00.000Z,255.19648,255.76348,0
1973-10-21T11:34:02.000Z,255.23649,255.80349,0
1973-10-21T12:31:55.000Z,255.23649,255.80349,0
1973-10-21T13:29:57.000Z,255.23649,255.80349,0
1973-10-21T14:27:59.000Z,255.23649,255.80349,0
1973-10-21T15:25:52.000Z,255.22648,255.79348,0
1973-10-21T16:23:54.000Z,255.23649,255.80349,0
1973-10-21T17:21:47.000Z,255.23649,255.80349,0
1973-10-21T18:19:49.000Z,255.23649,255.80349,0
1973-10-21T19:10:28.000Z,255.19648,255.76348,0
1973-10-21T20:08:29.000Z,255.19648,255.76348,0
1973-10-21T21:06:23.000Z,255.23649,255.80349,0
1973-10-21T22:04:24.000Z,255.22648,255.79348,0
1973-10-21T22:26:07.000Z,255.22648,255.79348,0
1973-10-21T23:24:00.000Z,255.15647,255.72347,0
1973-10-22T00:22:02.000Z,255.15697,255.72297,0
1973-10-22T01:19:55.000Z,255.26649,255.83349,0
1973-10-22T02:17:57.000Z,255.19648,255.76348,0
1973-10-22T03:15:50.000Z,255.22648,255.79348,0
1973-10-22T04:13:52.000Z,255.19648,255.76348,0
1973-10-22T05:11:54.000Z,255.22698,255.79298,0
1973-10-22T06:09:47.000Z,255.26649,255.83349,0
1973-10-22T07:07:49.000Z,255.19698,255.76298,0
1973-10-22T08:05:42.000Z,255.19698,255.76298,0
1973-10-22T09:03:44.000Z,255.19698,255.76298,0
1973-10-22T10:01:37.000Z,255.15697,255.72297,0
1973-10-22T10:59:39.000Z,255.217,255.783,0
1973-10-22T11:57:32.000Z,255.22698,255.79298,0
1973-10-22T12:55:34.000Z,255.22698,255.79298,0
1973-10-22T13:53:27.000Z,255.22698,255.79298,0
1973-10-22T14:22:24.000Z,255.22698,255.79298,0
1973-10-22T15:20:25.000Z,255.22698,255.79298,0
1973-10-22T16:18:27.000Z,255.25698,255.82298,0
1973-10-22T17:16:20.000Z,255.18697,255.75297,0
1973-10-22T18:14:22.000Z,255.22698,255.79298,0
1973-10-22T19:12:15.000Z,255.217,255.783,0
1973-10-22T20:10:17.000Z,255.217,255.783,0
1973-10-22T21:08:10.000Z,255.18697,255.75297,0
1973-10-22T22:06:12.000Z,255.18697,255.75297,0
1973-10-22T23:04:05.000Z,255.217,255.783,0
1973-10-23T00:02:07.000Z,255.18697,255.75297,0
1973-10-23T01:00:00.000Z,255.25698,255.82298,0
1973-10-23T01:21:43.000Z,255.25698,255.82298,0
1973-10-23T01:36:20.000Z,255.25698,255.82298,0
1973-10-23T01:50:48.000Z,255.22698,255.79298,0
1973-10-23T02:05:16.000Z,255.18697,255.75297,0
1973-10-23T02:48:41.000Z,255.25698,255.82298,0
1973-10-23T03:17:46.000Z,255.25748,255.82248,0
1973-10-23T03:32:15.000Z,255.18697,255.75297,0
1973-10-23T03:53:57.000Z,255.2175,255.7825,0
1973-10-23T04:30:08.000Z,255.18697,255.75297,0
1973-10-23T04:51:50.000Z,255.217,255.783,0
1973-10-23T05:49:52.000Z,255.18747,255.75247,0
1973-10-23T06:47:45.000Z,255.18697,255.75297,0
1973-10-23T07:45:47.000Z,255.217,255.783,0
1973-10-23T08:43:40.000Z,255.2175,255.7825,0
1973-10-23T09:27:14.000Z,255.2175,255.7825,0
1973-10-23T10:25:07.000Z,255.25748,255.82248,0
1973-10-23T11:23:09.000Z,255.2175,255.7825,0
1973-10-23T12:21:02.000Z,255.2175,255.7825,0
1973-10-23T13:19:04.000Z,255.2175,255.7825,0
1973-10-23T14:16:57.000Z,255.18747,255.75247,0
1973-10-23T15:14:59.000Z,255.2175,255.7825,0
1973-10-23T16:13:00.000Z,255.18747,255.75247,0
1973-10-23T17:10:54.000Z,255.2175,255.7825,0
1973-10-23T18:08:55.000Z,255.2175,255.7825,0
1973-10-23T19:14:03.000Z,255.2175,255.7825,0
1973-10-23T19:57:36.000Z,255.22748,255.79248,0
1973-10-23T20:55:30.000Z,255.2175,255.7825,0
1973-10-23T21:53:31.000Z,255.25748,255.82248,0
1973-10-23T22:51:25.000Z,255.2175,255.7825,0
1973-10-23T23:49:26.000Z,255.2175,255.7825,0
1973-10-24T00:47:20.000Z,255.2175,255.7825,0
1973-10-24T01:45:21.000Z,255.2175,255.7825,0
1973-10-24T02:43:15.000Z,255.2175,255.7825,0
1973-10-24T02:57:43.000Z,255.25748,255.82248,0
1973-10-24T03:55:45.000Z,255.2175,255.7825,0
1973-10-24T04:53:38.000Z,255.2175,255.7825,0
1973-10-24T05:29:57.000Z,255.18747,255.75247,0
1973-10-24T05:51:40.000Z,255.25748,255.82248,0
1973-10-24T06:13:22.000Z,255.2175,255.7825,0
1973-10-24T06:20:36.000Z,255.2475,255.8125,0
1973-10-24T06:35:05.000Z,255.2175,255.7825,0
1973-10-24T07:33:06.000Z,255.18747,255.75247,0
1973-10-24T08:31:00.000Z,255.2175,255.7825,0
1973-10-24T09:29:01.000Z,255.2175,255.7825,0
1973-10-24T10:26:55.000Z,255.18747,255.75247,0
1973-10-24T11:24:56.000Z,255.2175,255.7825,0
1973-10-24T12:22:50.000Z,255.218,255.782,0
1973-10-24T13:20:51.000Z,255.2175,255.7825,0
1973-10-24T14:49:36.000Z,255.2175,255.7825,0
1973-10-24T15:47:38.000Z,255.2175,255.7825,0
1973-10-24T16:45:31.000Z,255.18747,255.75247,0
1973-10-24T17:43:33.000Z,255.218,255.782,0
1973-10-24T18:41:26.000Z,255.18747,255.75247,0
1973-10-24T19:39:28.000Z,255.218,255.782,0
1973-10-24T20:37:21.000Z,255.218,255.782,0
1973-10-24T21:35:23.000Z,255.18747,255.75247,0
1973-10-24T22:33:16.000Z,255.218,255.782,0
1973-10-24T23:31:18.000Z,255.218,255.782,0
1973-10-25T00:29:11.000Z,255.2475,255.8125,0
1973-10-25T01:27:13.000Z,255.18797,255.75197,0
1973-10-25T01:48:55.000Z,255.2175,255.7825,0
1973-10-25T02:46:57.000Z,255.218,255.782,0
1973-10-25T03:44:50.000Z,255.218,255.782,0
1973-10-25T04:42:52.000Z,255.18797,255.75197,0
1973-10-25T05:40:45.000Z,255.218,255.782,0
1973-10-25T06:46:01.000Z,255.248,255.812,0
1973-10-25T07:36:40.000Z,255.18797,255.75197,0
1973-10-25T08:34:42.000Z,255.218,255.782,0
1973-10-25T09:32:35.000Z,255.218,255.782,0
1973-10-25T10:30:37.000Z,255.18797,255.75197,0
1973-10-25T11:28:30.000Z,255.218,255.782,0
1973-10-25T12:26:32.000Z,255.218,255.782,0
1973-10-25T13:24:25.000Z,255.18797,255.75197,0
1973-10-25T14:22:27.000Z,255.18797,255.75197,0
1973-10-25T15:20:20.000Z,255.18797,255.75197,0
1973-10-25T16:18:22.000Z,255.218,255.782,0
1973-10-25T17:16:15.000Z,255.18797,255.75197,0
1973-10-25T18:14:17.000Z,255.218,255.782,0
1973-10-25T19:12:10.000Z,255.218,255.782,0
1973-10-25T20:10:12.000Z,255.218,255.782,0
1973-10-25T21:08:13.000Z,255.248,255.812,0
1973-10-25T22:06:07.000Z,255.248,255.812,0
1973-10-25T23:04:08.000Z,255.218,255.782,0
1973-10-26T00:02:02.000Z,255.248,255.812,0
1973-10-26T01:00:04.000Z,255.248,255.812,0
1973-10-26T01:57:57.000Z,255.2185,255.7815,0
1973-10-26T02:55:59.000Z,255.218,255.782,0
1973-10-26T03:53:52.000Z,255.18847,255.75147,0
1973-10-26T04:51:54.000Z,255.2185,255.7815,0
1973-10-26T06:04:15.000Z,255.2185,255.7815,0
1973-10-26T06:18:52.000Z,255.2185,255.7815,0
1973-10-26T06:33:20.000Z,255.2185,255.7815,0
1973-10-26T07:31:14.000Z,255.2185,255.7815,0
1973-10-26T08:29:15.000Z,255.2185,255.7815,0
1973-10-26T09:27:09.000Z,255.2185,255.7815,0
1973-10-26T10:25:10.000Z,255.2185,255.7815,0
1973-10-26T11:23:04.000Z,255.2485,255.8115,0
1973-10-26T12:21:05.000Z,255.2185,255.7815,0
1973-10-26T13:18:59.000Z,255.2185,255.7815,0
1973-10-26T13:55:18.000Z,255.2185,255.7815,0
1973-10-26T14:24:14.000Z,255.2185,255.7815,0
1973-10-26T14:53:11.000Z,255.2185,255.7815,0
1973-10-26T15:48:29.000Z,255.20849,255.77149,0
1973-10-26T16:46:22.000Z,255.2185,255.7815,0
1973-10-26T17:44:24.000Z,255.2185,255.7815,0
1973-10-26T18:42:17.000Z,255.2185,255.7815,0
1973-10-26T19:40:19.000Z,255.2485,255.8115,0
1973-10-26T20:38:12.000Z,255.2485,255.8115,0
1973-10-26T21:07:17.000Z,255.2185,255.7815,0
1973-10-26T22:05:11.000Z,255.2185,255.7815,0
1973-10-26T23:03:12.000Z,255.2485,255.8115,0
1973-10-27T00:01:06.000Z,255.17849,255.74149,0
1973-10-27T00:59:07.000Z,255.219,255.781,0
1973-10-27T01:57:01.000Z,255.2185,255.7815,0
1973-10-27T02:55:02.000Z,255.2185,255.7815,0
1973-10-27T03:52:56.000Z,255.219,255.781,0
1973-10-27T04:50:57.000Z,255.249,255.811,0
1973-10-27T05:48:51.000Z,255.2785,255.8415,0
1973-10-27T06:46:52.000Z,255.219,255.781,0
1973-10-27T07:44:46.000Z,255.249,255.811,0
1973-10-27T08:06:36.000Z,255.2485,255.8115,0
1973-10-27T09:04:30.000Z,255.2185,255.7815,0
1973-10-27T10:02:31.000Z,255.2185,255.7815,0
1973-10-27T11:00:25.000Z,255.219,255.781,0
1973-10-27T11:58:26.000Z,255.249,255.811,0
1973-10-27T12:34:37.000Z,255.249,255.811,0
1973-10-27T13:32:39.000Z,255.219,255.781,0
1973-10-27T14:30:32.000Z,255.2485,255.8115,0
1973-10-27T15:28:34.000Z,255.219,255.781,0
1973-10-27T16:26:27.000Z,255.219,255.781,0
1973-10-27T17:24:29.000Z,255.219,255.781,0
1973-10-27T18:22:22.000Z,255.219,255.781,0
1973-10-27T19:20:24.000Z,255.249,255.811,0
1973-10-27T20:18:17.000Z,255.219,255.781,0
1973-10-27T21:16:19.000Z,255.249,255.811,0
1973-10-27T22:14:12.000Z,255.249,255.811,0
1973-10-27T23:12:14.000Z,255.219,255.781,0
1973-10-28T00:10:07.000Z,255.249,255.811,0
1973-10-28T01:08:09.000Z,255.249,255.811,0
1973-10-28T02:06:02.000Z,255.20899,255.77099,0
1973-10-28T02:56:50.000Z,255.219,255.781,0
1973-10-28T03:54:43.000Z,255.249,255.811,0
1973-10-28T04:52:45.000Z,255.219,255.781,0
1973-10-28T05:50:38.000Z,255.26899,255.83099,0
1973-10-28T06:48:40.000Z,255.23899,255.80099,0
1973-10-28T07:46:33.000Z,255.26899,255.83099,0
1973-10-28T08:44:35.000Z,255.20899,255.77099,0
1973-10-28T09:42:36.000Z,255.249,255.811,0
1973-10-28T10:40:30.000Z,255.20899,255.77099,0
1973-10-28T11:38:31.000Z,255.17899,255.74099,0
1973-10-28T12:36:25.000Z,255.249,255.811,0
1973-10-28T13:34:26.000Z,255.23899,255.80099,0
1973-10-28T14:32:20.000Z,255.249,255.811,0
1973-10-28T15:37:36.000Z,255.249,255.811,0
1973-10-28T16:35:29.000Z,255.20899,255.77099,0
1973-10-28T17:33:31.000Z,255.249,255.811,0
1973-10-28T18:31:24.000Z,255.249,255.811,0
1973-10-28T19:29:26.000Z,255.26899,255.83099,0
1973-10-28T20:27:19.000Z,255.26899,255.83099,0
1973-10-28T20:56:24.000Z,255.20899,255.77099,0
1973-10-28T21:18:06.000Z,255.247,255.813,0
1973-10-28T21:39:49.000Z,255.249,255.811,0
1973-10-28T22:01:31.000Z,255.20899,255.77099,0
1973-10-28T22:59:33.000Z,255.2495,255.8105,0
1973-10-28T23:57:26.000Z,255.23899,255.80099,0
1973-10-29T00:55:28.000Z,255.20899,255.77099,0
1973-10-29T01:53:21.000Z,255.249,255.811,0
1973-10-29T02:51:23.000Z,255.19948,255.76048,0
1973-10-29T03:49:16.000Z,255.249,255.811,0
1973-10-29T04:47:18.000Z,255.249,255.811,0
1973-10-29T05:45:11.000Z,255.16898,255.73098,0
1973-10-29T06:43:13.000Z,255.26899,255.83099,0
1973-10-29T07:41:06.000Z,255.23949,255.80049,0
1973-10-29T08:39:08.000Z,255.23899,255.80099,0
1973-10-29T09:37:10.000Z,255.20899,255.77099,0
1973-10-29T10:35:03.000Z,255.20949,255.77049,0
1973-10-29T11:33:05.000Z,255.23949,255.80049,0
1973-10-29T12:30:58.000Z,255.23949,255.80049,0
1973-10-29T13:29:00.000Z,255.20949,255.77049,0
1973-10-29T14:26:53.000Z,255.23949,255.80049,0
1973-10-29T15:28:28.000Z,255.20949,255.77049,0
1973-10-29T16:26:29.000Z,255.26949,255.83049,0
1973-10-29T17:24:23.000Z,255.20949,255.77049,0
1973-10-29T18:07:56.000Z,255.20949,255.77049,0
1973-10-29T18:58:35.000Z,255.20949,255.77049,0
1973-10-29T19:56:37.000Z,255.23949,255.80049,0
1973-10-29T20:54:30.000Z,255.2495,255.8105,0
1973-10-29T21:52:32.000Z,255.20949,255.77049,0
1973-10-29T22:50:25.000Z,255.23949,255.80049,0
1973-10-29T23:48:27.000Z,255.19948,255.76048,0
1973-10-30T00:46:20.000Z,255.26949,255.83049,0
1973-10-30T01:44:22.000Z,255.23949,255.80049,0
1973-10-30T02:42:15.000Z,255.26949,255.83049,0
1973-10-30T03:40:17.000Z,255.23949,255.80049,0
1973-10-30T04:38:10.000Z,255.23949,255.80049,0
1973-10-30T05:50:40.000Z,255.16998,255.72998,0
1973-10-30T06:05:09.000Z,255.20949,255.77049,0
1973-10-30T06:26:51.000Z,255.26949,255.83049,0
1973-10-30T06:34:05.000Z,255.19948,255.76048,0
1973-10-30T07:32:07.000Z,255.23999,255.79999,0
1973-10-30T08:30:00.000Z,255.23949,255.80049,0
1973-10-30T09:28:02.000Z,255.23999,255.79999,0
1973-10-30T10:25:55.000Z,255.23949,255.80049,0
1973-10-30T11:23:57.000Z,255.20949,255.77049,0
1973-10-30T12:21:58.000Z,255.26949,255.83049,0
1973-10-30T13:19:52.000Z,255.23999,255.79999,0
1973-10-30T14:17:53.000Z,255.23999,255.79999,0
1973-10-30T15:15:47.000Z,255.19948,255.76048,0
1973-10-30T16:13:48.000Z,255.23999,255.79999,0
1973-10-30T17:11:42.000Z,255.23999,255.79999,0
1973-10-30T18:09:43.000Z,255.19998,255.75998,0
1973-10-30T19:07:37.000Z,255.19998,255.75998,0
1973-10-30T20:05:38.000Z,255.23999,255.79999,0
1973-10-30T21:03:32.000Z,255.20999,255.76999,0
1973-10-30T22:01:33.000Z,255.20999,255.76999,0
1973-10-30T22:59:27.000Z,255.26949,255.83049,0
1973-10-30T23:57:28.000Z,255.20999,255.76999,0
1973-10-31T00:55:22.000Z,255.23999,255.79999,0
1973-10-31T01:53:24.000Z,255.19998,255.75998,0
1973-10-31T02:51:17.000Z,255.19998,255.75998,0
1973-10-31T03:49:19.000Z,255.19998,255.75998,0
1973-10-31T04:47:12.000Z,255.22998,255.78998,0
1973-10-31T05:45:14.000Z,255.19998,255.75998,0
1973-10-31T06:43:07.000Z,255.23999,255.79999,0
1973-10-31T07:41:09.000Z,255.19998,255.75998,0
1973-10-31T08:39:10.000Z,255.25,255.81,0
1973-10-31T09:37:04.000Z,255.25998,255.81998,0
1973-10-31T10:35:05.000Z,255.25,255.81,0
1973-10-31T11:32:59.000Z,255.25998,255.81998,0
1973-10-31T12:31:00.000Z,255.23999,255.79999,0
1973-10-31T13:28:54.000Z,255.18997,255.74997,0
1973-10-31T14:26:55.000Z,255.26999,255.82999,0
1973-10-31T15:24:49.000Z,255.20999,255.76999,0
1973-10-31T16:22:50.000Z,255.25,255.81,0
1973-10-31T17:20:44.000Z,255.22,255.78,0
1973-10-31T18:18:45.000Z,255.22998,255.78998,0
1973-10-31T19:16:39.000Z,255.20048,255.75948,0
1973-10-31T20:14:40.000Z,255.18049,255.73949,0
1973-10-31T21:12:34.000Z,255.22998,255.78998,0
1973-10-31T22:10:35.000Z,255.20048,255.75948,0
1973-10-31T23:08:29.000Z,255.20048,255.75948,0
1973-11-01T00:06:30.000Z,255.19998,255.75998,0
1973-11-01T01:04:24.000Z,255.23999,255.79999,0
1973-11-01T02:02:25.000Z,255.22998,255.78998,0
1973-11-01T03:07:41.000Z,255.23999,255.79999,0
1973-11-01T04:05:34.000Z,255.21049,255.76949,0
1973-11-01T05:03:36.000Z,255.21049,255.76949,0
1973-11-01T06:01:29.000Z,255.20048,255.75948,0
1973-11-01T06:59:31.000Z,255.20048,255.75948,0
1973-11-01T07:57:24.000Z,255.20048,255.75948,0
1973-11-01T08:55:26.000Z,255.2805,255.8395,0
1973-11-01T09:53:19.000Z,255.2505,255.8095,0
1973-11-01T10:51:21.000Z,255.2805,255.8395,0
1973-11-01T11:49:14.000Z,255.21049,255.76949,0
1973-11-01T12:47:16.000Z,255.21049,255.76949,0
1973-11-01T13:45:09.000Z,255.21049,255.76949,0
1973-11-01T14:43:11.000Z,255.21049,255.76949,0
1973-11-01T15:12:08.000Z,255.21049,255.76949,0
1973-11-01T16:10:09.000Z,255.221,255.779,0
1973-11-01T17:08:03.000Z,255.21099,255.76899,0
1973-11-01T18:06:04.000Z,255.21049,255.76949,0
1973-11-01T19:03:58.000Z,255.2505,255.8095,0
1973-11-01T20:01:59.000Z,255.21099,255.76899,0
1973-11-01T20:59:53.000Z,255.21099,255.76899,0
1973-11-01T21:14:21.000Z,255.21099,255.76899,0
1973-11-01T22:12:23.000Z,255.21099,255.76899,0
1973-11-01T23:10:16.000Z,255.21099,255.76899,0
1973-11-02T00:08:18.000Z,255.21099,255.76899,0
1973-11-02T01:06:19.000Z,255.18099,255.73899,0
1973-11-02T02:04:13.000Z,255.21099,255.76899,0
1973-11-02T03:02:14.000Z,255.2505,255.8095,0
1973-11-02T04:00:08.000Z,255.24099,255.79899,0
1973-11-02T04:58:09.000Z,255.251,255.809,0
1973-11-02T05:56:03.000Z,255.251,255.809,0
1973-11-02T06:54:04.000Z,255.251,255.809,0
1973-11-02T07:51:58.000Z,255.251,255.809,0
1973-11-02T08:49:59.000Z,255.221,255.779,0
1973-11-02T09:47:53.000Z,255.221,255.779,0
1973-11-02T10:45:54.000Z,255.281,255.839,0
1973-11-02T11:43:48.000Z,255.251,255.809,0
1973-11-02T12:41:49.000Z,255.21099,255.76899,0
1973-11-02T13:39:43.000Z,255.18099,255.73899,0
1973-11-02T14:37:44.000Z,255.251,255.809,0
1973-11-02T15:52:01.000Z,255.18099,255.73899,0
1973-11-02T16:35:26.000Z,255.221,255.779,0
1973-11-02T17:33:27.000Z,255.221,255.779,0
1973-11-02T18:31:21.000Z,255.21099,255.76899,0
1973-11-02T19:29:22.000Z,255.21099,255.76899,0
1973-11-02T20:20:02.000Z,255.24099,255.79899,0
1973-11-02T21:18:03.000Z,255.18149,255.73849,0
1973-11-02T22:15:57.000Z,255.21099,255.76899,0
1973-11-02T23:13:58.000Z,255.251,255.809,0
1973-11-03T00:11:52.000Z,255.21099,255.76899,0
1973-11-03T01:09:53.000Z,255.21149,255.76849,0
1973-11-03T02:07:47.000Z,255.251,255.809,0
1973-11-03T03:05:48.000Z,255.21099,255.76899,0
1973-11-03T04:03:42.000Z,255.221,255.779,0
1973-11-03T05:01:43.000Z,255.2515,255.8085,0
1973-11-03T05:59:45.000Z,255.251,255.809,0
1973-11-03T06:35:56.000Z,255.2515,255.8085,0
1973-11-03T06:50:24.000Z,255.2515,255.8085,0
1973-11-03T07:48:26.000Z,255.251,255.809,0
1973-11-03T08:53:33.000Z,255.251,255.809,0
1973-11-03T09:51:35.000Z,255.251,255.809,0
1973-11-03T10:49:28.000Z,255.2515,255.8085,0
1973-11-03T11:47:30.000Z,255.2515,255.8085,0
1973-11-03T12:45:23.000Z,255.21149,255.76849,0
1973-11-03T13:43:25.000Z,255.21149,255.76849,0
1973-11-03T14:12:22.000Z,255.2515,255.8085,0
1973-11-03T15:10:23.000Z,255.2515,255.8085,0
1973-11-03T16:08:17.000Z,255.2515,255.8085,0
1973-11-03T17:06:18.000Z,255.2815,255.8385,0
1973-11-03T17:20:47.000Z,255.2515,255.8085,0
1973-11-03T18:18:40.000Z,255.252,255.808,0
1973-11-03T18:54:59.000Z,255.21149,255.76849,0
1973-11-03T19:52:53.000Z,255.2515,255.8085,0
1973-11-03T20:50:54.000Z,255.21199,255.76799,0
1973-11-03T21:48:48.000Z,255.21149,255.76849,0
1973-11-03T22:46:49.000Z,255.2815,255.8385,0
1973-11-03T23:44:43.000Z,255.2515,255.8085,0
1973-11-04T00:06:25.000Z,255.2815,255.8385,0
1973-11-04T00:35:30.000Z,255.21149,255.76849,0
1973-11-04T01:33:23.000Z,255.2515,255.8085,0
1973-11-04T02:31:25.000Z,255.24149,255.79849,0
1973-11-04T03:29:18.000Z,255.24149,255.79849,0
1973-11-04T04:27:20.000Z,255.24149,255.79849,0
1973-11-04T05:25:13.000Z,255.2515,255.8085,0
1973-11-04T06:08:47.000Z,255.2815,255.8385,0
1973-11-04T06:52:12.000Z,255.24149,255.79849,0
1973-11-04T07:28:23.000Z,255.2515,255.8085,0
1973-11-04T07:50:13.000Z,255.21149,255.76849,0
1973-11-04T07:57:27.000Z,255.2515,255.8085,0
1973-11-04T08:55:21.000Z,255.24149,255.79849,0
1973-11-04T09:09:49.000Z,255.2815,255.8385,0
1973-11-04T09:46:08.000Z,255.2815,255.8385,0
1973-11-04T10:22:19.000Z,255.24149,255.79849,0
1973-11-04T11:20:21.000Z,255.2815,255.8385,0
1973-11-04T12:18:14.000Z,255.21199,255.76799,0
1973-11-04T13:01:47.000Z,255.2815,255.8385,0
1973-11-04T13:59:41.000Z,255.21199,255.76799,0
1973-11-04T14:50:28.000Z,255.2815,255.8385,0
1973-11-04T15:41:08.000Z,255.21249,255.76749,0
1973-11-04T16:39:09.000Z,255.2815,255.8385,0
1973-11-04T17:15:20.000Z,255.24199,255.79799,0
1973-11-04T17:51:31.000Z,255.2515,255.8085,0
1973-11-04T18:13:13.000Z,255.21249,255.76749,0
1973-11-04T19:11:15.000Z,255.282,255.838,0
1973-11-04T20:09:08.000Z,255.24149,255.79849,0
1973-11-04T20:45:27.000Z,255.24149,255.79849,0
1973-11-04T21:43:21.000Z,255.2515,255.8085,0
1973-11-04T22:12:26.000Z,255.252,255.808,0
1973-11-04T22:26:54.000Z,255.252,255.808,0
1973-11-04T22:48:37.000Z,255.21199,255.76799,0
1973-11-04T23:39:16.000Z,255.2815,255.8385,0
1973-11-05T00:01:07.000Z,255.2825,255.8375,0
1973-11-05T00:59:00.000Z,255.2825,255.8375,0
1973-11-05T01:57:02.000Z,255.252,255.808,0
1973-11-05T02:54:55.000Z,255.24199,255.79799,0
1973-11-05T03:38:28.000Z,255.282,255.838,0
1973-11-05T04:00:11.000Z,255.312,255.868,0
1973-11-05T04:43:36.000Z,255.282,255.838,0
1973-11-05T05:41:37.000Z,255.282,255.838,0
1973-11-05T06:39:31.000Z,255.24199,255.79799,0
1973-11-05T07:49:17.000Z,255.24199,255.79799,0
1973-11-05T08:32:42.000Z,255.252,255.808,0
1973-11-05T09:30:44.000Z,255.252,255.808,0
1973-11-05T10:28:37.000Z,255.312,255.868,0
1973-11-05T11:26:39.000Z,255.2825,255.8375,0
1973-11-05T12:24:40.000Z,255.282,255.838,0
1973-11-05T13:22:34.000Z,255.282,255.838,0
1973-11-05T14:20:35.000Z,255.2525,255.8075,0
1973-11-05T15:18:29.000Z,255.282,255.838,0
1973-11-05T16:16:30.000Z,255.24249,255.79749,0
1973-11-05T16:52:41.000Z,255.2825,255.8375,0
1973-11-05T17:21:38.000Z,255.2825,255.8375,0
1973-11-05T17:57:57.000Z,255.38147,255.93847,0
1973-11-05T18:26:54.000Z,255.2815,255.8385,0
1973-11-05T18:34:08.000Z,255.3425,255.8975,0
1973-11-05T19:32:09.000Z,255.2825,255.8375,0
1973-11-05T20:30:03.000Z,255.253,255.807,0
1973-11-05T20:59:00.000Z,255.252,255.808,0
1973-11-05T21:06:14.000Z,255.2525,255.8075,0
1973-11-05T22:04:15.000Z,255.2525,255.8075,0
1973-11-05T23:02:09.000Z,255.252,255.808,0
1973-11-06T00:00:10.000Z,255.2525,255.8075,0
1973-11-06T00:58:12.000Z,255.2525,255.8075,0
1973-11-06T01:56:05.000Z,255.2825,255.8375,0
1973-11-06T02:54:07.000Z,255.2825,255.8375,0
1973-11-06T03:52:00.000Z,255.2525,255.8075,0
1973-11-06T04:50:02.000Z,255.2525,255.8075,0
1973-11-06T05:47:55.000Z,255.253,255.807,0
1973-11-06T06:45:57.000Z,255.2525,255.8075,0
1973-11-06T07:43:50.000Z,255.2825,255.8375,0
1973-11-06T08:41:52.000Z,255.2525,255.8075,0
1973-11-06T09:39:45.000Z,255.253,255.807,0
1973-11-06T10:37:47.000Z,255.17298,255.72698,0
1973-11-06T11:35:40.000Z,255.2825,255.8375,0
1973-11-06T12:33:42.000Z,255.2525,255.8075,0
1973-11-06T13:31:35.000Z,255.313,255.867,0
1973-11-06T14:29:37.000Z,255.2825,255.8375,0
1973-11-06T15:27:39.000Z,255.3125,255.8675,0
1973-11-06T16:25:32.000Z,255.2825,255.8375,0
1973-11-06T17:23:34.000Z,255.282,255.838,0
1973-11-06T18:21:27.000Z,255.2525,255.8075,0
1973-11-06T19:19:29.000Z,255.2825,255.8375,0
1973-11-06T20:17:22.000Z,255.2225,255.7775,0
1973-11-06T21:15:24.000Z,255.2825,255.8375,0
1973-11-06T22:13:17.000Z,255.313,255.867,0
1973-11-06T23:11:19.000Z,255.283,255.837,0
1973-11-07T00:09:12.000Z,255.283,255.837,0
1973-11-07T01:07:14.000Z,255.2835,255.8365,0
1973-11-07T02:05:07.000Z,255.24299,255.79699,0
1973-11-07T03:03:09.000Z,255.283,255.837,0
1973-11-07T04:01:10.000Z,255.2825,255.8375,0
1973-11-07T04:59:04.000Z,255.3135,255.8665,0
1973-11-07T05:57:05.000Z,255.283,255.837,0
1973-11-07T06:54:59.000Z,255.24299,255.79699,0
1973-11-07T07:53:00.000Z,255.312,255.868,0
1973-11-07T08:50:54.000Z,255.283,255.837,0
1973-11-07T09:48:55.000Z,255.283,255.837,0
1973-11-07T10:46:49.000Z,255.24249,255.79749,0
1973-11-07T11:44:50.000Z,255.21299,255.76699,0
1973-11-07T12:42:44.000Z,255.253,255.807,0
1973-11-07T13:40:45.000Z,255.24299,255.79699,0
1973-11-07T14:31:24.000Z,255.24349,255.79649,0
1973-11-07T15:40:13.000Z,255.253,255.807,0
1973-11-07T16:38:15.000Z,255.2835,255.8365,0
1973-11-07T17:36:16.000Z,255.283,255.837,0
1973-11-07T18:34:10.000Z,255.24349,255.79649,0
1973-11-07T19:32:11.000Z,255.253,255.807,0
1973-11-07T20:37:19.000Z,255.313,255.867,0
1973-11-07T21:35:21.000Z,255.2835,255.8365,0
1973-11-07T22:33:14.000Z,255.3125,255.8675,0
1973-11-07T23:31:16.000Z,255.24349,255.79649,0
1973-11-08T00:29:09.000Z,255.253,255.807,0
1973-11-08T01:27:11.000Z,255.2835,255.8365,0
1973-11-08T02:25:04.000Z,255.283,255.837,0
1973-11-08T03:23:06.000Z,255.24299,255.79699,0
1973-11-08T04:21:07.000Z,255.2835,255.8365,0
1973-11-08T05:19:01.000Z,255.283,255.837,0
1973-11-08T06:17:02.000Z,255.24349,255.79649,0
1973-11-08T07:14:56.000Z,255.3135,255.8665,0
1973-11-08T08:12:57.000Z,255.2835,255.8365,0
1973-11-08T09:10:51.000Z,255.2835,255.8365,0
1973-11-08T10:08:52.000Z,255.2835,255.8365,0
1973-11-08T11:06:46.000Z,255.284,255.836,0
1973-11-08T12:04:47.000Z,255.2835,255.8365,0
1973-11-08T13:02:41.000Z,255.24349,255.79649,0
1973-11-08T14:00:42.000Z,255.2835,255.8365,0
1973-11-08T14:58:36.000Z,255.2835,255.8365,0
1973-11-08T16:03:51.000Z,255.3135,255.8665,0
1973-11-08T17:01:53.000Z,255.2835,255.8365,0
1973-11-08T17:59:46.000Z,255.2835,255.8365,0
1973-11-08T18:14:15.000Z,255.2835,255.8365,0
1973-11-08T19:12:16.000Z,255.2835,255.8365,0
1973-11-08T20:10:10.000Z,255.24349,255.79649,0
1973-11-08T21:08:11.000Z,255.2835,255.8365,0
1973-11-08T22:06:05.000Z,255.2835,255.8365,0
1973-11-08T23:04:06.000Z,255.3135,255.8665,0
1973-11-09T00:02:00.000Z,255.21349,255.76649,0
1973-11-09T01:00:01.000Z,255.3135,255.8665,0
1973-11-09T01:58:03.000Z,255.2835,255.8365,0
1973-11-09T02:55:56.000Z,255.2835,255.8365,0
1973-11-09T03:53:58.000Z,255.21349,255.76649,0
1973-11-09T04:51:51.000Z,255.21349,255.76649,0
1973-11-09T05:49:53.000Z,255.27349,255.82649,0
1973-11-09T06:47:46.000Z,255.24349,255.79649,0
1973-11-09T07:45:48.000Z,255.2535,255.8065,0
1973-11-09T08:43:41.000Z,255.284,255.836,0
1973-11-09T09:05:24.000Z,255.2835,255.8365,0
1973-11-09T10:03:26.000Z,255.2835,255.8365,0
1973-11-09T11:01:27.000Z,255.2535,255.8065,0
1973-11-09T11:59:21.000Z,255.2835,255.8365,0
1973-11-09T12:57:22.000Z,255.284,255.836,0
1973-11-09T13:55:16.000Z,255.2835,255.8365,0
1973-11-09T14:46:03.000Z,255.2535,255.8065,0
1973-11-09T15:07:46.000Z,255.284,255.836,0
1973-11-09T15:22:14.000Z,255.284,255.836,0
1973-11-09T16:34:44.000Z,255.2835,255.8365,0
1973-11-09T17:03:41.000Z,255.284,255.836,0
1973-11-09T17:10:55.000Z,255.284,255.836,0
1973-11-09T17:32:37.000Z,255.254,255.806,0
1973-11-09T17:39:51.000Z,255.284,255.836,0
1973-11-09T18:23:25.000Z,255.24399,255.79599,0
1973-11-09T19:14:04.000Z,255.24399,255.79599,0
1973-11-09T20:19:20.000Z,255.284,255.836,0
1973-11-09T20:26:34.000Z,255.284,255.836,0
1973-11-09T20:48:16.000Z,255.2835,255.8365,0
1973-11-09T21:24:27.000Z,255.284,255.836,0
1973-11-09T21:38:56.000Z,255.284,255.836,0
1973-11-09T22:15:15.000Z,255.284,255.836,0
1973-11-09T22:36:57.000Z,255.284,255.836,0
1973-11-09T23:34:59.000Z,255.254,255.806,0
1973-11-10T00:32:52.000Z,255.284,255.836,0
1973-11-10T01:30:54.000Z,255.284,255.836,0
1973-11-10T02:21:33.000Z,255.284,255.836,0
1973-11-10T02:36:01.000Z,255.284,255.836,0
1973-11-10T02:57:44.000Z,255.18399,255.73599,0
1973-11-10T03:04:58.000Z,255.284,255.836,0
1973-11-10T04:03:00.000Z,255.284,255.836,0
1973-11-10T04:31:56.000Z,255.284,255.836,0
1973-11-10T05:01:01.000Z,255.224,255.776,0
1973-11-10T05:58:55.000Z,255.284,255.836,0
1973-11-10T06:56:56.000Z,255.314,255.866,0
1973-11-10T07:54:50.000Z,255.284,255.836,0
1973-11-10T08:52:51.000Z,255.314,255.866,0
1973-11-10T09:36:16.000Z,255.24399,255.79599,0
1973-11-10T10:34:18.000Z,255.284,255.836,0
1973-11-10T11:32:11.000Z,255.2845,255.8355,0
1973-11-10T12:30:13.000Z,255.284,255.836,0
1973-11-10T13:28:06.000Z,255.284,255.836,0
1973-11-10T14:33:22.000Z,255.2845,255.8355,0
1973-11-10T14:55:05.000Z,255.24399,255.79599,0
1973-11-10T15:38:30.000Z,255.284,255.836,0
1973-11-10T16:00:21.000Z,255.24399,255.79599,0
1973-11-10T16:29:17.000Z,255.2845,255.8355,0
1973-11-10T17:27:11.000Z,255.284,255.836,0
1973-11-10T18:25:12.000Z,255.24399,255.79599,0
1973-11-10T19:23:14.000Z,255.24399,255.79599,0
1973-11-10T19:44:56.000Z,255.284,255.836,0
1973-11-10T20:42:50.000Z,255.254,255.806,0
1973-11-10T21:33:37.000Z,255.284,255.836,0
1973-11-10T22:31:31.000Z,255.284,255.836,0
1973-11-10T23:22:18.000Z,255.2845,255.8355,0
1973-11-10T23:58:29.000Z,255.2845,255.8355,0
1973-11-11T00:41:54.000Z,255.2845,255.8355,0
1973-11-11T01:39:56.000Z,255.21449,255.76549,0
1973-11-11T02:37:57.000Z,255.21449,255.76549,0
1973-11-11T03:35:51.000Z,255.2545,255.8055,0
1973-11-11T04:33:52.000Z,255.2545,255.8055,0
1973-11-11T05:31:46.000Z,255.2545,255.8055,0
1973-11-11T06:29:47.000Z,255.21449,255.76549,0
1973-11-11T07:27:41.000Z,255.2545,255.8055,0
1973-11-11T08:25:42.000Z,255.2845,255.8355,0
1973-11-11T09:23:36.000Z,255.2545,255.8055,0
1973-11-11T10:21:37.000Z,255.2845,255.8355,0
1973-11-11T11:19:31.000Z,255.2545,255.8055,0
1973-11-11T12:17:32.000Z,255.2845,255.8355,0
1973-11-11T13:15:26.000Z,255.21449,255.76549,0
1973-11-11T14:13:27.000Z,255.21449,255.76549,0
1973-11-11T15:11:21.000Z,255.24449,255.79549,0
1973-11-11T16:09:22.000Z,255.21449,255.76549,0
1973-11-11T17:07:24.000Z,255.21449,255.76549,0
1973-11-11T18:05:17.000Z,255.2545,255.8055,0
1973-11-11T19:03:19.000Z,255.2545,255.8055,0
1973-11-11T20:01:12.000Z,255.2545,255.8055,0
1973-11-11T20:59:14.000Z,255.2845,255.8355,0
1973-11-11T21:20:56.000Z,255.2545,255.8055,0
1973-11-11T21:35:25.000Z,255.2545,255.8055,0
1973-11-11T22:11:36.000Z,255.2545,255.8055,0
1973-11-11T22:33:26.000Z,255.2545,255.8055,0
1973-11-11T23:45:48.000Z,255.2545,255.8055,0
1973-11-11T23:53:02.000Z,255.2845,255.8355,0
1973-11-12T00:51:04.000Z,255.2545,255.8055,0
1973-11-12T01:48:57.000Z,255.2845,255.8355,0
1973-11-12T02:46:59.000Z,255.2545,255.8055,0
1973-11-12T03:44:52.000Z,255.2545,255.8055,0
1973-11-12T04:42:54.000Z,255.2845,255.8355,0
1973-11-12T05:40:47.000Z,255.255,255.805,0
1973-11-12T06:38:49.000Z,255.2845,255.8355,0
1973-11-12T07:36:42.000Z,255.255,255.805,0
1973-11-12T08:34:44.000Z,255.2545,255.8055,0
1973-11-12T09:32:45.000Z,255.2245,255.7755,0
1973-11-12T10:30:39.000Z,255.24449,255.79549,0
1973-11-12T11:28:40.000Z,255.285,255.835,0
1973-11-12T12:26:34.000Z,255.2845,255.8355,0
1973-11-12T13:02:45.000Z,255.21499,255.76499,0
1973-11-12T14:00:46.000Z,255.255,255.805,0
1973-11-12T14:58:48.000Z,255.255,255.805,0
1973-11-12T15:34:59.000Z,255.2845,255.8355,0
1973-11-12T16:11:10.000Z,255.2845,255.8355,0
1973-11-12T17:10:58.000Z,255.2845,255.8355,0
1973-11-12T18:08:59.000Z,255.21499,255.76499,0
1973-11-12T19:06:53.000Z,255.21499,255.76499,0
1973-11-12T20:04:54.000Z,255.255,255.805,0
1973-11-12T21:02:48.000Z,255.24499,255.79499,0
1973-11-12T22:00:49.000Z,255.21499,255.76499,0
1973-11-12T22:58:43.000Z,255.24499,255.79499,0
1973-11-12T23:56:44.000Z,255.21499,255.76499,0
1973-11-13T00:54:38.000Z,255.21499,255.76499,0
1973-11-13T01:52:39.000Z,255.21499,255.76499,0
1973-11-13T02:57:47.000Z,255.21499,255.76499,0
1973-11-13T03:55:49.000Z,255.21499,255.76499,0
1973-11-13T04:53:42.000Z,255.255,255.805,0
1973-11-13T05:51:44.000Z,255.24499,255.79499,0
1973-11-13T06:49:37.000Z,255.255,255.805,0
1973-11-13T07:54:53.000Z,255.255,255.805,0
1973-11-13T08:52:54.000Z,255.285,255.835,0
1973-11-13T09:50:48.000Z,255.21499,255.76499,0
1973-11-13T10:48:49.000Z,255.21499,255.76499,0
1973-11-13T11:46:43.000Z,255.255,255.805,0
1973-11-13T12:44:44.000Z,255.21499,255.76499,0
1973-11-13T12:59:13.000Z,255.21499,255.76499,0
1973-11-13T13:57:06.000Z,255.21549,255.76449,0
1973-11-13T14:55:08.000Z,255.21499,255.76499,0
1973-11-13T15:53:01.000Z,255.21499,255.76499,0
1973-11-13T16:51:03.000Z,255.2555,255.8045,0
1973-11-13T17:56:10.000Z,255.24499,255.79499,0
1973-11-13T18:03:33.000Z,255.24499,255.79499,0
1973-11-13T19:01:26.000Z,255.24499,255.79499,0
1973-11-13T19:59:28.000Z,255.24499,255.79499,0
1973-11-13T20:57:21.000Z,255.24549,255.79449,0
1973-11-13T21:55:23.000Z,255.21499,255.76499,0
1973-11-13T22:53:16.000Z,255.24499,255.79499,0
1973-11-13T23:51:18.000Z,255.24549,255.79449,0
1973-11-14T00:49:11.000Z,255.24499,255.79499,0
1973-11-14T01:47:13.000Z,255.21549,255.76449,0
1973-11-14T02:45:06.000Z,255.27549,255.82449,0
1973-11-14T03:43:08.000Z,255.27499,255.82499,0
1973-11-14T04:41:01.000Z,255.27549,255.82449,0
1973-11-14T05:39:03.000Z,255.27549,255.82449,0
1973-11-14T06:36:56.000Z,255.23498,255.78498,0
1973-11-14T07:34:58.000Z,255.23548,255.78448,0
1973-11-14T08:32:51.000Z,255.26548,255.81448,0
1973-11-14T09:30:53.000Z,255.2255,255.7745,0
1973-11-14T10:28:46.000Z,255.26498,255.81498,0
1973-11-14T11:26:48.000Z,255.18549,255.73449,0
1973-11-14T12:24:49.000Z,255.21549,255.76449,0
1973-11-14T13:22:43.000Z,255.21549,255.76449,0
1973-11-14T14:28:48.000Z,255.24549,255.79449,0
1973-11-14T15:12:21.000Z,255.24549,255.79449,0
1973-11-14T16:10:14.000Z,255.2555,255.8045,0
1973-11-14T17:08:16.000Z,255.24549,255.79449,0
1973-11-14T18:06:09.000Z,255.2255,255.7745,0
1973-11-14T19:04:11.000Z,255.24549,255.79449,0
1973-11-14T20:02:04.000Z,255.2555,255.8045,0
1973-11-14T21:00:06.000Z,255.19547,255.74447,0
1973-11-14T21:57:59.000Z,255.24549,255.79449,0
1973-11-14T22:56:01.000Z,255.18549,255.73449,0
1973-11-14T23:53:54.000Z,255.2555,255.8045,0
1973-11-15T00:51:56.000Z,255.23548,255.78448,0
1973-11-15T01:35:21.000Z,255.2255,255.7745,0
1973-11-15T02:33:23.000Z,255.24549,255.79449,0
1973-11-15T03:16:48.000Z,255.26548,255.81448,0
1973-11-15T04:14:49.000Z,255.26548,255.81448,0
1973-11-15T05:12:43.000Z,255.18599,255.73399,0
1973-11-15T06:10:44.000Z,255.24549,255.79449,0
1973-11-15T07:08:38.000Z,255.24549,255.79449,0
1973-11-15T08:06:39.000Z,255.27549,255.82449,0
1973-11-15T09:04:33.000Z,255.27549,255.82449,0
1973-11-15T10:02:34.000Z,255.27549,255.82449,0
1973-11-15T11:00:28.000Z,255.23548,255.78448,0
1973-11-15T11:58:29.000Z,255.27549,255.82449,0
1973-11-15T12:56:31.000Z,255.23548,255.78448,0
1973-11-15T13:54:24.000Z,255.23598,255.78398,0
1973-11-15T14:52:26.000Z,255.23548,255.78448,0
1973-11-15T15:50:19.000Z,255.23548,255.78448,0
1973-11-15T16:48:21.000Z,255.19597,255.74397,0
1973-11-15T17:46:14.000Z,255.29548,255.84448,0
1973-11-15T18:37:02.000Z,255.26548,255.81448,0
1973-11-15T19:05:59.000Z,255.26548,255.81448,0
1973-11-15T19:49:24.000Z,255.2255,255.7745,0
1973-11-15T20:47:25.000Z,255.21599,255.76399,0
1973-11-15T21:45:19.000Z,255.256,255.804,0
1973-11-15T22:36:06.000Z,255.2555,255.8045,0
1973-11-15T23:19:31.000Z,255.256,255.804,0
1973-11-15T23:55:42.000Z,255.2555,255.8045,0
1973-11-16T00:24:47.000Z,255.21599,255.76399,0
1973-11-16T01:00:58.000Z,255.2855,255.8345,0
1973-11-16T01:22:40.000Z,255.2555,255.8045,0
1973-11-16T01:37:09.000Z,255.21599,255.76399,0
1973-11-16T01:51:45.000Z,255.21599,255.76399,0
1973-11-16T01:58:59.000Z,255.2555,255.8045,0
1973-11-16T02:35:10.000Z,255.2555,255.8045,0
1973-11-16T03:11:21.000Z,255.21599,255.76399,0
1973-11-16T03:54:54.000Z,255.24599,255.79399,0
1973-11-16T04:16:37.000Z,255.256,255.804,0
1973-11-16T04:23:51.000Z,255.24549,255.79449,0
1973-11-16T04:45:34.000Z,255.21599,255.76399,0
1973-11-16T05:43:35.000Z,255.21599,255.76399,0
1973-11-16T06:41:29.000Z,255.24599,255.79399,0
1973-11-16T07:39:30.000Z,255.21599,255.76399,0
1973-11-16T08:37:24.000Z,255.24599,255.79399,0
1973-11-16T09:35:25.000Z,255.21599,255.76399,0
1973-11-16T10:33:19.000Z,255.24599,255.79399,0
1973-11-16T11:31:20.000Z,255.23598,255.78398,0
1973-11-16T12:29:14.000Z,255.20598,255.75398,0
1973-11-16T13:27:15.000Z,255.27599,255.82399,0
1973-11-16T14:25:09.000Z,255.23598,255.78398,0
1973-11-16T15:23:10.000Z,255.23598,255.78398,0
1973-11-16T16:21:04.000Z,255.23598,255.78398,0
1973-11-16T17:19:05.000Z,255.23598,255.78398,0
1973-11-16T18:16:59.000Z,255.23598,255.78398,0
1973-11-16T19:15:00.000Z,255.26598,255.81398,0
1973-11-16T19:58:25.000Z,255.23598,255.78398,0
1973-11-16T20:13:02.000Z,255.23598,255.78398,0
1973-11-16T21:10:55.000Z,255.20598,255.75398,0
1973-11-16T21:54:20.000Z,255.20598,255.75398,0
1973-11-16T22:52:22.000Z,255.26598,255.81398,0
1973-11-16T23:50:15.000Z,255.23598,255.78398,0
1973-11-17T00:48:17.000Z,255.23598,255.78398,0
1973-11-17T01:24:28.000Z,255.23598,255.78398,0
1973-11-17T02:22:29.000Z,255.23598,255.78398,0
1973-11-17T02:29:44.000Z,255.23598,255.78398,0
1973-11-17T02:58:40.000Z,255.23598,255.78398,0
1973-11-17T03:42:14.000Z,255.23598,255.78398,0
1973-11-17T03:56:42.000Z,255.29598,255.84398,0
1973-11-17T04:40:07.000Z,255.23598,255.78398,0
1973-11-17T05:38:09.000Z,255.23648,255.78348,0
1973-11-17T06:36:02.000Z,255.23648,255.78348,0
1973-11-17T07:34:04.000Z,255.26598,255.81398,0
1973-11-17T08:31:57.000Z,255.26648,255.81348,0
1973-11-17T09:29:59.000Z,255.26648,255.81348,0
1973-11-17T10:27:52.000Z,255.23598,255.78398,0
1973-11-17T11:25:54.000Z,255.26598,255.81398,0
1973-11-17T12:23:47.000Z,255.26598,255.81398,0
1973-11-17T13:21:49.000Z,255.226,255.774,0
1973-11-17T14:19:42.000Z,255.2265,255.7735,0
1973-11-17T15:17:44.000Z,255.26598,255.81398,0
1973-11-17T16:15:37.000Z,255.26648,255.81348,0
1973-11-17T17:13:39.000Z,255.26598,255.81398,0
1973-11-17T18:11:32.000Z,255.26648,255.81348,0
1973-11-17T19:09:34.000Z,255.26648,255.81348,0
1973-11-17T20:07:27.000Z,255.26648,255.81348,0
1973-11-17T21:05:29.000Z,255.2265,255.7735,0
1973-11-17T21:34:25.000Z,255.26648,255.81348,0
1973-11-17T21:56:08.000Z,255.256,255.804,0
1973-11-17T22:54:09.000Z,255.2265,255.7735,0
1973-11-17T23:52:11.000Z,255.2265,255.7735,0
1973-11-18T00:50:04.000Z,255.21649,255.76349,0
1973-11-18T01:48:06.000Z,255.226,255.774,0
1973-11-18T02:45:59.000Z,255.2265,255.7735,0
1973-11-18T03:07:42.000Z,255.2865,255.8335,0
1973-11-18T04:05:44.000Z,255.2265,255.7735,0
1973-11-18T05:03:37.000Z,255.2265,255.7735,0
1973-11-18T06:01:39.000Z,255.2565,255.8035,0
1973-11-18T06:59:32.000Z,255.2565,255.8035,0
1973-11-18T07:57:34.000Z,255.26648,255.81348,0
1973-11-18T08:55:27.000Z,255.2865,255.8335,0
1973-11-18T09:53:29.000Z,255.2565,255.8035,0
1973-11-18T10:51:22.000Z,255.21649,255.76349,0
1973-11-18T11:49:24.000Z,255.2565,255.8035,0
1973-11-18T12:47:25.000Z,255.2565,255.8035,0
1973-11-18T13:45:19.000Z,255.2565,255.8035,0
1973-11-18T14:43:20.000Z,255.2865,255.8335,0
1973-11-18T15:41:14.000Z,255.2565,255.8035,0
1973-11-18T16:39:15.000Z,255.24649,255.79349,0
1973-11-18T17:37:09.000Z,255.21649,255.76349,0
1973-11-18T18:35:10.000Z,255.24649,255.79349,0
1973-11-18T19:33:04.000Z,255.21649,255.76349,0
1973-11-18T20:31:05.000Z,255.24649,255.79349,0
1973-11-18T21:28:59.000Z,255.2865,255.8335,0
1973-11-18T22:41:29.000Z,255.2865,255.8335,0
1973-11-18T23:39:22.000Z,255.24649,255.79349,0
1973-11-19T00:01:13.000Z,255.24649,255.79349,0
1973-11-19T00:59:06.000Z,255.24649,255.79349,0
1973-11-19T01:57:08.000Z,255.2865,255.8335,0
1973-11-19T02:55:01.000Z,255.24649,255.79349,0
1973-11-19T03:53:03.000Z,255.24649,255.79349,0
1973-11-19T04:50:56.000Z,255.24699,255.79299,0
1973-11-19T05:56:12.000Z,255.24699,255.79299,0
1973-11-19T06:10:40.000Z,255.24649,255.79349,0
1973-11-19T06:25:09.000Z,255.24649,255.79349,0
1973-11-19T07:23:10.000Z,255.24649,255.79349,0
1973-11-19T07:44:53.000Z,255.24699,255.79299,0
1973-11-19T08:06:35.000Z,255.24649,255.79349,0
1973-11-19T09:04:37.000Z,255.24699,255.79299,0
1973-11-19T10:09:44.000Z,255.24649,255.79349,0
1973-11-19T10:16:59.000Z,255.24649,255.79349,0
1973-11-19T11:15:00.000Z,255.24649,255.79349,0
1973-11-19T11:43:57.000Z,255.24649,255.79349,0
1973-11-19T12:34:36.000Z,255.24699,255.79299,0
1973-11-19T12:56:27.000Z,255.24699,255.79299,0
1973-11-19T13:32:38.000Z,255.24699,255.79299,0
1973-11-19T13:54:20.000Z,255.24699,255.79299,0
1973-11-19T15:24:02.000Z,255.24699,255.79299,0
1973-11-19T16:21:56.000Z,255.24699,255.79299,0
1973-11-19T17:19:57.000Z,255.24699,255.79299,0
1973-11-19T18:17:51.000Z,255.27699,255.82299,0
1973-11-19T19:15:52.000Z,255.24699,255.79299,0
1973-11-19T20:13:46.000Z,255.24699,255.79299,0
1973-11-19T21:11:48.000Z,255.20698,255.75298,0
1973-11-19T22:09:49.000Z,255.24699,255.79299,0
1973-11-19T23:07:43.000Z,255.24699,255.79299,0
1973-11-20T00:05:44.000Z,255.27699,255.82299,0
1973-11-20T01:03:38.000Z,255.27699,255.82299,0
1973-11-20T02:01:39.000Z,255.20698,255.75298,0
1973-11-20T02:59:33.000Z,255.27699,255.82299,0
1973-11-20T03:57:34.000Z,255.20698,255.75298,0
1973-11-20T04:55:28.000Z,255.24699,255.79299,0
1973-11-20T05:53:29.000Z,255.27699,255.82299,0
1973-11-20T06:51:23.000Z,255.23698,255.78298,0
1973-11-20T07:13:05.000Z,255.19747,255.74247,0
1973-11-20T08:11:07.000Z,255.23698,255.78298,0
1973-11-20T08:47:18.000Z,255.26698,255.81298,0
1973-11-20T08:54:32.000Z,255.23698,255.78298,0
1973-11-20T09:52:33.000Z,255.19697,255.74297,0
1973-11-20T10:50:27.000Z,255.27699,255.82299,0
1973-11-20T11:48:28.000Z,255.27699,255.82299,0
1973-11-20T12:31:53.000Z,255.26698,255.81298,0
1973-11-20T12:46:22.000Z,255.23698,255.78298,0
1973-11-20T13:29:55.000Z,255.27699,255.82299,0
1973-11-20T14:27:48.000Z,255.23698,255.78298,0
1973-11-20T15:25:50.000Z,255.26698,255.81298,0
1973-11-20T15:33:04.000Z,255.26698,255.81298,0
1973-11-20T19:53:51.000Z,255.26748,255.81248,0
1973-11-20T20:51:52.000Z,255.19747,255.74247,0
1973-11-20T21:49:46.000Z,255.30699,255.85299,0
1973-11-20T22:47:48.000Z,255.26698,255.81298,0
1973-11-20T23:45:41.000Z,255.19747,255.74247,0
1973-11-21T00:43:43.000Z,255.23698,255.78298,0
1973-11-21T01:41:36.000Z,255.26748,255.81248,0
1973-11-21T01:56:12.000Z,255.26748,255.81248,0
1973-11-21T02:54:06.000Z,255.23748,255.78248,0
1973-11-21T03:52:07.000Z,255.2275,255.7725,0
1973-11-21T04:50:01.000Z,255.30699,255.85299,0
1973-11-21T05:55:17.000Z,255.26748,255.81248,0
1973-11-21T06:53:10.000Z,255.23748,255.78248,0
1973-11-21T07:51:12.000Z,255.23748,255.78248,0
1973-11-21T08:49:05.000Z,255.2275,255.7725,0
1973-11-21T09:47:07.000Z,255.23748,255.78248,0
1973-11-21T11:14:05.000Z,255.2275,255.7725,0
1973-11-21T12:40:55.000Z,255.2275,255.7725,0
1973-11-21T12:48:17.000Z,255.26748,255.81248,0
1973-11-21T13:46:11.000Z,255.30699,255.85299,0
1973-11-21T14:44:12.000Z,255.26748,255.81248,0
1973-11-21T16:16:30.000Z,255.26748,255.81248,0
1973-11-21T17:14:32.000Z,255.26748,255.81248,0
1973-11-21T18:12:25.000Z,255.26748,255.81248,0
1973-11-21T19:10:27.000Z,255.26748,255.81248,0
1973-11-21T20:08:20.000Z,255.26748,255.81248,0
1973-11-21T21:06:22.000Z,255.2275,255.7725,0
1973-11-21T22:04:15.000Z,255.26748,255.81248,0
1973-11-21T23:02:17.000Z,255.26748,255.81248,0
1973-11-22T00:00:10.000Z,255.2275,255.7725,0
1973-11-22T00:58:12.000Z,255.26748,255.81248,0
1973-11-22T01:56:05.000Z,255.19747,255.74247,0
1973-11-22T02:54:07.000Z,255.19797,255.74197,0
1973-11-22T03:52:00.000Z,255.2275,255.7725,0
1973-11-22T04:50:02.000Z,255.26748,255.81248,0
1973-11-22T05:11:44.000Z,255.228,255.772,0
1973-11-22T06:09:46.000Z,255.26748,255.81248,0
1973-11-22T06:37:29.000Z,255.2275,255.7725,0
1973-11-22T07:07:39.000Z,255.228,255.772,0
1973-11-22T08:20:09.000Z,255.26748,255.81248,0
1973-11-22T08:27:24.000Z,255.228,255.772,0
1973-11-22T09:25:17.000Z,255.2275,255.7725,0
1973-11-22T10:23:19.000Z,255.26798,255.81198,0
1973-11-22T11:21:20.000Z,255.2575,255.8025,0
1973-11-22T11:57:31.000Z,255.228,255.772,0
1973-11-22T12:55:24.000Z,255.26748,255.81248,0
1973-11-22T13:53:26.000Z,255.2275,255.7725,0
1973-11-22T14:51:19.000Z,255.29748,255.84248,0
1973-11-22T15:49:21.000Z,255.228,255.772,0
1973-11-22T16:47:14.000Z,255.228,255.772,0
1973-11-22T17:45:16.000Z,255.228,255.772,0
1973-11-22T18:43:18.000Z,255.2575,255.8025,0
1973-11-22T19:41:11.000Z,255.258,255.802,0
1973-11-22T20:39:13.000Z,255.2875,255.8325,0
1973-11-22T21:37:06.000Z,255.258,255.802,0
1973-11-22T22:35:08.000Z,255.258,255.802,0
1973-11-22T23:33:01.000Z,255.228,255.772,0
1973-11-23T00:31:03.000Z,255.228,255.772,0
1973-11-23T01:28:56.000Z,255.228,255.772,0
1973-11-23T02:26:58.000Z,255.2575,255.8025,0
1973-11-23T03:24:51.000Z,255.228,255.772,0
1973-11-23T04:22:53.000Z,255.19797,255.74197,0
1973-11-23T05:20:46.000Z,255.288,255.832,0
1973-11-23T06:18:48.000Z,255.258,255.802,0
1973-11-23T07:16:41.000Z,255.228,255.772,0
1973-11-23T08:14:43.000Z,255.228,255.772,0
1973-11-23T09:12:36.000Z,255.228,255.772,0
1973-11-23T10:10:38.000Z,255.228,255.772,0
1973-11-23T11:15:54.000Z,255.258,255.802,0
1973-11-23T12:13:47.000Z,255.228,255.772,0
1973-11-23T13:11:49.000Z,255.2285,255.7715,0
1973-11-23T14:09:42.000Z,255.228,255.772,0
1973-11-23T15:07:44.000Z,255.258,255.802,0
1973-11-23T16:05:37.000Z,255.228,255.772,0
1973-11-23T17:03:39.000Z,255.228,255.772,0
1973-11-23T18:01:32.000Z,255.258,255.802,0
1973-11-23T18:59:34.000Z,255.288,255.832,0
1973-11-23T19:57:27.000Z,255.228,255.772,0
1973-11-23T20:55:29.000Z,255.228,255.772,0
1973-11-23T21:53:22.000Z,255.228,255.772,0
1973-11-23T22:51:24.000Z,255.228,255.772,0
1973-11-23T23:49:17.000Z,255.2285,255.7715,0
1973-11-24T00:47:19.000Z,255.2285,255.7715,0
1973-11-24T02:26:01.000Z,255.258,255.802,0
1973-11-24T03:23:55.000Z,255.2585,255.8015,0
1973-11-24T04:21:56.000Z,255.2285,255.7715,0
1973-11-24T05:27:12.000Z,255.2285,255.7715,0
1973-11-24T05:34:26.000Z,255.2585,255.8015,0
1973-11-24T06:25:06.000Z,255.2285,255.7715,0
1973-11-24T07:15:45.000Z,255.2585,255.8015,0
1973-11-24T07:44:50.000Z,255.2285,255.7715,0
1973-11-24T08:06:32.000Z,255.2285,255.7715,0
1973-11-24T08:28:15.000Z,255.2285,255.7715,0
1973-11-24T08:57:11.000Z,255.2585,255.8015,0
1973-11-24T09:55:13.000Z,255.2285,255.7715,0
1973-11-24T10:31:24.000Z,255.2885,255.8315,0
1973-11-24T11:07:43.000Z,255.2585,255.8015,0
1973-11-24T11:36:40.000Z,255.2285,255.7715,0
1973-11-24T12:05:36.000Z,255.2285,255.7715,0
1973-11-24T12:27:19.000Z,255.2285,255.7715,0
1973-11-24T13:32:35.000Z,255.2285,255.7715,0
1973-11-24T13:39:49.000Z,255.2285,255.7715,0
1973-11-24T14:23:14.000Z,255.2285,255.7715,0
1973-11-24T15:21:16.000Z,255.2285,255.7715,0
1973-11-24T15:57:26.000Z,255.2585,255.8015,0
1973-11-24T16:19:09.000Z,255.2585,255.8015,0
1973-11-24T16:33:46.000Z,255.2285,255.7715,0
1973-11-24T17:31:39.000Z,255.2285,255.7715,0
1973-11-24T18:29:41.000Z,255.2285,255.7715,0
1973-11-24T19:27:34.000Z,255.2285,255.7715,0
1973-11-24T19:56:31.000Z,255.2585,255.8015,0
1973-11-24T20:54:32.000Z,255.2285,255.7715,0
1973-11-24T21:52:26.000Z,255.2285,255.7715,0
1973-11-24T22:50:27.000Z,255.2285,255.7715,0
1973-11-24T23:48:21.000Z,255.2285,255.7715,0
1973-11-25T00:46:22.000Z,255.2285,255.7715,0
1973-11-25T01:44:24.000Z,255.2285,255.7715,0
1973-11-25T02:42:17.000Z,255.2285,255.7715,0
1973-11-25T02:56:46.000Z,255.2285,255.7715,0
1973-11-25T03:54:47.000Z,255.2285,255.7715,0
1973-11-25T04:52:41.000Z,255.2585,255.8015,0
1973-11-25T05:50:42.000Z,255.2585,255.8015,0
1973-11-25T06:48:36.000Z,255.2285,255.7715,0
1973-11-25T07:46:37.000Z,255.2585,255.8015,0
1973-11-25T08:44:31.000Z,255.2585,255.8015,0
1973-11-25T09:42:32.000Z,255.259,255.801,0
1973-11-25T10:04:15.000Z,255.2585,255.8015,0
1973-11-25T11:02:16.000Z,255.2285,255.7715,0
1973-11-25T11:52:56.000Z,255.2585,255.8015,0
1973-11-25T12:50:57.000Z,255.259,255.801,0
1973-11-25T13:48:51.000Z,255.229,255.771,0
1973-11-25T14:46:52.000Z,255.2585,255.8015,0
1973-11-25T15:44:46.000Z,255.2585,255.8015,0
1973-11-25T16:35:33.000Z,255.2585,255.8015,0
1973-11-25T17:33:26.000Z,255.2285,255.7715,0
1973-11-25T18:09:37.000Z,255.2585,255.8015,0
1973-11-25T18:24:14.000Z,255.229,255.771,0
1973-11-25T19:07:39.000Z,255.2285,255.7715,0
1973-11-25T19:58:18.000Z,255.2585,255.8015,0
1973-11-25T20:12:55.000Z,255.2585,255.8015,0
1973-11-25T21:10:48.000Z,255.2585,255.8015,0
1973-11-25T22:08:50.000Z,255.2585,255.8015,0
1973-11-25T23:06:43.000Z,255.2585,255.8015,0
1973-11-26T00:04:45.000Z,255.2585,255.8015,0
1973-11-26T01:02:38.000Z,255.27849,255.82149,0
1973-11-26T02:00:40.000Z,255.259,255.801,0
1973-11-26T02:58:33.000Z,255.229,255.771,0
1973-11-26T03:56:35.000Z,255.259,255.801,0
1973-11-26T04:54:28.000Z,255.259,255.801,0
1973-11-26T05:52:30.000Z,255.259,255.801,0
1973-11-26T06:50:23.000Z,255.259,255.801,0
1973-11-26T07:48:25.000Z,255.229,255.771,0
1973-11-26T08:46:18.000Z,255.229,255.771,0
1973-11-26T09:44:20.000Z,255.259,255.801,0
1973-11-26T10:13:16.000Z,255.229,255.771,0
1973-11-26T11:11:18.000Z,255.259,255.801,0
1973-11-26T12:09:11.000Z,255.259,255.801,0
1973-11-26T13:07:13.000Z,255.289,255.831,0
1973-11-26T14:05:06.000Z,255.259,255.801,0
1973-11-26T15:03:08.000Z,255.229,255.771,0
1973-11-26T15:50:14.000Z,255.27899,255.82099,0
1973-11-26T16:48:08.000Z,255.259,255.801,0
1973-11-26T17:38:55.000Z,255.259,255.801,0
1973-11-26T18:07:52.000Z,255.259,255.801,0
1973-11-26T18:22:20.000Z,255.259,255.801,0
1973-11-26T19:20:22.000Z,255.259,255.801,0
1973-11-26T20:18:15.000Z,255.229,255.771,0
1973-11-26T21:16:17.000Z,255.27899,255.82099,0
1973-11-26T22:14:10.000Z,255.229,255.771,0
1973-11-26T23:12:12.000Z,255.259,255.801,0
1973-11-27T00:10:05.000Z,255.229,255.771,0
1973-11-27T01:08:07.000Z,255.27899,255.82099,0
1973-11-27T02:06:00.000Z,255.27899,255.82099,0
1973-11-27T03:04:02.000Z,255.27899,255.82099,0
1973-11-27T04:01:55.000Z,255.259,255.801,0
1973-11-27T04:59:57.000Z,255.229,255.771,0
1973-11-27T05:57:50.000Z,255.27899,255.82099,0
1973-11-27T06:55:52.000Z,255.27899,255.82099,0
1973-11-27T07:53:45.000Z,255.24899,255.79099,0
1973-11-27T08:51:47.000Z,255.21899,255.76099,0
1973-11-27T09:35:12.000Z,255.259,255.801,0
1973-11-27T09:49:40.000Z,255.27899,255.82099,0
1973-11-27T10:33:14.000Z,255.21949,255.76049,0
1973-11-27T11:09:24.000Z,255.27949,255.82049,0
1973-11-27T11:31:07.000Z,255.27949,255.82049,0
1973-11-27T11:45:43.000Z,255.27899,255.82099,0
1973-11-27T12:14:40.000Z,255.259,255.801,0
1973-11-27T12:36:23.000Z,255.259,255.801,0
1973-11-27T12:58:05.000Z,255.27899,255.82099,0
1973-11-27T13:19:48.000Z,255.259,255.801,0
1973-11-27T13:48:53.000Z,255.2595,255.8005,0
1973-11-27T14:17:49.000Z,255.27899,255.82099,0
1973-11-27T15:15:43.000Z,255.24949,255.79049,0
1973-11-27T16:13:44.000Z,255.24949,255.79049,0
1973-11-27T17:11:38.000Z,255.2595,255.8005,0
1973-11-27T18:09:39.000Z,255.2595,255.8005,0
1973-11-27T19:07:41.000Z,255.27949,255.82049,0
1973-11-27T20:05:34.000Z,255.259,255.801,0
1973-11-27T21:03:36.000Z,255.27899,255.82099,0
1973-11-27T22:01:29.000Z,255.27949,255.82049,0
1973-11-27T22:59:31.000Z,255.27949,255.82049,0
1973-11-27T23:57:24.000Z,255.27949,255.82049,0
1973-11-28T00:55:26.000Z,255.27949,255.82049,0
1973-11-28T01:53:19.000Z,255.24949,255.79049,0
1973-11-28T02:51:21.000Z,255.27949,255.82049,0
1973-11-28T03:49:14.000Z,255.24949,255.79049,0
1973-11-28T04:47:16.000Z,255.24949,255.79049,0
1973-11-28T05:45:09.000Z,255.27949,255.82049,0
1973-11-28T06:43:11.000Z,255.27949,255.82049,0
1973-11-28T07:41:04.000Z,255.27949,255.82049,0
1973-11-28T08:39:06.000Z,255.21949,255.76049,0
1973-11-28T09:36:59.000Z,255.27949,255.82049,0
1973-11-28T10:35:01.000Z,255.24949,255.79049,0
1973-11-28T11:32:54.000Z,255.27949,255.82049,0
1973-11-28T12:30:56.000Z,255.20948,255.75048,0
1973-11-28T13:28:49.000Z,255.24949,255.79049,0
1973-11-28T14:26:51.000Z,255.27949,255.82049,0
1973-11-28T15:24:53.000Z,255.24949,255.79049,0
1973-11-28T16:22:46.000Z,255.24949,255.79049,0
1973-11-28T17:20:48.000Z,255.27949,255.82049,0
1973-11-28T18:31:23.000Z,255.24949,255.79049,0
1973-11-28T19:36:39.000Z,255.27949,255.82049,0
1973-11-28T19:58:21.000Z,255.2595,255.8005,0
1973-11-28T20:56:15.000Z,255.24949,255.79049,0
1973-11-28T21:54:16.000Z,255.27949,255.82049,0
1973-11-28T22:59:24.000Z,255.27949,255.82049,0
1973-11-28T23:57:25.000Z,255.24999,255.78999,0
1973-11-29T02:22:17.000Z,255.21999,255.75999,0
1973-11-29T02:58:36.000Z,255.27949,255.82049,0
1973-11-29T03:56:30.000Z,255.24949,255.79049,0
1973-11-29T04:54:31.000Z,255.24999,255.78999,0
1973-11-29T05:52:25.000Z,255.30949,255.85049,0
1973-11-29T06:50:26.000Z,255.27949,255.82049,0
1973-11-29T07:48:20.000Z,255.24999,255.78999,0
1973-11-29T08:46:21.000Z,255.24999,255.78999,0
1973-11-29T09:44:15.000Z,255.24999,255.78999,0
1973-11-29T10:42:16.000Z,255.27949,255.82049,0
1973-11-29T11:40:10.000Z,255.24999,255.78999,0
1973-11-29T12:38:11.000Z,255.24949,255.79049,0
1973-11-29T12:45:25.000Z,255.24999,255.78999,0
1973-11-29T13:07:08.000Z,255.27949,255.82049,0
1973-11-29T13:43:19.000Z,255.24999,255.78999,0
1973-11-29T14:12:24.000Z,255.24999,255.78999,0
1973-11-29T14:48:35.000Z,255.24999,255.78999,0
1973-11-29T15:10:17.000Z,255.23998,255.77998,0
1973-11-29T15:32:00.000Z,255.20998,255.74998,0
1973-11-29T15:53:50.000Z,255.24999,255.78999,0
1973-11-29T16:51:44.000Z,255.23998,255.77998,0
1973-11-29T17:49:45.000Z,255.24999,255.78999,0
1973-11-29T18:47:39.000Z,255.24999,255.78999,0
1973-11-29T19:45:40.000Z,255.24999,255.78999,0
1973-11-29T20:43:34.000Z,255.20948,255.75048,0
1973-11-29T21:41:35.000Z,255.24999,255.78999,0
1973-11-29T22:39:29.000Z,255.23,255.77,0
1973-11-29T23:37:30.000Z,255.23948,255.78048,0
1973-11-30T00:35:24.000Z,255.2595,255.8005,0
1973-11-30T01:33:25.000Z,255.20998,255.74998,0
1973-11-30T02:24:05.000Z,255.23,255.77,0
1973-11-30T03:22:06.000Z,255.29998,255.83998,0
1973-11-30T04:20:00.000Z,255.27999,255.81999,0
1973-11-30T05:18:01.000Z,255.29,255.83,0
1973-11-30T06:15:55.000Z,255.26,255.8,0
1973-11-30T07:13:56.000Z,255.26998,255.80998,0
1973-11-30T08:11:50.000Z,255.23998,255.77998,0
1973-11-30T09:09:51.000Z,255.26998,255.80998,0
1973-11-30T10:07:45.000Z,255.23,255.77,0
1973-11-30T11:05:46.000Z,255.23998,255.77998,0
1973-11-30T12:03:48.000Z,255.23998,255.77998,0
1973-11-30T13:01:41.000Z,255.23998,255.77998,0
1973-11-30T13:59:43.000Z,255.32,255.86,0
1973-11-30T14:57:36.000Z,255.24999,255.78999,0
1973-11-30T15:55:38.000Z,255.27999,255.81999,0
1973-11-30T16:53:31.000Z,255.27999,255.81999,0
1973-11-30T17:51:33.000Z,255.24999,255.78999,0
1973-11-30T18:49:26.000Z,255.24999,255.78999,0
1973-11-30T19:47:28.000Z,255.24999,255.78999,0
1973-11-30T20:45:21.000Z,255.25049,255.78949,0
1973-11-30T21:43:23.000Z,255.25049,255.78949,0
1973-11-30T22:41:16.000Z,255.22049,255.75949,0
1973-11-30T23:39:18.000Z,255.32,255.86,0
1973-12-01T00:37:11.000Z,255.32,255.86,0
1973-12-01T01:35:13.000Z,255.25049,255.78949,0
1973-12-01T02:33:06.000Z,255.25049,255.78949,0
1973-12-01T03:31:08.000Z,255.21999,255.75999,0
1973-12-01T04:07:19.000Z,255.22049,255.75949,0
1973-12-01T05:05:20.000Z,255.22049,255.75949,0
1973-12-01T06:03:14.000Z,255.2605,255.7995,0
1973-12-01T07:01:15.000Z,255.25049,255.78949,0
1973-12-01T07:59:09.000Z,255.25049,255.78949,0
1973-12-01T08:57:10.000Z,255.25049,255.78949,0
1973-12-01T09:55:04.000Z,255.25049,255.78949,0
1973-12-01T10:45:51.000Z,255.25049,255.78949,0
1973-12-01T10:53:05.000Z,255.25049,255.78949,0
1973-12-01T11:50:59.000Z,255.2905,255.8295,0
1973-12-01T13:10:43.000Z,255.25049,255.78949,0
1973-12-01T14:08:45.000Z,255.2905,255.8295,0
1973-12-01T15:06:38.000Z,255.2905,255.8295,0
1973-12-01T16:04:40.000Z,255.2905,255.8295,0
1973-12-01T17:02:33.000Z,255.2905,255.8295,0
1973-12-01T18:02:21.000Z,255.2905,255.8295,0
1973-12-01T19:00:23.000Z,255.2905,255.8295,0
1973-12-01T19:58:16.000Z,255.19049,255.72949,0
1973-12-01T20:56:18.000Z,255.2605,255.7995,0
1973-12-01T21:54:11.000Z,255.2605,255.7995,0
1973-12-01T22:52:13.000Z,255.2605,255.7995,0
1973-12-01T23:50:06.000Z,255.231,255.769,0
1973-12-02T00:48:08.000Z,255.2905,255.8295,0
1973-12-02T01:46:01.000Z,255.2905,255.8295,0
1973-12-02T02:44:03.000Z,255.2605,255.7995,0
1973-12-02T03:41:56.000Z,255.2905,255.8295,0
1973-12-02T04:39:58.000Z,255.3205,255.8595,0
1973-12-02T05:37:51.000Z,255.291,255.829,0
1973-12-02T06:35:53.000Z,255.19099,255.72899,0
1973-12-02T07:33:46.000Z,255.2905,255.8295,0
1973-12-02T08:31:48.000Z,255.261,255.799,0
1973-12-02T09:29:49.000Z,255.261,255.799,0
1973-12-02T10:27:43.000Z,255.2905,255.8295,0
1973-12-02T11:25:44.000Z,255.231,255.769,0
1973-12-02T12:23:38.000Z,255.261,255.799,0
1973-12-02T13:21:39.000Z,255.261,255.799,0
1973-12-02T14:19:33.000Z,255.261,255.799,0
1973-12-02T14:41:15.000Z,255.2605,255.7995,0
1973-12-02T15:39:17.000Z,255.2605,255.7995,0
1973-12-02T16:37:10.000Z,255.261,255.799,0
1973-12-02T17:35:12.000Z,255.261,255.799,0
1973-12-02T18:33:05.000Z,255.261,255.799,0
1973-12-02T19:31:07.000Z,255.22099,255.75899,0
1973-12-02T20:29:00.000Z,255.321,255.859,0
1973-12-02T21:27:02.000Z,255.261,255.799,0
1973-12-02T22:25:04.000Z,255.22099,255.75899,0
1973-12-02T23:22:57.000Z,255.291,255.829,0
1973-12-03T00:20:59.000Z,255.2605,255.7995,0
1973-12-03T00:35:27.000Z,255.25099,255.78899,0
1973-12-03T01:33:20.000Z,255.22149,255.75849,0
1973-12-03T02:09:39.000Z,255.261,255.799,0
1973-12-03T03:00:19.000Z,255.22099,255.75899,0
1973-12-03T03:43:44.000Z,255.291,255.829,0
1973-12-03T04:12:49.000Z,255.25149,255.78849,0
1973-12-03T05:10:42.000Z,255.291,255.829,0
1973-12-03T06:08:44.000Z,255.291,255.829,0
1973-12-03T06:23:12.000Z,255.2915,255.8285,0
1973-12-03T07:21:05.000Z,255.321,255.859,0
1973-12-03T08:19:07.000Z,255.25149,255.78849,0
1973-12-03T09:17:09.000Z,255.291,255.829,0
1973-12-03T09:38:51.000Z,255.321,255.859,0
1973-12-03T10:36:44.000Z,255.25099,255.78899,0
1973-12-03T11:34:46.000Z,255.291,255.829,0
1973-12-03T12:32:39.000Z,255.25099,255.78899,0
1973-12-03T13:08:59.000Z,255.291,255.829,0
1973-12-03T13:30:41.000Z,255.25149,255.78849,0
1973-12-03T14:28:34.000Z,255.321,255.859,0
1973-12-03T15:26:36.000Z,255.3215,255.8585,0
1973-12-03T16:24:29.000Z,255.291,255.829,0
1973-12-03T17:22:31.000Z,255.25099,255.78899,0
1973-12-03T18:20:33.000Z,255.321,255.859,0
1973-12-03T19:18:26.000Z,255.321,255.859,0
1973-12-03T20:16:28.000Z,255.291,255.829,0
1973-12-03T21:14:21.000Z,255.2615,255.7985,0
1973-12-03T22:12:23.000Z,255.291,255.829,0
1973-12-03T23:10:16.000Z,255.2915,255.8285,0
1973-12-04T00:41:45.000Z,255.291,255.829,0
1973-12-04T01:39:46.000Z,255.2915,255.8285,0
1973-12-04T02:37:40.000Z,255.25149,255.78849,0
1973-12-04T03:35:41.000Z,255.291,255.829,0
1973-12-04T04:33:35.000Z,255.2915,255.8285,0
1973-12-04T05:31:36.000Z,255.2915,255.8285,0
1973-12-04T06:29:30.000Z,255.291,255.829,0
1973-12-04T07:27:31.000Z,255.3215,255.8585,0
1973-12-04T08:25:25.000Z,255.25149,255.78849,0
1973-12-04T09:23:26.000Z,255.2915,255.8285,0
1973-12-04T10:21:20.000Z,255.2915,255.8285,0
1973-12-04T11:19:21.000Z,255.2915,255.8285,0
1973-12-04T11:48:18.000Z,255.2915,255.8285,0
1973-12-04T12:46:20.000Z,255.292,255.828,0
1973-12-04T13:44:13.000Z,255.25199,255.78799,0
1973-12-04T14:42:15.000Z,255.2615,255.7985,0
1973-12-04T15:40:08.000Z,255.3215,255.8585,0
1973-12-04T16:23:41.000Z,255.2915,255.8285,0
1973-12-04T17:07:06.000Z,255.292,255.828,0
1973-12-04T18:05:08.000Z,255.2915,255.8285,0
1973-12-04T18:19:36.000Z,255.262,255.798,0
1973-12-04T19:17:30.000Z,255.2915,255.8285,0
1973-12-04T20:15:31.000Z,255.25199,255.78799,0
1973-12-04T21:13:25.000Z,255.292,255.828,0
1973-12-04T22:11:26.000Z,255.292,255.828,0
1973-12-04T23:09:28.000Z,255.292,255.828,0
1973-12-05T00:07:21.000Z,255.25199,255.78799,0
1973-12-05T01:05:23.000Z,255.22099,255.75899,0
1973-12-05T02:03:16.000Z,255.322,255.858,0
1973-12-05T03:01:18.000Z,255.3215,255.8585,0
1973-12-05T03:59:11.000Z,255.2915,255.8285,0
1973-12-05T04:57:13.000Z,255.292,255.828,0
1973-12-05T05:55:06.000Z,255.292,255.828,0
1973-12-05T06:53:08.000Z,255.292,255.828,0
1973-12-05T07:51:01.000Z,255.262,255.798,0
1973-12-05T08:49:03.000Z,255.292,255.828,0
1973-12-05T09:46:56.000Z,255.2915,255.8285,0
1973-12-05T10:44:58.000Z,255.322,255.858,0
1973-12-05T10:59:26.000Z,255.322,255.858,0
1973-12-05T11:57:28.000Z,255.25199,255.78799,0
1973-12-05T12:55:21.000Z,255.322,255.858,0
1973-12-05T13:17:04.000Z,255.3215,255.8585,0
1973-12-05T13:24:18.000Z,255.322,255.858,0
1973-12-05T14:22:20.000Z,255.25199,255.78799,0
1973-12-05T15:49:18.000Z,255.322,255.858,0
1973-12-05T16:47:11.000Z,255.352,255.888,0
1973-12-05T17:45:13.000Z,255.322,255.858,0
1973-12-05T18:21:24.000Z,255.322,255.858,0
1973-12-05T19:19:25.000Z,255.28199,255.81799,0
1973-12-05T20:17:19.000Z,255.262,255.798,0
1973-12-05T21:15:20.000Z,255.322,255.858,0
1973-12-05T22:13:14.000Z,255.262,255.798,0
1973-12-05T23:11:16.000Z,255.352,255.888,0
1973-12-06T00:09:09.000Z,255.322,255.858,0
1973-12-06T01:07:11.000Z,255.2625,255.7975,0
1973-12-06T02:05:04.000Z,255.292,255.828,0
1973-12-06T03:03:06.000Z,255.322,255.858,0
1973-12-06T04:01:07.000Z,255.322,255.858,0
1973-12-06T04:59:01.000Z,255.292,255.828,0
1973-12-06T05:57:02.000Z,255.2915,255.8285,0
1973-12-06T06:54:56.000Z,255.292,255.828,0
1973-12-06T07:52:57.000Z,255.292,255.828,0
1973-12-06T08:50:51.000Z,255.292,255.828,0
1973-12-06T09:48:52.000Z,255.2925,255.8275,0
1973-12-06T10:46:46.000Z,255.322,255.858,0
1973-12-06T11:44:47.000Z,255.292,255.828,0
1973-12-06T12:20:58.000Z,255.292,255.828,0
1973-12-06T13:19:00.000Z,255.322,255.858,0
1973-12-06T14:16:53.000Z,255.292,255.828,0
1973-12-06T15:14:55.000Z,255.322,255.858,0
1973-12-06T16:12:48.000Z,255.292,255.828,0
1973-12-06T17:10:50.000Z,255.292,255.828,0
1973-12-06T18:08:43.000Z,255.25249,255.78749,0
1973-12-06T19:06:45.000Z,255.3225,255.8575,0
1973-12-06T20:04:38.000Z,255.28199,255.81799,0
1973-12-06T21:02:40.000Z,255.3525,255.8875,0
1973-12-06T21:46:05.000Z,255.25249,255.78749,0
1973-12-06T22:44:06.000Z,255.3225,255.8575,0
1973-12-06T23:42:00.000Z,255.3225,255.8575,0
1973-12-07T00:40:01.000Z,255.3525,255.8875,0
1973-12-07T01:38:03.000Z,255.322,255.858,0
1973-12-07T02:35:56.000Z,255.3225,255.8575,0
1973-12-07T02:57:39.000Z,255.3225,255.8575,0
1973-12-07T03:55:40.000Z,255.28249,255.81749,0
1973-12-07T04:53:34.000Z,255.322,255.858,0
1973-12-07T05:51:35.000Z,255.3225,255.8575,0
1973-12-07T06:49:29.000Z,255.2925,255.8275,0
1973-12-07T07:47:30.000Z,255.3525,255.8875,0
1973-12-07T08:45:32.000Z,255.2925,255.8275,0
1973-12-07T09:43:25.000Z,255.3225,255.8575,0
1973-12-07T10:41:27.000Z,255.3225,255.8575,0
1973-12-07T11:32:06.000Z,255.3225,255.8575,0
1973-12-07T11:46:35.000Z,255.3225,255.8575,0
1973-12-07T12:44:36.000Z,255.2925,255.8275,0
1973-12-07T13:42:30.000Z,255.293,255.827,0
1973-12-07T14:40:31.000Z,255.2925,255.8275,0
1973-12-07T15:38:25.000Z,255.2925,255.8275,0
1973-12-07T17:04:34.000Z,255.2925,255.8275,0
1973-12-07T18:02:27.000Z,255.3525,255.8875,0
1973-12-07T19:00:29.000Z,255.292,255.828,0
1973-12-07T19:58:22.000Z,255.323,255.857,0
1973-12-07T20:56:24.000Z,255.2925,255.8275,0
1973-12-07T21:54:17.000Z,255.2925,255.8275,0
1973-12-07T22:52:19.000Z,255.3525,255.8875,0
1973-12-07T23:50:12.000Z,255.3225,255.8575,0
1973-12-08T00:48:14.000Z,255.2925,255.8275,0
1973-12-08T01:46:07.000Z,255.293,255.827,0
1973-12-08T02:44:09.000Z,255.28299,255.81699,0
1973-12-08T03:42:02.000Z,255.3225,255.8575,0
1973-12-08T04:40:04.000Z,255.323,255.857,0
1973-12-08T05:37:57.000Z,255.353,255.887,0
1973-12-08T06:35:59.000Z,255.3225,255.8575,0
1973-12-08T06:57:41.000Z,255.2925,255.8275,0
1973-12-08T07:55:43.000Z,255.3225,255.8575,0
1973-12-08T08:53:36.000Z,255.3225,255.8575,0
1973-12-08T09:51:38.000Z,255.25299,255.78699,0
1973-12-08T10:49:31.000Z,255.323,255.857,0
1973-12-08T11:47:33.000Z,255.323,255.857,0
1973-12-08T12:09:16.000Z,255.323,255.857,0
1973-12-08T12:30:58.000Z,255.353,255.887,0
1973-12-08T13:00:03.000Z,255.323,255.857,0
1973-12-08T13:57:56.000Z,255.353,255.887,0
1973-12-08T14:55:58.000Z,255.323,255.857,0
1973-12-08T15:24:55.000Z,255.353,255.887,0
1973-12-08T16:22:48.000Z,255.28299,255.81699,0
1973-12-08T17:20:50.000Z,255.323,255.857,0
1973-12-08T18:18:51.000Z,255.323,255.857,0
1973-12-08T19:16:45.000Z,255.323,255.857,0
1973-12-08T20:14:46.000Z,255.323,255.857,0
1973-12-08T21:12:40.000Z,255.293,255.827,0
1973-12-08T22:10:41.000Z,255.353,255.887,0
1973-12-08T23:08:35.000Z,255.25299,255.78699,0
1973-12-09T00:06:36.000Z,255.323,255.857,0
1973-12-09T01:04:30.000Z,255.293,255.827,0
1973-12-09T02:02:31.000Z,255.323,255.857,0
1973-12-09T03:00:25.000Z,255.25349,255.78649,0
1973-12-09T03:58:26.000Z,255.293,255.827,0
1973-12-09T04:56:20.000Z,255.293,255.827,0
1973-12-09T05:54:21.000Z,255.293,255.827,0
1973-12-09T06:52:23.000Z,255.323,255.857,0
1973-12-09T07:50:16.000Z,255.293,255.827,0
1973-12-09T08:48:18.000Z,255.2935,255.8265,0
1973-12-09T09:46:11.000Z,255.2935,255.8265,0
1973-12-09T10:44:13.000Z,255.3235,255.8565,0
1973-12-09T10:58:41.000Z,255.2935,255.8265,0
1973-12-09T11:56:35.000Z,255.25349,255.78649,0
1973-12-09T12:25:40.000Z,255.2935,255.8265,0
1973-12-09T12:32:54.000Z,255.293,255.827,0
1973-12-09T13:30:47.000Z,255.293,255.827,0
1973-12-09T14:28:49.000Z,255.25349,255.78649,0
1973-12-09T15:26:42.000Z,255.3235,255.8565,0
1973-12-09T16:24:44.000Z,255.293,255.827,0
1973-12-09T17:22:37.000Z,255.2935,255.8265,0
1973-12-09T18:20:39.000Z,255.25349,255.78649,0
1973-12-09T19:18:32.000Z,255.2935,255.8265,0
1973-12-09T20:16:34.000Z,255.2935,255.8265,0
1973-12-09T21:14:27.000Z,255.25349,255.78649,0
1973-12-09T22:12:29.000Z,255.2935,255.8265,0
1973-12-09T23:10:30.000Z,255.2935,255.8265,0
1973-12-10T00:08:24.000Z,255.2935,255.8265,0
1973-12-10T01:06:25.000Z,255.3235,255.8565,0
1973-12-10T01:20:54.000Z,255.2935,255.8265,0
1973-12-10T02:11:33.000Z,255.2635,255.7965,0
1973-12-10T02:47:52.000Z,255.2935,255.8265,0
1973-12-10T03:45:46.000Z,255.25349,255.78649,0
1973-12-10T04:00:14.000Z,255.25349,255.78649,0
1973-12-10T04:29:19.000Z,255.25349,255.78649,0
1973-12-10T04:43:47.000Z,255.2935,255.8265,0
1973-12-10T05:12:44.000Z,255.3235,255.8565,0
1973-12-10T05:34:26.000Z,255.28349,255.81649,0
1973-12-10T05:56:09.000Z,255.28349,255.81649,0
1973-12-10T06:54:10.000Z,255.25349,255.78649,0
1973-12-10T07:52:04.000Z,255.3235,255.8565,0
1973-12-10T09:47:59.000Z,255.3235,255.8565,0
1973-12-10T10:46:00.000Z,255.2935,255.8265,0
1973-12-10T11:44:02.000Z,255.2935,255.8265,0
1973-12-10T12:41:56.000Z,255.2935,255.8265,0
1973-12-10T13:39:57.000Z,255.25349,255.78649,0
1973-12-10T14:37:51.000Z,255.25349,255.78649,0
1973-12-10T15:35:52.000Z,255.324,255.856,0
1973-12-10T15:57:35.000Z,255.22349,255.75649,0
1973-12-10T16:56:25.000Z,255.294,255.826,0
1973-12-10T17:54:27.000Z,255.25349,255.78649,0
1973-12-10T18:52:20.000Z,255.28349,255.81649,0
1973-12-10T19:50:22.000Z,255.3235,255.8565,0
1973-12-10T20:48:15.000Z,255.25399,255.78599,0
1973-12-10T21:46:17.000Z,255.2935,255.8265,0
1973-12-10T22:44:10.000Z,255.2935,255.8265,0
1973-12-10T23:42:12.000Z,255.294,255.826,0
1973-12-11T00:40:05.000Z,255.28399,255.81599,0
1973-12-11T01:38:07.000Z,255.2635,255.7965,0
1973-12-11T02:36:00.000Z,255.294,255.826,0
1973-12-11T02:57:51.000Z,255.264,255.796,0
1973-12-11T03:55:45.000Z,255.294,255.826,0
1973-12-11T04:53:46.000Z,255.324,255.856,0
1973-12-11T05:51:40.000Z,255.264,255.796,0
1973-12-11T06:49:41.000Z,255.264,255.796,0
1973-12-11T07:47:35.000Z,255.25399,255.78599,0
1973-12-11T08:45:36.000Z,255.294,255.826,0
1973-12-11T09:43:30.000Z,255.294,255.826,0
1973-12-11T10:41:31.000Z,255.264,255.796,0
1973-12-11T11:10:28.000Z,255.294,255.826,0
1973-12-11T11:32:10.000Z,255.3235,255.8565,0
1973-12-11T12:30:12.000Z,255.264,255.796,0
1973-12-11T13:28:05.000Z,255.264,255.796,0
1973-12-11T14:26:07.000Z,255.264,255.796,0
1973-12-11T15:24:00.000Z,255.294,255.826,0
1973-12-11T16:22:02.000Z,255.294,255.826,0
1973-12-11T17:19:55.000Z,255.264,255.796,0
1973-12-11T18:17:57.000Z,255.264,255.796,0
1973-12-11T19:15:59.000Z,255.264,255.796,0
1973-12-11T20:13:52.000Z,255.264,255.796,0
1973-12-11T21:11:54.000Z,255.294,255.826,0
1973-12-11T22:09:47.000Z,255.264,255.796,0
1973-12-11T22:31:30.000Z,255.264,255.796,0
1973-12-11T23:29:31.000Z,255.294,255.826,0
1973-12-12T00:05:42.000Z,255.264,255.796,0
1973-12-12T01:03:44.000Z,255.294,255.826,0
1973-12-12T02:01:37.000Z,255.294,255.826,0
1973-12-12T02:59:39.000Z,255.294,255.826,0
1973-12-12T03:57:32.000Z,255.294,255.826,0
1973-12-12T04:55:34.000Z,255.294,255.826,0
1973-12-12T05:53:27.000Z,255.294,255.826,0
1973-12-12T06:51:29.000Z,255.294,255.826,0
1973-12-12T07:49:22.000Z,255.294,255.826,0
1973-12-12T08:47:24.000Z,255.294,255.826,0
1973-12-12T09:45:17.000Z,255.25399,255.78599,0
1973-12-12T10:43:19.000Z,255.294,255.826,0
1973-12-12T11:41:20.000Z,255.294,255.826,0
1973-12-12T12:39:14.000Z,255.294,255.826,0
1973-12-12T13:00:56.000Z,255.25399,255.78599,0
1973-12-12T13:58:58.000Z,255.294,255.826,0
1973-12-12T14:27:55.000Z,255.294,255.826,0
1973-12-12T15:15:01.000Z,255.294,255.826,0
1973-12-12T16:49:13.000Z,255.294,255.826,0
1973-12-12T17:47:07.000Z,255.22399,255.75599,0
1973-12-12T18:45:08.000Z,255.294,255.826,0
1973-12-12T19:43:02.000Z,255.25399,255.78599,0
1973-12-12T20:41:03.000Z,255.25399,255.78599,0
1973-12-12T21:38:57.000Z,255.294,255.826,0
1973-12-12T22:36:58.000Z,255.294,255.826,0
1973-12-12T23:35:00.000Z,255.25399,255.78599,0
1973-12-13T00:32:53.000Z,255.25399,255.78599,0
1973-12-13T01:30:55.000Z,255.25399,255.78599,0
1973-12-13T02:28:48.000Z,255.22399,255.75599,0
1973-12-13T03:26:50.000Z,255.354,255.886,0
1973-12-13T04:24:43.000Z,255.294,255.826,0
1973-12-13T05:22:45.000Z,255.2945,255.8255,0
1973-12-13T06:20:38.000Z,255.25399,255.78599,0
1973-12-13T07:18:40.000Z,255.22399,255.75599,0
1973-12-13T08:16:33.000Z,255.25399,255.78599,0
1973-12-13T09:14:35.000Z,255.28399,255.81599,0
1973-12-13T10:12:28.000Z,255.25449,255.78549,0
1973-12-13T11:10:30.000Z,255.294,255.826,0
1973-12-13T12:08:23.000Z,255.25399,255.78599,0
1973-12-13T13:06:25.000Z,255.25449,255.78549,0
1973-12-13T14:04:18.000Z,255.25399,255.78599,0
1973-12-13T15:02:20.000Z,255.25399,255.78599,0
1973-12-13T16:00:13.000Z,255.28449,255.81549,0
1973-12-13T16:58:15.000Z,255.25449,255.78549,0
1973-12-13T17:56:17.000Z,255.28399,255.81599,0
1973-12-13T18:32:27.000Z,255.28449,255.81549,0
1973-12-13T19:30:21.000Z,255.28449,255.81549,0
1973-12-13T20:28:22.000Z,255.24398,255.77598,0
1973-12-13T21:26:16.000Z,255.20447,255.73547,0
1973-12-13T22:24:17.000Z,255.20447,255.73547,0
1973-12-13T23:22:11.000Z,255.2345,255.7655,0
1973-12-14T00:20:12.000Z,255.30448,255.83548,0
1973-12-14T00:49:09.000Z,255.2645,255.7955,0
1973-12-14T01:47:11.000Z,255.30398,255.83598,0
1973-12-14T02:45:04.000Z,255.2645,255.7955,0
1973-12-14T03:43:06.000Z,255.22449,255.75549,0
1973-12-14T04:40:59.000Z,255.25449,255.78549,0
1973-12-14T05:39:01.000Z,255.2945,255.8255,0
1973-12-14T06:36:54.000Z,255.25449,255.78549,0
1973-12-14T07:34:56.000Z,255.25449,255.78549,0
1973-12-14T08:32:49.000Z,255.25449,255.78549,0
1973-12-14T09:30:51.000Z,255.2645,255.7955,0
1973-12-14T10:28:52.000Z,255.27448,255.80548,0
1973-12-14T11:05:03.000Z,255.25449,255.78549,0
1973-12-14T12:02:57.000Z,255.2945,255.8255,0
1973-12-14T13:00:58.000Z,255.30448,255.83548,0
1973-12-14T13:58:52.000Z,255.2645,255.7955,0
1973-12-14T15:34:59.000Z,255.28499,255.81499,0
1973-12-14T16:32:52.000Z,255.2645,255.7955,0
1973-12-14T17:30:54.000Z,255.2945,255.8255,0
1973-12-14T18:28:47.000Z,255.31449,255.84549,0
1973-12-14T19:26:49.000Z,255.27448,255.80548,0
1973-12-14T20:24:42.000Z,255.25499,255.78499,0
1973-12-14T21:22:44.000Z,255.25499,255.78499,0
1973-12-14T22:20:37.000Z,255.25499,255.78499,0
1973-12-14T23:18:39.000Z,255.28449,255.81549,0
1973-12-14T23:54:50.000Z,255.28499,255.81499,0
1973-12-15T00:52:51.000Z,255.28499,255.81499,0
1973-12-15T01:50:45.000Z,255.28499,255.81499,0
1973-12-15T02:26:56.000Z,255.27498,255.80498,0
1973-12-15T02:56:01.000Z,255.24498,255.77498,0
1973-12-15T03:39:26.000Z,255.24498,255.77498,0
1973-12-15T04:30:13.000Z,255.24498,255.77498,0
1973-12-15T05:28:06.000Z,255.27498,255.80498,0
1973-12-15T06:27:55.000Z,255.24498,255.77498,0
1973-12-15T07:24:01.000Z,255.27498,255.80498,0
1973-12-15T08:22:03.000Z,255.27498,255.80498,0
1973-12-15T09:19:56.000Z,255.30498,255.83498,0
1973-12-15T10:17:58.000Z,255.30498,255.83498,0
1973-12-15T11:15:51.000Z,255.30498,255.83498,0
1973-12-15T12:13:53.000Z,255.30498,255.83498,0
1973-12-15T13:11:46.000Z,255.295,255.825,0
1973-12-15T14:09:48.000Z,255.25499,255.78499,0
1973-12-15T15:07:41.000Z,255.25499,255.78499,0
1973-12-15T16:05:43.000Z,255.265,255.795,0
1973-12-15T17:03:36.000Z,255.295,255.825,0
1973-12-15T18:01:38.000Z,255.265,255.795,0
1973-12-15T18:59:32.000Z,255.295,255.825,0
1973-12-15T19:57:33.000Z,255.25499,255.78499,0
1973-12-15T20:55:35.000Z,255.25499,255.78499,0
1973-12-15T21:53:28.000Z,255.25499,255.78499,0
1973-12-15T22:51:30.000Z,255.28499,255.81499,0
1973-12-15T23:49:23.000Z,255.25499,255.78499,0
1973-12-16T00:47:25.000Z,255.28499,255.81499,0
1973-12-16T01:45:18.000Z,255.28499,255.81499,0
1973-12-16T02:43:20.000Z,255.28499,255.81499,0
1973-12-16T03:41:13.000Z,255.28499,255.81499,0
1973-12-16T04:39:15.000Z,255.325,255.855,0
1973-12-16T05:37:08.000Z,255.24498,255.77498,0
1973-12-16T06:35:10.000Z,255.24498,255.77498,0
1973-12-16T07:33:03.000Z,255.24498,255.77498,0
1973-12-16T07:54:46.000Z,255.24498,255.77498,0
1973-12-16T08:38:19.000Z,255.28499,255.81499,0
1973-12-16T09:36:12.000Z,255.24498,255.77498,0
1973-12-16T10:34:14.000Z,255.27498,255.80498,0
1973-12-16T11:32:07.000Z,255.28499,255.81499,0
1973-12-16T11:53:58.000Z,255.21498,255.74498,0
1973-12-16T12:30:09.000Z,255.24498,255.77498,0
1973-12-16T13:28:11.000Z,255.24548,255.77448,0
1973-12-16T13:42:39.000Z,255.27498,255.80498,0
1973-12-16T14:04:21.000Z,255.27498,255.80498,0
1973-12-16T15:02:15.000Z,255.27498,255.80498,0
1973-12-16T16:00:16.000Z,255.24498,255.77498,0
1973-12-16T16:58:10.000Z,255.30498,255.83498,0
1973-12-16T17:56:11.000Z,255.21498,255.74498,0
1973-12-16T18:54:05.000Z,255.24548,255.77448,0
1973-12-16T19:52:06.000Z,255.27498,255.80498,0
1973-12-16T20:50:08.000Z,255.27498,255.80498,0
1973-12-16T21:48:01.000Z,255.27498,255.80498,0
1973-12-16T22:46:03.000Z,255.27498,255.80498,0
1973-12-16T23:43:56.000Z,255.27498,255.80498,0
1973-12-17T00:34:44.000Z,255.24548,255.77448,0
1973-12-17T00:49:12.000Z,255.27498,255.80498,0
1973-12-17T01:18:09.000Z,255.27498,255.80498,0
1973-12-17T01:54:20.000Z,255.295,255.825,0
1973-12-17T02:52:21.000Z,255.27498,255.80498,0
1973-12-17T03:50:15.000Z,255.27548,255.80448,0
1973-12-17T04:48:16.000Z,255.27498,255.80498,0
1973-12-17T05:09:59.000Z,255.24498,255.77498,0
1973-12-17T05:31:41.000Z,255.295,255.825,0
1973-12-17T05:46:10.000Z,255.265,255.795,0
1973-12-17T06:29:43.000Z,255.2655,255.7945,0
1973-12-17T06:44:11.000Z,255.30548,255.83448,0
1973-12-17T07:05:54.000Z,255.27548,255.80448,0
1973-12-17T08:03:56.000Z,255.27548,255.80448,0
1973-12-17T08:25:38.000Z,255.265,255.795,0
1973-12-17T09:23:32.000Z,255.27548,255.80448,0
1973-12-17T09:45:22.000Z,255.27548,255.80448,0
1973-12-17T10:43:16.000Z,255.2355,255.7645,0
1973-12-17T11:41:17.000Z,255.2355,255.7645,0
1973-12-17T12:39:11.000Z,255.265,255.795,0
1973-12-17T13:37:12.000Z,255.295,255.825,0
1973-12-17T13:51:41.000Z,255.295,255.825,0
1973-12-17T14:35:06.000Z,255.2655,255.7945,0
1973-12-17T15:21:15.000Z,255.2355,255.7645,0
1973-12-17T16:19:16.000Z,255.27498,255.80498,0
1973-12-17T17:17:10.000Z,255.2655,255.7945,0
1973-12-17T18:15:11.000Z,255.2655,255.7945,0
1973-12-17T19:13:13.000Z,255.2655,255.7945,0
1973-12-17T20:11:06.000Z,255.2955,255.8245,0
1973-12-17T21:09:08.000Z,255.2955,255.8245,0
1973-12-17T22:07:01.000Z,255.25549,255.78449,0
1973-12-17T23:05:03.000Z,255.2655,255.7945,0
1973-12-18T00:02:56.000Z,255.22549,255.75449,0
1973-12-18T01:00:58.000Z,255.2655,255.7945,0
1973-12-18T01:58:51.000Z,255.2955,255.8245,0
1973-12-18T02:56:53.000Z,255.2955,255.8245,0
1973-12-18T03:54:46.000Z,255.2655,255.7945,0
1973-12-18T04:23:51.000Z,255.2655,255.7945,0
1973-12-18T04:31:05.000Z,255.2655,255.7945,0
1973-12-18T05:36:13.000Z,255.2955,255.8245,0
1973-12-18T06:34:14.000Z,255.2955,255.8245,0
1973-12-18T07:32:08.000Z,255.2655,255.7945,0
1973-12-18T16:57:15.000Z,255.25549,255.78449,0
1973-12-18T17:55:16.000Z,255.2955,255.8245,0
1973-12-18T18:31:27.000Z,255.25549,255.78449,0
1973-12-18T19:29:29.000Z,255.2955,255.8245,0
1973-12-18T20:27:22.000Z,255.2955,255.8245,0
1973-12-18T21:25:24.000Z,255.2955,255.8245,0
1973-12-18T22:23:17.000Z,255.2955,255.8245,0
1973-12-18T23:14:04.000Z,255.28599,255.81399,0
1973-12-19T00:11:58.000Z,255.28549,255.81449,0
1973-12-19T01:09:59.000Z,255.28549,255.81449,0
1973-12-19T02:07:53.000Z,255.25599,255.78399,0
1973-12-19T02:58:40.000Z,255.28549,255.81449,0
1973-12-19T03:42:05.000Z,255.28549,255.81449,0
1973-12-19T04:40:07.000Z,255.28549,255.81449,0
1973-12-19T05:38:00.000Z,255.2955,255.8245,0
1973-12-19T07:40:20.000Z,255.24598,255.77398,0
1973-12-19T08:38:14.000Z,255.3255,255.8545,0
1973-12-19T09:36:15.000Z,255.296,255.824,0
1973-12-19T10:34:09.000Z,255.296,255.824,0
1973-12-19T11:32:10.000Z,255.25599,255.78399,0
1973-12-19T12:30:04.000Z,255.326,255.854,0
1973-12-19T13:28:05.000Z,255.28599,255.81399,0
1973-12-19T14:25:59.000Z,255.28549,255.81449,0
1973-12-19T15:24:00.000Z,255.31599,255.84399,0
1973-12-19T16:21:54.000Z,255.28599,255.81399,0
1973-12-19T17:19:55.000Z,255.24598,255.77398,0
1973-12-19T18:17:49.000Z,255.31599,255.84399,0
1973-12-19T19:15:50.000Z,255.25599,255.78399,0
1973-12-19T20:13:44.000Z,255.24598,255.77398,0
1973-12-19T21:11:45.000Z,255.24598,255.77398,0
1973-12-19T21:55:11.000Z,255.31599,255.84399,0
1973-12-19T22:53:12.000Z,255.28599,255.81399,0
1973-12-19T23:51:06.000Z,255.28599,255.81399,0
1973-12-20T00:49:07.000Z,255.28599,255.81399,0
1973-12-20T01:47:09.000Z,255.24598,255.77398,0
1973-12-20T02:45:02.000Z,255.24598,255.77398,0
1973-12-20T03:43:04.000Z,255.24598,255.77398,0
1973-12-20T04:12:00.000Z,255.27598,255.80398,0
1973-12-20T05:09:54.000Z,255.24598,255.77398,0
1973-12-20T06:07:55.000Z,255.28599,255.81399,0
1973-12-20T07:05:49.000Z,255.27598,255.80398,0
1973-12-20T07:56:36.000Z,255.31599,255.84399,0
1973-12-20T08:54:30.000Z,255.24598,255.77398,0
1973-12-20T09:52:31.000Z,255.24598,255.77398,0
1973-12-20T10:50:25.000Z,255.27598,255.80398,0
1973-12-20T11:48:26.000Z,255.27598,255.80398,0
1973-12-20T12:46:20.000Z,255.24598,255.77398,0
1973-12-20T13:44:21.000Z,255.24598,255.77398,0
1973-12-20T14:42:23.000Z,255.24598,255.77398,0
1973-12-20T15:40:16.000Z,255.27598,255.80398,0
1973-12-20T16:38:18.000Z,255.24598,255.77398,0
1973-12-20T17:36:11.000Z,255.27598,255.80398,0
1973-12-20T18:34:13.000Z,255.27598,255.80398,0
1973-12-20T19:32:06.000Z,255.27598,255.80398,0
1973-12-20T20:30:08.000Z,255.27598,255.80398,0
1973-12-20T21:28:01.000Z,255.27598,255.80398,0
1973-12-20T22:26:03.000Z,255.236,255.764,0
1973-12-20T23:23:56.000Z,255.27598,255.80398,0
1973-12-21T00:21:58.000Z,255.27598,255.80398,0
1973-12-21T01:19:51.000Z,255.30598,255.83398,0
1973-12-21T02:17:53.000Z,255.27598,255.80398,0
1973-12-21T03:15:46.000Z,255.30598,255.83398,0
1973-12-21T04:13:48.000Z,255.30598,255.83398,0
1973-12-21T05:11:41.000Z,255.27598,255.80398,0
1973-12-21T06:09:43.000Z,255.30598,255.83398,0
1973-12-21T06:53:08.000Z,255.30598,255.83398,0
1973-12-21T07:07:36.000Z,255.2365,255.7635,0
1973-12-21T08:05:38.000Z,255.30598,255.83398,0
1973-12-21T09:03:31.000Z,255.27648,255.80348,0
1973-12-21T10:01:33.000Z,255.30598,255.83398,0
1973-12-21T10:59:35.000Z,255.2365,255.7635,0
1973-12-21T11:57:28.000Z,255.30598,255.83398,0
1973-12-21T12:55:30.000Z,255.30598,255.83398,0
1973-12-21T13:53:23.000Z,255.30598,255.83398,0
1973-12-21T14:51:25.000Z,255.27648,255.80348,0
1973-12-21T16:26:26.000Z,255.30598,255.83398,0
1973-12-21T17:24:28.000Z,255.27648,255.80348,0
1973-12-21T18:22:21.000Z,255.30648,255.83348,0
1973-12-21T19:20:23.000Z,255.30648,255.83348,0
1973-12-21T20:18:16.000Z,255.2665,255.7935,0
1973-12-21T21:16:18.000Z,255.2665,255.7935,0
1973-12-21T22:14:11.000Z,255.30648,255.83348,0
1973-12-21T23:12:13.000Z,255.31599,255.84399,0
1973-12-22T00:10:06.000Z,255.30648,255.83348,0
1973-12-22T01:08:08.000Z,255.30648,255.83348,0
1973-12-22T02:06:01.000Z,255.30598,255.83398,0
1973-12-22T03:04:03.000Z,255.30598,255.83398,0
1973-12-22T04:01:56.000Z,255.30648,255.83348,0
1973-12-22T04:59:58.000Z,255.30598,255.83398,0
1973-12-22T05:57:51.000Z,255.30648,255.83348,0
1973-12-22T06:55:53.000Z,255.30648,255.83348,0
1973-12-22T07:53:46.000Z,255.30648,255.83348,0
1973-12-22T08:51:48.000Z,255.2665,255.7935,0
1973-12-22T09:49:49.000Z,255.30648,255.83348,0
1973-12-22T10:47:43.000Z,255.30648,255.83348,0
1973-12-22T11:02:11.000Z,255.30648,255.83348,0
1973-12-22T12:00:13.000Z,255.2665,255.7935,0
1973-12-22T12:29:10.000Z,255.30648,255.83348,0
1973-12-22T12:43:38.000Z,255.27648,255.80348,0
1973-12-22T13:41:40.000Z,255.30648,255.83348,0
1973-12-22T14:39:33.000Z,255.30648,255.83348,0
1973-12-22T15:37:35.000Z,255.2365,255.7635,0
1973-12-22T16:35:28.000Z,255.2665,255.7935,0
1973-12-22T17:33:30.000Z,255.2665,255.7935,0
1973-12-22T18:31:23.000Z,255.2365,255.7635,0
1973-12-22T19:29:25.000Z,255.2665,255.7935,0
1973-12-22T20:27:18.000Z,255.2665,255.7935,0
1973-12-22T21:25:20.000Z,255.30648,255.83348,0
1973-12-22T22:23:13.000Z,255.2665,255.7935,0
1973-12-22T23:21:15.000Z,255.30648,255.83348,0
1973-12-23T00:19:08.000Z,255.267,255.793,0
1973-12-23T01:17:10.000Z,255.30648,255.83348,0
1973-12-23T02:15:03.000Z,255.2665,255.7935,0
1973-12-23T02:58:36.000Z,255.2665,255.7935,0
1973-12-23T03:56:30.000Z,255.2965,255.8235,0
1973-12-23T04:40:03.000Z,255.27648,255.80348,0
1973-12-23T05:37:56.000Z,255.267,255.793,0
1973-12-23T06:35:58.000Z,255.267,255.793,0
1973-12-23T07:41:05.000Z,255.267,255.793,0
1973-12-23T07:48:20.000Z,255.267,255.793,0
1973-12-23T08:46:21.000Z,255.2365,255.7635,0
1973-12-23T09:44:23.000Z,255.2965,255.8235,0
1973-12-23T10:42:16.000Z,255.30648,255.83348,0
1973-12-23T11:40:18.000Z,255.2965,255.8235,0
1973-12-23T12:38:11.000Z,255.237,255.763,0
1973-12-23T13:36:13.000Z,255.33648,255.86348,0
1973-12-23T14:34:06.000Z,255.2665,255.7935,0
1973-12-23T15:32:08.000Z,255.267,255.793,0
1973-12-23T16:30:01.000Z,255.267,255.793,0
1973-12-23T17:28:03.000Z,255.267,255.793,0
1973-12-23T18:25:56.000Z,255.267,255.793,0
1973-12-23T19:23:58.000Z,255.267,255.793,0
1973-12-23T20:21:51.000Z,255.267,255.793,0
1973-12-23T21:19:53.000Z,255.267,255.793,0
1973-12-23T22:17:46.000Z,255.237,255.763,0
1973-12-23T23:15:48.000Z,255.267,255.793,0
1973-12-24T00:13:41.000Z,255.267,255.793,0
1973-12-24T01:11:43.000Z,255.237,255.763,0
1973-12-24T02:09:36.000Z,255.297,255.823,0
1973-12-24T03:07:38.000Z,255.267,255.793,0
1973-12-24T04:05:31.000Z,255.237,255.763,0
1973-12-24T04:56:19.000Z,255.2675,255.7925,0
1973-12-24T05:54:12.000Z,255.237,255.763,0
1973-12-24T06:52:14.000Z,255.297,255.823,0
1973-12-24T07:28:25.000Z,255.28749,255.81249,0
1973-12-24T08:33:40.000Z,255.267,255.793,0
1973-12-24T09:31:34.000Z,255.297,255.823,0
1973-12-24T10:29:35.000Z,255.297,255.823,0
1973-12-24T11:27:29.000Z,255.2375,255.7625,0
1973-12-24T12:32:45.000Z,255.2975,255.8225,0
1973-12-24T15:33:55.000Z,255.2675,255.7925,0
1973-12-24T16:10:06.000Z,255.2675,255.7925,0
1973-12-24T16:24:35.000Z,255.2675,255.7925,0
1973-12-24T17:22:36.000Z,255.2675,255.7925,0
1973-12-24T18:20:30.000Z,255.2675,255.7925,0
1973-12-24T19:18:31.000Z,255.297,255.823,0
1973-12-24T20:16:25.000Z,255.28749,255.81249,0
1973-12-24T21:14:26.000Z,255.28749,255.81249,0
1973-12-24T22:12:20.000Z,255.297,255.823,0
1973-12-24T23:10:21.000Z,255.28749,255.81249,0
1973-12-24T23:24:50.000Z,255.2675,255.7925,0
1973-12-25T00:22:43.000Z,255.2975,255.8225,0
1973-12-25T01:27:59.000Z,255.28749,255.81249,0
1973-12-25T02:26:00.000Z,255.2675,255.7925,0
1973-12-25T03:23:54.000Z,255.28749,255.81249,0
1973-12-25T04:21:55.000Z,255.28749,255.81249,0
1973-12-25T05:19:49.000Z,255.2375,255.7625,0
1973-12-25T06:17:50.000Z,255.2675,255.7925,0
1973-12-25T07:15:44.000Z,255.28749,255.81249,0
1973-12-25T08:13:45.000Z,255.28749,255.81249,0
1973-12-25T09:11:39.000Z,255.28749,255.81249,0
1973-12-25T10:09:40.000Z,255.28749,255.81249,0
1973-12-25T11:07:34.000Z,255.28749,255.81249,0
1973-12-25T12:05:35.000Z,255.28749,255.81249,0
1973-12-25T13:03:29.000Z,255.28749,255.81249,0
1973-12-25T14:01:30.000Z,255.28749,255.81249,0
1973-12-25T14:59:24.000Z,255.28749,255.81249,0
1973-12-25T15:57:25.000Z,255.28749,255.81249,0
1973-12-25T16:55:19.000Z,255.28749,255.81249,0
1973-12-25T17:53:20.000Z,255.28749,255.81249,0
1973-12-25T18:51:14.000Z,255.28749,255.81249,0
1973-12-25T19:49:15.000Z,255.28749,255.81249,0
1973-12-25T20:47:17.000Z,255.28749,255.81249,0
1973-12-25T21:45:10.000Z,255.28749,255.81249,0
1973-12-25T22:43:12.000Z,255.28749,255.81249,0
1973-12-25T23:41:05.000Z,255.28749,255.81249,0
1973-12-26T00:39:07.000Z,255.28749,255.81249,0
1973-12-26T01:37:00.000Z,255.28749,255.81249,0
1973-12-26T01:58:43.000Z,255.3275,255.8525,0
1973-12-26T02:56:45.000Z,255.28799,255.81199,0
1973-12-26T03:54:38.000Z,255.2975,255.8225,0
1973-12-26T04:52:40.000Z,255.28749,255.81249,0
1973-12-26T05:50:33.000Z,255.268,255.792,0
1973-12-26T06:48:35.000Z,255.28749,255.81249,0
1973-12-26T07:46:28.000Z,255.28799,255.81199,0
1973-12-26T08:44:30.000Z,255.28749,255.81249,0
1973-12-26T09:42:31.000Z,255.28749,255.81249,0
1973-12-26T10:40:25.000Z,255.28799,255.81199,0
1973-12-26T11:38:26.000Z,255.28799,255.81199,0
1973-12-26T12:36:20.000Z,255.28749,255.81249,0
1973-12-26T13:34:21.000Z,255.28799,255.81199,0
1973-12-26T14:32:15.000Z,255.28799,255.81199,0
1973-12-26T16:24:37.000Z,255.25749,255.78249,0
1973-12-26T17:22:30.000Z,255.28749,255.81249,0
1973-12-26T18:20:32.000Z,255.268,255.792,0
1973-12-26T19:18:25.000Z,255.28749,255.81249,0
1973-12-26T20:16:27.000Z,255.28799,255.81199,0
1973-12-26T21:14:20.000Z,255.28799,255.81199,0
1973-12-26T22:19:36.000Z,255.28799,255.81199,0
1973-12-26T22:41:18.000Z,255.28749,255.81249,0
1973-12-26T23:03:01.000Z,255.28799,255.81199,0
1973-12-27T00:01:03.000Z,255.28799,255.81199,0
1973-12-27T00:58:56.000Z,255.28799,255.81199,0
1973-12-27T01:56:58.000Z,255.268,255.792,0
1973-12-27T02:54:51.000Z,255.28799,255.81199,0
1973-12-27T03:52:53.000Z,255.28799,255.81199,0
1973-12-27T04:50:46.000Z,255.28799,255.81199,0
1973-12-27T05:48:48.000Z,255.28799,255.81199,0
1973-12-27T06:24:58.000Z,255.25799,255.78199,0
1973-12-27T07:23:00.000Z,255.25799,255.78199,0
1973-12-27T08:20:53.000Z,255.25799,255.78199,0
1973-12-27T09:18:55.000Z,255.31799,255.84199,0
1973-12-27T09:47:52.000Z,255.25799,255.78199,0
1973-12-27T10:45:53.000Z,255.28799,255.81199,0
1973-12-27T11:43:47.000Z,255.25799,255.78199,0
1973-12-27T12:41:48.000Z,255.25799,255.78199,0
1973-12-27T13:39:42.000Z,255.28799,255.81199,0
1973-12-27T14:37:43.000Z,255.25799,255.78199,0
1973-12-27T15:35:37.000Z,255.28799,255.81199,0
1973-12-27T16:33:38.000Z,255.25799,255.78199,0
1973-12-27T17:31:32.000Z,255.28799,255.81199,0
1973-12-27T18:29:33.000Z,255.28799,255.81199,0
1973-12-27T19:27:27.000Z,255.28799,255.81199,0
1973-12-27T20:25:28.000Z,255.28799,255.81199,0
1973-12-27T21:23:22.000Z,255.25799,255.78199,0
1973-12-27T22:21:23.000Z,255.25799,255.78199,0
1973-12-27T23:19:17.000Z,255.31799,255.84199,0
1973-12-28T00:17:18.000Z,255.28799,255.81199,0
1973-12-28T00:24:33.000Z,255.25799,255.78199,0
1973-12-28T01:22:34.000Z,255.31799,255.84199,0
1973-12-28T02:13:13.000Z,255.25799,255.78199,0
1973-12-28T03:11:15.000Z,255.28799,255.81199,0
1973-12-28T04:45:19.000Z,255.28799,255.81199,0
1973-12-28T05:43:21.000Z,255.28799,255.81199,0
1973-12-28T06:41:14.000Z,255.25799,255.78199,0
1973-12-28T07:39:16.000Z,255.28799,255.81199,0
1973-12-28T08:37:09.000Z,255.31799,255.84199,0
1973-12-28T09:35:11.000Z,255.31799,255.84199,0
1973-12-28T10:33:12.000Z,255.28799,255.81199,0
1973-12-28T11:31:06.000Z,255.31799,255.84199,0
1973-12-28T12:29:08.000Z,255.31799,255.84199,0
1973-12-28T14:10:26.000Z,255.31799,255.84199,0
1973-12-28T15:08:28.000Z,255.25849,255.78149,0
1973-12-28T15:58:18.000Z,255.28799,255.81199,0
1973-12-28T16:41:43.000Z,255.28849,255.81149,0
1973-12-28T17:39:44.000Z,255.25799,255.78199,0
1973-12-28T18:37:38.000Z,255.25849,255.78149,0
1973-12-28T19:35:39.000Z,255.28799,255.81199,0
1973-12-28T20:33:33.000Z,255.25849,255.78149,0
1973-12-28T21:31:34.000Z,255.28849,255.81149,0
1973-12-28T22:29:28.000Z,255.28849,255.81149,0
1973-12-28T23:27:29.000Z,255.24798,255.77198,0
1973-12-29T00:25:23.000Z,255.31849,255.84149,0
1973-12-29T01:23:24.000Z,255.31799,255.84199,0
1973-12-29T01:59:35.000Z,255.28849,255.81149,0
1973-12-29T02:14:04.000Z,255.21848,255.74148,0
1973-12-29T03:04:51.000Z,255.28849,255.81149,0
1973-12-29T03:55:30.000Z,255.28849,255.81149,0
1973-12-29T04:53:32.000Z,255.25849,255.78149,0
1973-12-29T05:58:39.000Z,255.28849,255.81149,0
1973-12-29T08:23:39.000Z,255.28849,255.81149,0
1973-12-29T09:21:33.000Z,255.28849,255.81149,0
1973-12-29T10:19:34.000Z,255.28849,255.81149,0
1973-12-29T10:48:31.000Z,255.2685,255.7915,0
1973-12-29T12:58:54.000Z,255.2985,255.8215,0
1973-12-29T13:56:56.000Z,255.3285,255.8515,0
1973-12-29T14:33:07.000Z,255.2685,255.7915,0
1973-12-29T15:31:08.000Z,255.27848,255.80148,0
1973-12-29T16:29:02.000Z,255.298,255.822,0
1973-12-29T17:27:03.000Z,255.24848,255.77148,0
1973-12-29T18:24:57.000Z,255.25849,255.78149,0
1973-12-29T18:53:54.000Z,255.25849,255.78149,0
1973-12-29T19:51:55.000Z,255.2685,255.7915,0
1973-12-29T20:49:49.000Z,255.30848,255.83148,0
1973-12-29T21:47:50.000Z,255.31849,255.84149,0
1973-12-29T22:24:01.000Z,255.24848,255.77148,0
1973-12-29T23:22:03.000Z,255.34849,255.87149,0
1973-12-30T00:19:56.000Z,255.27898,255.80098,0
1973-12-30T01:03:29.000Z,255.24848,255.77148,0
1973-12-30T02:01:23.000Z,255.27848,255.80148,0
1973-12-30T02:59:24.000Z,255.20847,255.73147,0
1973-12-30T03:57:18.000Z,255.24848,255.77148,0
1973-12-30T04:40:51.000Z,255.25849,255.78149,0
1973-12-30T04:55:19.000Z,255.25849,255.78149,0
1973-12-30T05:53:13.000Z,255.28849,255.81149,0
1973-12-30T06:51:14.000Z,255.28849,255.81149,0
1973-12-30T07:49:08.000Z,255.28849,255.81149,0
1973-12-30T08:47:09.000Z,255.28849,255.81149,0
1973-12-30T09:52:25.000Z,255.25899,255.78099,0
1973-12-30T10:50:19.000Z,255.329,255.851,0
1973-12-30T11:48:20.000Z,255.28849,255.81149,0
1973-12-30T12:46:14.000Z,255.28899,255.81099,0
1973-12-30T13:44:15.000Z,255.25899,255.78099,0
1973-12-30T14:42:09.000Z,255.28899,255.81099,0
1973-12-30T15:40:10.000Z,255.25899,255.78099,0
1973-12-30T16:38:04.000Z,255.28849,255.81149,0
1973-12-30T17:36:05.000Z,255.25899,255.78099,0
1973-12-30T18:33:59.000Z,255.22899,255.75099,0
1973-12-30T19:32:00.000Z,255.25899,255.78099,0
1973-12-30T20:29:54.000Z,255.25899,255.78099,0
1973-12-30T21:27:55.000Z,255.25899,255.78099,0
1973-12-30T22:25:49.000Z,255.329,255.851,0
1973-12-30T22:40:25.000Z,255.269,255.791,0
1973-12-30T23:38:19.000Z,255.28899,255.81099,0
1973-12-31T00:36:20.000Z,255.299,255.821,0
1973-12-31T00:50:48.000Z,255.299,255.821,0
1973-12-31T01:48:42.000Z,255.25899,255.78099,0
1973-12-31T02:17:47.000Z,255.299,255.821,0
1973-12-31T02:39:29.000Z,255.299,255.821,0
1973-12-31T02:53:58.000Z,255.299,255.821,0
1973-12-31T03:51:51.000Z,255.299,255.821,0
1973-12-31T04:49:53.000Z,255.329,255.851,0
1973-12-31T05:47:46.000Z,255.299,255.821,0
1973-12-31T06:45:48.000Z,255.299,255.821,0
1973-12-31T07:43:41.000Z,255.299,255.821,0
1973-12-31T08:41:43.000Z,255.25899,255.78099,0
1973-12-31T09:39:44.000Z,255.299,255.821,0
1973-12-31T10:37:38.000Z,255.329,255.851,0
1973-12-31T11:35:39.000Z,255.299,255.821,0
1973-12-31T12:33:33.000Z,255.299,255.821,0
1973-12-31T13:31:34.000Z,255.299,255.821,0
1973-12-31T14:29:28.000Z,255.299,255.821,0
1973-12-31T15:27:29.000Z,255.299,255.821,0
1973-12-31T16:18:09.000Z,255.25899,255.78099,0
1973-12-31T17:38:50.000Z,255.299,255.821,0
1973-12-31T18:36:43.000Z,255.269,255.791,0
1973-12-31T19:34:45.000Z,255.329,255.851,0
1973-12-31T20:32:38.000Z,255.299,255.821,0
1973-12-31T21:30:40.000Z,255.299,255.821,0
1973-12-31T22:28:33.000Z,255.299,255.821,0
1973-12-31T23:26:35.000Z,255.299,255.821,0
1974-01-01T00:02:45.000Z,255.299,255.821,0
1974-01-01T01:00:38.000Z,255.299,255.821,0
1974-01-01T01:58:40.000Z,255.269,255.791,0
1974-01-01T02:56:33.000Z,255.269,255.791,0
1974-01-01T03:54:35.000Z,255.25899,255.78099,0
1974-01-01T04:09:03.000Z,255.269,255.791,0
1974-01-01T05:06:57.000Z,255.2995,255.8205,0
1974-01-01T06:04:58.000Z,255.2695,255.7905,0
1974-01-01T07:02:52.000Z,255.2995,255.8205,0
1974-01-01T08:00:53.000Z,255.269,255.791,0
1974-01-01T08:58:47.000Z,255.2995,255.8205,0
1974-01-01T09:56:48.000Z,255.299,255.821,0
1974-01-01T10:54:42.000Z,255.2995,255.8205,0
1974-01-01T11:52:43.000Z,255.2995,255.8205,0
1974-01-01T12:50:37.000Z,255.3295,255.8505,0
1974-01-01T13:48:38.000Z,255.2695,255.7905,0
1974-01-01T14:46:40.000Z,255.25899,255.78099,0
1974-01-01T15:44:33.000Z,255.3295,255.8505,0
1974-01-01T16:42:35.000Z,255.2995,255.8205,0
1974-01-01T17:40:28.000Z,255.2995,255.8205,0
1974-01-01T18:38:30.000Z,255.2995,255.8205,0
1974-01-01T19:36:23.000Z,255.28949,255.81049,0
1974-01-01T20:34:25.000Z,255.25949,255.78049,0
1974-01-01T21:32:18.000Z,255.2995,255.8205,0
1974-01-01T22:30:20.000Z,255.2995,255.8205,0
1974-01-01T23:28:13.000Z,255.3295,255.8505,0
1974-01-02T00:26:15.000Z,255.3295,255.8505,0
1974-01-02T01:24:08.000Z,255.2995,255.8205,0
1974-01-02T02:22:10.000Z,255.2995,255.8205,0
1974-01-02T03:20:03.000Z,255.2995,255.8205,0
1974-01-02T03:49:08.000Z,255.28949,255.81049,0
1974-01-02T04:03:37.000Z,255.3295,255.8505,0
1974-01-02T05:01:30.000Z,255.2995,255.8205,0
1974-01-02T05:59:32.000Z,255.25949,255.78049,0
1974-01-02T06:57:25.000Z,255.3295,255.8505,0
1974-01-02T07:55:27.000Z,255.2995,255.8205,0
1974-01-02T08:53:20.000Z,255.2995,255.8205,0
1974-01-02T09:51:22.000Z,255.3295,255.8505,0
1974-01-02T10:49:23.000Z,255.2995,255.8205,0
1974-01-02T11:47:17.000Z,255.3,255.82,0
1974-01-02T12:52:32.000Z,255.3295,255.8505,0
1974-01-02T13:21:29.000Z,255.2995,255.8205,0
1974-01-02T13:50:26.000Z,255.2995,255.8205,0
1974-01-02T13:57:40.000Z,255.25949,255.78049,0
1974-01-02T14:55:42.000Z,255.2995,255.8205,0
1974-01-02T16:25:16.000Z,255.3,255.82,0
1974-01-02T17:23:17.000Z,255.25949,255.78049,0
1974-01-02T18:21:19.000Z,255.3,255.82,0
1974-01-02T19:19:12.000Z,255.2995,255.8205,0
1974-01-02T20:17:14.000Z,255.3,255.82,0
1974-01-02T21:15:07.000Z,255.25999,255.77999,0
1974-01-02T22:13:09.000Z,255.3,255.82,0
1974-01-02T23:11:02.000Z,255.33,255.85,0
1974-01-03T00:09:04.000Z,255.3,255.82,0
1974-01-03T01:06:57.000Z,255.25999,255.77999,0
1974-01-03T02:04:59.000Z,255.3,255.82,0
1974-01-03T03:02:52.000Z,255.3,255.82,0
1974-01-03T04:00:54.000Z,255.33,255.85,0
1974-01-03T04:58:47.000Z,255.28999,255.80999,0
1974-01-03T05:56:49.000Z,255.3,255.82,0
1974-01-03T06:54:50.000Z,255.2995,255.8205,0
1974-01-03T07:52:44.000Z,255.3,255.82,0
1974-01-03T08:50:45.000Z,255.28999,255.80999,0
1974-01-03T09:48:39.000Z,255.33,255.85,0
1974-01-03T10:46:40.000Z,255.33,255.85,0
1974-01-03T11:30:06.000Z,255.25999,255.77999,0
1974-01-03T12:28:07.000Z,255.3,255.82,0
1974-01-03T13:26:01.000Z,255.2995,255.8205,0
1974-01-03T14:24:02.000Z,255.3305,255.8495,0
1974-01-03T15:21:56.000Z,255.33,255.85,0
1974-01-03T16:19:57.000Z,255.3305,255.8495,0
1974-01-03T17:17:51.000Z,255.25999,255.77999,0
1974-01-03T18:15:52.000Z,255.33,255.85,0
1974-01-03T19:13:46.000Z,255.3305,255.8495,0
1974-01-03T20:11:47.000Z,255.3305,255.8495,0
1974-01-03T21:09:41.000Z,255.3305,255.8495,0
1974-01-03T22:07:42.000Z,255.28999,255.80999,0
1974-01-03T23:05:36.000Z,255.3,255.82,0
1974-01-04T00:03:37.000Z,255.33,255.85,0
1974-01-04T01:01:39.000Z,255.33,255.85,0
1974-01-04T01:59:32.000Z,255.3005,255.8195,0
1974-01-04T04:02:41.000Z,255.331,255.849,0
1974-01-04T05:00:43.000Z,255.3305,255.8495,0
1974-01-04T05:58:36.000Z,255.3305,255.8495,0
1974-01-04T06:56:38.000Z,255.3305,255.8495,0
1974-01-04T07:54:31.000Z,255.3605,255.8795,0
1974-01-04T08:52:33.000Z,255.3305,255.8495,0
1974-01-04T09:50:26.000Z,255.3605,255.8795,0
1974-01-04T10:48:28.000Z,255.33,255.85,0
1974-01-04T11:53:44.000Z,255.3305,255.8495,0
1974-01-04T12:51:37.000Z,255.3305,255.8495,0
1974-01-04T13:49:39.000Z,255.3305,255.8495,0
1974-01-04T15:15:40.000Z,255.29049,255.80949,0
1974-01-04T16:13:33.000Z,255.3305,255.8495,0
1974-01-04T17:11:35.000Z,255.3305,255.8495,0
1974-01-04T18:09:28.000Z,255.3605,255.8795,0
1974-01-04T19:07:30.000Z,255.3305,255.8495,0
1974-01-04T20:05:23.000Z,255.3605,255.8795,0
1974-01-04T21:03:25.000Z,255.3305,255.8495,0
1974-01-04T22:01:26.000Z,255.3305,255.8495,0
1974-01-04T22:59:20.000Z,255.3605,255.8795,0
1974-01-04T23:57:21.000Z,255.3605,255.8795,0
1974-01-05T00:55:15.000Z,255.301,255.819,0
1974-01-05T01:53:16.000Z,255.3005,255.8195,0
1974-01-05T02:51:10.000Z,255.331,255.849,0
1974-01-05T03:49:11.000Z,255.3005,255.8195,0
1974-01-05T04:47:05.000Z,255.3305,255.8495,0
1974-01-05T05:45:06.000Z,255.3305,255.8495,0
1974-01-05T06:43:00.000Z,255.331,255.849,0
1974-01-05T07:41:01.000Z,255.331,255.849,0
1974-01-05T08:38:55.000Z,255.36,255.88,0
1974-01-05T09:36:56.000Z,255.3605,255.8795,0
1974-01-05T10:34:58.000Z,255.301,255.819,0
1974-01-05T11:32:51.000Z,255.3605,255.8795,0
1974-01-05T12:30:53.000Z,255.331,255.849,0
1974-01-05T13:28:46.000Z,255.3,255.82,0
1974-01-05T14:26:48.000Z,255.3605,255.8795,0
1974-01-05T14:41:16.000Z,255.331,255.849,0
1974-01-05T15:39:10.000Z,255.331,255.849,0
1974-01-05T16:37:11.000Z,255.331,255.849,0
1974-01-05T17:27:51.000Z,255.331,255.849,0
1974-01-05T18:18:38.000Z,255.361,255.879,0
1974-01-05T19:09:17.000Z,255.3605,255.8795,0
1974-01-05T19:23:46.000Z,255.361,255.879,0
1974-01-05T20:21:47.000Z,255.331,255.849,0
1974-01-05T20:36:16.000Z,255.331,255.849,0
1974-01-05T21:34:17.000Z,255.361,255.879,0
1974-01-05T22:32:11.000Z,255.29099,255.80899,0
1974-01-05T23:30:12.000Z,255.29099,255.80899,0
1974-01-06T00:28:06.000Z,255.3605,255.8795,0
1974-01-06T01:26:07.000Z,255.3615,255.8785,0
1974-01-06T02:24:01.000Z,255.331,255.849,0
1974-01-06T03:22:02.000Z,255.331,255.849,0
1974-01-06T04:19:56.000Z,255.331,255.849,0
1974-01-06T05:17:57.000Z,255.331,255.849,0
1974-01-06T06:15:51.000Z,255.331,255.849,0
1974-01-06T07:13:52.000Z,255.3605,255.8795,0
1974-01-06T08:11:54.000Z,255.331,255.849,0
1974-01-06T09:09:47.000Z,255.331,255.849,0
1974-01-06T10:07:49.000Z,255.331,255.849,0
1974-01-06T10:36:46.000Z,255.331,255.849,0
1974-01-06T11:05:42.000Z,255.331,255.849,0
1974-01-06T12:03:44.000Z,255.331,255.849,0
1974-01-06T13:01:37.000Z,255.331,255.849,0
1974-01-06T13:59:39.000Z,255.331,255.849,0
1974-01-06T14:57:32.000Z,255.331,255.849,0
1974-01-06T15:55:34.000Z,255.361,255.879,0
1974-01-06T16:53:27.000Z,255.301,255.819,0
1974-01-06T17:51:29.000Z,255.331,255.849,0
1974-01-06T18:49:22.000Z,255.32099,255.83899,0
1974-01-06T19:18:27.000Z,255.361,255.879,0
1974-01-06T20:16:21.000Z,255.331,255.849,0
1974-01-06T21:14:22.000Z,255.331,255.849,0
1974-01-06T22:12:16.000Z,255.29099,255.80899,0
1974-01-06T23:10:17.000Z,255.331,255.849,0
1974-01-07T00:08:11.000Z,255.331,255.849,0
1974-01-07T01:06:12.000Z,255.331,255.849,0
1974-01-07T01:49:37.000Z,255.331,255.849,0
1974-01-07T02:47:39.000Z,255.331,255.849,0
1974-01-07T03:45:32.000Z,255.331,255.849,0
1974-01-07T04:43:34.000Z,255.331,255.849,0
1974-01-07T05:05:16.000Z,255.29099,255.80899,0
1974-01-07T06:03:18.000Z,255.361,255.879,0
1974-01-07T07:01:11.000Z,255.361,255.879,0
1974-01-07T07:59:13.000Z,255.331,255.849,0
1974-01-07T08:57:06.000Z,255.29149,255.80849,0
1974-01-07T09:55:08.000Z,255.331,255.849,0
1974-01-07T10:53:01.000Z,255.29099,255.80899,0
1974-01-07T11:51:03.000Z,255.3315,255.8485,0
1974-01-07T12:48:56.000Z,255.331,255.849,0
1974-01-07T13:46:58.000Z,255.3315,255.8485,0
1974-01-07T14:58:31.000Z,255.3315,255.8485,0
1974-01-07T15:56:32.000Z,255.29149,255.80849,0
1974-01-07T16:54:26.000Z,255.3315,255.8485,0
1974-01-07T17:52:27.000Z,255.3315,255.8485,0
1974-01-07T18:50:21.000Z,255.3315,255.8485,0
1974-01-07T19:48:22.000Z,255.3315,255.8485,0
1974-01-07T20:46:16.000Z,255.3315,255.8485,0
1974-01-07T21:44:17.000Z,255.3315,255.8485,0
1974-01-07T22:42:11.000Z,255.361,255.879,0
1974-01-07T23:40:12.000Z,255.3315,255.8485,0
1974-01-08T00:38:06.000Z,255.3315,255.8485,0
1974-01-08T01:36:07.000Z,255.3315,255.8485,0
1974-01-08T02:34:01.000Z,255.3315,255.8485,0
1974-01-08T03:03:06.000Z,255.3315,255.8485,0
1974-01-08T04:00:59.000Z,255.331,255.849,0
1974-01-08T04:59:01.000Z,255.3315,255.8485,0
1974-01-08T05:56:54.000Z,255.3315,255.8485,0
1974-01-08T06:54:56.000Z,255.3315,255.8485,0
1974-01-08T07:52:49.000Z,255.3315,255.8485,0
1974-01-08T08:50:51.000Z,255.3315,255.8485,0
1974-01-08T09:48:44.000Z,255.3015,255.8185,0
1974-01-08T10:46:46.000Z,255.3615,255.8785,0
1974-01-08T11:44:47.000Z,255.3015,255.8185,0
1974-01-08T12:42:41.000Z,255.3615,255.8785,0
1974-01-08T13:40:42.000Z,255.3615,255.8785,0
1974-01-08T14:38:36.000Z,255.3015,255.8185,0
1974-01-08T15:36:37.000Z,255.3015,255.8185,0
1974-01-08T16:34:31.000Z,255.3015,255.8185,0
1974-01-08T17:32:32.000Z,255.3015,255.8185,0
1974-01-08T18:30:26.000Z,255.3315,255.8485,0
1974-01-08T19:28:27.000Z,255.3015,255.8185,0
1974-01-08T20:26:21.000Z,255.3315,255.8485,0
1974-01-08T21:24:22.000Z,255.3315,255.8485,0
1974-01-08T22:00:33.000Z,255.3615,255.8785,0
1974-01-08T22:58:35.000Z,255.3315,255.8485,0
1974-01-08T23:56:28.000Z,255.3015,255.8185,0
1974-01-09T00:54:30.000Z,255.332,255.848,0
1974-01-09T01:52:23.000Z,255.3615,255.8785,0
1974-01-09T02:50:25.000Z,255.3315,255.8485,0
1974-01-09T03:48:18.000Z,255.3315,255.8485,0
1974-01-09T04:46:20.000Z,255.3315,255.8485,0
1974-01-09T05:44:21.000Z,255.302,255.818,0
1974-01-09T06:42:15.000Z,255.3015,255.8185,0
1974-01-09T07:40:16.000Z,255.26149,255.77849,0
1974-01-09T08:38:10.000Z,255.29199,255.80799,0
1974-01-09T09:43:26.000Z,255.29199,255.80799,0
1974-01-09T09:50:40.000Z,255.332,255.848,0
1974-01-09T10:12:22.000Z,255.302,255.818,0
1974-01-09T11:10:24.000Z,255.3615,255.8785,0
1974-01-09T12:08:17.000Z,255.332,255.848,0
1974-01-09T13:06:19.000Z,255.332,255.848,0
1974-01-09T14:53:05.000Z,255.29199,255.80799,0
1974-01-09T15:14:56.000Z,255.332,255.848,0
1974-01-09T15:22:10.000Z,255.332,255.848,0
1974-01-09T16:20:03.000Z,255.332,255.848,0
1974-01-09T17:18:05.000Z,255.3315,255.8485,0
1974-01-09T18:15:58.000Z,255.3615,255.8785,0
1974-01-09T19:14:00.000Z,255.3615,255.8785,0
1974-01-09T20:11:53.000Z,255.29199,255.80799,0
1974-01-09T21:09:55.000Z,255.3315,255.8485,0
1974-01-09T22:07:48.000Z,255.3615,255.8785,0
1974-01-09T23:05:50.000Z,255.332,255.848,0
1974-01-10T00:03:43.000Z,255.302,255.818,0
1974-01-10T01:01:45.000Z,255.332,255.848,0
1974-01-10T01:59:38.000Z,255.362,255.878,0
1974-01-10T02:57:40.000Z,255.332,255.848,0
1974-01-10T03:55:42.000Z,255.332,255.848,0
1974-01-10T04:53:35.000Z,255.302,255.818,0
1974-01-10T05:51:37.000Z,255.29199,255.80799,0
1974-01-10T06:49:30.000Z,255.332,255.848,0
1974-01-10T07:47:32.000Z,255.332,255.848,0
1974-01-10T08:09:14.000Z,255.302,255.818,0
1974-01-10T09:07:07.000Z,255.302,255.818,0
1974-01-10T10:05:09.000Z,255.332,255.848,0
1974-01-10T11:03:02.000Z,255.332,255.848,0
1974-01-10T12:01:04.000Z,255.302,255.818,0
1974-01-10T12:59:06.000Z,255.302,255.818,0
1974-01-10T13:56:59.000Z,255.332,255.848,0
1974-01-10T14:55:01.000Z,255.302,255.818,0
1974-01-10T15:52:54.000Z,255.302,255.818,0
1974-01-10T16:50:56.000Z,255.302,255.818,0
1974-01-10T17:48:49.000Z,255.302,255.818,0
1974-01-10T18:46:51.000Z,255.302,255.818,0
1974-01-10T19:44:44.000Z,255.302,255.818,0
1974-01-10T20:42:46.000Z,255.26249,255.77749,0
1974-01-10T21:40:39.000Z,255.302,255.818,0
1974-01-10T22:38:41.000Z,255.302,255.818,0
1974-01-10T23:36:34.000Z,255.302,255.818,0
1974-01-11T00:34:36.000Z,255.302,255.818,0
1974-01-11T01:32:29.000Z,255.302,255.818,0
1974-01-11T02:30:31.000Z,255.3025,255.8175,0
1974-01-11T03:28:24.000Z,255.3025,255.8175,0
1974-01-11T04:26:26.000Z,255.332,255.848,0
1974-01-11T05:24:27.000Z,255.302,255.818,0
1974-01-11T06:22:21.000Z,255.3325,255.8475,0
1974-01-11T07:20:22.000Z,255.302,255.818,0
1974-01-11T08:18:16.000Z,255.302,255.818,0
1974-01-11T09:16:17.000Z,255.3025,255.8175,0
1974-01-11T10:14:11.000Z,255.29249,255.80749,0
1974-01-11T11:12:12.000Z,255.3325,255.8475,0
1974-01-11T12:10:06.000Z,255.29249,255.80749,0
1974-01-11T12:24:34.000Z,255.3325,255.8475,0
1974-01-11T13:22:36.000Z,255.3025,255.8175,0
1974-01-11T14:20:29.000Z,255.29249,255.80749,0
1974-01-11T15:18:31.000Z,255.29249,255.80749,0
1974-01-11T16:16:24.000Z,255.29249,255.80749,0
1974-01-11T17:14:26.000Z,255.29249,255.80749,0
1974-01-11T18:12:19.000Z,255.29249,255.80749,0
1974-01-11T19:10:21.000Z,255.29249,255.80749,0
1974-01-11T20:08:22.000Z,255.29249,255.80749,0
1974-01-11T21:06:16.000Z,255.29249,255.80749,0
1974-01-11T22:04:17.000Z,255.29249,255.80749,0
1974-01-11T23:09:25.000Z,255.29249,255.80749,0
1974-01-12T00:17:25.000Z,255.29249,255.80749,0
1974-01-12T01:28:57.000Z,255.29249,255.80749,0
1974-01-12T02:26:51.000Z,255.29249,255.80749,0
1974-01-12T03:03:10.000Z,255.29249,255.80749,0
1974-01-12T03:10:24.000Z,255.26249,255.77749,0
1974-01-12T04:08:17.000Z,255.3325,255.8475,0
1974-01-12T05:06:19.000Z,255.29249,255.80749,0
1974-01-12T05:42:30.000Z,255.32249,255.83749,0
1974-01-12T05:49:44.000Z,255.3325,255.8475,0
1974-01-12T06:47:45.000Z,255.29249,255.80749,0
1974-01-12T07:45:39.000Z,255.28298,255.79698,0
1974-01-12T08:43:40.000Z,255.28248,255.79748,0
1974-01-12T09:41:34.000Z,255.29249,255.80749,0
1974-01-12T10:39:35.000Z,255.25248,255.76748,0
1974-01-12T11:37:29.000Z,255.25248,255.76748,0
1974-01-12T12:06:26.000Z,255.32299,255.83699,0
1974-01-12T13:04:27.000Z,255.31248,255.82748,0
1974-01-12T14:02:29.000Z,255.32249,255.83749,0
1974-01-12T15:00:22.000Z,255.31248,255.82748,0
1974-01-12T15:58:24.000Z,255.31248,255.82748,0
1974-01-12T16:56:17.000Z,255.2725,255.7875,0
1974-01-12T17:54:19.000Z,255.2725,255.7875,0
1974-01-12T19:13:55.000Z,255.3025,255.8175,0
1974-01-12T20:11:56.000Z,255.26249,255.77749,0
1974-01-12T21:09:50.000Z,255.26249,255.77749,0
1974-01-12T21:24:26.000Z,255.26249,255.77749,0
1974-01-12T22:22:20.000Z,255.29249,255.80749,0
1974-01-12T23:20:21.000Z,255.32249,255.83749,0
1974-01-13T00:18:15.000Z,255.32249,255.83749,0
1974-01-13T01:16:16.000Z,255.35249,255.86749,0
1974-01-13T01:37:59.000Z,255.28248,255.79748,0
1974-01-13T02:35:52.000Z,255.25298,255.76698,0
1974-01-13T03:33:54.000Z,255.273,255.787,0
1974-01-13T04:39:10.000Z,255.28248,255.79748,0
1974-01-13T05:08:06.000Z,255.3025,255.8175,0
1974-01-13T05:29:49.000Z,255.25248,255.76748,0
1974-01-13T06:06:00.000Z,255.3325,255.8475,0
1974-01-13T06:20:28.000Z,255.4925,256.0075,0
1974-01-13T06:42:19.000Z,255.28248,255.79748,0
1974-01-13T07:32:58.000Z,255.303,255.817,0
1974-01-13T07:54:41.000Z,255.303,255.817,0
1974-01-13T08:23:45.000Z,255.26249,255.77749,0
1974-01-13T09:21:39.000Z,255.32299,255.83699,0
1974-01-13T10:12:26.000Z,255.273,255.787,0
1974-01-13T11:10:20.000Z,255.273,255.787,0
1974-01-13T12:15:35.000Z,255.3025,255.8175,0
1974-01-13T12:30:04.000Z,255.303,255.817,0
1974-01-13T13:20:43.000Z,255.29299,255.80699,0
1974-01-13T14:18:45.000Z,255.29299,255.80699,0
1974-01-13T15:16:38.000Z,255.29249,255.80749,0
1974-01-13T16:14:40.000Z,255.29299,255.80699,0
1974-01-13T17:12:33.000Z,255.29249,255.80749,0
1974-01-13T18:10:35.000Z,255.31298,255.82698,0
1974-01-13T19:08:28.000Z,255.31298,255.82698,0
1974-01-13T20:06:30.000Z,255.28298,255.79698,0
1974-01-13T21:04:23.000Z,255.31298,255.82698,0
1974-01-13T22:02:25.000Z,255.34298,255.85698,0
1974-01-13T23:00:26.000Z,255.28298,255.79698,0
1974-01-13T23:58:20.000Z,255.31298,255.82698,0
1974-01-14T00:56:21.000Z,255.31298,255.82698,0
1974-01-14T01:54:15.000Z,255.273,255.787,0
1974-01-14T02:52:16.000Z,255.273,255.787,0
1974-01-14T03:50:10.000Z,255.303,255.817,0
1974-01-14T04:48:11.000Z,255.303,255.817,0
1974-01-14T05:46:05.000Z,255.303,255.817,0
1974-01-14T06:00:33.000Z,255.303,255.817,0
1974-01-14T06:22:24.000Z,255.303,255.817,0
1974-01-14T07:20:17.000Z,255.26299,255.77699,0
1974-01-14T08:18:19.000Z,255.303,255.817,0
1974-01-14T09:16:12.000Z,255.303,255.817,0
1974-01-14T10:14:14.000Z,255.29299,255.80699,0
1974-01-14T10:35:56.000Z,255.303,255.817,0
1974-01-14T11:41:04.000Z,255.29299,255.80699,0
1974-01-14T11:48:18.000Z,255.303,255.817,0
1974-01-14T12:46:20.000Z,255.29299,255.80699,0
1974-01-14T14:23:16.000Z,255.333,255.847,0
1974-01-14T15:21:09.000Z,255.303,255.817,0
1974-01-14T16:19:11.000Z,255.29299,255.80699,0
1974-01-14T17:17:04.000Z,255.29299,255.80699,0
1974-01-14T18:15:06.000Z,255.333,255.847,0
1974-01-14T19:12:59.000Z,255.32299,255.83699,0
1974-01-14T20:11:01.000Z,255.28298,255.79698,0
1974-01-14T21:08:54.000Z,255.333,255.847,0
1974-01-14T22:06:56.000Z,255.28298,255.79698,0
1974-01-14T23:04:49.000Z,255.25298,255.76698,0
1974-01-15T00:02:51.000Z,255.35299,255.86699,0
1974-01-15T01:00:44.000Z,255.28298,255.79698,0
1974-01-15T01:58:46.000Z,255.28298,255.79698,0
1974-01-15T02:56:48.000Z,255.28298,255.79698,0
1974-01-15T03:54:41.000Z,255.28298,255.79698,0
1974-01-15T04:59:57.000Z,255.31298,255.82698,0
1974-01-15T05:07:11.000Z,255.28298,255.79698,0
1974-01-15T06:05:04.000Z,255.28298,255.79698,0
1974-01-15T07:03:06.000Z,255.28298,255.79698,0
1974-01-15T08:00:59.000Z,255.31298,255.82698,0
1974-01-15T08:59:01.000Z,255.35299,255.86699,0
1974-01-15T09:56:54.000Z,255.28298,255.79698,0
1974-01-15T10:54:56.000Z,255.28348,255.79648,0
1974-01-15T11:16:39.000Z,255.31298,255.82698,0
1974-01-15T12:14:40.000Z,255.31298,255.82698,0
1974-01-15T13:12:34.000Z,255.31298,255.82698,0
1974-01-15T14:10:35.000Z,255.31348,255.82648,0
1974-01-15T15:08:29.000Z,255.28298,255.79698,0
1974-01-15T15:22:57.000Z,255.28298,255.79698,0
1974-01-15T16:20:59.000Z,255.28298,255.79698,0
1974-01-15T17:18:52.000Z,255.31298,255.82698,0
1974-01-15T18:16:54.000Z,255.28348,255.79648,0
1974-01-15T19:14:47.000Z,255.303,255.817,0
1974-01-15T20:12:49.000Z,255.34348,255.85648,0
1974-01-15T21:10:42.000Z,255.34348,255.85648,0
1974-01-15T22:08:44.000Z,255.303,255.817,0
1974-01-15T23:06:37.000Z,255.303,255.817,0
1974-01-16T00:04:39.000Z,255.34298,255.85698,0
1974-01-16T01:02:40.000Z,255.3035,255.8165,0
1974-01-16T02:00:34.000Z,255.2735,255.7865,0
1974-01-16T02:58:35.000Z,255.273,255.787,0
1974-01-16T03:56:29.000Z,255.3035,255.8165,0
1974-01-16T04:54:30.000Z,255.2735,255.7865,0
1974-01-16T05:52:24.000Z,255.273,255.787,0
1974-01-16T06:35:57.000Z,255.2735,255.7865,0
1974-01-16T07:33:50.000Z,255.3335,255.8465,0
1974-01-16T08:31:52.000Z,255.3335,255.8465,0
1974-01-16T09:29:45.000Z,255.303,255.817,0
1974-01-16T10:27:47.000Z,255.3335,255.8465,0
1974-01-16T11:25:40.000Z,255.303,255.817,0
1974-01-16T12:23:42.000Z,255.3035,255.8165,0
1974-01-16T13:21:35.000Z,255.3035,255.8165,0
1974-01-16T13:57:54.000Z,255.3035,255.8165,0
1974-01-16T15:39:13.000Z,255.3335,255.8465,0
1974-01-16T16:37:14.000Z,255.3035,255.8165,0
1974-01-16T17:35:16.000Z,255.3035,255.8165,0
1974-01-16T18:33:09.000Z,255.26349,255.77649,0
1974-01-16T19:31:11.000Z,255.3035,255.8165,0
1974-01-16T20:29:04.000Z,255.3035,255.8165,0
1974-01-16T21:27:06.000Z,255.3035,255.8165,0
1974-01-16T22:24:59.000Z,255.3335,255.8465,0
1974-01-16T23:23:01.000Z,255.3035,255.8165,0
1974-01-17T00:20:54.000Z,255.3335,255.8465,0
1974-01-17T01:18:56.000Z,255.3035,255.8165,0
1974-01-17T02:16:49.000Z,255.3035,255.8165,0
1974-01-17T03:14:51.000Z,255.3335,255.8465,0
1974-01-17T04:12:44.000Z,255.3335,255.8465,0
1974-01-17T05:10:46.000Z,255.3335,255.8465,0
1974-01-17T06:08:39.000Z,255.3335,255.8465,0
1974-01-17T07:06:41.000Z,255.3335,255.8465,0
1974-01-17T09:02:36.000Z,255.29399,255.80599,0
1974-01-17T10:00:30.000Z,255.3335,255.8465,0
1974-01-17T10:58:31.000Z,255.3035,255.8165,0
1974-01-17T11:56:25.000Z,255.29349,255.80649,0
1974-01-17T12:54:26.000Z,255.29399,255.80599,0
1974-01-17T13:59:42.000Z,255.3335,255.8465,0
1974-01-17T14:57:35.000Z,255.25398,255.76598,0
1974-01-17T15:55:37.000Z,255.29399,255.80599,0
1974-01-17T16:53:30.000Z,255.26399,255.77599,0
1974-01-17T17:51:32.000Z,255.3335,255.8465,0
1974-01-17T18:49:25.000Z,255.29399,255.80599,0
1974-01-17T19:47:27.000Z,255.29399,255.80599,0
1974-01-17T20:45:20.000Z,255.29399,255.80599,0
1974-01-17T21:43:22.000Z,255.25398,255.76598,0
1974-01-17T22:41:15.000Z,255.334,255.846,0
1974-01-17T23:39:17.000Z,255.29399,255.80599,0
1974-01-18T00:37:10.000Z,255.32399,255.83599,0
1974-01-18T01:35:12.000Z,255.28398,255.79598,0
1974-01-18T02:33:05.000Z,255.29399,255.80599,0
1974-01-18T03:31:07.000Z,255.32399,255.83599,0
1974-01-18T04:29:00.000Z,255.29399,255.80599,0
1974-01-18T05:27:02.000Z,255.28398,255.79598,0
1974-01-18T06:24:55.000Z,255.28398,255.79598,0
1974-01-18T07:22:57.000Z,255.25398,255.76598,0
1974-01-18T08:20:59.000Z,255.32399,255.83599,0
1974-01-18T09:18:52.000Z,255.28398,255.79598,0
1974-01-18T10:16:54.000Z,255.25398,255.76598,0
1974-01-18T11:14:47.000Z,255.32399,255.83599,0
1974-01-18T12:12:49.000Z,255.28398,255.79598,0
1974-01-18T13:10:42.000Z,255.25398,255.76598,0
1974-01-18T13:54:15.000Z,255.28398,255.79598,0
1974-01-18T14:52:09.000Z,255.29399,255.80599,0
1974-01-18T15:49:13.000Z,255.28398,255.79598,0
1974-01-18T16:47:06.000Z,255.32399,255.83599,0
1974-01-18T17:45:08.000Z,255.28398,255.79598,0
1974-01-18T18:43:10.000Z,255.32399,255.83599,0
1974-01-18T19:41:03.000Z,255.28398,255.79598,0
1974-01-18T20:39:05.000Z,255.28398,255.79598,0
1974-01-18T21:15:15.000Z,255.28448,255.79548,0
1974-01-18T22:13:09.000Z,255.26698,255.81298,0
1974-01-18T22:42:14.000Z,255.28398,255.79598,0
1974-01-18T22:49:28.000Z,255.28398,255.79598,0
1974-01-18T23:40:07.000Z,255.28398,255.79598,0
1974-01-18T23:54:35.000Z,255.28448,255.79548,0
1974-01-19T00:01:50.000Z,255.32399,255.83599,0
1974-01-19T00:30:55.000Z,255.31398,255.82598,0
1974-01-19T01:28:48.000Z,255.28398,255.79598,0
1974-01-19T02:12:21.000Z,255.28398,255.79598,0
1974-01-19T03:10:15.000Z,255.32399,255.83599,0
1974-01-19T04:08:16.000Z,255.31448,255.82548,0
1974-01-19T05:06:10.000Z,255.31448,255.82548,0
1974-01-19T06:04:11.000Z,255.28448,255.79548,0
1974-01-19T07:02:05.000Z,255.28398,255.79598,0
1974-01-19T08:00:06.000Z,255.31448,255.82548,0
1974-01-19T08:58:00.000Z,255.28448,255.79548,0
1974-01-19T09:56:01.000Z,255.31448,255.82548,0
1974-01-19T10:53:55.000Z,255.31398,255.82598,0
1974-01-19T11:51:56.000Z,255.31448,255.82548,0
1974-01-19T12:49:50.000Z,255.31448,255.82548,0
1974-01-19T13:47:51.000Z,255.31448,255.82548,0
1974-01-19T14:45:45.000Z,255.31448,255.82548,0
1974-01-19T15:43:46.000Z,255.31448,255.82548,0
1974-01-19T16:41:40.000Z,255.31398,255.82598,0
1974-01-19T17:39:41.000Z,255.31448,255.82548,0
1974-01-19T18:37:43.000Z,255.28448,255.79548,0
1974-01-19T19:35:36.000Z,255.31448,255.82548,0
1974-01-19T19:42:50.000Z,255.31448,255.82548,0
1974-01-19T19:57:19.000Z,255.31448,255.82548,0
1974-01-19T20:55:20.000Z,255.31448,255.82548,0
1974-01-19T21:53:14.000Z,255.31448,255.82548,0
1974-01-19T22:51:15.000Z,255.31448,255.82548,0
1974-01-19T23:49:09.000Z,255.31448,255.82548,0
1974-01-20T00:47:10.000Z,255.2745,255.7855,0
1974-01-20T01:45:04.000Z,255.2745,255.7855,0
1974-01-20T02:43:05.000Z,255.31448,255.82548,0
1974-01-20T02:57:34.000Z,255.28448,255.79548,0
1974-01-20T03:55:35.000Z,255.34448,255.85548,0
1974-01-20T04:53:29.000Z,255.3045,255.8155,0
1974-01-20T05:51:30.000Z,255.31448,255.82548,0
1974-01-20T06:49:24.000Z,255.34448,255.85548,0
1974-01-20T07:47:25.000Z,255.3045,255.8155,0
1974-01-20T08:45:19.000Z,255.31448,255.82548,0
1974-01-20T08:59:47.000Z,255.31448,255.82548,0
1974-01-20T09:50:35.000Z,255.31448,255.82548,0
1974-01-20T10:05:03.000Z,255.34448,255.85548,0
1974-01-20T10:12:17.000Z,255.3045,255.8155,0
1974-01-20T10:41:14.000Z,255.3045,255.8155,0
1974-01-20T11:39:15.000Z,255.31448,255.82548,0
1974-01-20T12:37:09.000Z,255.34448,255.85548,0
1974-01-20T13:35:10.000Z,255.2745,255.7855,0
1974-01-20T14:33:04.000Z,255.3045,255.8155,0
1974-01-20T15:31:05.000Z,255.34448,255.85548,0
1974-01-20T16:28:59.000Z,255.31448,255.82548,0
1974-01-20T17:27:00.000Z,255.2445,255.7555,0
1974-01-20T17:55:57.000Z,255.34448,255.85548,0
1974-01-20T18:24:54.000Z,255.34448,255.85548,0
1974-01-20T19:22:55.000Z,255.2745,255.7855,0
1974-01-20T20:20:49.000Z,255.3045,255.8155,0
1974-01-20T21:18:50.000Z,255.34448,255.85548,0
1974-01-20T22:16:52.000Z,255.2745,255.7855,0
1974-01-20T23:14:45.000Z,255.34448,255.85548,0
1974-01-21T00:12:47.000Z,255.3045,255.8155,0
1974-01-21T01:10:40.000Z,255.3045,255.8155,0
1974-01-21T02:08:42.000Z,255.34448,255.85548,0
1974-01-21T03:06:35.000Z,255.34448,255.85548,0
1974-01-21T04:04:37.000Z,255.3045,255.8155,0
1974-01-21T05:02:30.000Z,255.3045,255.8155,0
1974-01-21T06:00:32.000Z,255.31448,255.82548,0
1974-01-21T06:58:25.000Z,255.3045,255.8155,0
1974-01-21T07:56:27.000Z,255.34448,255.85548,0
1974-01-21T08:54:20.000Z,255.275,255.785,0
1974-01-21T09:52:22.000Z,255.3045,255.8155,0
1974-01-21T10:50:15.000Z,255.3045,255.8155,0
1974-01-21T11:48:17.000Z,255.3045,255.8155,0
1974-01-21T12:46:11.000Z,255.34448,255.85548,0
1974-01-21T13:44:12.000Z,255.305,255.815,0
1974-01-21T14:54:47.000Z,255.2745,255.7855,0
1974-01-21T15:52:49.000Z,255.34448,255.85548,0
1974-01-21T16:50:42.000Z,255.2745,255.7855,0
1974-01-21T17:48:44.000Z,255.29499,255.80499,0
1974-01-21T18:46:37.000Z,255.275,255.785,0
1974-01-21T19:44:39.000Z,255.305,255.815,0
1974-01-21T20:42:32.000Z,255.305,255.815,0
1974-01-21T21:40:34.000Z,255.305,255.815,0
1974-01-21T22:38:27.000Z,255.275,255.785,0
1974-01-21T23:36:29.000Z,255.305,255.815,0
1974-01-22T00:34:31.000Z,255.305,255.815,0
1974-01-22T01:32:24.000Z,255.275,255.785,0
1974-01-22T02:30:26.000Z,255.305,255.815,0
1974-01-22T03:28:19.000Z,255.305,255.815,0
1974-01-22T04:26:21.000Z,255.275,255.785,0
1974-01-22T05:24:14.000Z,255.275,255.785,0
1974-01-22T06:22:16.000Z,255.335,255.845,0
1974-01-22T07:20:09.000Z,255.335,255.845,0
1974-01-22T08:18:11.000Z,255.275,255.785,0
1974-01-22T09:16:04.000Z,255.335,255.845,0
1974-01-22T10:14:06.000Z,255.305,255.815,0
1974-01-22T10:28:34.000Z,255.305,255.815,0
1974-01-22T10:35:48.000Z,255.305,255.815,0
1974-01-22T11:33:42.000Z,255.29499,255.80499,0
1974-01-22T11:55:32.000Z,255.305,255.815,0
1974-01-22T12:53:26.000Z,255.275,255.785,0
1974-01-22T13:51:27.000Z,255.275,255.785,0
1974-01-22T14:49:21.000Z,255.29499,255.80499,0
1974-01-22T15:47:22.000Z,255.275,255.785,0
1974-01-22T16:09:05.000Z,255.29499,255.80499,0
1974-01-22T17:06:58.000Z,255.305,255.815,0
1974-01-22T18:05:00.000Z,255.305,255.815,0
1974-01-22T19:03:01.000Z,255.335,255.845,0
1974-01-22T20:00:55.000Z,255.275,255.785,0
1974-01-22T20:58:56.000Z,255.29499,255.80499,0
1974-01-22T21:56:50.000Z,255.305,255.815,0
1974-01-22T22:54:51.000Z,255.29499,255.80499,0
1974-01-22T23:52:45.000Z,255.29499,255.80499,0
1974-01-23T00:36:18.000Z,255.275,255.785,0
1974-01-23T01:34:12.000Z,255.29499,255.80499,0
1974-01-23T02:32:13.000Z,255.305,255.815,0
1974-01-23T03:30:07.000Z,255.29499,255.80499,0
1974-01-23T04:28:08.000Z,255.335,255.845,0
1974-01-23T05:26:02.000Z,255.335,255.845,0
1974-01-23T06:24:03.000Z,255.29549,255.80449,0
1974-01-23T07:21:57.000Z,255.29499,255.80499,0
1974-01-23T08:19:58.000Z,255.29549,255.80449,0
1974-01-23T09:17:52.000Z,255.3355,255.8445,0
1974-01-23T10:15:53.000Z,255.29549,255.80449,0
1974-01-23T10:37:36.000Z,255.29549,255.80449,0
1974-01-23T11:35:37.000Z,255.29499,255.80499,0
1974-01-23T12:33:31.000Z,255.29549,255.80449,0
1974-01-23T13:31:32.000Z,255.29499,255.80499,0
1974-01-23T14:48:24.000Z,255.32549,255.83449,0
1974-01-23T14:55:39.000Z,255.29549,255.80449,0
1974-01-23T15:39:12.000Z,255.32549,255.83449,0
1974-01-23T16:37:05.000Z,255.29549,255.80449,0
1974-01-23T17:35:07.000Z,255.29549,255.80449,0
1974-01-23T18:33:00.000Z,255.32549,255.83449,0
1974-01-23T19:31:02.000Z,255.29549,255.80449,0
1974-01-23T20:28:55.000Z,255.32549,255.83449,0
1974-01-23T21:26:57.000Z,255.29549,255.80449,0
1974-01-23T22:10:22.000Z,255.29549,255.80449,0
1974-01-23T23:08:23.000Z,255.32499,255.83499,0
1974-01-24T00:06:17.000Z,255.32499,255.83499,0
1974-01-24T01:04:19.000Z,255.29549,255.80449,0
1974-01-24T02:02:12.000Z,255.32549,255.83449,0
1974-01-24T03:00:14.000Z,255.32549,255.83449,0
1974-01-24T03:58:15.000Z,255.29549,255.80449,0
1974-01-24T04:56:09.000Z,255.32549,255.83449,0
1974-01-24T05:54:10.000Z,255.29549,255.80449,0
1974-01-24T06:52:04.000Z,255.32549,255.83449,0
1974-01-24T07:50:05.000Z,255.32499,255.83499,0
1974-01-24T08:47:59.000Z,255.32549,255.83449,0
1974-01-24T09:46:00.000Z,255.29549,255.80449,0
1974-01-24T10:43:54.000Z,255.32549,255.83449,0
1974-01-24T11:41:55.000Z,255.32549,255.83449,0
1974-01-24T12:39:49.000Z,255.29549,255.80449,0
1974-01-24T13:37:50.000Z,255.32549,255.83449,0
1974-01-24T14:35:44.000Z,255.29549,255.80449,0
1974-01-24T15:33:45.000Z,255.29549,255.80449,0
1974-01-24T16:31:39.000Z,255.29549,255.80449,0
1974-01-24T17:29:40.000Z,255.29549,255.80449,0
1974-01-24T18:27:34.000Z,255.29549,255.80449,0
1974-01-24T19:25:35.000Z,255.2755,255.7845,0
1974-01-24T20:23:29.000Z,255.32549,255.83449,0
1974-01-24T22:48:28.000Z,255.32549,255.83449,0
1974-01-24T23:46:22.000Z,255.29549,255.80449,0
1974-01-25T00:44:23.000Z,255.32549,255.83449,0
1974-01-25T01:42:17.000Z,255.32549,255.83449,0
1974-01-25T02:40:19.000Z,255.32549,255.83449,0
1974-01-25T03:38:12.000Z,255.32549,255.83449,0
1974-01-25T04:36:14.000Z,255.29549,255.80449,0
1974-01-25T05:34:07.000Z,255.29549,255.80449,0
1974-01-25T06:32:09.000Z,255.29599,255.80399,0
1974-01-25T07:30:02.000Z,255.32549,255.83449,0
1974-01-25T08:28:04.000Z,255.32549,255.83449,0
1974-01-25T09:26:05.000Z,255.32549,255.83449,0
1974-01-25T10:23:59.000Z,255.32549,255.83449,0
1974-01-25T11:22:00.000Z,255.29549,255.80449,0
1974-01-25T12:19:54.000Z,255.32549,255.83449,0
1974-01-25T13:17:55.000Z,255.32549,255.83449,0
1974-01-25T14:52:57.000Z,255.29549,255.80449,0
1974-01-25T15:50:58.000Z,255.32549,255.83449,0
1974-01-25T16:48:52.000Z,255.35599,255.86399,0
1974-01-25T17:46:53.000Z,255.32549,255.83449,0
1974-01-25T18:44:47.000Z,255.32599,255.83399,0
1974-01-25T19:42:48.000Z,255.32599,255.83399,0
1974-01-25T20:40:42.000Z,255.35549,255.86449,0
1974-01-25T21:38:43.000Z,255.32549,255.83449,0
1974-01-25T22:36:37.000Z,255.29599,255.80399,0
1974-01-25T23:34:38.000Z,255.32599,255.83399,0
1974-01-26T00:32:32.000Z,255.32599,255.83399,0
1974-01-26T01:30:33.000Z,255.35599,255.86399,0
1974-01-26T02:28:27.000Z,255.32549,255.83449,0
1974-01-26T03:26:28.000Z,255.32599,255.83399,0
1974-01-26T04:24:22.000Z,255.35599,255.86399,0
1974-01-26T05:22:23.000Z,255.29599,255.80399,0
1974-01-26T06:20:17.000Z,255.29599,255.80399,0
1974-01-26T07:18:18.000Z,255.29599,255.80399,0
1974-01-26T08:16:20.000Z,255.29599,255.80399,0
1974-01-26T09:14:13.000Z,255.29599,255.80399,0
1974-01-26T09:57:39.000Z,255.32599,255.83399,0
1974-01-26T10:55:40.000Z,255.32649,255.83349,0
1974-01-26T11:31:51.000Z,255.35599,255.86399,0
1974-01-26T11:39:05.000Z,255.35599,255.86399,0
1974-01-26T12:37:07.000Z,255.32599,255.83399,0
1974-01-26T12:58:49.000Z,255.35599,255.86399,0
1974-01-26T13:13:18.000Z,255.35599,255.86399,0
1974-01-26T13:20:32.000Z,255.35599,255.86399,0
1974-01-26T13:49:37.000Z,255.32599,255.83399,0
1974-01-26T13:56:51.000Z,255.32649,255.83349,0
1974-01-26T14:54:44.000Z,255.32599,255.83399,0
1974-01-26T15:45:32.000Z,255.35599,255.86399,0
1974-01-26T16:21:43.000Z,255.35599,255.86399,0
1974-01-26T17:05:08.000Z,255.32599,255.83399,0
1974-01-26T17:26:50.000Z,255.35599,255.86399,0
1974-01-26T17:55:55.000Z,255.25648,255.76348,0
1974-01-26T18:03:09.000Z,255.32599,255.83399,0
1974-01-26T18:17:38.000Z,255.35599,255.86399,0
1974-01-26T18:46:34.000Z,255.32599,255.83399,0
1974-01-26T19:44:36.000Z,255.35599,255.86399,0
1974-01-26T20:42:29.000Z,255.29599,255.80399,0
1974-01-26T21:40:31.000Z,255.35599,255.86399,0
1974-01-26T22:38:24.000Z,255.35649,255.86349,0
1974-01-26T23:36:26.000Z,255.29649,255.80349,0
1974-01-27T00:34:19.000Z,255.32649,255.83349,0
1974-01-27T01:32:21.000Z,255.29599,255.80399,0
1974-01-27T02:30:14.000Z,255.32599,255.83399,0
1974-01-27T03:28:16.000Z,255.32649,255.83349,0
1974-01-27T04:26:09.000Z,255.32599,255.83399,0
1974-01-27T05:24:11.000Z,255.35649,255.86349,0
1974-01-27T06:22:04.000Z,255.32599,255.83399,0
1974-01-27T07:20:06.000Z,255.28598,255.79398,0
1974-01-27T08:18:08.000Z,255.32649,255.83349,0
1974-01-27T09:16:01.000Z,255.28648,255.79348,0
1974-01-27T10:14:03.000Z,255.29649,255.80349,0
1974-01-27T11:11:56.000Z,255.29649,255.80349,0
1974-01-27T12:09:58.000Z,255.29649,255.80349,0
1974-01-27T13:00:37.000Z,255.32649,255.83349,0
1974-01-27T13:29:34.000Z,255.28648,255.79348,0
1974-01-27T14:27:35.000Z,255.32649,255.83349,0
1974-01-27T15:25:29.000Z,255.35649,255.86349,0
1974-01-27T16:23:30.000Z,255.32649,255.83349,0
1974-01-27T17:28:46.000Z,255.32649,255.83349,0
1974-01-27T18:26:39.000Z,255.29649,255.80349,0
1974-01-27T19:24:41.000Z,255.32649,255.83349,0
1974-01-27T20:22:34.000Z,255.25648,255.76348,0
1974-01-27T20:44:17.000Z,255.32649,255.83349,0
1974-01-27T21:42:18.000Z,255.32649,255.83349,0
1974-01-27T22:40:04.000Z,255.32649,255.83349,0
1974-01-27T23:37:57.000Z,255.32649,255.83349,0
1974-01-28T00:36:07.000Z,255.28648,255.79348,0
1974-01-28T01:34:08.000Z,255.32649,255.83349,0
1974-01-28T02:53:53.000Z,255.29649,255.80349,0
1974-01-28T03:51:46.000Z,255.31648,255.82348,0
1974-01-28T04:57:02.000Z,255.3065,255.8135,0
1974-01-28T05:18:44.000Z,255.34648,255.85348,0
1974-01-28T05:33:13.000Z,255.31648,255.82348,0
1974-01-28T05:47:41.000Z,255.28648,255.79348,0
1974-01-28T06:24:00.000Z,255.29649,255.80349,0
1974-01-28T07:21:53.000Z,255.28648,255.79348,0
1974-01-28T08:19:55.000Z,255.32649,255.83349,0
1974-01-28T09:17:48.000Z,255.3365,255.8435,0
1974-01-28T10:15:50.000Z,255.3065,255.8135,0
1974-01-28T11:13:43.000Z,255.31648,255.82348,0
1974-01-28T11:28:12.000Z,255.35649,255.86349,0
1974-01-28T11:35:26.000Z,255.31648,255.82348,0
1974-01-28T12:33:28.000Z,255.31648,255.82348,0
1974-01-28T13:31:21.000Z,255.32649,255.83349,0
1974-01-28T14:29:23.000Z,255.3065,255.8135,0
1974-01-28T15:27:16.000Z,255.31648,255.82348,0
1974-01-28T16:25:18.000Z,255.31648,255.82348,0
1974-01-28T17:23:11.000Z,255.32649,255.83349,0
1974-01-28T18:21:13.000Z,255.28648,255.79348,0
1974-01-28T19:19:14.000Z,255.29649,255.80349,0
1974-01-28T19:48:11.000Z,255.28648,255.79348,0
1974-01-28T20:46:04.000Z,255.28648,255.79348,0
1974-01-28T21:44:06.000Z,255.29699,255.80299,0
1974-01-28T22:41:59.000Z,255.29649,255.80349,0
1974-01-28T23:25:33.000Z,255.29649,255.80349,0
1974-01-29T00:23:26.000Z,255.3365,255.8435,0
1974-01-29T01:21:28.000Z,255.3365,255.8435,0
1974-01-29T02:19:21.000Z,255.3065,255.8135,0
1974-01-29T03:17:23.000Z,255.29699,255.80299,0
1974-01-29T04:15:16.000Z,255.29649,255.80349,0
1974-01-29T05:13:18.000Z,255.29699,255.80299,0
1974-01-29T06:11:11.000Z,255.29699,255.80299,0
1974-01-29T07:09:13.000Z,255.29699,255.80299,0
1974-01-29T08:07:14.000Z,255.29699,255.80299,0
1974-01-29T09:05:08.000Z,255.29699,255.80299,0
1974-01-29T10:03:09.000Z,255.29699,255.80299,0
1974-01-29T10:24:52.000Z,255.29699,255.80299,0
1974-01-29T11:22:45.000Z,255.29699,255.80299,0
1974-01-29T12:20:47.000Z,255.29699,255.80299,0
1974-01-29T13:18:40.000Z,255.337,255.843,0
1974-01-29T13:33:09.000Z,255.26699,255.77299,0
1974-01-29T14:16:42.000Z,255.29699,255.80299,0
1974-01-29T15:05:35.000Z,255.337,255.843,0
1974-01-29T16:10:50.000Z,255.29699,255.80299,0
1974-01-29T17:08:44.000Z,255.307,255.813,0
1974-01-29T18:06:45.000Z,255.337,255.843,0
1974-01-29T19:04:39.000Z,255.307,255.813,0
1974-01-29T20:02:40.000Z,255.307,255.813,0
1974-01-29T21:00:34.000Z,255.307,255.813,0
1974-01-29T21:58:35.000Z,255.26699,255.77299,0
1974-01-29T22:56:29.000Z,255.307,255.813,0
1974-01-29T23:54:30.000Z,255.307,255.813,0
1974-01-30T00:52:24.000Z,255.307,255.813,0
1974-01-30T01:50:25.000Z,255.26699,255.77299,0
1974-01-30T02:48:19.000Z,255.3075,255.8125,0
1974-01-30T03:46:20.000Z,255.337,255.843,0
1974-01-30T04:44:14.000Z,255.3075,255.8125,0
1974-01-30T05:42:15.000Z,255.26749,255.77249,0
1974-01-30T06:40:17.000Z,255.29749,255.80249,0
1974-01-30T07:38:10.000Z,255.29699,255.80299,0
1974-01-30T08:36:12.000Z,255.26749,255.77249,0
1974-01-30T09:34:05.000Z,255.26749,255.77249,0
1974-01-30T10:32:07.000Z,255.3375,255.8425,0
1974-01-30T11:30:00.000Z,255.307,255.813,0
1974-01-30T12:28:02.000Z,255.3375,255.8425,0
1974-01-30T13:25:55.000Z,255.26749,255.77249,0
1974-01-30T14:09:29.000Z,255.3375,255.8425,0
1974-01-30T15:07:22.000Z,255.3375,255.8425,0
1974-01-30T16:05:24.000Z,255.337,255.843,0
1974-01-30T17:03:17.000Z,255.3375,255.8425,0
1974-01-30T18:01:19.000Z,255.3375,255.8425,0
1974-01-30T18:59:12.000Z,255.3375,255.8425,0
1974-01-30T19:57:14.000Z,255.3075,255.8125,0
1974-01-30T20:55:07.000Z,255.3375,255.8425,0
1974-01-30T21:53:09.000Z,255.3375,255.8425,0
1974-01-30T22:51:02.000Z,255.3075,255.8125,0
1974-01-30T23:49:04.000Z,255.3375,255.8425,0
1974-01-31T00:46:57.000Z,255.3075,255.8125,0
1974-01-31T01:44:59.000Z,255.29799,255.80199,0
1974-01-31T02:42:52.000Z,255.3375,255.8425,0
1974-01-31T03:40:54.000Z,255.3375,255.8425,0
1974-01-31T04:38:55.000Z,255.3375,255.8425,0
1974-01-31T05:36:49.000Z,255.3375,255.8425,0
1974-01-31T06:34:50.000Z,255.29799,255.80199,0
1974-01-31T07:32:44.000Z,255.3375,255.8425,0
1974-01-31T08:30:45.000Z,255.3375,255.8425,0
1974-01-31T09:28:39.000Z,255.3375,255.8425,0
1974-01-31T10:26:40.000Z,255.3375,255.8425,0
1974-01-31T11:24:34.000Z,255.3375,255.8425,0
1974-01-31T12:00:53.000Z,255.308,255.812,0
1974-01-31T12:58:46.000Z,255.3375,255.8425,0
1974-01-31T13:56:48.000Z,255.3375,255.8425,0
1974-01-31T14:11:16.000Z,255.3375,255.8425,0
1974-01-31T15:09:10.000Z,255.3375,255.8425,0
1974-01-31T16:07:11.000Z,255.3675,255.8725,0
1974-01-31T17:05:05.000Z,255.3375,255.8425,0
1974-01-31T18:03:06.000Z,255.3375,255.8425,0
1974-01-31T19:01:00.000Z,255.29799,255.80199,0
1974-01-31T19:59:01.000Z,255.29799,255.80199,0
1974-01-31T20:56:55.000Z,255.3675,255.8725,0
1974-01-31T21:54:56.000Z,255.29799,255.80199,0
1974-01-31T22:52:50.000Z,255.29799,255.80199,0
1974-01-31T23:50:51.000Z,255.368,255.872,0
1974-02-01T00:48:53.000Z,255.3375,255.8425,0
1974-02-01T01:46:46.000Z,255.338,255.842,0
1974-02-01T02:44:48.000Z,255.338,255.842,0
1974-02-01T02:59:16.000Z,255.29799,255.80199,0
1974-02-01T03:57:10.000Z,255.338,255.842,0
1974-02-01T04:55:11.000Z,255.338,255.842,0
1974-02-01T05:53:05.000Z,255.338,255.842,0
1974-02-01T06:51:06.000Z,255.3375,255.8425,0
1974-02-01T07:49:00.000Z,255.338,255.842,0
1974-02-01T08:47:01.000Z,255.338,255.842,0
1974-02-01T09:44:55.000Z,255.3375,255.8425,0
1974-02-01T10:42:56.000Z,255.3375,255.8425,0
1974-02-01T11:40:58.000Z,255.29799,255.80199,0
1974-02-01T12:38:51.000Z,255.338,255.842,0
1974-02-01T13:36:53.000Z,255.29799,255.80199,0
1974-02-01T14:34:46.000Z,255.338,255.842,0
1974-02-01T15:32:48.000Z,255.39799,255.90199,0
1974-02-01T16:30:41.000Z,255.29799,255.80199,0
1974-02-01T17:28:43.000Z,255.29799,255.80199,0
1974-02-01T18:26:36.000Z,255.368,255.872,0
1974-02-01T19:24:38.000Z,255.368,255.872,0
1974-02-01T20:22:31.000Z,255.338,255.842,0
1974-02-01T21:20:33.000Z,255.338,255.842,0
1974-02-01T22:18:26.000Z,255.338,255.842,0
1974-02-01T23:16:28.000Z,255.338,255.842,0
1974-02-02T00:14:21.000Z,255.29799,255.80199,0
1974-02-02T00:36:12.000Z,255.338,255.842,0
1974-02-02T01:19:37.000Z,255.338,255.842,0
1974-02-02T02:15:44.000Z,255.29799,255.80199,0
1974-02-02T02:59:17.000Z,255.338,255.842,0
1974-02-02T03:57:11.000Z,255.338,255.842,0
1974-02-02T04:55:12.000Z,255.338,255.842,0
1974-02-02T05:53:06.000Z,255.338,255.842,0
1974-02-02T06:51:07.000Z,255.338,255.842,0
1974-02-02T07:49:01.000Z,255.338,255.842,0
1974-02-02T08:47:02.000Z,255.338,255.842,0
1974-02-02T09:44:56.000Z,255.29799,255.80199,0
1974-02-02T10:42:57.000Z,255.338,255.842,0
1974-02-02T11:40:59.000Z,255.338,255.842,0
1974-02-02T12:38:52.000Z,255.338,255.842,0
1974-02-02T13:36:54.000Z,255.368,255.872,0
1974-02-02T14:34:47.000Z,255.338,255.842,0
1974-02-02T15:32:49.000Z,255.368,255.872,0
1974-02-02T16:30:42.000Z,255.338,255.842,0
1974-02-02T17:28:44.000Z,255.338,255.842,0
1974-02-02T18:26:37.000Z,255.338,255.842,0
1974-02-02T19:24:39.000Z,255.368,255.872,0
1974-02-02T20:22:32.000Z,255.29849,255.80149,0
1974-02-02T21:20:34.000Z,255.368,255.872,0
1974-02-02T22:18:27.000Z,255.338,255.842,0
1974-02-02T23:16:29.000Z,255.338,255.842,0
1974-02-03T00:14:30.000Z,255.3385,255.8415,0
1974-02-03T01:12:24.000Z,255.368,255.872,0
1974-02-03T02:10:25.000Z,255.3685,255.8715,0
1974-02-03T03:08:19.000Z,255.368,255.872,0
1974-02-03T04:06:20.000Z,255.3685,255.8715,0
1974-02-03T05:04:14.000Z,255.3385,255.8415,0
1974-02-03T06:02:15.000Z,255.3685,255.8715,0
1974-02-03T07:00:09.000Z,255.3685,255.8715,0
1974-02-03T07:58:11.000Z,255.368,255.872,0
1974-02-03T08:56:04.000Z,255.3685,255.8715,0
1974-02-03T09:54:06.000Z,255.29849,255.80149,0
1974-02-03T10:51:59.000Z,255.368,255.872,0
1974-02-03T11:28:18.000Z,255.32799,255.83199,0
1974-02-03T12:26:11.000Z,255.3685,255.8715,0
1974-02-03T13:24:13.000Z,255.39849,255.90149,0
1974-02-03T14:22:06.000Z,255.368,255.872,0
1974-02-03T15:20:08.000Z,255.3685,255.8715,0
1974-02-03T16:18:01.000Z,255.3685,255.8715,0
1974-02-03T17:16:03.000Z,255.32849,255.83149,0
1974-02-03T18:13:56.000Z,255.3685,255.8715,0
1974-02-03T19:11:58.000Z,255.29849,255.80149,0
1974-02-03T20:10:00.000Z,255.3385,255.8415,0
1974-02-03T21:07:53.000Z,255.3385,255.8415,0
1974-02-03T22:05:55.000Z,255.32849,255.83149,0
1974-02-03T23:03:48.000Z,255.3385,255.8415,0
1974-02-04T00:01:50.000Z,255.3685,255.8715,0
1974-02-04T00:59:43.000Z,255.32849,255.83149,0
1974-02-04T01:57:45.000Z,255.339,255.841,0
1974-02-04T02:55:38.000Z,255.3685,255.8715,0
1974-02-04T03:53:40.000Z,255.3685,255.8715,0
1974-02-04T04:51:33.000Z,255.26899,255.77099,0
1974-02-04T05:49:35.000Z,255.29849,255.80149,0
1974-02-04T06:47:28.000Z,255.369,255.871,0
1974-02-04T07:45:30.000Z,255.339,255.841,0
1974-02-04T08:43:31.000Z,255.368,255.872,0
1974-02-04T09:41:25.000Z,255.39849,255.90149,0
1974-02-04T10:39:26.000Z,255.3685,255.8715,0
1974-02-04T11:37:20.000Z,255.3685,255.8715,0
1974-02-04T12:35:21.000Z,255.3385,255.8415,0
1974-02-04T13:33:15.000Z,255.3385,255.8415,0
1974-02-04T14:31:16.000Z,255.3385,255.8415,0
1974-02-04T15:29:10.000Z,255.369,255.871,0
1974-02-04T16:19:57.000Z,255.369,255.871,0
1974-02-04T17:17:51.000Z,255.369,255.871,0
1974-02-04T18:15:52.000Z,255.3385,255.8415,0
1974-02-04T19:13:46.000Z,255.369,255.871,0
1974-02-04T20:11:47.000Z,255.32899,255.83099,0
1974-02-04T21:09:41.000Z,255.369,255.871,0
1974-02-04T22:00:28.000Z,255.3685,255.8715,0
1974-02-04T22:58:21.000Z,255.339,255.841,0
1974-02-04T23:56:23.000Z,255.3385,255.8415,0
1974-02-05T00:54:25.000Z,255.369,255.871,0
1974-02-05T01:52:18.000Z,255.369,255.871,0
1974-02-05T02:57:34.000Z,255.32899,255.83099,0
1974-02-05T03:55:27.000Z,255.29899,255.80099,0
1974-02-05T04:53:29.000Z,255.339,255.841,0
1974-02-05T05:51:22.000Z,255.339,255.841,0
1974-02-05T06:49:24.000Z,255.369,255.871,0
1974-02-05T07:47:17.000Z,255.369,255.871,0
1974-02-05T08:45:19.000Z,255.32899,255.83099,0
1974-02-05T09:43:12.000Z,255.339,255.841,0
1974-02-05T10:41:14.000Z,255.339,255.841,0
1974-02-05T11:39:15.000Z,255.339,255.841,0
1974-02-05T12:37:09.000Z,255.369,255.871,0
1974-02-05T13:35:10.000Z,255.369,255.871,0
1974-02-05T14:33:04.000Z,255.39899,255.90099,0
1974-02-05T15:31:05.000Z,255.39899,255.90099,0
1974-02-05T16:28:59.000Z,255.369,255.871,0
1974-02-05T17:12:32.000Z,255.369,255.871,0
1974-02-05T17:19:46.000Z,255.3695,255.8705,0
1974-02-05T17:41:29.000Z,255.339,255.841,0
1974-02-05T17:55:57.000Z,255.3695,255.8705,0
1974-02-05T18:10:25.000Z,255.339,255.841,0
1974-02-05T19:08:27.000Z,255.29899,255.80099,0
1974-02-05T20:06:20.000Z,255.39899,255.90099,0
1974-02-05T21:04:22.000Z,255.35949,255.86049,0
1974-02-05T22:02:15.000Z,255.3695,255.8705,0
1974-02-05T23:00:17.000Z,255.339,255.841,0
1974-02-05T23:58:11.000Z,255.339,255.841,0
1974-02-06T00:56:12.000Z,255.3695,255.8705,0
1974-02-06T01:54:06.000Z,255.3395,255.8405,0
1974-02-06T02:52:07.000Z,255.3395,255.8405,0
1974-02-06T03:50:01.000Z,255.3395,255.8405,0
1974-02-06T04:48:02.000Z,255.3395,255.8405,0
1974-02-06T05:46:04.000Z,255.3395,255.8405,0
1974-02-06T06:43:57.000Z,255.3395,255.8405,0
1974-02-06T07:41:59.000Z,255.369,255.871,0
1974-02-06T08:39:52.000Z,255.3695,255.8705,0
1974-02-06T09:37:54.000Z,255.3695,255.8705,0
1974-02-06T09:59:36.000Z,255.3395,255.8405,0
1974-02-06T10:21:19.000Z,255.3695,255.8705,0
1974-02-06T11:19:20.000Z,255.3395,255.8405,0
1974-02-06T12:17:14.000Z,255.3395,255.8405,0
1974-02-06T13:22:30.000Z,255.3695,255.8705,0
1974-02-06T14:20:15.000Z,255.3695,255.8705,0
1974-02-06T15:19:55.000Z,255.3695,255.8705,0
1974-02-06T16:17:40.000Z,255.3395,255.8405,0
1974-02-06T17:15:33.000Z,255.3695,255.8705,0
1974-02-06T18:13:19.000Z,255.3695,255.8705,0
1974-02-06T18:57:33.000Z,255.3695,255.8705,0
1974-02-06T19:48:20.000Z,255.3695,255.8705,0
1974-02-06T20:46:14.000Z,255.3695,255.8705,0
1974-02-06T21:44:15.000Z,255.3695,255.8705,0
1974-02-06T22:42:09.000Z,255.3695,255.8705,0
1974-02-06T23:40:10.000Z,255.3695,255.8705,0
1974-02-07T00:38:04.000Z,255.3695,255.8705,0
1974-02-07T01:36:05.000Z,255.3695,255.8705,0
1974-02-07T02:33:59.000Z,255.3695,255.8705,0
1974-02-07T03:32:00.000Z,255.3695,255.8705,0
1974-02-07T04:29:54.000Z,255.3695,255.8705,0
1974-02-07T05:27:55.000Z,255.3695,255.8705,0
1974-02-07T06:25:49.000Z,255.3395,255.8405,0
1974-02-07T07:23:50.000Z,255.3695,255.8705,0
1974-02-07T08:07:15.000Z,255.3695,255.8705,0
1974-02-07T08:14:38.000Z,255.32949,255.83049,0
1974-02-07T09:12:31.000Z,255.3695,255.8705,0
1974-02-07T10:10:33.000Z,255.32949,255.83049,0
1974-02-07T11:08:26.000Z,255.3695,255.8705,0
1974-02-07T11:37:23.000Z,255.3395,255.8405,0
1974-02-07T12:35:24.000Z,255.39949,255.90049,0
1974-02-07T13:33:18.000Z,255.3095,255.8105,0
1974-02-07T14:31:19.000Z,255.3695,255.8705,0
1974-02-07T15:29:21.000Z,255.3695,255.8705,0
1974-02-07T16:27:14.000Z,255.29949,255.80049,0
1974-02-07T17:25:16.000Z,255.3395,255.8405,0
1974-02-07T18:23:09.000Z,255.39949,255.90049,0
1974-02-07T19:21:11.000Z,255.32949,255.83049,0
1974-02-07T20:11:50.000Z,255.3695,255.8705,0
1974-02-07T21:09:52.000Z,255.3695,255.8705,0
1974-02-07T22:07:45.000Z,255.34,255.84,0
1974-02-07T23:05:47.000Z,255.3695,255.8705,0
1974-02-08T00:03:40.000Z,255.29999,255.79999,0
1974-02-08T01:01:42.000Z,255.3695,255.8705,0
1974-02-08T01:59:35.000Z,255.3695,255.8705,0
1974-02-08T02:57:37.000Z,255.37,255.87,0
1974-02-08T03:55:30.000Z,255.34,255.84,0
1974-02-08T04:53:32.000Z,255.34,255.84,0
1974-02-08T05:51:25.000Z,255.3395,255.8405,0
1974-02-08T06:42:13.000Z,255.29999,255.79999,0
1974-02-08T07:40:06.000Z,255.29999,255.79999,0
1974-02-08T08:30:54.000Z,255.37,255.87,0
1974-02-08T08:59:50.000Z,255.34,255.84,0
1974-02-08T09:36:09.000Z,255.29999,255.79999,0
1974-02-08T10:34:03.000Z,255.29949,255.80049,0
1974-02-08T11:32:04.000Z,255.34,255.84,0
1974-02-08T12:29:58.000Z,255.34,255.84,0
1974-02-08T13:27:59.000Z,255.34,255.84,0
1974-02-08T14:25:53.000Z,255.34,255.84,0
1974-02-08T15:38:23.000Z,255.29999,255.79999,0
1974-02-08T16:00:05.000Z,255.29999,255.79999,0
1974-02-08T16:58:07.000Z,255.29999,255.79999,0
1974-02-08T18:23:10.000Z,255.34,255.84,0
1974-02-08T19:21:12.000Z,255.34,255.84,0
1974-02-08T20:19:05.000Z,255.34,255.84,0
1974-02-08T21:17:07.000Z,255.34,255.84,0
1974-02-08T22:15:00.000Z,255.34,255.84,0
1974-02-08T23:13:02.000Z,255.34,255.84,0
1974-02-09T00:10:55.000Z,255.29999,255.79999,0
1974-02-09T01:08:57.000Z,255.29999,255.79999,0
1974-02-09T02:06:50.000Z,255.34,255.84,0
1974-02-09T02:57:38.000Z,255.34,255.84,0
1974-02-09T04:02:45.000Z,255.29999,255.79999,0
1974-02-09T05:00:47.000Z,255.34,255.84,0
1974-02-09T05:58:40.000Z,255.34,255.84,0
1974-02-09T06:56:42.000Z,255.34,255.84,0
1974-02-09T07:54:44.000Z,255.34,255.84,0
1974-02-09T08:52:37.000Z,255.29999,255.79999,0
1974-02-09T09:50:39.000Z,255.32999,255.82999,0
1974-02-09T10:48:32.000Z,255.34,255.84,0
1974-02-09T11:46:34.000Z,255.3405,255.8395,0
1974-02-09T12:44:27.000Z,255.34,255.84,0
1974-02-09T13:42:29.000Z,255.29999,255.79999,0
1974-02-09T14:40:22.000Z,255.3405,255.8395,0
1974-02-09T15:45:38.000Z,255.27049,255.76949,0
1974-02-09T16:43:31.000Z,255.3405,255.8395,0
1974-02-09T17:41:33.000Z,255.3405,255.8395,0
1974-02-09T18:39:26.000Z,255.3405,255.8395,0
1974-02-09T19:37:28.000Z,255.3405,255.8395,0
1974-02-09T20:35:21.000Z,255.3105,255.8095,0
1974-02-09T20:57:12.000Z,255.3405,255.8395,0
1974-02-09T21:55:05.000Z,255.3405,255.8395,0
1974-02-09T22:53:07.000Z,255.3705,255.8695,0
1974-02-09T23:51:00.000Z,255.3405,255.8395,0
1974-02-10T00:27:19.000Z,255.3105,255.8095,0
1974-02-10T01:25:13.000Z,255.3405,255.8395,0
1974-02-10T02:23:15.000Z,255.3105,255.8095,0
1974-02-10T03:21:08.000Z,255.3705,255.8695,0
1974-02-10T04:19:10.000Z,255.3705,255.8695,0
1974-02-10T05:17:03.000Z,255.33049,255.82949,0
1974-02-10T06:15:05.000Z,255.30049,255.79949,0
1974-02-10T06:29:33.000Z,255.3705,255.8695,0
1974-02-10T07:27:26.000Z,255.33049,255.82949,0
1974-02-10T08:18:14.000Z,255.33049,255.82949,0
1974-02-10T08:47:10.000Z,255.33049,255.82949,0
1974-02-10T09:16:07.000Z,255.30049,255.79949,0
1974-02-10T09:30:44.000Z,255.33049,255.82949,0
1974-02-10T11:41:07.000Z,255.33049,255.82949,0
1974-02-10T11:55:35.000Z,255.3105,255.8095,0
1974-02-10T12:10:04.000Z,255.30049,255.79949,0
1974-02-10T13:07:57.000Z,255.30049,255.79949,0
1974-02-10T14:05:59.000Z,255.3705,255.8695,0
1974-02-10T15:04:00.000Z,255.3705,255.8695,0
1974-02-10T16:01:54.000Z,255.3405,255.8395,0
1974-02-10T16:59:55.000Z,255.3705,255.8695,0
1974-02-10T17:57:49.000Z,255.3705,255.8695,0
1974-02-10T18:55:50.000Z,255.26098,255.75898,0
1974-02-10T19:53:44.000Z,255.33049,255.82949,0
1974-02-10T20:51:45.000Z,255.3705,255.8695,0
1974-02-10T21:49:39.000Z,255.33049,255.82949,0
1974-02-10T22:47:40.000Z,255.29048,255.78948,0
1974-02-10T23:45:34.000Z,255.29048,255.78948,0
1974-02-11T00:43:35.000Z,255.3705,255.8695,0
1974-02-11T01:41:29.000Z,255.29048,255.78948,0
1974-02-11T02:39:30.000Z,255.29098,255.78898,0
1974-02-11T03:37:24.000Z,255.32048,255.81948,0
1974-02-11T04:35:25.000Z,255.32098,255.81898,0
1974-02-11T05:33:19.000Z,255.32048,255.81948,0
1974-02-11T06:31:20.000Z,255.32048,255.81948,0
1974-02-11T07:29:14.000Z,255.311,255.809,0
1974-02-11T08:27:15.000Z,255.3105,255.8095,0
1974-02-11T09:25:17.000Z,255.311,255.809,0
1974-02-11T10:23:10.000Z,255.311,255.809,0
1974-02-11T10:52:07.000Z,255.341,255.839,0
1974-02-11T11:50:09.000Z,255.341,255.839,0
1974-02-11T12:33:34.000Z,255.30099,255.79899,0
1974-02-11T13:31:35.000Z,255.30049,255.79949,0
1974-02-11T14:29:29.000Z,255.33099,255.82899,0
1974-02-11T15:27:30.000Z,255.29098,255.78898,0
1974-02-11T16:39:03.000Z,255.33099,255.82899,0
1974-02-11T17:36:56.000Z,255.29098,255.78898,0
1974-02-11T18:34:58.000Z,255.33099,255.82899,0
1974-02-11T19:32:43.000Z,255.35048,255.84948,0
1974-02-11T20:30:28.000Z,255.29048,255.78948,0
1974-02-11T20:52:03.000Z,255.311,255.809,0
1974-02-11T21:07:04.000Z,255.30099,255.79899,0
1974-02-11T22:05:05.000Z,255.311,255.809,0
1974-02-11T23:02:59.000Z,255.30099,255.79899,0
1974-02-12T00:01:00.000Z,255.33099,255.82899,0
1974-02-12T00:58:54.000Z,255.36049,255.85949,0
1974-02-12T01:56:55.000Z,255.341,255.839,0
1974-02-12T02:54:49.000Z,255.311,255.809,0
1974-02-12T03:52:51.000Z,255.341,255.839,0
1974-02-12T05:19:49.000Z,255.32098,255.81898,0
1974-02-12T06:17:42.000Z,255.30099,255.79899,0
1974-02-12T07:15:44.000Z,255.32098,255.81898,0
1974-02-12T08:06:23.000Z,255.32098,255.81898,0
1974-02-12T09:04:25.000Z,255.32098,255.81898,0
1974-02-12T10:02:18.000Z,255.32098,255.81898,0
1974-02-12T11:00:20.000Z,255.29098,255.78898,0
1974-02-12T11:58:13.000Z,255.32098,255.81898,0
1974-02-12T12:56:15.000Z,255.32098,255.81898,0
1974-02-12T13:54:08.000Z,255.35098,255.84898,0
1974-02-12T14:52:10.000Z,255.35098,255.84898,0
1974-02-12T15:35:35.000Z,255.311,255.809,0
1974-02-12T16:26:22.000Z,255.35098,255.84898,0
1974-02-12T17:24:16.000Z,255.35098,255.84898,0
1974-02-12T18:15:03.000Z,255.311,255.809,0
1974-02-12T19:05:42.000Z,255.35098,255.84898,0
1974-02-12T20:03:44.000Z,255.341,255.839,0
1974-02-12T21:01:37.000Z,255.35098,255.84898,0
1974-02-12T21:59:39.000Z,255.311,255.809,0
1974-02-12T22:57:32.000Z,255.341,255.839,0
1974-02-12T23:55:34.000Z,255.311,255.809,0
1974-02-13T00:53:27.000Z,255.30099,255.79899,0
1974-02-13T01:51:29.000Z,255.311,255.809,0
1974-02-13T02:42:08.000Z,255.341,255.839,0
1974-02-13T02:56:36.000Z,255.371,255.869,0
1974-02-13T03:54:38.000Z,255.371,255.869,0
1974-02-13T04:52:40.000Z,255.30099,255.79899,0
1974-02-13T05:50:33.000Z,255.371,255.869,0
1974-02-13T06:48:35.000Z,255.33099,255.82899,0
1974-02-13T07:46:28.000Z,255.371,255.869,0
1974-02-13T08:44:30.000Z,255.33099,255.82899,0
1974-02-13T09:06:12.000Z,255.33099,255.82899,0
1974-02-13T10:04:06.000Z,255.29098,255.78898,0
1974-02-13T11:02:07.000Z,255.33099,255.82899,0
1974-02-13T12:00:01.000Z,255.32098,255.81898,0
1974-02-13T12:58:02.000Z,255.33099,255.82899,0
1974-02-13T13:55:56.000Z,255.40099,255.89899,0
1974-02-13T15:28:22.000Z,255.36099,255.85899,0
1974-02-13T16:26:23.000Z,255.29148,255.78848,0
1974-02-13T17:24:17.000Z,255.29098,255.78898,0
1974-02-13T18:22:18.000Z,255.29098,255.78898,0
1974-02-13T19:20:12.000Z,255.32148,255.81848,0
1974-02-13T20:18:13.000Z,255.29148,255.78848,0
1974-02-13T21:16:07.000Z,255.35098,255.84898,0
1974-02-13T22:14:08.000Z,255.32098,255.81898,0
1974-02-13T23:12:02.000Z,255.32098,255.81898,0
1974-02-14T00:09:47.000Z,255.32098,255.81898,0
1974-02-14T00:17:01.000Z,255.311,255.809,0
1974-02-14T00:24:32.000Z,255.35098,255.84898,0
1974-02-14T01:22:25.000Z,255.32148,255.81848,0
1974-02-14T02:20:27.000Z,255.35148,255.84848,0
1974-02-14T03:11:06.000Z,255.35148,255.84848,0
1974-02-14T04:09:07.000Z,255.35148,255.84848,0
1974-02-14T05:07:01.000Z,255.3115,255.8085,0
1974-02-14T06:05:02.000Z,255.35148,255.84848,0
1974-02-14T07:02:56.000Z,255.3115,255.8085,0
1974-02-14T08:00:57.000Z,255.3115,255.8085,0
1974-02-14T08:58:59.000Z,255.3115,255.8085,0
1974-02-14T09:56:52.000Z,255.3115,255.8085,0
1974-02-14T10:04:07.000Z,255.3115,255.8085,0
1974-02-14T10:25:49.000Z,255.3115,255.8085,0
1974-02-14T11:23:51.000Z,255.3115,255.8085,0
1974-02-14T12:21:44.000Z,255.35148,255.84848,0
1974-02-14T13:12:32.000Z,255.3115,255.8085,0
1974-02-14T13:34:14.000Z,255.35148,255.84848,0
1974-02-14T14:32:16.000Z,255.35098,255.84898,0
1974-02-14T15:30:09.000Z,255.3115,255.8085,0
1974-02-14T16:28:11.000Z,255.3415,255.8385,0
1974-02-14T17:26:04.000Z,255.2815,255.7785,0
1974-02-14T18:31:20.000Z,255.3415,255.8385,0
1974-02-14T19:29:13.000Z,255.3115,255.8085,0
1974-02-14T20:27:15.000Z,255.3415,255.8385,0
1974-02-14T21:25:08.000Z,255.312,255.808,0
1974-02-14T22:23:10.000Z,255.3415,255.8385,0
1974-02-14T23:21:03.000Z,255.3415,255.8385,0
1974-02-15T00:19:05.000Z,255.3415,255.8385,0
1974-02-15T01:16:58.000Z,255.3415,255.8385,0
1974-02-15T02:15:00.000Z,255.3415,255.8385,0
1974-02-15T03:12:53.000Z,255.3115,255.8085,0
1974-02-15T04:10:55.000Z,255.3415,255.8385,0
1974-02-15T05:08:48.000Z,255.3415,255.8385,0
1974-02-15T06:06:50.000Z,255.342,255.838,0
1974-02-15T07:04:52.000Z,255.372,255.868,0
1974-02-15T08:02:45.000Z,255.342,255.838,0
1974-02-15T09:00:47.000Z,255.3415,255.8385,0
1974-02-15T09:58:40.000Z,255.342,255.838,0
1974-02-15T10:56:42.000Z,255.342,255.838,0
1974-02-15T11:54:35.000Z,255.342,255.838,0
1974-02-15T12:52:37.000Z,255.342,255.838,0
1974-02-15T13:50:30.000Z,255.342,255.838,0
1974-02-15T15:20:12.000Z,255.30199,255.79799,0
1974-02-15T16:18:06.000Z,255.30199,255.79799,0
1974-02-15T17:16:07.000Z,255.30199,255.79799,0
1974-02-15T18:14:01.000Z,255.3415,255.8385,0
1974-02-15T19:12:02.000Z,255.3715,255.8685,0
1974-02-15T20:09:56.000Z,255.30199,255.79799,0
1974-02-15T21:07:57.000Z,255.30199,255.79799,0
1974-02-15T22:05:59.000Z,255.30199,255.79799,0
1974-02-15T23:03:52.000Z,255.372,255.868,0
1974-02-16T00:01:54.000Z,255.342,255.838,0
1974-02-16T00:59:47.000Z,255.372,255.868,0
1974-02-16T01:57:49.000Z,255.342,255.838,0
1974-02-16T02:55:42.000Z,255.30199,255.79799,0
1974-02-16T03:53:44.000Z,255.30199,255.79799,0
1974-02-16T04:08:12.000Z,255.33199,255.82799,0
1974-02-16T05:06:06.000Z,255.372,255.868,0
1974-02-16T06:04:07.000Z,255.33199,255.82799,0
1974-02-16T07:02:01.000Z,255.30199,255.79799,0
1974-02-16T08:00:02.000Z,255.33199,255.82799,0
1974-02-16T08:57:56.000Z,255.36199,255.85799,0
1974-02-16T09:55:57.000Z,255.33199,255.82799,0
1974-02-16T10:53:51.000Z,255.33199,255.82799,0
1974-02-16T12:06:20.000Z,255.33199,255.82799,0
1974-02-16T13:04:22.000Z,255.36199,255.85799,0
1974-02-16T14:02:15.000Z,255.30199,255.79799,0
1974-02-16T15:00:17.000Z,255.33199,255.82799,0
1974-02-16T15:58:11.000Z,255.33199,255.82799,0
1974-02-16T16:56:12.000Z,255.29198,255.78798,0
1974-02-16T17:54:06.000Z,255.36199,255.85799,0
1974-02-16T18:52:07.000Z,255.33199,255.82799,0
1974-02-16T19:50:01.000Z,255.33199,255.82799,0
1974-02-16T20:48:02.000Z,255.33199,255.82799,0
1974-02-16T21:45:56.000Z,255.33199,255.82799,0
1974-02-16T22:36:43.000Z,255.372,255.868,0
1974-02-16T23:34:36.000Z,255.33249,255.82749,0
1974-02-17T00:32:38.000Z,255.40199,255.89799,0
1974-02-17T01:30:31.000Z,255.36199,255.85799,0
1974-02-17T02:28:33.000Z,255.33199,255.82799,0
1974-02-17T02:57:30.000Z,255.36199,255.85799,0
1974-02-17T05:51:26.000Z,255.33249,255.82749,0
1974-02-17T06:49:20.000Z,255.33249,255.82749,0
1974-02-17T07:47:21.000Z,255.36249,255.85749,0
1974-02-17T08:45:15.000Z,255.36249,255.85749,0
1974-02-17T09:43:16.000Z,255.29248,255.78748,0
1974-02-17T10:41:10.000Z,255.36249,255.85749,0
1974-02-17T11:39:11.000Z,255.36249,255.85749,0
1974-02-17T12:37:05.000Z,255.36249,255.85749,0
1974-02-17T13:35:06.000Z,255.36249,255.85749,0
1974-02-17T13:49:35.000Z,255.33249,255.82749,0
1974-02-17T14:47:36.000Z,255.32248,255.81748,0
1974-02-17T15:23:47.000Z,255.32248,255.81748,0
1974-02-17T16:21:41.000Z,255.32248,255.81748,0
1974-02-17T17:19:42.000Z,255.36249,255.85749,0
1974-02-17T18:17:44.000Z,255.36249,255.85749,0
1974-02-17T19:15:37.000Z,255.32248,255.81748,0
1974-02-17T20:13:39.000Z,255.36249,255.85749,0
1974-02-17T21:11:32.000Z,255.36249,255.85749,0
1974-02-17T22:09:34.000Z,255.29248,255.78748,0
1974-02-17T23:07:27.000Z,255.32248,255.81748,0
1974-02-18T00:05:29.000Z,255.32248,255.81748,0
1974-02-18T01:03:22.000Z,255.32248,255.81748,0
1974-02-18T02:01:24.000Z,255.32248,255.81748,0
1974-02-18T02:59:17.000Z,255.32248,255.81748,0
1974-02-18T03:57:19.000Z,255.32248,255.81748,0
1974-02-18T04:55:12.000Z,255.32248,255.81748,0
1974-02-18T05:53:14.000Z,255.32248,255.81748,0
1974-02-18T06:51:07.000Z,255.32248,255.81748,0
1974-02-18T07:49:09.000Z,255.32248,255.81748,0
1974-02-18T08:47:02.000Z,255.32298,255.81698,0
1974-02-18T09:45:04.000Z,255.32248,255.81748,0
1974-02-18T10:42:57.000Z,255.3125,255.8075,0
1974-02-18T11:40:59.000Z,255.36249,255.85749,0
1974-02-18T12:38:52.000Z,255.35248,255.84748,0
1974-02-18T13:36:54.000Z,255.32248,255.81748,0
1974-02-18T14:24:00.000Z,255.2825,255.7775,0
1974-02-18T15:07:25.000Z,255.313,255.807,0
1974-02-18T16:05:27.000Z,255.32248,255.81748,0
1974-02-18T17:03:20.000Z,255.32248,255.81748,0
1974-02-18T18:01:22.000Z,255.283,255.777,0
1974-02-18T18:59:15.000Z,255.35248,255.84748,0
1974-02-18T19:57:17.000Z,255.32298,255.81698,0
1974-02-18T20:55:10.000Z,255.32298,255.81698,0
1974-02-18T21:53:12.000Z,255.283,255.777,0
1974-02-18T22:51:05.000Z,255.32248,255.81748,0
1974-02-18T23:49:07.000Z,255.283,255.777,0
1974-02-19T00:47:08.000Z,255.32248,255.81748,0
1974-02-19T01:45:02.000Z,255.283,255.777,0
1974-02-19T02:43:03.000Z,255.283,255.777,0
1974-02-19T03:40:57.000Z,255.3125,255.8075,0
1974-02-19T04:38:58.000Z,255.313,255.807,0
1974-02-19T05:36:52.000Z,255.35248,255.84748,0
1974-02-19T06:34:53.000Z,255.313,255.807,0
1974-02-19T07:25:33.000Z,255.32298,255.81698,0
1974-02-19T08:23:34.000Z,255.313,255.807,0
1974-02-19T09:21:28.000Z,255.35298,255.84698,0
1974-02-19T10:19:29.000Z,255.35298,255.84698,0
1974-02-19T11:17:23.000Z,255.35298,255.84698,0
1974-02-19T12:15:24.000Z,255.283,255.777,0
1974-02-19T13:13:18.000Z,255.313,255.807,0
1974-02-19T14:11:19.000Z,255.35298,255.84698,0
1974-02-19T15:09:13.000Z,255.35298,255.84698,0
1974-02-19T16:07:14.000Z,255.313,255.807,0
1974-02-19T17:05:08.000Z,255.313,255.807,0
1974-02-19T18:03:09.000Z,255.35298,255.84698,0
1974-02-19T19:01:03.000Z,255.313,255.807,0
1974-02-19T19:59:04.000Z,255.35298,255.84698,0
1974-02-19T20:56:58.000Z,255.35298,255.84698,0
1974-02-19T21:54:59.000Z,255.343,255.837,0
1974-02-19T22:53:01.000Z,255.343,255.837,0
1974-02-19T23:50:54.000Z,255.313,255.807,0
1974-02-20T00:48:56.000Z,255.3135,255.8065,0
1974-02-20T01:46:49.000Z,255.35298,255.84698,0
1974-02-20T02:44:51.000Z,255.38297,255.87697,0
1974-02-20T03:42:44.000Z,255.313,255.807,0
1974-02-20T04:40:46.000Z,255.35298,255.84698,0
1974-02-20T05:38:39.000Z,255.30299,255.79699,0
1974-02-20T06:36:41.000Z,255.3135,255.8065,0
1974-02-20T07:34:34.000Z,255.343,255.837,0
1974-02-20T08:32:36.000Z,255.343,255.837,0
1974-02-20T09:30:29.000Z,255.38297,255.87697,0
1974-02-20T10:28:31.000Z,255.3435,255.8365,0
1974-02-20T11:26:24.000Z,255.35298,255.84698,0
1974-02-20T12:24:26.000Z,255.313,255.807,0
1974-02-20T13:22:19.000Z,255.283,255.777,0
1974-02-20T14:20:21.000Z,255.30349,255.79649,0
1974-02-20T15:19:12.000Z,255.3135,255.8065,0
1974-02-20T16:17:13.000Z,255.3135,255.8065,0
1974-02-20T17:15:07.000Z,255.343,255.837,0
1974-02-20T18:13:08.000Z,255.343,255.837,0
1974-02-20T19:11:02.000Z,255.30299,255.79699,0
1974-02-20T20:09:03.000Z,255.3135,255.8065,0
1974-02-20T21:06:57.000Z,255.3435,255.8365,0
1974-02-20T22:04:58.000Z,255.3435,255.8365,0
1974-02-20T23:02:52.000Z,255.3435,255.8365,0
1974-02-21T00:00:53.000Z,255.3435,255.8365,0
1974-02-21T00:58:47.000Z,255.3435,255.8365,0
1974-02-21T01:56:48.000Z,255.3135,255.8065,0
1974-02-21T02:54:42.000Z,255.3435,255.8365,0
1974-02-21T03:52:43.000Z,255.3435,255.8365,0
1974-02-21T04:50:37.000Z,255.3735,255.8665,0
1974-02-21T05:48:38.000Z,255.3435,255.8365,0
1974-02-21T06:46:32.000Z,255.3435,255.8365,0
1974-02-21T07:44:33.000Z,255.30349,255.79649,0
1974-02-21T08:42:27.000Z,255.3435,255.8365,0
1974-02-21T09:40:28.000Z,255.3135,255.8065,0
1974-02-21T10:38:30.000Z,255.30349,255.79649,0
1974-02-21T11:36:23.000Z,255.3435,255.8365,0
1974-02-21T12:34:25.000Z,255.3435,255.8365,0
1974-02-21T12:48:53.000Z,255.33349,255.82649,0
1974-02-21T13:46:47.000Z,255.30349,255.79649,0
1974-02-21T14:44:48.000Z,255.3735,255.8665,0
1974-02-21T15:42:42.000Z,255.3435,255.8365,0
1974-02-21T16:40:43.000Z,255.30349,255.79649,0
1974-02-21T17:38:37.000Z,255.3435,255.8365,0
1974-02-21T17:53:05.000Z,255.3435,255.8365,0
1974-02-21T18:51:07.000Z,255.30349,255.79649,0
1974-02-21T19:49:08.000Z,255.3435,255.8365,0
1974-02-21T20:47:02.000Z,255.3435,255.8365,0
1974-02-21T21:45:03.000Z,255.30349,255.79649,0
1974-02-21T22:42:57.000Z,255.30349,255.79649,0
1974-02-21T23:40:58.000Z,255.3435,255.8365,0
1974-02-22T00:38:52.000Z,255.3435,255.8365,0
1974-02-22T01:36:53.000Z,255.3435,255.8365,0
1974-02-22T02:34:47.000Z,255.3735,255.8665,0
1974-02-22T03:32:48.000Z,255.3435,255.8365,0
1974-02-22T04:30:42.000Z,255.30349,255.79649,0
1974-02-22T05:28:43.000Z,255.33349,255.82649,0
1974-02-22T06:19:23.000Z,255.3735,255.8665,0
1974-02-22T07:17:24.000Z,255.30349,255.79649,0
1974-02-22T08:15:18.000Z,255.3735,255.8665,0
1974-02-22T09:13:19.000Z,255.3735,255.8665,0
1974-02-22T10:11:13.000Z,255.3735,255.8665,0
1974-02-22T11:09:14.000Z,255.3735,255.8665,0
1974-02-22T12:07:08.000Z,255.344,255.836,0
1974-02-22T13:05:09.000Z,255.344,255.836,0
1974-02-22T14:03:03.000Z,255.30399,255.79599,0
1974-02-22T15:27:17.000Z,255.3735,255.8665,0
1974-02-22T16:25:19.000Z,255.30349,255.79649,0
1974-02-22T17:23:12.000Z,255.33399,255.82599,0
1974-02-22T18:21:14.000Z,255.30349,255.79649,0
1974-02-22T19:19:07.000Z,255.30399,255.79599,0
1974-02-22T20:17:09.000Z,255.344,255.836,0
1974-02-22T21:15:02.000Z,255.30399,255.79599,0
1974-02-22T22:13:04.000Z,255.374,255.866,0
1974-02-22T23:10:57.000Z,255.374,255.866,0
1974-02-23T00:08:59.000Z,255.33399,255.82599,0
1974-02-23T01:07:00.000Z,255.344,255.836,0
1974-02-23T02:04:54.000Z,255.30399,255.79599,0
1974-02-23T02:55:41.000Z,255.33399,255.82599,0
1974-02-23T03:53:35.000Z,255.36399,255.85599,0
1974-02-23T04:51:36.000Z,255.374,255.866,0
1974-02-23T05:49:30.000Z,255.33399,255.82599,0
1974-02-23T06:47:31.000Z,255.33399,255.82599,0
1974-02-23T07:45:25.000Z,255.33399,255.82599,0
1974-02-23T08:43:26.000Z,255.33399,255.82599,0
1974-02-23T09:41:20.000Z,255.33399,255.82599,0
1974-02-23T10:39:21.000Z,255.33399,255.82599,0
1974-02-23T11:37:15.000Z,255.33399,255.82599,0
1974-02-23T12:35:16.000Z,255.33399,255.82599,0
1974-02-23T13:33:10.000Z,255.33399,255.82599,0
1974-02-23T14:31:11.000Z,255.36399,255.85599,0
1974-02-23T15:29:05.000Z,255.30399,255.79599,0
1974-02-23T16:27:06.000Z,255.33399,255.82599,0
1974-02-23T17:25:00.000Z,255.30399,255.79599,0
1974-02-23T18:15:47.000Z,255.33399,255.82599,0
1974-02-23T19:13:40.000Z,255.374,255.866,0
1974-02-23T19:42:45.000Z,255.33399,255.82599,0
1974-02-23T20:40:39.000Z,255.33399,255.82599,0
1974-02-23T21:38:40.000Z,255.33399,255.82599,0
1974-02-23T22:36:34.000Z,255.30399,255.79599,0
1974-02-23T23:34:35.000Z,255.33399,255.82599,0
1974-02-24T00:32:29.000Z,255.30399,255.79599,0
1974-02-24T01:30:30.000Z,255.33399,255.82599,0
1974-02-24T02:28:24.000Z,255.30399,255.79599,0
1974-02-24T03:26:25.000Z,255.33399,255.82599,0
1974-02-24T04:24:19.000Z,255.33399,255.82599,0
1974-02-24T05:22:20.000Z,255.33399,255.82599,0
1974-02-24T06:20:14.000Z,255.33399,255.82599,0
1974-02-24T07:18:15.000Z,255.33399,255.82599,0
1974-02-24T08:16:09.000Z,255.33449,255.82549,0
1974-02-24T09:14:10.000Z,255.30399,255.79599,0
1974-02-24T10:12:04.000Z,255.36399,255.85599,0
1974-02-24T11:10:05.000Z,255.374,255.866,0
1974-02-24T12:08:07.000Z,255.374,255.866,0
1974-02-24T13:06:00.000Z,255.30449,255.79549,0
1974-02-24T14:04:02.000Z,255.33449,255.82549,0
1974-02-24T15:01:55.000Z,255.33449,255.82549,0
1974-02-24T15:59:57.000Z,255.30449,255.79549,0
1974-02-24T16:57:50.000Z,255.30449,255.79549,0
1974-02-24T17:55:52.000Z,255.30449,255.79549,0
1974-02-24T18:53:45.000Z,255.30449,255.79549,0
1974-02-24T19:51:47.000Z,255.33449,255.82549,0
1974-02-24T20:49:40.000Z,255.30449,255.79549,0
1974-02-24T21:47:42.000Z,255.33449,255.82549,0
1974-02-24T22:45:35.000Z,255.39448,255.88548,0
1974-02-24T23:43:37.000Z,255.30449,255.79549,0
1974-02-25T00:41:30.000Z,255.30449,255.79549,0
1974-02-25T01:39:32.000Z,255.33449,255.82549,0
1974-02-25T02:37:25.000Z,255.33449,255.82549,0
1974-02-25T02:59:16.000Z,255.33449,255.82549,0
1974-02-25T03:57:10.000Z,255.30449,255.79549,0
1974-02-25T04:55:11.000Z,255.33449,255.82549,0
1974-02-25T05:53:05.000Z,255.33449,255.82549,0
1974-02-25T06:51:06.000Z,255.30449,255.79549,0
1974-02-25T07:49:00.000Z,255.30449,255.79549,0
1974-02-25T08:47:01.000Z,255.33449,255.82549,0
1974-02-25T09:44:55.000Z,255.33449,255.82549,0
1974-02-25T10:42:56.000Z,255.33449,255.82549,0
1974-02-25T11:40:50.000Z,255.33449,255.82549,0
1974-02-25T12:38:51.000Z,255.36449,255.85549,0
1974-02-25T13:36:45.000Z,255.33449,255.82549,0
1974-02-25T15:04:40.000Z,255.33499,255.82499,0
1974-02-25T16:02:34.000Z,255.33499,255.82499,0
1974-02-25T17:00:35.000Z,255.33499,255.82499,0
1974-02-25T17:58:29.000Z,255.30449,255.79549,0
1974-02-25T18:56:30.000Z,255.30449,255.79549,0
1974-02-25T19:54:24.000Z,255.33449,255.82549,0
1974-02-25T20:37:57.000Z,255.30499,255.79499,0
1974-02-25T21:35:50.000Z,255.30499,255.79499,0
1974-02-25T22:33:52.000Z,255.33449,255.82549,0
1974-02-25T23:31:45.000Z,255.33449,255.82549,0
1974-02-26T00:29:47.000Z,255.30449,255.79549,0
1974-02-26T01:27:40.000Z,255.30499,255.79499,0
1974-02-26T02:25:42.000Z,255.30499,255.79499,0
1974-02-26T03:23:35.000Z,255.30499,255.79499,0
1974-02-26T04:21:37.000Z,255.33449,255.82549,0
1974-02-26T05:19:30.000Z,255.36499,255.85499,0
1974-02-26T06:17:32.000Z,255.33499,255.82499,0
1974-02-26T07:15:34.000Z,255.33499,255.82499,0
1974-02-26T08:13:27.000Z,255.30449,255.79549,0
1974-02-26T09:11:29.000Z,255.33499,255.82499,0
1974-02-26T10:09:22.000Z,255.33499,255.82499,0
1974-02-26T11:07:24.000Z,255.33499,255.82499,0
1974-02-26T12:05:17.000Z,255.33499,255.82499,0
1974-02-26T13:03:19.000Z,255.33499,255.82499,0
1974-02-26T14:01:12.000Z,255.36499,255.85499,0
1974-02-26T14:59:14.000Z,255.33499,255.82499,0
1974-02-26T15:57:07.000Z,255.30499,255.79499,0
1974-02-26T16:55:09.000Z,255.345,255.835,0
1974-02-26T17:53:02.000Z,255.32498,255.81498,0
1974-02-26T18:51:04.000Z,255.345,255.835,0
1974-02-26T19:48:57.000Z,255.32498,255.81498,0
1974-02-26T20:10:48.000Z,255.30499,255.79499,0
1974-02-26T21:08:41.000Z,255.32498,255.81498,0
1974-02-26T22:06:43.000Z,255.36499,255.85499,0
1974-02-26T23:04:36.000Z,255.38497,255.87497,0
1974-02-27T00:02:38.000Z,255.35498,255.84498,0
1974-02-27T01:00:31.000Z,255.35498,255.84498,0
1974-02-27T01:58:33.000Z,255.32548,255.81448,0
1974-02-27T02:56:26.000Z,255.33499,255.82499,0
1974-02-27T03:54:28.000Z,255.35498,255.84498,0
1974-02-27T04:52:21.000Z,255.36499,255.85499,0
1974-02-27T05:50:23.000Z,255.285,255.775,0
1974-02-27T06:48:16.000Z,255.285,255.775,0
1974-02-27T07:46:18.000Z,255.32498,255.81498,0
1974-02-27T08:44:11.000Z,255.345,255.835,0
1974-02-27T09:42:13.000Z,255.36499,255.85499,0
1974-02-27T10:40:06.000Z,255.33499,255.82499,0
1974-02-27T11:38:08.000Z,255.33499,255.82499,0
1974-02-27T12:36:01.000Z,255.375,255.865,0
1974-02-27T13:34:03.000Z,255.33499,255.82499,0
1974-02-27T14:31:56.000Z,255.375,255.865,0
1974-02-27T15:52:38.000Z,255.3755,255.8645,0
1974-02-27T16:50:31.000Z,255.33549,255.82449,0
1974-02-27T17:48:33.000Z,255.3755,255.8645,0
1974-02-27T18:46:26.000Z,255.345,255.835,0
1974-02-27T19:44:28.000Z,255.3755,255.8645,0
1974-02-27T20:42:21.000Z,255.3155,255.8045,0
1974-02-27T21:40:23.000Z,255.3455,255.8345,0
1974-02-27T22:38:24.000Z,255.3755,255.8645,0
1974-02-27T23:36:18.000Z,255.3455,255.8345,0
1974-02-28T00:34:19.000Z,255.3755,255.8645,0
1974-02-28T01:32:13.000Z,255.3755,255.8645,0
1974-02-28T02:30:14.000Z,255.3455,255.8345,0
1974-02-28T03:28:08.000Z,255.33549,255.82449,0
1974-02-28T04:26:09.000Z,255.3455,255.8345,0
1974-02-28T05:24:03.000Z,255.3455,255.8345,0
1974-02-28T06:22:04.000Z,255.3455,255.8345,0
1974-02-28T07:19:58.000Z,255.3455,255.8345,0
1974-02-28T08:17:59.000Z,255.3455,255.8345,0
1974-02-28T09:15:53.000Z,255.3455,255.8345,0
1974-02-28T10:13:54.000Z,255.3455,255.8345,0
1974-02-28T11:11:48.000Z,255.3455,255.8345,0
1974-02-28T12:09:49.000Z,255.3455,255.8345,0
1974-02-28T13:07:43.000Z,255.3455,255.8345,0
1974-02-28T14:05:44.000Z,255.3455,255.8345,0
1974-02-28T15:03:38.000Z,255.3455,255.8345,0
1974-02-28T16:01:39.000Z,255.316,255.804,0
1974-02-28T16:59:41.000Z,255.346,255.834,0
1974-02-28T17:57:34.000Z,255.3755,255.8645,0
1974-02-28T18:55:36.000Z,255.3755,255.8645,0
1974-02-28T19:53:29.000Z,255.346,255.834,0
1974-02-28T20:51:31.000Z,255.346,255.834,0
1974-02-28T21:49:24.000Z,255.346,255.834,0
1974-02-28T22:47:26.000Z,255.346,255.834,0
1974-02-28T23:45:19.000Z,255.3455,255.8345,0
1974-03-01T00:43:21.000Z,255.346,255.834,0
1974-03-01T01:41:14.000Z,255.346,255.834,0
1974-03-01T02:53:44.000Z,255.346,255.834,0
1974-03-01T03:51:38.000Z,255.346,255.834,0
1974-03-01T04:49:39.000Z,255.376,255.864,0
1974-03-01T05:47:33.000Z,255.346,255.834,0
1974-03-01T06:45:34.000Z,255.346,255.834,0
1974-03-01T07:43:36.000Z,255.346,255.834,0
1974-03-01T08:41:29.000Z,255.346,255.834,0
1974-03-01T09:39:31.000Z,255.346,255.834,0
1974-03-01T10:37:24.000Z,255.30599,255.79399,0
1974-03-01T11:35:26.000Z,255.30599,255.79399,0
1974-03-01T12:33:19.000Z,255.346,255.834,0
1974-03-01T13:31:21.000Z,255.346,255.834,0
1974-03-01T14:53:41.000Z,255.376,255.864,0
1974-03-01T15:51:42.000Z,255.33599,255.82399,0
1974-03-01T16:49:36.000Z,255.346,255.834,0
1974-03-01T17:47:37.000Z,255.376,255.864,0
1974-03-01T18:45:31.000Z,255.376,255.864,0
1974-03-01T19:43:32.000Z,255.346,255.834,0
1974-03-01T20:41:26.000Z,255.376,255.864,0
1974-03-01T21:39:27.000Z,255.346,255.834,0
1974-03-01T22:30:07.000Z,255.376,255.864,0
1974-03-01T23:28:08.000Z,255.3765,255.8635,0
1974-03-02T00:26:10.000Z,255.40599,255.89399,0
1974-03-02T01:24:03.000Z,255.40599,255.89399,0
1974-03-02T02:22:05.000Z,255.3765,255.8635,0
1974-03-02T03:19:58.000Z,255.3765,255.8635,0
1974-03-02T04:18:00.000Z,255.376,255.864,0
1974-03-02T05:15:53.000Z,255.3765,255.8635,0
1974-03-02T06:13:55.000Z,255.3465,255.8335,0
1974-03-02T07:11:48.000Z,255.3765,255.8635,0
1974-03-02T08:09:50.000Z,255.3765,255.8635,0
1974-03-02T09:07:43.000Z,255.3465,255.8335,0
1974-03-02T10:05:45.000Z,255.3765,255.8635,0
1974-03-02T10:41:56.000Z,255.3765,255.8635,0
1974-03-02T11:25:29.000Z,255.3765,255.8635,0
1974-03-02T12:23:22.000Z,255.3465,255.8335,0
1974-03-02T13:21:24.000Z,255.3765,255.8635,0
1974-03-02T14:19:17.000Z,255.3765,255.8635,0
1974-03-02T15:17:19.000Z,255.376,255.864,0
1974-03-02T16:15:12.000Z,255.3765,255.8635,0
1974-03-02T17:13:14.000Z,255.3765,255.8635,0
1974-03-02T18:11:07.000Z,255.3765,255.8635,0
1974-03-02T19:09:09.000Z,255.3765,255.8635,0
1974-03-02T20:07:02.000Z,255.3765,255.8635,0
1974-03-02T21:05:04.000Z,255.3765,255.8635,0
1974-03-02T21:26:47.000Z,255.377,255.863,0
1974-03-02T22:24:48.000Z,255.3765,255.8635,0
1974-03-02T23:22:42.000Z,255.40649,255.89349,0
1974-03-02T23:58:52.000Z,255.40649,255.89349,0
1974-03-03T00:56:54.000Z,255.3765,255.8635,0
1974-03-03T01:54:56.000Z,255.30649,255.79349,0
1974-03-03T02:52:49.000Z,255.3465,255.8335,0
1974-03-03T03:50:51.000Z,255.3765,255.8635,0
1974-03-03T04:48:44.000Z,255.377,255.863,0
1974-03-03T05:46:46.000Z,255.3765,255.8635,0
1974-03-03T06:44:39.000Z,255.29698,255.78298,0
1974-03-03T07:42:41.000Z,255.30699,255.79299,0
1974-03-03T08:40:34.000Z,255.377,255.863,0
1974-03-03T09:38:36.000Z,255.3765,255.8635,0
1974-03-03T10:36:29.000Z,255.3765,255.8635,0
1974-03-03T11:34:31.000Z,255.377,255.863,0
1974-03-03T12:10:42.000Z,255.377,255.863,0
1974-03-03T12:25:10.000Z,255.377,255.863,0
1974-03-03T12:39:38.000Z,255.377,255.863,0
1974-03-03T12:54:15.000Z,255.377,255.863,0
1974-03-03T13:08:43.000Z,255.377,255.863,0
1974-03-03T13:30:26.000Z,255.377,255.863,0
1974-03-03T13:52:08.000Z,255.3765,255.8635,0
1974-03-03T14:50:10.000Z,255.377,255.863,0
1974-03-03T15:48:03.000Z,255.347,255.833,0
1974-03-03T16:31:37.000Z,255.3765,255.8635,0
1974-03-07T04:34:12.000Z,255.348,255.832,0
1974-03-07T05:17:37.000Z,255.378,255.862,0
1974-03-07T06:15:30.000Z,255.43799,255.92199,0
1974-03-07T07:13:40.000Z,255.43749,255.92249,0
1974-03-07T08:04:11.000Z,255.40799,255.89199,0
1974-03-07T09:02:21.000Z,255.40799,255.89199,0
1974-03-07T10:00:14.000Z,255.43799,255.92199,0
1974-03-07T10:58:08.000Z,255.43799,255.92199,0
1974-03-07T11:56:01.000Z,255.378,255.862,0
1974-03-07T12:54:11.000Z,255.36799,255.85199,0
1974-03-07T13:52:04.000Z,255.378,255.862,0
1974-03-07T14:49:58.000Z,255.378,255.862,0
1974-03-07T15:47:51.000Z,255.40799,255.89199,0
1974-03-07T16:46:01.000Z,255.40799,255.89199,0
1974-03-07T17:43:54.000Z,255.40849,255.89149,0
1974-03-07T18:41:48.000Z,255.3785,255.8615,0
1974-03-07T19:32:35.000Z,255.378,255.862,0
1974-03-07T19:47:03.000Z,255.40849,255.89149,0
1974-03-07T20:23:22.000Z,255.3785,255.8615,0
1974-03-07T21:21:16.000Z,255.3785,255.8615,0
1974-03-07T22:19:09.000Z,255.378,255.862,0
1974-03-07T23:17:19.000Z,255.3785,255.8615,0
1974-03-08T00:15:12.000Z,255.3785,255.8615,0
1974-03-08T00:36:47.000Z,255.378,255.862,0
1974-03-08T01:34:57.000Z,255.3785,255.8615,0
1974-03-08T02:32:50.000Z,255.3785,255.8615,0
1974-03-08T03:30:43.000Z,255.3785,255.8615,0
1974-03-08T04:28:53.000Z,255.3785,255.8615,0
1974-03-08T05:26:47.000Z,255.3785,255.8615,0
1974-03-08T06:24:40.000Z,255.40849,255.89149,0
1974-03-08T07:22:33.000Z,255.3785,255.8615,0
1974-03-08T07:51:30.000Z,255.40849,255.89149,0
1974-03-08T08:06:15.000Z,255.40849,255.89149,0
1974-03-08T09:04:08.000Z,255.3785,255.8615,0
1974-03-08T09:18:37.000Z,255.3785,255.8615,0
1974-03-08T10:16:30.000Z,255.3785,255.8615,0
1974-03-08T11:14:23.000Z,255.3785,255.8615,0
1974-03-08T12:12:33.000Z,255.33849,255.82149,0
1974-03-08T13:10:27.000Z,255.3785,255.8615,0
1974-03-08T14:08:20.000Z,255.3785,255.8615,0
1974-03-08T15:11:41.000Z,255.3785,255.8615,0
1974-03-08T16:09:51.000Z,255.3785,255.8615,0
1974-03-08T17:07:44.000Z,255.3785,255.8615,0
1974-03-08T18:05:38.000Z,255.3785,255.8615,0
1974-03-08T19:03:31.000Z,255.3785,255.8615,0
1974-03-08T20:01:41.000Z,255.3785,255.8615,0
1974-03-08T20:59:34.000Z,255.33849,255.82149,0
1974-03-08T21:57:28.000Z,255.3785,255.8615,0
1974-03-08T22:55:21.000Z,255.3785,255.8615,0
1974-03-08T23:53:31.000Z,255.40849,255.89149,0
1974-03-09T00:51:24.000Z,255.3785,255.8615,0
1974-03-09T01:20:21.000Z,255.3785,255.8615,0
1974-03-09T01:49:18.000Z,255.40849,255.89149,0
1974-03-09T02:40:05.000Z,255.3785,255.8615,0
1974-03-09T02:54:34.000Z,255.349,255.831,0
1974-03-09T03:52:27.000Z,255.3785,255.8615,0
1974-03-09T04:50:37.000Z,255.379,255.861,0
1974-03-09T05:48:30.000Z,255.40849,255.89149,0
1974-03-09T06:46:24.000Z,255.40849,255.89149,0
1974-03-09T07:44:17.000Z,255.3785,255.8615,0
1974-03-09T08:42:27.000Z,255.3785,255.8615,0
1974-03-09T09:18:29.000Z,255.349,255.831,0
1974-03-09T09:54:49.000Z,255.379,255.861,0
1974-03-09T10:31:08.000Z,255.3785,255.8615,0
1974-03-09T11:29:01.000Z,255.379,255.861,0
1974-03-09T12:05:20.000Z,255.379,255.861,0
1974-03-09T13:03:13.000Z,255.40899,255.89099,0
1974-03-09T13:54:01.000Z,255.3785,255.8615,0
1974-03-09T14:51:54.000Z,255.379,255.861,0
1974-03-09T15:49:48.000Z,255.40899,255.89099,0
1974-03-09T16:47:41.000Z,255.40899,255.89099,0
1974-03-09T17:45:51.000Z,255.379,255.861,0
1974-03-09T18:43:44.000Z,255.379,255.861,0
1974-03-09T19:41:38.000Z,255.379,255.861,0
1974-03-09T20:39:48.000Z,255.40899,255.89099,0
1974-03-09T21:23:13.000Z,255.379,255.861,0
1974-03-09T21:59:15.000Z,255.40899,255.89099,0
1974-03-09T22:42:57.000Z,255.379,255.861,0
1974-03-09T23:11:53.000Z,255.40899,255.89099,0
1974-03-09T23:40:50.000Z,255.379,255.861,0
1974-03-10T00:17:09.000Z,255.349,255.831,0
1974-03-10T00:53:12.000Z,255.349,255.831,0
1974-03-10T01:51:05.000Z,255.349,255.831,0
1974-03-10T02:49:15.000Z,255.379,255.861,0
1974-03-10T03:47:08.000Z,255.379,255.861,0
1974-03-10T04:45:02.000Z,255.3785,255.8615,0
1974-03-10T05:43:12.000Z,255.379,255.861,0
1974-03-10T06:41:05.000Z,255.349,255.831,0
1974-03-10T07:38:59.000Z,255.379,255.861,0
1974-03-10T08:36:52.000Z,255.379,255.861,0
1974-03-10T09:42:08.000Z,255.3495,255.8305,0
1974-03-10T09:49:30.000Z,255.379,255.861,0
1974-03-10T10:54:29.000Z,255.349,255.831,0
1974-03-10T11:23:43.000Z,255.379,255.861,0
1974-03-10T12:21:36.000Z,255.33949,255.82049,0
1974-03-10T13:19:29.000Z,255.379,255.861,0
1974-03-10T14:17:23.000Z,255.379,255.861,0
1974-03-10T15:15:33.000Z,255.30949,255.79049,0
1974-03-10T16:13:26.000Z,255.349,255.831,0
1974-03-10T17:11:19.000Z,255.40899,255.89099,0
1974-03-10T18:09:13.000Z,255.3795,255.8605,0
1974-03-10T19:07:23.000Z,255.379,255.861,0
1974-03-10T20:05:16.000Z,255.3495,255.8305,0
1974-03-10T21:03:09.000Z,255.3495,255.8305,0
1974-03-10T22:01:03.000Z,255.3795,255.8605,0
1974-03-10T22:59:13.000Z,255.349,255.831,0
1974-03-10T23:57:06.000Z,255.3795,255.8605,0
1974-03-11T00:54:59.000Z,255.349,255.831,0
1974-03-11T01:53:09.000Z,255.40949,255.89049,0
1974-03-11T02:51:03.000Z,255.30949,255.79049,0
1974-03-11T03:12:37.000Z,255.3495,255.8305,0
1974-03-11T04:10:47.000Z,255.3495,255.8305,0
1974-03-11T05:08:40.000Z,255.3495,255.8305,0
1974-03-11T06:06:34.000Z,255.3495,255.8305,0
1974-03-11T06:49:59.000Z,255.3495,255.8305,0
1974-03-11T07:48:08.000Z,255.3795,255.8605,0
1974-03-11T08:53:08.000Z,255.3795,255.8605,0
1974-03-11T09:07:53.000Z,255.3495,255.8305,0
1974-03-11T10:05:46.000Z,255.3495,255.8305,0
1974-03-11T10:56:33.000Z,255.3495,255.8305,0
1974-03-11T11:32:36.000Z,255.3795,255.8605,0
1974-03-11T12:30:29.000Z,255.3795,255.8605,0
1974-03-11T13:28:39.000Z,255.3795,255.8605,0
1974-03-11T14:26:33.000Z,255.3795,255.8605,0
1974-03-11T15:46:17.000Z,255.3795,255.8605,0
1974-03-11T16:44:10.000Z,255.3795,255.8605,0
1974-03-11T17:42:04.000Z,255.33949,255.82049,0
1974-03-11T18:40:13.000Z,255.3495,255.8305,0
1974-03-11T19:38:07.000Z,255.3795,255.8605,0
1974-03-11T20:36:00.000Z,255.3795,255.8605,0
1974-03-11T21:33:54.000Z,255.33949,255.82049,0
1974-03-11T22:32:03.000Z,255.3495,255.8305,0
1974-03-11T23:29:57.000Z,255.33949,255.82049,0
1974-03-12T00:27:50.000Z,255.3795,255.8605,0
1974-03-12T01:25:44.000Z,255.3795,255.8605,0
1974-03-12T02:09:25.000Z,255.3795,255.8605,0
1974-03-12T02:38:22.000Z,255.3795,255.8605,0
1974-03-12T03:36:15.000Z,255.33999,255.81999,0
1974-03-12T04:34:09.000Z,255.3795,255.8605,0
1974-03-12T05:32:18.000Z,255.3795,255.8605,0
1974-03-12T06:30:12.000Z,255.3795,255.8605,0
1974-03-12T07:28:05.000Z,255.3795,255.8605,0
1974-03-12T08:25:59.000Z,255.3795,255.8605,0
1974-03-12T09:24:08.000Z,255.36949,255.85049,0
1974-03-12T10:22:02.000Z,255.3795,255.8605,0
1974-03-12T11:19:55.000Z,255.36999,255.84999,0
1974-03-12T12:17:49.000Z,255.33949,255.82049,0
1974-03-12T13:15:58.000Z,255.32998,255.80998,0
1974-03-12T14:13:52.000Z,255.36999,255.84999,0
1974-03-12T15:11:45.000Z,255.32998,255.80998,0
1974-03-12T16:09:39.000Z,255.35998,255.83998,0
1974-03-12T17:07:48.000Z,255.35998,255.83998,0
1974-03-12T18:05:42.000Z,255.35998,255.83998,0
1974-03-12T19:03:35.000Z,255.35998,255.83998,0
1974-03-12T20:01:45.000Z,255.35998,255.83998,0
1974-03-12T20:59:38.000Z,255.35998,255.83998,0
1974-03-12T21:57:32.000Z,255.35998,255.83998,0
1974-03-12T22:55:25.000Z,255.32,255.8,0
1974-03-12T23:53:35.000Z,255.3495,255.8305,0
1974-03-13T00:51:28.000Z,255.35,255.83,0
1974-03-13T01:49:22.000Z,255.38,255.86,0
1974-03-13T02:54:38.000Z,255.36999,255.84999,0
1974-03-13T03:52:31.000Z,255.33999,255.81999,0
1974-03-13T04:50:24.000Z,255.33999,255.81999,0
1974-03-13T05:48:34.000Z,255.33999,255.81999,0
1974-03-13T06:46:28.000Z,255.35998,255.83998,0
1974-03-13T07:44:21.000Z,255.35998,255.83998,0
1974-03-13T08:42:14.000Z,255.32998,255.80998,0
1974-03-13T09:40:24.000Z,255.39998,255.87998,0
1974-03-13T10:38:18.000Z,255.35,255.83,0
1974-03-13T11:36:11.000Z,255.32998,255.80998,0
1974-03-13T12:34:21.000Z,255.33999,255.81999,0
1974-03-13T13:32:14.000Z,255.36999,255.84999,0
1974-03-13T14:01:11.000Z,255.36999,255.84999,0
1974-03-13T15:43:35.000Z,255.35,255.83,0
1974-03-13T16:41:28.000Z,255.33999,255.81999,0
1974-03-13T17:39:22.000Z,255.38,255.86,0
1974-03-13T18:37:15.000Z,255.38,255.86,0
1974-03-13T19:35:25.000Z,255.36999,255.84999,0
1974-03-13T20:04:22.000Z,255.32998,255.80998,0
1974-03-13T21:02:15.000Z,255.32998,255.80998,0
1974-03-13T22:00:09.000Z,255.32998,255.80998,0
1974-03-13T22:58:18.000Z,255.33048,255.80948,0
1974-03-13T23:56:12.000Z,255.35998,255.83998,0
1974-03-14T00:54:05.000Z,255.36048,255.83948,0
1974-03-14T01:51:59.000Z,255.36048,255.83948,0
1974-03-14T02:50:08.000Z,255.33048,255.80948,0
1974-03-14T03:48:02.000Z,255.33048,255.80948,0
1974-03-14T04:45:55.000Z,255.36048,255.83948,0
1974-03-14T05:44:05.000Z,255.36048,255.83948,0
1974-03-14T06:41:58.000Z,255.36048,255.83948,0
1974-03-14T07:39:52.000Z,255.36048,255.83948,0
1974-03-14T08:37:45.000Z,255.3505,255.8295,0
1974-03-14T09:35:55.000Z,255.3805,255.8595,0
1974-03-14T10:33:48.000Z,255.3505,255.8295,0
1974-03-14T11:31:42.000Z,255.34049,255.81949,0
1974-03-14T12:29:35.000Z,255.34049,255.81949,0
1974-03-14T13:27:45.000Z,255.34049,255.81949,0
1974-03-14T14:25:38.000Z,255.34049,255.81949,0
1974-03-14T15:23:32.000Z,255.34049,255.81949,0
1974-03-14T16:21:25.000Z,255.34049,255.81949,0
1974-03-14T17:19:35.000Z,255.34049,255.81949,0
1974-03-14T18:17:28.000Z,255.34049,255.81949,0
1974-03-14T19:15:22.000Z,255.34049,255.81949,0
1974-03-14T20:13:15.000Z,255.34049,255.81949,0
1974-03-14T21:11:25.000Z,255.37049,255.84949,0
1974-03-14T22:09:18.000Z,255.37049,255.84949,0
1974-03-14T23:07:12.000Z,255.34049,255.81949,0
1974-03-15T00:05:05.000Z,255.37049,255.84949,0
1974-03-15T01:03:15.000Z,255.37049,255.84949,0
1974-03-15T02:01:08.000Z,255.37049,255.84949,0
1974-03-15T02:59:02.000Z,255.37049,255.84949,0
1974-03-15T03:57:12.000Z,255.37049,255.84949,0
1974-03-15T04:55:05.000Z,255.36048,255.83948,0
1974-03-15T05:16:39.000Z,255.36048,255.83948,0
1974-03-15T06:14:49.000Z,255.37049,255.84949,0
1974-03-15T07:12:43.000Z,255.36048,255.83948,0
1974-03-15T08:10:36.000Z,255.30048,255.77948,0
1974-03-15T09:08:29.000Z,255.3205,255.7995,0
1974-03-15T10:06:39.000Z,255.36048,255.83948,0
1974-03-15T11:04:33.000Z,255.40048,255.87948,0
1974-03-15T12:02:26.000Z,255.36048,255.83948,0
1974-03-15T13:00:19.000Z,255.3205,255.7995,0
1974-03-15T13:58:29.000Z,255.321,255.799,0
1974-03-15T14:56:23.000Z,255.321,255.799,0
1974-03-15T15:54:16.000Z,255.3505,255.8295,0
1974-03-15T16:52:26.000Z,255.3205,255.7995,0
1974-03-15T17:50:19.000Z,255.3505,255.8295,0
1974-03-15T18:48:13.000Z,255.321,255.799,0
1974-03-15T19:46:06.000Z,255.321,255.799,0
1974-03-15T20:44:16.000Z,255.3505,255.8295,0
1974-03-15T21:42:09.000Z,255.39097,255.86897,0
1974-03-15T22:40:03.000Z,255.3505,255.8295,0
1974-03-15T23:37:56.000Z,255.381,255.859,0
1974-03-16T00:36:06.000Z,255.321,255.799,0
1974-03-16T01:33:59.000Z,255.351,255.829,0
1974-03-16T02:31:53.000Z,255.3505,255.8295,0
1974-03-16T03:29:46.000Z,255.351,255.829,0
1974-03-16T04:27:56.000Z,255.351,255.829,0
1974-03-16T05:25:49.000Z,255.3505,255.8295,0
1974-03-16T06:23:43.000Z,255.381,255.859,0
1974-03-16T07:21:36.000Z,255.351,255.829,0
1974-03-16T08:19:46.000Z,255.3505,255.8295,0
1974-03-16T09:17:39.000Z,255.351,255.829,0
1974-03-16T09:53:58.000Z,255.351,255.829,0
1974-03-16T10:15:33.000Z,255.3805,255.8595,0
1974-03-16T10:30:01.000Z,255.3505,255.8295,0
1974-03-16T11:28:11.000Z,255.3805,255.8595,0
1974-03-16T12:26:04.000Z,255.381,255.859,0
1974-03-16T13:23:58.000Z,255.381,255.859,0
1974-03-16T14:21:51.000Z,255.351,255.829,0
1974-03-16T15:20:01.000Z,255.41099,255.88899,0
1974-03-16T15:48:58.000Z,255.381,255.859,0
1974-03-16T16:46:51.000Z,255.381,255.859,0
1974-03-16T17:44:44.000Z,255.381,255.859,0
1974-03-16T18:42:54.000Z,255.381,255.859,0
1974-03-16T19:40:48.000Z,255.3805,255.8595,0
1974-03-16T20:38:41.000Z,255.351,255.829,0
1974-03-16T21:36:34.000Z,255.351,255.829,0
1974-03-16T22:34:44.000Z,255.381,255.859,0
1974-03-16T23:32:38.000Z,255.34099,255.81899,0
1974-03-17T00:30:31.000Z,255.41099,255.88899,0
1974-03-17T01:28:24.000Z,255.381,255.859,0
1974-03-17T02:26:34.000Z,255.381,255.859,0
1974-03-17T02:55:31.000Z,255.351,255.829,0
1974-03-17T03:17:05.000Z,255.351,255.829,0
1974-03-17T04:15:15.000Z,255.381,255.859,0
1974-03-17T05:13:08.000Z,255.34149,255.81849,0
1974-03-17T06:11:02.000Z,255.381,255.859,0
1974-03-17T07:08:55.000Z,255.381,255.859,0
1974-03-17T08:07:05.000Z,255.41099,255.88899,0
1974-03-17T09:04:58.000Z,255.351,255.829,0
1974-03-17T09:26:49.000Z,255.34149,255.81849,0
1974-03-17T10:24:43.000Z,255.34099,255.81899,0
1974-03-17T11:15:30.000Z,255.381,255.859,0
1974-03-17T11:29:58.000Z,255.37099,255.84899,0
1974-03-17T12:27:52.000Z,255.34099,255.81899,0
1974-03-17T13:25:45.000Z,255.34099,255.81899,0
1974-03-17T14:23:39.000Z,255.41099,255.88899,0
1974-03-17T15:21:48.000Z,255.41099,255.88899,0
1974-03-17T16:19:42.000Z,255.34149,255.81849,0
1974-03-17T17:17:35.000Z,255.381,255.859,0
1974-03-17T18:15:29.000Z,255.381,255.859,0
1974-03-17T19:13:38.000Z,255.34149,255.81849,0
1974-03-17T20:11:32.000Z,255.37149,255.84849,0
1974-03-17T21:09:25.000Z,255.3815,255.8585,0
1974-03-17T22:07:19.000Z,255.34149,255.81849,0
1974-03-17T23:05:28.000Z,255.37149,255.84849,0
1974-03-18T00:03:22.000Z,255.37149,255.84849,0
1974-03-18T01:01:15.000Z,255.34149,255.81849,0
1974-03-18T02:06:31.000Z,255.34149,255.81849,0
1974-03-18T03:04:24.000Z,255.34149,255.81849,0
1974-03-18T04:02:34.000Z,255.34149,255.81849,0
1974-03-18T05:00:28.000Z,255.37149,255.84849,0
1974-03-18T05:58:21.000Z,255.34149,255.81849,0
1974-03-18T06:56:14.000Z,255.37149,255.84849,0
1974-03-18T07:54:24.000Z,255.37149,255.84849,0
1974-03-18T08:52:18.000Z,255.37149,255.84849,0
1974-03-18T09:50:11.000Z,255.37149,255.84849,0
1974-03-18T10:48:04.000Z,255.37149,255.84849,0
1974-03-18T11:46:14.000Z,255.37149,255.84849,0
1974-03-18T12:44:08.000Z,255.37149,255.84849,0
1974-03-18T13:42:01.000Z,255.37149,255.84849,0
1974-03-18T15:24:25.000Z,255.40148,255.87848,0
1974-03-18T16:22:18.000Z,255.37199,255.84799,0
1974-03-18T16:51:15.000Z,255.37149,255.84849,0
1974-03-18T17:49:25.000Z,255.37149,255.84849,0
1974-03-18T18:47:18.000Z,255.40148,255.87848,0
1974-03-18T19:45:12.000Z,255.40148,255.87848,0
1974-03-18T20:43:05.000Z,255.40148,255.87848,0
1974-03-18T21:41:15.000Z,255.40148,255.87848,0
1974-03-18T22:39:08.000Z,255.37149,255.84849,0
1974-03-18T23:37:02.000Z,255.36148,255.83848,0
1974-03-19T00:34:55.000Z,255.36198,255.83798,0
1974-03-19T01:33:05.000Z,255.40198,255.87798,0
1974-03-19T02:30:58.000Z,255.40148,255.87848,0
1974-03-19T03:28:52.000Z,255.40198,255.87798,0
1974-03-19T04:27:02.000Z,255.37149,255.84849,0
1974-03-19T05:24:55.000Z,255.40198,255.87798,0
1974-03-19T06:22:48.000Z,255.36198,255.83798,0
1974-03-19T07:20:42.000Z,255.36198,255.83798,0
1974-03-19T08:18:52.000Z,255.36148,255.83848,0
1974-03-19T09:16:45.000Z,255.40198,255.87798,0
1974-03-19T10:14:38.000Z,255.40198,255.87798,0
1974-03-19T11:19:54.000Z,255.322,255.798,0
1974-03-19T11:41:45.000Z,255.36198,255.83798,0
1974-03-19T12:10:42.000Z,255.40148,255.87848,0
1974-03-19T13:08:35.000Z,255.40198,255.87798,0
1974-03-19T14:06:28.000Z,255.40198,255.87798,0
1974-03-19T15:04:22.000Z,255.36198,255.83798,0
1974-03-19T16:02:32.000Z,255.40198,255.87798,0
1974-03-19T17:00:25.000Z,255.40198,255.87798,0
1974-03-19T17:58:18.000Z,255.322,255.798,0
1974-03-19T18:27:15.000Z,255.40198,255.87798,0
1974-03-19T18:34:38.000Z,255.36198,255.83798,0
1974-03-19T19:32:31.000Z,255.39197,255.86797,0
1974-03-19T20:30:24.000Z,255.36198,255.83798,0
1974-03-19T21:28:34.000Z,255.322,255.798,0
1974-03-19T22:26:28.000Z,255.40198,255.87798,0
1974-03-19T23:24:21.000Z,255.40198,255.87798,0
1974-03-20T00:07:46.000Z,255.322,255.798,0
1974-03-20T01:05:56.000Z,255.36198,255.83798,0
1974-03-20T02:03:49.000Z,255.322,255.798,0
1974-03-20T03:01:43.000Z,255.36198,255.83798,0
1974-03-20T03:59:36.000Z,255.36198,255.83798,0
1974-03-20T04:57:46.000Z,255.36198,255.83798,0
1974-03-20T05:55:39.000Z,255.36198,255.83798,0
1974-03-20T06:53:33.000Z,255.36198,255.83798,0
1974-03-20T07:51:26.000Z,255.36198,255.83798,0
1974-03-20T08:49:36.000Z,255.39197,255.86797,0
1974-03-20T09:47:29.000Z,255.36198,255.83798,0
1974-03-20T10:45:23.000Z,255.322,255.798,0
1974-03-20T11:43:32.000Z,255.322,255.798,0
1974-03-20T12:41:26.000Z,255.322,255.798,0
1974-03-20T13:39:19.000Z,255.39197,255.86797,0
1974-03-20T14:37:13.000Z,255.40198,255.87798,0
1974-03-20T15:36:12.000Z,255.352,255.828,0
1974-03-20T16:34:05.000Z,255.36198,255.83798,0
1974-03-20T17:31:58.000Z,255.322,255.798,0
1974-03-20T18:30:08.000Z,255.39197,255.86797,0
1974-03-20T19:28:02.000Z,255.352,255.828,0
1974-03-20T20:25:55.000Z,255.36198,255.83798,0
1974-03-20T21:23:48.000Z,255.36198,255.83798,0
1974-03-20T22:21:58.000Z,255.322,255.798,0
1974-03-20T23:19:52.000Z,255.36198,255.83798,0
1974-03-21T00:17:45.000Z,255.36198,255.83798,0
1974-03-21T01:15:55.000Z,255.322,255.798,0
1974-03-21T02:13:48.000Z,255.352,255.828,0
1974-03-21T02:57:13.000Z,255.3525,255.8275,0
1974-03-21T03:55:07.000Z,255.3225,255.7975,0
1974-03-21T04:53:00.000Z,255.3525,255.8275,0
1974-03-21T05:51:10.000Z,255.36248,255.83748,0
1974-03-21T06:49:03.000Z,255.3825,255.8575,0
1974-03-21T07:46:57.000Z,255.3525,255.8275,0
1974-03-21T08:45:07.000Z,255.3225,255.7975,0
1974-03-21T09:43:00.000Z,255.3525,255.8275,0
1974-03-21T10:40:53.000Z,255.3225,255.7975,0
1974-03-21T11:38:47.000Z,255.39247,255.86747,0
1974-03-21T12:36:57.000Z,255.36248,255.83748,0
1974-03-21T13:34:50.000Z,255.3825,255.8575,0
1974-03-21T14:32:43.000Z,255.3825,255.8575,0
1974-03-21T15:30:37.000Z,255.3525,255.8275,0
1974-03-21T15:52:27.000Z,255.3525,255.8275,0
1974-03-21T16:50:21.000Z,255.3825,255.8575,0
1974-03-21T17:48:14.000Z,255.3525,255.8275,0
1974-03-21T18:46:24.000Z,255.36248,255.83748,0
1974-03-21T19:44:17.000Z,255.3525,255.8275,0
1974-03-21T20:42:11.000Z,255.3525,255.8275,0
1974-03-21T21:40:21.000Z,255.3825,255.8575,0
1974-03-21T22:38:14.000Z,255.353,255.827,0
1974-03-21T23:36:07.000Z,255.3825,255.8575,0
1974-03-22T00:34:01.000Z,255.3525,255.8275,0
1974-03-22T01:32:11.000Z,255.3525,255.8275,0
1974-03-22T02:30:04.000Z,255.353,255.827,0
1974-03-22T03:27:58.000Z,255.3825,255.8575,0
1974-03-22T04:25:51.000Z,255.3825,255.8575,0
1974-03-22T05:24:01.000Z,255.383,255.857,0
1974-03-22T06:21:54.000Z,255.353,255.827,0
1974-03-22T07:19:48.000Z,255.383,255.857,0
1974-03-22T08:17:41.000Z,255.353,255.827,0
1974-03-22T09:15:51.000Z,255.383,255.857,0
1974-03-22T10:13:44.000Z,255.42297,255.89697,0
1974-03-22T11:11:38.000Z,255.353,255.827,0
1974-03-22T12:09:31.000Z,255.383,255.857,0
1974-03-22T13:07:41.000Z,255.383,255.857,0
1974-03-22T14:05:34.000Z,255.383,255.857,0
1974-03-22T16:04:05.000Z,255.383,255.857,0
1974-03-22T17:02:15.000Z,255.353,255.827,0
1974-03-22T18:00:08.000Z,255.383,255.857,0
1974-03-22T18:58:01.000Z,255.383,255.857,0
1974-03-22T19:56:11.000Z,255.383,255.857,0
1974-03-22T20:54:05.000Z,255.383,255.857,0
1974-03-22T21:51:58.000Z,255.383,255.857,0
1974-03-22T22:49:51.000Z,255.383,255.857,0
1974-03-22T23:48:01.000Z,255.353,255.827,0
1974-03-23T00:45:55.000Z,255.353,255.827,0
1974-03-23T01:43:48.000Z,255.37299,255.84699,0
1974-03-23T02:41:41.000Z,255.383,255.857,0
1974-03-23T03:39:51.000Z,255.383,255.857,0
1974-03-23T04:37:45.000Z,255.383,255.857,0
1974-03-23T05:35:38.000Z,255.383,255.857,0
1974-03-23T06:33:31.000Z,255.3835,255.8565,0
1974-03-23T07:31:41.000Z,255.383,255.857,0
1974-03-23T08:29:35.000Z,255.383,255.857,0
1974-03-23T09:27:28.000Z,255.383,255.857,0
1974-03-23T10:25:21.000Z,255.3835,255.8565,0
1974-03-23T11:23:31.000Z,255.34349,255.81649,0
1974-03-23T12:21:25.000Z,255.3835,255.8565,0
1974-03-23T13:19:18.000Z,255.34349,255.81649,0
1974-03-23T14:17:11.000Z,255.34299,255.81699,0
1974-03-23T14:46:25.000Z,255.3835,255.8565,0
1974-03-23T15:44:18.000Z,255.34299,255.81699,0
1974-03-23T16:42:11.000Z,255.3835,255.8565,0
1974-03-23T17:40:05.000Z,255.3835,255.8565,0
1974-03-23T18:38:15.000Z,255.3835,255.8565,0
1974-03-23T19:36:08.000Z,255.3835,255.8565,0
1974-03-23T20:34:01.000Z,255.34349,255.81649,0
1974-03-23T21:31:55.000Z,255.3835,255.8565,0
1974-03-23T22:30:05.000Z,255.3835,255.8565,0
1974-03-23T23:27:58.000Z,255.3835,255.8565,0
1974-03-24T00:25:51.000Z,255.3835,255.8565,0
1974-03-24T01:23:45.000Z,255.3835,255.8565,0
1974-03-24T02:21:55.000Z,255.3835,255.8565,0
1974-03-24T03:19:48.000Z,255.34349,255.81649,0
1974-03-24T04:25:04.000Z,255.3835,255.8565,0
1974-03-24T05:22:57.000Z,255.34349,255.81649,0
1974-03-24T06:20:51.000Z,255.3835,255.8565,0
1974-03-24T07:19:00.000Z,255.3835,255.8565,0
1974-03-24T08:16:54.000Z,255.3835,255.8565,0
1974-03-24T09:14:47.000Z,255.3835,255.8565,0
1974-03-24T10:12:41.000Z,255.34349,255.81649,0
1974-03-24T11:10:50.000Z,255.34349,255.81649,0
1974-03-24T12:08:44.000Z,255.34349,255.81649,0
1974-03-24T12:45:03.000Z,255.3835,255.8565,0
1974-03-24T13:42:56.000Z,255.3835,255.8565,0
1974-03-24T14:40:50.000Z,255.3835,255.8565,0
1974-03-24T15:38:43.000Z,255.34399,255.81599,0
1974-03-24T16:36:53.000Z,255.34349,255.81649,0
1974-03-24T17:34:46.000Z,255.34349,255.81649,0
1974-03-24T18:32:40.000Z,255.34399,255.81599,0
1974-03-24T19:01:36.000Z,255.3835,255.8565,0
1974-03-24T19:23:27.000Z,255.3835,255.8565,0
1974-03-24T20:21:21.000Z,255.3835,255.8565,0
1974-03-24T21:19:14.000Z,255.3835,255.8565,0
1974-03-24T22:17:24.000Z,255.34399,255.81599,0
1974-03-24T23:15:17.000Z,255.34399,255.81599,0
1974-03-25T00:13:11.000Z,255.384,255.856,0
1974-03-25T01:11:04.000Z,255.37399,255.84599,0
1974-03-25T02:09:14.000Z,255.34349,255.81649,0
1974-03-25T02:59:45.000Z,255.384,255.856,0
1974-03-25T03:57:55.000Z,255.384,255.856,0
1974-03-25T04:55:48.000Z,255.37399,255.84599,0
1974-03-25T05:53:41.000Z,255.384,255.856,0
1974-03-25T06:51:35.000Z,255.34399,255.81599,0
1974-03-25T07:49:45.000Z,255.384,255.856,0
1974-03-25T08:47:38.000Z,255.34399,255.81599,0
1974-03-25T09:45:31.000Z,255.34399,255.81599,0
1974-03-25T10:43:25.000Z,255.384,255.856,0
1974-03-25T11:41:35.000Z,255.384,255.856,0
1974-03-25T12:39:28.000Z,255.41349,255.88649,0
1974-03-25T13:37:21.000Z,255.384,255.856,0
1974-03-25T14:22:41.000Z,255.37399,255.84599,0
1974-03-25T15:20:35.000Z,255.384,255.856,0
1974-03-25T16:18:44.000Z,255.37399,255.84599,0
1974-03-25T17:16:38.000Z,255.34399,255.81599,0
1974-03-25T18:14:31.000Z,255.31399,255.78599,0
1974-03-25T19:12:25.000Z,255.34399,255.81599,0
1974-03-25T20:10:34.000Z,255.384,255.856,0
1974-03-25T21:08:28.000Z,255.34399,255.81599,0
1974-03-25T22:06:21.000Z,255.31399,255.78599,0
1974-03-25T23:04:15.000Z,255.34399,255.81599,0
1974-03-26T00:02:24.000Z,255.34399,255.81599,0
1974-03-26T01:00:18.000Z,255.37399,255.84599,0
1974-03-26T01:58:11.000Z,255.34399,255.81599,0
1974-03-26T02:56:21.000Z,255.34399,255.81599,0
1974-03-26T03:54:14.000Z,255.37449,255.84549,0
1974-03-26T04:52:08.000Z,255.37399,255.84599,0
1974-03-26T05:50:01.000Z,255.384,255.856,0
1974-03-26T06:48:11.000Z,255.384,255.856,0
1974-03-26T07:46:04.000Z,255.37399,255.84599,0
1974-03-26T08:43:58.000Z,255.34449,255.81549,0
1974-03-26T09:05:49.000Z,255.34399,255.81599,0
1974-03-26T10:03:42.000Z,255.37449,255.84549,0
1974-03-26T11:01:35.000Z,255.3845,255.8555,0
1974-03-26T11:59:29.000Z,255.34449,255.81549,0
1974-03-26T12:57:39.000Z,255.37449,255.84549,0
1974-03-26T13:55:32.000Z,255.34449,255.81549,0
1974-03-26T14:53:25.000Z,255.34449,255.81549,0
1974-03-26T15:51:19.000Z,255.34449,255.81549,0
1974-03-26T16:49:29.000Z,255.34449,255.81549,0
1974-03-26T17:47:22.000Z,255.37449,255.84549,0
1974-03-26T18:45:15.000Z,255.41399,255.88599,0
1974-03-26T19:43:25.000Z,255.34449,255.81549,0
1974-03-26T20:41:19.000Z,255.3845,255.8555,0
1974-03-26T21:39:12.000Z,255.37449,255.84549,0
1974-03-26T22:37:05.000Z,255.41449,255.88549,0
1974-03-26T23:35:15.000Z,255.37449,255.84549,0
1974-03-27T00:33:09.000Z,255.37449,255.84549,0
1974-03-27T01:31:02.000Z,255.37449,255.84549,0
1974-03-27T02:28:55.000Z,255.41449,255.88549,0
1974-03-27T03:27:05.000Z,255.37449,255.84549,0
1974-03-27T04:24:59.000Z,255.33448,255.80548,0
1974-03-27T05:22:52.000Z,255.37449,255.84549,0
1974-03-27T06:20:46.000Z,255.37449,255.84549,0
1974-03-27T07:18:55.000Z,255.37449,255.84549,0
1974-03-27T08:02:20.000Z,255.37449,255.84549,0
1974-03-27T09:00:14.000Z,255.34449,255.81549,0
1974-03-27T09:14:42.000Z,255.34449,255.81549,0
1974-03-27T10:12:36.000Z,255.37449,255.84549,0
1974-03-27T11:10:45.000Z,255.37449,255.84549,0
1974-03-27T12:08:39.000Z,255.34449,255.81549,0
1974-03-27T13:06:32.000Z,255.37449,255.84549,0
1974-03-27T14:36:22.000Z,255.37449,255.84549,0
1974-03-27T15:34:16.000Z,255.37449,255.84549,0
1974-03-27T16:10:35.000Z,255.37499,255.84499,0
1974-03-27T16:32:09.000Z,255.37449,255.84549,0
1974-03-27T16:39:32.000Z,255.34449,255.81549,0
1974-03-27T17:01:06.000Z,255.31449,255.78549,0
1974-03-27T17:37:25.000Z,255.41449,255.88549,0
1974-03-27T18:35:18.000Z,255.34449,255.81549,0
1974-03-27T19:33:12.000Z,255.37499,255.84499,0
1974-03-27T20:31:22.000Z,255.34449,255.81549,0
1974-03-27T21:29:15.000Z,255.37449,255.84549,0
1974-03-27T22:27:08.000Z,255.34499,255.81499,0
1974-03-27T23:25:02.000Z,255.31449,255.78549,0
1974-03-28T00:23:12.000Z,255.37449,255.84549,0
1974-03-28T01:21:05.000Z,255.37499,255.84499,0
1974-03-28T02:18:59.000Z,255.34499,255.81499,0
1974-03-28T03:17:08.000Z,255.37499,255.84499,0
1974-03-28T04:15:02.000Z,255.34499,255.81499,0
1974-03-28T05:12:55.000Z,255.41449,255.88549,0
1974-03-28T06:10:49.000Z,255.3845,255.8555,0
1974-03-28T07:08:58.000Z,255.36448,255.83548,0
1974-03-28T08:06:52.000Z,255.385,255.855,0
1974-03-28T09:04:45.000Z,255.37449,255.84549,0
1974-03-28T10:02:39.000Z,255.385,255.855,0
1974-03-28T11:00:48.000Z,255.36498,255.83498,0
1974-03-28T11:22:23.000Z,255.37499,255.84499,0
1974-03-28T12:20:16.000Z,255.42497,255.89497,0
1974-03-28T13:18:26.000Z,255.36498,255.83498,0
1974-03-28T14:16:19.000Z,255.36548,255.83448,0
1974-03-28T15:07:07.000Z,255.40498,255.87498,0
1974-03-28T16:05:00.000Z,255.40498,255.87498,0
1974-03-28T17:02:54.000Z,255.37499,255.84499,0
1974-03-28T18:01:03.000Z,255.355,255.825,0
1974-03-28T18:58:57.000Z,255.36498,255.83498,0
1974-03-28T19:56:50.000Z,255.36498,255.83498,0
1974-03-28T20:54:44.000Z,255.33498,255.80498,0
1974-03-28T21:52:53.000Z,255.37549,255.84449,0
1974-03-28T22:57:53.000Z,255.33548,255.80448,0
1974-03-28T23:56:03.000Z,255.385,255.855,0
1974-03-29T00:53:56.000Z,255.34549,255.81449,0
1974-03-29T01:51:49.000Z,255.34499,255.81499,0
1974-03-29T02:57:05.000Z,255.385,255.855,0
1974-03-29T03:54:59.000Z,255.34549,255.81449,0
1974-03-29T04:52:52.000Z,255.37499,255.84499,0
1974-03-29T05:58:08.000Z,255.34549,255.81449,0
1974-03-29T06:27:04.000Z,255.385,255.855,0
1974-03-29T07:25:14.000Z,255.355,255.825,0
1974-03-29T07:32:20.000Z,255.385,255.855,0
1974-03-29T07:54:11.000Z,255.34549,255.81449,0
1974-03-29T08:59:27.000Z,255.385,255.855,0
1974-03-29T10:04:26.000Z,255.34549,255.81449,0
1974-03-29T11:02:36.000Z,255.385,255.855,0
1974-03-29T12:00:29.000Z,255.3855,255.8545,0
1974-03-29T12:58:23.000Z,255.385,255.855,0
1974-03-29T13:56:16.000Z,255.3855,255.8545,0
1974-03-29T14:54:26.000Z,255.385,255.855,0
1974-03-29T15:52:19.000Z,255.385,255.855,0
1974-03-29T16:50:13.000Z,255.385,255.855,0
1974-03-29T17:48:22.000Z,255.385,255.855,0
1974-03-29T18:46:16.000Z,255.3855,255.8545,0
1974-03-29T19:44:09.000Z,255.3855,255.8545,0
1974-03-29T20:42:03.000Z,255.3555,255.8245,0
1974-03-29T21:40:12.000Z,255.3555,255.8245,0
1974-03-29T22:38:06.000Z,255.3855,255.8545,0
1974-03-29T23:35:59.000Z,255.3555,255.8245,0
1974-03-30T00:33:53.000Z,255.3555,255.8245,0
1974-03-30T01:32:03.000Z,255.3555,255.8245,0
1974-03-30T02:29:56.000Z,255.3555,255.8245,0
1974-03-30T03:27:49.000Z,255.3855,255.8545,0
1974-03-30T04:25:43.000Z,255.3855,255.8545,0
1974-03-30T05:23:53.000Z,255.3555,255.8245,0
1974-03-30T06:21:46.000Z,255.3555,255.8245,0
1974-03-30T07:19:39.000Z,255.3555,255.8245,0
1974-03-30T08:17:33.000Z,255.3855,255.8545,0
1974-03-30T09:15:43.000Z,255.356,255.824,0
1974-03-30T09:59:08.000Z,255.3555,255.8245,0
1974-03-30T10:49:55.000Z,255.3555,255.8245,0
1974-03-30T11:47:48.000Z,255.356,255.824,0
1974-03-30T12:45:42.000Z,255.356,255.824,0
1974-03-30T13:43:35.000Z,255.41549,255.88449,0
1974-03-30T14:41:45.000Z,255.3855,255.8545,0
1974-03-30T15:39:38.000Z,255.3855,255.8545,0
1974-03-30T16:37:32.000Z,255.3555,255.8245,0
1974-03-30T17:28:19.000Z,255.356,255.824,0
1974-03-30T18:26:13.000Z,255.41599,255.88399,0
1974-03-30T19:24:06.000Z,255.356,255.824,0
1974-03-30T20:22:16.000Z,255.386,255.854,0
1974-03-30T21:20:09.000Z,255.386,255.854,0
1974-03-30T22:18:03.000Z,255.34599,255.81399,0
1974-03-30T23:16:12.000Z,255.41599,255.88399,0
1974-03-31T00:14:06.000Z,255.386,255.854,0
1974-03-31T01:11:59.000Z,255.41599,255.88399,0
1974-03-31T02:09:53.000Z,255.386,255.854,0
1974-03-31T02:53:34.000Z,255.41599,255.88399,0
1974-03-31T03:51:28.000Z,255.41599,255.88399,0
1974-03-31T04:49:21.000Z,255.41599,255.88399,0
1974-03-31T05:47:14.000Z,255.41599,255.88399,0
1974-03-31T06:45:24.000Z,255.386,255.854,0
1974-03-31T07:43:18.000Z,255.41649,255.88349,0
1974-03-31T08:41:11.000Z,255.3865,255.8535,0
1974-03-31T09:39:04.000Z,255.34599,255.81399,0
1974-03-31T10:37:14.000Z,255.41599,255.88399,0
1974-03-31T11:35:08.000Z,255.3865,255.8535,0
1974-03-31T12:33:01.000Z,255.386,255.854,0
1974-03-31T13:30:54.000Z,255.386,255.854,0
1974-03-31T14:29:04.000Z,255.3865,255.8535,0
1974-03-31T15:26:58.000Z,255.3865,255.8535,0
1974-03-31T16:24:51.000Z,255.3865,255.8535,0
1974-03-31T17:22:44.000Z,255.386,255.854,0
1974-03-31T18:20:54.000Z,255.3865,255.8535,0
1974-03-31T19:18:48.000Z,255.3865,255.8535,0
1974-03-31T20:16:41.000Z,255.3865,255.8535,0
1974-03-31T21:14:51.000Z,255.34649,255.81349,0
1974-03-31T22:12:44.000Z,255.3865,255.8535,0
1974-03-31T22:41:41.000Z,255.387,255.853,0
1974-03-31T23:39:34.000Z,255.3865,255.8535,0
1974-04-01T00:01:25.000Z,255.3865,255.8535,0
1974-04-01T00:22:59.000Z,255.3865,255.8535,0
1974-04-01T01:28:15.000Z,255.387,255.853,0
1974-04-01T02:11:40.000Z,255.3865,255.8535,0
1974-04-01T02:40:53.000Z,255.41649,255.88349,0
1974-04-01T03:38:47.000Z,255.41649,255.88349,0
1974-04-01T04:36:40.000Z,255.3865,255.8535,0
1974-04-01T05:27:28.000Z,255.387,255.853,0
1974-04-01T05:41:56.000Z,255.3865,255.8535,0
1974-04-01T06:32:43.000Z,255.387,255.853,0
1974-04-01T06:54:18.000Z,255.41599,255.88399,0
1974-04-01T07:16:08.000Z,255.3865,255.8535,0
1974-04-01T08:14:02.000Z,255.3865,255.8535,0
1974-04-01T08:35:53.000Z,255.41699,255.88299,0
1974-04-01T09:33:46.000Z,255.387,255.853,0
1974-04-01T10:24:33.000Z,255.387,255.853,0
1974-04-01T11:00:36.000Z,255.387,255.853,0
1974-04-01T11:15:04.000Z,255.3865,255.8535,0
1974-04-01T11:44:17.000Z,255.3865,255.8535,0
1974-04-01T12:42:11.000Z,255.387,255.853,0
1974-04-01T13:40:04.000Z,255.41649,255.88349,0
1974-04-01T14:37:58.000Z,255.387,255.853,0
1974-04-01T15:36:07.000Z,255.387,255.853,0
1974-04-01T16:34:01.000Z,255.3865,255.8535,0
1974-04-01T17:24:48.000Z,255.387,255.853,0
1974-04-01T17:39:17.000Z,255.387,255.853,0
1974-04-01T17:46:23.000Z,255.387,255.853,0
1974-04-01T18:22:42.000Z,255.387,255.853,0
1974-04-01T18:29:48.000Z,255.387,255.853,0
1974-04-01T19:06:07.000Z,255.387,255.853,0
1974-04-01T20:04:00.000Z,255.387,255.853,0
1974-04-01T21:09:16.000Z,255.34699,255.81299,0
1974-04-01T21:16:38.000Z,255.41699,255.88299,0
1974-04-01T21:45:35.000Z,255.387,255.853,0
1974-04-01T22:43:28.000Z,255.387,255.853,0
1974-04-01T23:41:22.000Z,255.387,255.853,0
1974-04-02T00:39:32.000Z,255.387,255.853,0
1974-04-02T01:37:25.000Z,255.387,255.853,0
1974-04-02T02:35:18.000Z,255.387,255.853,0
1974-04-02T03:33:12.000Z,255.387,255.853,0
1974-04-02T04:31:22.000Z,255.41699,255.88299,0
1974-04-02T05:29:15.000Z,255.34699,255.81299,0
1974-04-02T06:48:59.000Z,255.41699,255.88299,0
1974-04-02T07:34:19.000Z,255.41699,255.88299,0
1974-04-02T08:39:18.000Z,255.387,255.853,0
1974-04-02T09:37:28.000Z,255.41699,255.88299,0
1974-04-02T10:35:22.000Z,255.41699,255.88299,0
1974-04-02T11:33:15.000Z,255.41699,255.88299,0
1974-04-02T12:31:08.000Z,255.387,255.853,0
1974-04-02T13:29:18.000Z,255.3875,255.8525,0
1974-04-02T14:27:12.000Z,255.41699,255.88299,0
1974-04-02T15:25:05.000Z,255.3875,255.8525,0
1974-04-02T16:23:15.000Z,255.41749,255.88249,0
1974-04-02T17:21:08.000Z,255.387,255.853,0
1974-04-02T18:19:02.000Z,255.41749,255.88249,0
1974-04-02T18:33:30.000Z,255.3875,255.8525,0
1974-04-02T19:31:23.000Z,255.41749,255.88249,0
1974-04-02T20:29:33.000Z,255.41749,255.88249,0
1974-04-02T21:27:27.000Z,255.41749,255.88249,0
1974-04-02T22:25:20.000Z,255.41699,255.88299,0
1974-04-02T23:23:13.000Z,255.41699,255.88299,0
1974-04-03T00:28:29.000Z,255.41799,255.88199,0
1974-04-03T00:35:51.000Z,255.41649,255.88349,0
1974-04-03T01:11:54.000Z,255.388,255.852,0
1974-04-03T01:48:13.000Z,255.41749,255.88249,0
1974-04-03T02:39:01.000Z,255.3875,255.8525,0
1974-04-03T03:36:54.000Z,255.41749,255.88249,0
1974-04-03T04:34:47.000Z,255.41699,255.88299,0
1974-04-03T05:32:57.000Z,255.41749,255.88249,0
1974-04-03T06:30:51.000Z,255.45747,255.92247,0
1974-04-03T07:28:44.000Z,255.44749,255.91249,0
1974-04-03T08:26:38.000Z,255.44749,255.91249,0
1974-04-03T09:24:47.000Z,255.41749,255.88249,0
1974-04-03T10:22:41.000Z,255.41749,255.88249,0
1974-04-03T11:20:34.000Z,255.44749,255.91249,0
1974-04-03T12:18:44.000Z,255.44799,255.91199,0
1974-04-03T13:16:37.000Z,255.41799,255.88199,0
1974-04-03T14:14:31.000Z,255.41749,255.88249,0
1974-04-03T15:12:24.000Z,255.37749,255.84249,0
1974-04-03T15:53:22.000Z,255.41749,255.88249,0
1974-04-03T16:51:15.000Z,255.41749,255.88249,0
1974-04-03T17:49:09.000Z,255.44749,255.91249,0
1974-04-03T18:47:02.000Z,255.44749,255.91249,0
1974-04-03T19:01:30.000Z,255.388,255.852,0
1974-04-03T19:23:21.000Z,255.41699,255.88299,0
1974-04-03T20:21:14.000Z,255.44749,255.91249,0
1974-04-03T21:04:56.000Z,255.41799,255.88199,0
1974-04-03T21:19:24.000Z,255.41749,255.88249,0
1974-04-03T21:33:53.000Z,255.44799,255.91199,0
1974-04-03T22:02:49.000Z,255.41749,255.88249,0
1974-04-03T22:17:18.000Z,255.388,255.852,0
1974-04-03T22:31:46.000Z,255.41599,255.88399,0
1974-04-03T23:29:39.000Z,255.44799,255.91199,0
1974-04-04T00:27:49.000Z,255.41749,255.88249,0
1974-04-04T01:25:43.000Z,255.44799,255.91199,0
1974-04-04T02:23:36.000Z,255.41799,255.88199,0
1974-04-04T03:21:29.000Z,255.3875,255.8525,0
1974-04-04T03:57:48.000Z,255.41799,255.88199,0
1974-04-04T04:26:45.000Z,255.388,255.852,0
1974-04-04T06:08:20.000Z,255.44749,255.91249,0
1974-04-04T06:29:54.000Z,255.41749,255.88249,0
1974-04-04T07:42:33.000Z,255.41799,255.88199,0
1974-04-04T08:40:26.000Z,255.388,255.852,0
1974-04-04T09:23:51.000Z,255.41749,255.88249,0
1974-04-04T10:29:07.000Z,255.388,255.852,0
1974-04-04T10:50:41.000Z,255.41749,255.88249,0
1974-04-04T11:48:51.000Z,255.41799,255.88199,0
1974-04-04T12:46:44.000Z,255.41799,255.88199,0
1974-04-04T13:44:38.000Z,255.388,255.852,0
1974-04-04T14:42:31.000Z,255.41799,255.88199,0
1974-04-04T15:40:41.000Z,255.41799,255.88199,0
1974-04-04T16:38:34.000Z,255.388,255.852,0
1974-04-04T17:36:28.000Z,255.388,255.852,0
1974-04-04T18:34:38.000Z,255.41799,255.88199,0
1974-04-04T19:32:31.000Z,255.41799,255.88199,0
1974-04-04T20:37:47.000Z,255.388,255.852,0
1974-04-04T20:44:53.000Z,255.388,255.852,0
1974-04-04T21:13:49.000Z,255.44799,255.91199,0
1974-04-04T22:11:59.000Z,255.41799,255.88199,0
1974-04-04T23:09:53.000Z,255.44799,255.91199,0
1974-04-05T00:00:40.000Z,255.44799,255.91199,0
1974-04-05T00:58:33.000Z,255.388,255.852,0
1974-04-05T01:56:27.000Z,255.388,255.852,0
1974-04-05T02:54:20.000Z,255.44799,255.91199,0
1974-04-05T03:52:30.000Z,255.3885,255.8515,0
1974-04-05T04:50:23.000Z,255.41799,255.88199,0
1974-04-05T05:48:17.000Z,255.41799,255.88199,0
1974-04-05T06:46:10.000Z,255.44849,255.91149,0
1974-04-05T07:44:20.000Z,255.41799,255.88199,0
1974-04-05T08:42:13.000Z,255.41799,255.88199,0
1974-04-05T09:40:07.000Z,255.41799,255.88199,0
1974-04-05T10:38:00.000Z,255.44799,255.91199,0
1974-04-05T11:07:13.000Z,255.44799,255.91199,0
1974-04-05T12:05:07.000Z,255.388,255.852,0
1974-04-05T13:03:00.000Z,255.41849,255.88149,0
1974-04-05T14:00:54.000Z,255.44799,255.91199,0
1974-04-05T14:59:03.000Z,255.41799,255.88199,0
1974-04-05T15:56:57.000Z,255.44849,255.91149,0
1974-04-05T16:54:50.000Z,255.44849,255.91149,0
1974-04-05T17:52:44.000Z,255.44799,255.91199,0
1974-04-05T18:50:53.000Z,255.41849,255.88149,0
1974-04-05T19:19:50.000Z,255.44799,255.91199,0
1974-04-05T20:12:16.000Z,255.44799,255.91199,0
1974-04-05T21:10:26.000Z,255.44849,255.91149,0
1974-04-05T22:08:19.000Z,255.44849,255.91149,0
1974-04-05T23:06:12.000Z,255.44849,255.91149,0
1974-04-06T00:04:06.000Z,255.44849,255.91149,0
1974-04-06T01:02:16.000Z,255.41849,255.88149,0
1974-04-06T02:00:09.000Z,255.41849,255.88149,0
1974-04-06T02:58:02.000Z,255.41849,255.88149,0
1974-04-06T03:55:56.000Z,255.41849,255.88149,0
1974-04-06T04:46:43.000Z,255.41849,255.88149,0
1974-04-06T05:44:37.000Z,255.41849,255.88149,0
1974-04-06T06:42:46.000Z,255.44849,255.91149,0
1974-04-06T07:40:40.000Z,255.48847,255.95147,0
1974-04-06T08:38:33.000Z,255.37849,255.84149,0
1974-04-06T09:36:27.000Z,255.41899,255.88099,0
1974-04-06T10:34:36.000Z,255.41899,255.88099,0
1974-04-06T11:32:30.000Z,255.41849,255.88149,0
1974-04-06T12:30:23.000Z,255.389,255.851,0
1974-04-06T13:28:33.000Z,255.41849,255.88149,0
1974-04-06T14:26:27.000Z,255.41849,255.88149,0
1974-04-06T15:24:20.000Z,255.389,255.851,0
1974-04-06T16:22:13.000Z,255.41899,255.88099,0
1974-04-06T17:20:23.000Z,255.41899,255.88099,0
1974-04-06T18:18:17.000Z,255.41899,255.88099,0
1974-04-06T19:16:10.000Z,255.41899,255.88099,0
1974-04-06T19:59:35.000Z,255.389,255.851,0
1974-04-06T20:57:45.000Z,255.41849,255.88149,0
1974-04-06T21:55:38.000Z,255.41899,255.88099,0
1974-04-06T22:10:07.000Z,255.41899,255.88099,0
1974-04-06T23:08:00.000Z,255.41899,255.88099,0
1974-04-06T23:29:51.000Z,255.41899,255.88099,0
1974-04-06T23:44:19.000Z,255.41899,255.88099,0
1974-04-07T00:13:16.000Z,255.41899,255.88099,0
1974-04-07T00:27:44.000Z,255.41899,255.88099,0
1974-04-07T00:56:41.000Z,255.41899,255.88099,0
1974-04-07T01:18:31.000Z,255.44899,255.91099,0
1974-04-07T01:47:28.000Z,255.389,255.851,0
1974-04-07T02:16:25.000Z,255.41899,255.88099,0
1974-04-07T02:30:53.000Z,255.389,255.851,0
1974-04-07T02:59:50.000Z,255.41899,255.88099,0
1974-04-07T03:14:18.000Z,255.41899,255.88099,0
1974-04-07T03:43:31.000Z,255.389,255.851,0
1974-04-07T04:05:06.000Z,255.389,255.851,0
1974-04-07T04:41:25.000Z,255.41899,255.88099,0
1974-04-07T05:39:18.000Z,255.41899,255.88099,0
1974-04-07T06:37:12.000Z,255.389,255.851,0
1974-04-07T07:35:21.000Z,255.41899,255.88099,0
1974-04-07T08:33:15.000Z,255.389,255.851,0
1974-04-07T09:31:08.000Z,255.41899,255.88099,0
1974-04-07T10:29:02.000Z,255.389,255.851,0
1974-04-07T11:27:11.000Z,255.41899,255.88099,0
1974-04-07T11:56:08.000Z,255.44899,255.91099,0
1974-04-07T12:54:02.000Z,255.41899,255.88099,0
1974-04-07T13:30:04.000Z,255.41899,255.88099,0
1974-04-07T14:28:14.000Z,255.41899,255.88099,0
1974-04-07T15:26:07.000Z,255.3895,255.8505,0
1974-04-07T16:24:17.000Z,255.41899,255.88099,0
1974-04-07T17:22:11.000Z,255.3895,255.8505,0
1974-04-07T18:20:04.000Z,255.389,255.851,0
1974-04-07T19:17:57.000Z,255.3895,255.8505,0
1974-04-07T20:16:07.000Z,255.3895,255.8505,0
1974-04-07T21:14:01.000Z,255.41949,255.88049,0
1974-04-07T22:11:54.000Z,255.41949,255.88049,0
1974-04-07T23:09:47.000Z,255.41899,255.88099,0
1974-04-07T23:24:16.000Z,255.3895,255.8505,0
1974-04-08T00:22:26.000Z,255.41899,255.88099,0
1974-04-08T01:20:19.000Z,255.3895,255.8505,0
1974-04-08T02:18:12.000Z,255.41949,255.88049,0
1974-04-08T03:16:22.000Z,255.3895,255.8505,0
1974-04-08T04:14:16.000Z,255.3895,255.8505,0
1974-04-08T05:12:09.000Z,255.3895,255.8505,0
1974-04-08T06:10:02.000Z,255.3895,255.8505,0
1974-04-08T07:08:12.000Z,255.3895,255.8505,0
1974-04-08T08:06:06.000Z,255.3895,255.8505,0
1974-04-08T09:03:59.000Z,255.41949,255.88049,0
1974-04-08T10:01:52.000Z,255.3895,255.8505,0
1974-04-08T11:00:02.000Z,255.3895,255.8505,0
1974-04-08T11:57:56.000Z,255.41949,255.88049,0
1974-04-08T12:55:49.000Z,255.3895,255.8505,0
1974-04-08T13:53:42.000Z,255.3895,255.8505,0
1974-04-08T15:18:54.000Z,255.3895,255.8505,0
1974-04-08T16:16:48.000Z,255.3895,255.8505,0
1974-04-08T17:14:57.000Z,255.3895,255.8505,0
1974-04-08T18:12:51.000Z,255.3895,255.8505,0
1974-04-08T19:10:44.000Z,255.3895,255.8505,0
1974-04-08T20:08:54.000Z,255.41949,255.88049,0
1974-04-08T21:06:47.000Z,255.41949,255.88049,0
1974-04-08T22:04:41.000Z,255.3895,255.8505,0
1974-04-08T23:02:34.000Z,255.3895,255.8505,0
1974-04-09T00:00:44.000Z,255.3895,255.8505,0
1974-04-09T00:58:38.000Z,255.44949,255.91049,0
1974-04-09T01:56:31.000Z,255.3895,255.8505,0
1974-04-09T02:54:24.000Z,255.3895,255.8505,0
1974-04-09T03:52:34.000Z,255.41949,255.88049,0
1974-04-09T04:50:28.000Z,255.41999,255.87999,0
1974-04-09T05:48:21.000Z,255.41949,255.88049,0
1974-04-09T06:46:14.000Z,255.3895,255.8505,0
1974-04-09T07:51:30.000Z,255.41949,255.88049,0
1974-04-09T09:04:08.000Z,255.3895,255.8505,0
1974-04-09T09:25:43.000Z,255.3895,255.8505,0
1974-04-09T09:47:33.000Z,255.44999,255.90999,0
1974-04-09T10:45:27.000Z,255.3895,255.8505,0
1974-04-09T11:43:20.000Z,255.3895,255.8505,0
1974-04-09T12:41:30.000Z,255.41999,255.87999,0
1974-04-09T13:39:23.000Z,255.39,255.85,0
1974-04-09T14:37:17.000Z,255.39,255.85,0
1974-04-09T15:35:10.000Z,255.41999,255.87999,0
1974-04-09T16:33:20.000Z,255.41999,255.87999,0
1974-04-09T17:31:13.000Z,255.41999,255.87999,0
1974-04-09T18:29:07.000Z,255.41999,255.87999,0
1974-04-09T19:27:00.000Z,255.41999,255.87999,0
1974-04-09T20:25:10.000Z,255.36,255.82,0
1974-04-09T21:23:03.000Z,255.44999,255.90999,0
1974-04-09T22:20:57.000Z,255.39,255.85,0
1974-04-09T23:19:07.000Z,255.34999,255.80999,0
1974-04-10T00:17:00.000Z,255.39,255.85,0
1974-04-10T01:14:53.000Z,255.39,255.85,0
1974-04-10T02:12:47.000Z,255.44999,255.90999,0
1974-04-10T03:18:03.000Z,255.41999,255.87999,0
1974-04-10T03:25:25.000Z,255.41999,255.87999,0
1974-04-10T04:23:18.000Z,255.41999,255.87999,0
1974-04-10T05:28:34.000Z,255.3905,255.8495,0
1974-04-10T06:26:28.000Z,255.39,255.85,0
1974-04-10T07:02:47.000Z,255.41999,255.87999,0
1974-04-10T08:00:40.000Z,255.39,255.85,0
1974-04-10T08:58:33.000Z,255.3905,255.8495,0
1974-04-10T09:56:27.000Z,255.41999,255.87999,0
1974-04-10T10:54:37.000Z,255.36,255.82,0
1974-04-10T11:52:30.000Z,255.41999,255.87999,0
1974-04-10T12:50:23.000Z,255.38049,255.83949,0
1974-04-10T13:48:17.000Z,255.3905,255.8495,0
1974-04-10T14:46:27.000Z,255.42049,255.87949,0
1974-04-10T15:44:20.000Z,255.35049,255.80949,0
1974-04-10T16:42:13.000Z,255.41999,255.87999,0
1974-04-10T17:40:23.000Z,255.38049,255.83949,0
1974-04-10T18:38:17.000Z,255.44999,255.90999,0
1974-04-10T19:36:10.000Z,255.38049,255.83949,0
1974-04-10T20:34:03.000Z,255.44999,255.90999,0
1974-04-10T21:32:13.000Z,255.42049,255.87949,0
1974-04-10T22:30:07.000Z,255.38049,255.83949,0
1974-04-10T23:28:00.000Z,255.42049,255.87949,0
1974-04-11T00:25:53.000Z,255.38049,255.83949,0
1974-04-11T01:31:09.000Z,255.38049,255.83949,0
1974-04-11T02:29:03.000Z,255.38049,255.83949,0
1974-04-11T03:56:09.000Z,255.38049,255.83949,0
1974-04-11T04:46:57.000Z,255.41048,255.86948,0
1974-04-11T05:44:50.000Z,255.41048,255.86948,0
1974-04-11T05:59:18.000Z,255.41048,255.86948,0
1974-04-11T06:28:15.000Z,255.41048,255.86948,0
1974-04-11T07:11:40.000Z,255.41048,255.86948,0
1974-04-11T07:26:08.000Z,255.37048,255.82948,0
1974-04-11T08:24:18.000Z,255.41048,255.86948,0
1974-04-11T09:22:12.000Z,255.37048,255.82948,0
1974-04-11T10:20:05.000Z,255.37048,255.82948,0
1974-04-11T11:17:58.000Z,255.40047,255.85947,0
1974-04-11T12:16:08.000Z,255.43047,255.88947,0
1974-04-11T13:14:02.000Z,255.3905,255.8495,0
1974-04-11T14:11:55.000Z,255.35049,255.80949,0
1974-04-11T15:09:48.000Z,255.35049,255.80949,0
1974-04-11T16:07:58.000Z,255.38049,255.83949,0
1974-04-11T17:05:52.000Z,255.38049,255.83949,0
1974-04-11T18:03:45.000Z,255.38099,255.83899,0
1974-04-11T19:01:39.000Z,255.41048,255.86948,0
1974-04-11T19:59:48.000Z,255.40097,255.85897,0
1974-04-11T20:57:42.000Z,255.391,255.849,0
1974-04-11T21:55:35.000Z,255.391,255.849,0
1974-04-11T22:53:29.000Z,255.3905,255.8495,0
1974-04-11T23:51:38.000Z,255.391,255.849,0
1974-04-12T00:20:35.000Z,255.331,255.789,0
1974-04-12T00:42:09.000Z,255.40097,255.85897,0
1974-04-12T02:52:41.000Z,255.41098,255.86898,0
1974-04-12T03:50:34.000Z,255.41098,255.86898,0
1974-04-12T04:48:44.000Z,255.40097,255.85897,0
1974-04-12T05:03:12.000Z,255.361,255.819,0
1974-04-12T05:24:47.000Z,255.40097,255.85897,0
1974-04-12T06:22:57.000Z,255.38099,255.83899,0
1974-04-12T07:20:50.000Z,255.35099,255.80899,0
1974-04-12T07:56:53.000Z,255.34098,255.79898,0
1974-04-12T08:55:02.000Z,255.38099,255.83899,0
1974-04-12T09:52:56.000Z,255.41098,255.86898,0
1974-04-12T10:50:49.000Z,255.40097,255.85897,0
1974-04-12T11:48:43.000Z,255.40097,255.85897,0
1974-04-12T12:17:56.000Z,255.37098,255.82898,0
1974-04-12T12:32:24.000Z,255.37098,255.82898,0
1974-04-12T13:22:55.000Z,255.34098,255.79898,0
1974-04-12T14:21:05.000Z,255.37098,255.82898,0
1974-04-12T15:06:25.000Z,255.40097,255.85897,0
1974-04-12T15:49:50.000Z,255.37098,255.82898,0
1974-04-12T16:25:52.000Z,255.40097,255.85897,0
1974-04-12T16:54:49.000Z,255.37098,255.82898,0
1974-04-12T17:52:59.000Z,255.37098,255.82898,0
1974-04-12T18:50:52.000Z,255.37098,255.82898,0
1974-04-12T19:48:46.000Z,255.40097,255.85897,0
1974-04-12T20:46:56.000Z,255.40097,255.85897,0
1974-04-12T21:44:49.000Z,255.40097,255.85897,0
1974-04-12T22:42:42.000Z,255.43097,255.88897,0
1974-04-12T23:40:36.000Z,255.40097,255.85897,0
1974-04-13T03:17:57.000Z,255.391,255.849,0
1974-04-13T04:16:07.000Z,255.42099,255.87899,0
1974-04-13T05:14:01.000Z,255.391,255.849,0
1974-04-13T06:11:54.000Z,255.35149,255.80849,0
1974-04-13T07:09:47.000Z,255.38149,255.83849,0
1974-04-13T08:07:57.000Z,255.35149,255.80849,0
1974-04-13T09:05:51.000Z,255.38149,255.83849,0
1974-04-13T10:03:44.000Z,255.38149,255.83849,0
1974-04-13T11:01:37.000Z,255.38099,255.83899,0
1974-04-13T11:59:47.000Z,255.38149,255.83849,0
1974-04-13T12:57:41.000Z,255.38149,255.83849,0
1974-04-13T13:55:34.000Z,255.38149,255.83849,0
1974-04-13T14:53:27.000Z,255.38099,255.83899,0
1974-04-13T15:51:37.000Z,255.38149,255.83849,0
1974-04-13T16:49:31.000Z,255.34148,255.79848,0
1974-04-13T17:47:24.000Z,255.41098,255.86898,0
1974-04-13T18:45:18.000Z,255.41148,255.86848,0
1974-04-13T19:43:27.000Z,255.38149,255.83849,0
1974-04-13T20:41:21.000Z,255.41148,255.86848,0
1974-04-13T21:39:14.000Z,255.38149,255.83849,0
1974-04-13T22:37:24.000Z,255.41148,255.86848,0
1974-04-13T23:35:17.000Z,255.41148,255.86848,0
1974-04-14T00:33:11.000Z,255.40147,255.85847,0
1974-04-14T01:31:04.000Z,255.44148,255.89848,0
1974-04-14T02:14:46.000Z,255.37148,255.82848,0
1974-04-14T03:12:39.000Z,255.40147,255.85847,0
1974-04-14T04:10:32.000Z,255.44148,255.89848,0
1974-04-14T05:08:26.000Z,255.40147,255.85847,0
1974-04-14T06:06:36.000Z,255.40147,255.85847,0
1974-04-14T07:04:29.000Z,255.40147,255.85847,0
1974-04-14T08:02:22.000Z,255.40147,255.85847,0
1974-04-14T09:00:16.000Z,255.44148,255.89848,0
1974-04-14T09:58:26.000Z,255.40147,255.85847,0
1974-04-14T10:56:19.000Z,255.40147,255.85847,0
1974-04-14T11:54:12.000Z,255.3915,255.8485,0
1974-04-14T12:52:06.000Z,255.362,255.818,0
1974-04-14T13:50:16.000Z,255.362,255.818,0
1974-04-14T14:48:09.000Z,255.40147,255.85847,0
1974-04-14T15:46:02.000Z,255.40147,255.85847,0
1974-04-14T16:43:56.000Z,255.362,255.818,0
1974-04-14T17:42:06.000Z,255.392,255.848,0
1974-04-14T18:39:59.000Z,255.362,255.818,0
1974-04-14T19:37:52.000Z,255.40197,255.85797,0
1974-04-14T20:35:46.000Z,255.43147,255.88847,0
1974-04-14T21:33:56.000Z,255.392,255.848,0
1974-04-14T22:31:49.000Z,255.392,255.848,0
1974-04-14T23:29:42.000Z,255.3615,255.8185,0
1974-04-15T00:27:52.000Z,255.42199,255.87799,0
1974-04-15T01:25:46.000Z,255.392,255.848,0
1974-04-15T02:23:39.000Z,255.3915,255.8485,0
1974-04-15T03:21:32.000Z,255.42199,255.87799,0
1974-04-15T04:19:42.000Z,255.392,255.848,0
1974-04-15T05:17:36.000Z,255.392,255.848,0
1974-04-15T06:15:29.000Z,255.392,255.848,0
1974-04-15T07:13:23.000Z,255.42199,255.87799,0
1974-04-15T08:11:32.000Z,255.392,255.848,0
1974-04-15T09:09:26.000Z,255.42199,255.87799,0
1974-04-15T09:38:22.000Z,255.42199,255.87799,0
1974-04-15T10:36:16.000Z,255.42199,255.87799,0
1974-04-15T11:34:26.000Z,255.42199,255.87799,0
1974-04-15T12:03:22.000Z,255.42199,255.87799,0
1974-04-15T13:01:16.000Z,255.392,255.848,0
1974-04-15T13:59:09.000Z,255.3925,255.8475,0
1974-04-15T15:39:38.000Z,255.42199,255.87799,0
1974-04-15T16:37:48.000Z,255.42199,255.87799,0
1974-04-15T17:35:42.000Z,255.42199,255.87799,0
1974-04-15T18:33:35.000Z,255.42199,255.87799,0
1974-04-15T19:31:28.000Z,255.3925,255.8475,0
1974-04-15T20:29:38.000Z,255.42199,255.87799,0
1974-04-15T21:27:32.000Z,255.392,255.848,0
1974-04-15T22:25:25.000Z,255.392,255.848,0
1974-04-15T23:23:18.000Z,255.42249,255.87749,0
1974-04-16T00:21:28.000Z,255.3925,255.8475,0
1974-04-16T01:19:22.000Z,255.3925,255.8475,0
1974-04-16T02:17:15.000Z,255.3925,255.8475,0
1974-04-16T03:08:03.000Z,255.42199,255.87799,0
1974-04-16T04:05:56.000Z,255.3925,255.8475,0
1974-04-16T05:03:49.000Z,255.3925,255.8475,0
1974-04-16T06:01:59.000Z,255.3925,255.8475,0
1974-04-16T06:59:53.000Z,255.35249,255.80749,0
1974-04-16T07:57:46.000Z,255.42249,255.87749,0
1974-04-16T08:55:56.000Z,255.3925,255.8475,0
1974-04-16T09:53:49.000Z,255.3925,255.8475,0
1974-04-16T10:51:43.000Z,255.3925,255.8475,0
1974-04-16T11:49:36.000Z,255.35249,255.80749,0
1974-04-16T12:47:46.000Z,255.35249,255.80749,0
1974-04-16T13:45:39.000Z,255.3925,255.8475,0
1974-04-16T14:36:27.000Z,255.38249,255.83749,0
1974-04-16T15:34:20.000Z,255.38249,255.83749,0
1974-04-16T16:32:13.000Z,255.35249,255.80749,0
1974-04-16T17:30:07.000Z,255.38249,255.83749,0
1974-04-16T18:28:17.000Z,255.42249,255.87749,0
1974-04-16T19:26:10.000Z,255.42249,255.87749,0
1974-04-16T20:24:03.000Z,255.42249,255.87749,0
1974-04-16T21:21:57.000Z,255.3925,255.8475,0
1974-04-16T22:20:07.000Z,255.38249,255.83749,0
1974-04-16T23:18:00.000Z,255.35249,255.80749,0
1974-04-17T00:01:25.000Z,255.38249,255.83749,0
1974-04-17T00:59:18.000Z,255.41248,255.86748,0
1974-04-17T01:57:28.000Z,255.38249,255.83749,0
1974-04-17T02:55:22.000Z,255.38249,255.83749,0
1974-04-17T03:53:15.000Z,255.45249,255.90749,0
1974-04-17T04:51:08.000Z,255.38249,255.83749,0
1974-04-17T05:49:18.000Z,255.41248,255.86748,0
1974-04-17T06:54:18.000Z,255.41298,255.86698,0
1974-04-17T07:52:27.000Z,255.41248,255.86748,0
1974-04-17T08:50:21.000Z,255.38249,255.83749,0
1974-04-17T09:48:14.000Z,255.41248,255.86748,0
1974-04-17T10:46:08.000Z,255.41248,255.86748,0
1974-04-17T11:36:55.000Z,255.41298,255.86698,0
1974-04-17T12:34:49.000Z,255.45249,255.90749,0
1974-04-17T13:32:58.000Z,255.41298,255.86698,0
1974-04-17T14:30:52.000Z,255.37248,255.82748,0
1974-04-17T15:21:23.000Z,255.41248,255.86748,0
1974-04-17T16:19:33.000Z,255.41298,255.86698,0
1974-04-17T17:17:26.000Z,255.41298,255.86698,0
1974-04-17T18:15:36.000Z,255.45299,255.90699,0
1974-04-17T19:13:29.000Z,255.41298,255.86698,0
1974-04-17T20:11:23.000Z,255.37298,255.82698,0
1974-04-17T21:09:16.000Z,255.41298,255.86698,0
1974-04-17T22:07:26.000Z,255.37298,255.82698,0
1974-04-17T22:43:28.000Z,255.37298,255.82698,0
1974-04-17T23:41:22.000Z,255.41298,255.86698,0
1974-04-18T00:39:32.000Z,255.41298,255.86698,0
1974-04-18T01:37:25.000Z,255.41298,255.86698,0
1974-04-18T02:35:18.000Z,255.41298,255.86698,0
1974-04-18T03:33:28.000Z,255.333,255.787,0
1974-04-18T04:31:22.000Z,255.41298,255.86698,0
1974-04-18T05:29:15.000Z,255.37298,255.82698,0
1974-04-18T06:27:08.000Z,255.45299,255.90699,0
1974-04-18T07:25:18.000Z,255.37298,255.82698,0
1974-04-18T08:23:12.000Z,255.41298,255.86698,0
1974-04-18T09:21:05.000Z,255.41298,255.86698,0
1974-04-18T10:18:59.000Z,255.41298,255.86698,0
1974-04-18T11:17:08.000Z,255.37298,255.82698,0
1974-04-18T12:15:02.000Z,255.41298,255.86698,0
1974-04-18T13:12:55.000Z,255.37298,255.82698,0
1974-04-18T14:10:49.000Z,255.40297,255.85697,0
1974-04-18T15:08:58.000Z,255.37348,255.82648,0
1974-04-18T16:06:52.000Z,255.37298,255.82698,0
1974-04-18T17:04:45.000Z,255.37298,255.82698,0
1974-04-18T18:02:39.000Z,255.44348,255.89648,0
1974-04-18T19:00:48.000Z,255.37298,255.82698,0
1974-04-18T19:58:42.000Z,255.44298,255.89698,0
1974-04-18T20:56:35.000Z,255.41348,255.86648,0
1974-04-18T21:54:45.000Z,255.41348,255.86648,0
1974-04-18T22:52:38.000Z,255.40347,255.85647,0
1974-04-18T23:50:32.000Z,255.37348,255.82648,0
1974-04-19T00:48:25.000Z,255.41348,255.86648,0
1974-04-19T01:46:35.000Z,255.37348,255.82648,0
1974-04-19T02:44:28.000Z,255.37348,255.82648,0
1974-04-19T03:42:22.000Z,255.40347,255.85647,0
1974-04-19T04:40:15.000Z,255.40347,255.85647,0
1974-04-19T05:38:25.000Z,255.40347,255.85647,0
1974-04-19T06:36:18.000Z,255.40347,255.85647,0
1974-04-19T07:05:15.000Z,255.40347,255.85647,0
1974-04-19T07:19:43.000Z,255.43347,255.88647,0
1974-04-19T08:10:31.000Z,255.37348,255.82648,0
1974-04-19T08:39:28.000Z,255.44348,255.89648,0
1974-04-19T09:22:53.000Z,255.43347,255.88647,0
1974-04-19T09:59:12.000Z,255.41348,255.86648,0
1974-04-19T10:57:05.000Z,255.37348,255.82648,0
1974-04-19T11:54:59.000Z,255.37348,255.82648,0
1974-04-19T12:23:55.000Z,255.40347,255.85647,0
1974-04-19T13:22:05.000Z,255.40347,255.85647,0
1974-04-19T14:19:58.000Z,255.364,255.816,0
1974-04-19T15:06:56.000Z,255.37348,255.82648,0
1974-04-19T16:05:06.000Z,255.43397,255.88597,0
1974-04-19T17:03:00.000Z,255.3635,255.8165,0
1974-04-19T18:08:15.000Z,255.3335,255.7865,0
1974-04-19T19:28:00.000Z,255.43347,255.88647,0
1974-04-19T20:25:53.000Z,255.40347,255.85647,0
1974-04-19T21:23:46.000Z,255.40347,255.85647,0
1974-04-19T22:21:40.000Z,255.364,255.816,0
1974-04-19T23:19:50.000Z,255.43347,255.88647,0
1974-04-20T00:17:43.000Z,255.43397,255.88597,0
1974-04-20T01:15:36.000Z,255.43397,255.88597,0
1974-04-20T04:31:24.000Z,255.43397,255.88597,0
1974-04-20T04:38:30.000Z,255.43397,255.88597,0
1974-04-20T05:36:23.000Z,255.364,255.816,0
1974-04-20T06:34:33.000Z,255.40397,255.85597,0
1974-04-20T07:32:26.000Z,255.40397,255.85597,0
1974-04-20T08:30:20.000Z,255.43397,255.88597,0
1974-04-20T09:28:13.000Z,255.43397,255.88597,0
1974-04-20T10:26:23.000Z,255.43397,255.88597,0
1974-04-20T11:24:16.000Z,255.43397,255.88597,0
1974-04-20T12:22:10.000Z,255.43397,255.88597,0
1974-04-20T13:20:03.000Z,255.394,255.846,0
1974-04-20T14:18:13.000Z,255.43397,255.88597,0
1974-04-20T15:16:06.000Z,255.43397,255.88597,0
1974-04-20T15:52:25.000Z,255.43397,255.88597,0
1974-04-20T16:06:54.000Z,255.43397,255.88597,0
1974-04-20T16:21:22.000Z,255.43397,255.88597,0
1974-04-20T17:33:44.000Z,255.394,255.846,0
1974-04-20T17:41:06.000Z,255.364,255.816,0
1974-04-20T18:10:03.000Z,255.43397,255.88597,0
1974-04-20T19:00:34.000Z,255.394,255.846,0
1974-04-20T19:15:19.000Z,255.394,255.846,0
1974-04-20T19:36:53.000Z,255.394,255.846,0
1974-04-20T19:58:44.000Z,255.394,255.846,0
1974-04-20T20:34:46.000Z,255.394,255.846,0
1974-04-20T20:49:15.000Z,255.40397,255.85597,0
1974-04-20T21:54:31.000Z,255.394,255.846,0
1974-04-20T22:23:27.000Z,255.394,255.846,0
1974-04-20T22:52:40.000Z,255.43397,255.88597,0
1974-04-20T23:21:37.000Z,255.43397,255.88597,0
1974-04-21T00:05:02.000Z,255.394,255.846,0
1974-04-21T01:02:56.000Z,255.394,255.846,0
1974-04-21T02:00:49.000Z,255.394,255.846,0
1974-04-21T02:58:59.000Z,255.394,255.846,0
1974-04-21T03:56:52.000Z,255.394,255.846,0
1974-04-21T04:54:46.000Z,255.394,255.846,0
1974-04-21T05:52:39.000Z,255.3945,255.8455,0
1974-04-21T06:50:49.000Z,255.3945,255.8455,0
1974-04-21T07:48:42.000Z,255.394,255.846,0
1974-04-21T08:46:36.000Z,255.3945,255.8455,0
1974-04-21T09:44:29.000Z,255.3945,255.8455,0
1974-04-21T10:42:39.000Z,255.3945,255.8455,0
1974-04-21T11:40:32.000Z,255.43447,255.88547,0
1974-04-21T12:16:51.000Z,255.394,255.846,0
1974-04-21T13:14:45.000Z,255.3945,255.8455,0
1974-04-21T14:12:38.000Z,255.3945,255.8455,0
1974-04-21T15:10:31.000Z,255.38449,255.83549,0
1974-04-21T16:08:41.000Z,255.3945,255.8455,0
1974-04-21T17:06:35.000Z,255.3945,255.8455,0
1974-04-21T18:04:28.000Z,255.35449,255.80549,0
1974-04-21T18:47:53.000Z,255.3945,255.8455,0
1974-04-21T19:46:03.000Z,255.3945,255.8455,0
1974-04-21T20:43:56.000Z,255.43447,255.88547,0
1974-04-21T20:58:25.000Z,255.3945,255.8455,0
1974-04-21T21:56:18.000Z,255.3945,255.8455,0
1974-04-21T22:54:28.000Z,255.3945,255.8455,0
1974-04-21T23:30:31.000Z,255.3945,255.8455,0
1974-04-22T00:28:24.000Z,255.3945,255.8455,0
1974-04-22T01:26:34.000Z,255.38449,255.83549,0
1974-04-22T02:24:27.000Z,255.3945,255.8455,0
1974-04-22T03:22:21.000Z,255.35449,255.80549,0
1974-04-22T04:20:30.000Z,255.35449,255.80549,0
1974-04-22T05:18:24.000Z,255.38449,255.83549,0
1974-04-22T06:16:17.000Z,255.3945,255.8455,0
1974-04-22T07:14:11.000Z,255.395,255.845,0
1974-04-22T08:12:20.000Z,255.3945,255.8455,0
1974-04-22T09:10:14.000Z,255.3945,255.8455,0
1974-04-22T10:08:07.000Z,255.395,255.845,0
1974-04-22T11:06:01.000Z,255.42499,255.87499,0
1974-04-22T12:04:10.000Z,255.42499,255.87499,0
1974-04-22T13:02:04.000Z,255.3945,255.8455,0
1974-04-22T13:59:57.000Z,255.395,255.845,0
1974-04-22T14:57:51.000Z,255.395,255.845,0
1974-04-22T15:12:19.000Z,255.42499,255.87499,0
1974-04-22T16:00:23.000Z,255.38499,255.83499,0
1974-04-22T16:58:16.000Z,255.35499,255.80499,0
1974-04-22T17:56:26.000Z,255.35499,255.80499,0
1974-04-22T18:54:19.000Z,255.395,255.845,0
1974-04-22T19:52:13.000Z,255.35499,255.80499,0
1974-04-22T20:50:22.000Z,255.38499,255.83499,0
1974-04-22T21:48:16.000Z,255.35499,255.80499,0
1974-04-22T22:46:09.000Z,255.38499,255.83499,0
1974-04-22T23:44:03.000Z,255.395,255.845,0
1974-04-23T00:42:12.000Z,255.38499,255.83499,0
1974-04-23T01:40:06.000Z,255.395,255.845,0
1974-04-23T02:37:59.000Z,255.395,255.845,0
1974-04-23T03:35:53.000Z,255.42499,255.87499,0
1974-04-23T04:34:02.000Z,255.38499,255.83499,0
1974-04-23T05:31:56.000Z,255.38499,255.83499,0
1974-04-23T06:29:49.000Z,255.395,255.845,0
1974-04-23T07:27:43.000Z,255.395,255.845,0
1974-04-23T08:25:52.000Z,255.42499,255.87499,0
1974-04-23T09:23:46.000Z,255.38499,255.83499,0
1974-04-23T10:21:39.000Z,255.42499,255.87499,0
1974-04-23T11:19:33.000Z,255.45549,255.90449,0
1974-04-23T12:17:42.000Z,255.38499,255.83499,0
1974-04-23T13:15:36.000Z,255.38499,255.83499,0
1974-04-23T14:06:23.000Z,255.42549,255.87449,0
1974-04-23T14:27:58.000Z,255.3955,255.8445,0
1974-04-23T15:26:07.000Z,255.38549,255.83449,0
1974-04-23T16:24:01.000Z,255.38549,255.83449,0
1974-04-23T17:21:54.000Z,255.38549,255.83449,0
1974-04-23T18:27:10.000Z,255.45549,255.90449,0
1974-04-23T19:25:03.000Z,255.35549,255.80449,0
1974-04-23T20:22:57.000Z,255.38549,255.83449,0
1974-04-23T21:21:07.000Z,255.38549,255.83449,0
1974-04-23T22:19:00.000Z,255.42549,255.87449,0
1974-04-23T23:16:53.000Z,255.38549,255.83449,0
1974-04-24T00:14:47.000Z,255.42549,255.87449,0
1974-04-24T01:12:57.000Z,255.38549,255.83449,0
1974-04-24T02:10:50.000Z,255.41548,255.86448,0
1974-04-24T03:08:43.000Z,255.38549,255.83449,0
1974-04-24T04:06:53.000Z,255.38549,255.83449,0
1974-04-24T05:04:47.000Z,255.41548,255.86448,0
1974-04-24T06:02:40.000Z,255.41548,255.86448,0
1974-04-24T07:00:33.000Z,255.41548,255.86448,0
1974-04-24T07:58:43.000Z,255.38549,255.83449,0
1974-04-24T08:56:37.000Z,255.38549,255.83449,0
1974-04-24T09:54:30.000Z,255.42549,255.87449,0
1974-04-24T10:52:23.000Z,255.38549,255.83449,0
1974-04-24T11:50:33.000Z,255.41548,255.86448,0
1974-04-24T12:55:33.000Z,255.38549,255.83449,0
1974-04-24T13:53:42.000Z,255.35549,255.80449,0
1974-04-24T14:53:31.000Z,255.41548,255.86448,0
1974-04-24T15:51:24.000Z,255.38549,255.83449,0
1974-04-24T16:20:21.000Z,255.41548,255.86448,0
1974-04-24T16:42:11.000Z,255.38549,255.83449,0
1974-04-24T17:47:11.000Z,255.45549,255.90449,0
1974-04-24T18:45:21.000Z,255.41548,255.86448,0
1974-04-24T19:43:14.000Z,255.42549,255.87449,0
1974-04-24T20:41:07.000Z,255.45549,255.90449,0
1974-04-24T21:39:01.000Z,255.38549,255.83449,0
1974-04-24T22:37:11.000Z,255.41548,255.86448,0
1974-04-24T23:35:04.000Z,255.38599,255.83399,0
1974-04-25T00:04:01.000Z,255.38599,255.83399,0
1974-04-25T01:01:54.000Z,255.41548,255.86448,0
1974-04-25T02:00:04.000Z,255.41598,255.86398,0
1974-04-25T03:19:32.000Z,255.41598,255.86398,0
1974-04-25T03:48:45.000Z,255.38549,255.83449,0
1974-04-25T04:03:13.000Z,255.41548,255.86448,0
1974-04-25T04:24:47.000Z,255.41548,255.86448,0
1974-04-25T04:39:16.000Z,255.38599,255.83399,0
1974-04-25T04:53:44.000Z,255.45549,255.90449,0
1974-04-25T05:15:35.000Z,255.38549,255.83449,0
1974-04-25T05:30:03.000Z,255.38599,255.83399,0
1974-04-25T06:27:57.000Z,255.38549,255.83449,0
1974-04-25T07:26:06.000Z,255.41598,255.86398,0
1974-04-25T08:24:00.000Z,255.45549,255.90449,0
1974-04-25T09:29:16.000Z,255.41598,255.86398,0
1974-04-25T09:36:22.000Z,255.41598,255.86398,0
1974-04-25T10:34:15.000Z,255.38599,255.83399,0
1974-04-25T11:32:25.000Z,255.41598,255.86398,0
1974-04-25T12:30:18.000Z,255.38599,255.83399,0
1974-04-25T13:28:12.000Z,255.38599,255.83399,0
1974-04-25T14:26:05.000Z,255.41598,255.86398,0
1974-04-25T15:24:15.000Z,255.38599,255.83399,0
1974-04-25T16:22:08.000Z,255.38599,255.83399,0
1974-04-25T17:20:02.000Z,255.38599,255.83399,0
1974-04-25T18:17:55.000Z,255.41598,255.86398,0
1974-04-25T19:16:05.000Z,255.41598,255.86398,0
1974-04-25T20:14:15.000Z,255.41598,255.86398,0
1974-04-25T21:11:52.000Z,255.38599,255.83399,0
1974-04-25T22:10:01.000Z,255.38599,255.83399,0
1974-04-25T23:07:55.000Z,255.41648,255.86348,0
1974-04-26T00:05:48.000Z,255.38599,255.83399,0
1974-04-26T01:03:42.000Z,255.38649,255.83349,0
1974-04-26T02:01:51.000Z,255.41648,255.86348,0
1974-04-26T02:59:45.000Z,255.41648,255.86348,0
1974-04-26T03:57:38.000Z,255.41598,255.86398,0
1974-04-26T04:55:32.000Z,255.41648,255.86348,0
1974-04-26T05:53:41.000Z,255.38649,255.83349,0
1974-04-26T06:51:35.000Z,255.41648,255.86348,0
1974-04-26T07:49:28.000Z,255.45649,255.90349,0
1974-04-26T08:47:22.000Z,255.41648,255.86348,0
1974-04-26T09:45:31.000Z,255.41648,255.86348,0
1974-04-26T10:43:25.000Z,255.45649,255.90349,0
1974-04-26T11:41:18.000Z,255.41648,255.86348,0
1974-04-26T12:39:12.000Z,255.41648,255.86348,0
1974-04-26T13:37:21.000Z,255.41648,255.86348,0
1974-04-26T15:49:31.000Z,255.38649,255.83349,0
1974-04-26T16:47:25.000Z,255.38649,255.83349,0
1974-04-26T17:45:18.000Z,255.38649,255.83349,0
1974-04-26T18:43:28.000Z,255.38649,255.83349,0
1974-04-26T19:41:21.000Z,255.40647,255.85347,0
1974-04-26T20:39:15.000Z,255.42649,255.87349,0
1974-04-26T21:37:25.000Z,255.37648,255.82348,0
1974-04-26T22:35:18.000Z,255.43647,255.88347,0
1974-04-26T23:33:11.000Z,255.40647,255.85347,0
1974-04-27T00:31:05.000Z,255.42649,255.87349,0
1974-04-27T01:29:15.000Z,255.3965,255.8435,0
1974-04-27T02:27:08.000Z,255.40647,255.85347,0
1974-04-27T03:25:01.000Z,255.41648,255.86348,0
1974-04-27T04:22:55.000Z,255.41648,255.86348,0
1974-04-27T05:21:05.000Z,255.41648,255.86348,0
1974-04-27T06:18:58.000Z,255.41648,255.86348,0
1974-04-27T07:16:51.000Z,255.37698,255.82298,0
1974-04-27T08:14:45.000Z,255.37698,255.82298,0
1974-04-27T09:12:55.000Z,255.37648,255.82348,0
1974-04-27T10:10:48.000Z,255.42699,255.87299,0
1974-04-27T11:08:41.000Z,255.42649,255.87349,0
1974-04-27T12:06:35.000Z,255.41648,255.86348,0
1974-04-27T13:04:45.000Z,255.45699,255.90299,0
1974-04-27T14:02:38.000Z,255.42649,255.87349,0
1974-04-27T15:00:31.000Z,255.42699,255.87299,0
1974-04-27T15:58:25.000Z,255.397,255.843,0
1974-04-27T16:56:35.000Z,255.397,255.843,0
1974-04-27T17:54:28.000Z,255.397,255.843,0
1974-04-27T18:52:21.000Z,255.42699,255.87299,0
1974-04-27T19:50:31.000Z,255.42699,255.87299,0
1974-04-27T20:48:25.000Z,255.42699,255.87299,0
1974-04-27T21:53:40.000Z,255.38699,255.83299,0
1974-04-27T22:00:46.000Z,255.397,255.843,0
1974-04-27T22:22:37.000Z,255.42699,255.87299,0
1974-04-27T23:20:31.000Z,255.397,255.843,0
1974-04-28T00:18:24.000Z,255.397,255.843,0
1974-04-28T01:16:34.000Z,255.3975,255.8425,0
1974-04-28T02:14:27.000Z,255.397,255.843,0
1974-04-28T03:12:21.000Z,255.397,255.843,0
1974-04-28T04:10:14.000Z,255.42749,255.87249,0
1974-04-28T05:08:24.000Z,255.42749,255.87249,0
1974-04-28T06:35:14.000Z,255.38699,255.83299,0
1974-04-28T07:33:07.000Z,255.3975,255.8425,0
1974-04-28T08:31:17.000Z,255.3975,255.8425,0
1974-04-28T09:29:10.000Z,255.42749,255.87249,0
1974-04-28T10:27:04.000Z,255.42749,255.87249,0
1974-04-28T11:24:57.000Z,255.42749,255.87249,0
1974-04-28T12:23:07.000Z,255.3975,255.8425,0
1974-04-28T13:21:00.000Z,255.42749,255.87249,0
1974-04-28T14:18:54.000Z,255.3975,255.8425,0
1974-04-28T15:16:47.000Z,255.42749,255.87249,0
1974-04-28T16:14:57.000Z,255.42749,255.87249,0
1974-04-28T17:12:51.000Z,255.42749,255.87249,0
1974-04-28T18:10:44.000Z,255.3975,255.8425,0
1974-04-28T19:08:37.000Z,255.42749,255.87249,0
1974-04-28T20:06:47.000Z,255.42749,255.87249,0
1974-04-28T21:04:41.000Z,255.3675,255.8125,0
1974-04-28T22:02:34.000Z,255.42749,255.87249,0
1974-04-28T23:00:27.000Z,255.42749,255.87249,0
1974-04-29T00:05:43.000Z,255.3975,255.8425,0
1974-04-29T01:03:53.000Z,255.42749,255.87249,0
1974-04-29T02:01:46.000Z,255.42749,255.87249,0
1974-04-29T02:59:40.000Z,255.42799,255.87199,0
1974-04-29T03:57:33.000Z,255.42749,255.87249,0
1974-04-29T04:55:43.000Z,255.42799,255.87199,0
1974-04-29T05:53:36.000Z,255.42799,255.87199,0
1974-04-29T06:51:30.000Z,255.368,255.812,0
1974-04-29T07:49:23.000Z,255.42799,255.87199,0
1974-04-29T08:47:33.000Z,255.42799,255.87199,0
1974-04-29T09:45:26.000Z,255.398,255.842,0
1974-04-29T10:43:20.000Z,255.42799,255.87199,0
1974-04-29T11:41:13.000Z,255.398,255.842,0
1974-04-29T12:39:23.000Z,255.398,255.842,0
1974-04-29T13:37:16.000Z,255.398,255.842,0
1974-04-29T15:11:29.000Z,255.42799,255.87199,0
1974-04-29T16:09:22.000Z,255.42799,255.87199,0
1974-04-29T17:07:16.000Z,255.42799,255.87199,0
1974-04-29T18:05:25.000Z,255.398,255.842,0
1974-04-29T19:03:19.000Z,255.42799,255.87199,0
1974-04-29T20:01:12.000Z,255.42799,255.87199,0
1974-04-29T20:59:06.000Z,255.398,255.842,0
1974-04-29T21:49:53.000Z,255.42799,255.87199,0
1974-04-29T22:33:18.000Z,255.398,255.842,0
1974-04-29T22:55:09.000Z,255.3985,255.8415,0
1974-04-29T23:09:37.000Z,255.398,255.842,0
1974-04-29T23:38:34.000Z,255.42799,255.87199,0
1974-04-30T00:00:25.000Z,255.45799,255.90199,0
1974-04-30T00:58:18.000Z,255.45799,255.90199,0
1974-04-30T01:56:11.000Z,255.42849,255.87149,0
1974-04-30T02:54:21.000Z,255.42799,255.87199,0
1974-04-30T03:52:15.000Z,255.3985,255.8415,0
1974-04-30T04:50:08.000Z,255.42849,255.87149,0
1974-04-30T05:48:01.000Z,255.42849,255.87149,0
1974-04-30T06:46:11.000Z,255.42849,255.87149,0
1974-04-30T07:44:05.000Z,255.42849,255.87149,0
1974-04-30T08:41:58.000Z,255.42849,255.87149,0
1974-04-30T09:39:51.000Z,255.3985,255.8415,0
1974-04-30T10:38:01.000Z,255.42849,255.87149,0
1974-04-30T11:35:55.000Z,255.42849,255.87149,0
1974-04-30T12:33:48.000Z,255.42849,255.87149,0
1974-04-30T13:31:42.000Z,255.42799,255.87199,0
1974-04-30T14:29:51.000Z,255.42849,255.87149,0
1974-04-30T15:27:45.000Z,255.42849,255.87149,0
1974-04-30T16:25:38.000Z,255.42849,255.87149,0
1974-04-30T17:23:48.000Z,255.42849,255.87149,0
1974-04-30T18:21:41.000Z,255.45849,255.90149,0
1974-04-30T19:19:35.000Z,255.3985,255.8415,0
1974-04-30T20:17:28.000Z,255.42849,255.87149,0
1974-04-30T21:15:38.000Z,255.45849,255.90149,0
1974-04-30T22:13:31.000Z,255.42849,255.87149,0
1974-04-30T23:11:25.000Z,255.42849,255.87149,0
1974-05-01T00:09:18.000Z,255.45899,255.90099,0
1974-05-01T00:53:00.000Z,255.42849,255.87149,0
1974-05-01T01:50:53.000Z,255.45849,255.90149,0
1974-05-01T02:48:46.000Z,255.42849,255.87149,0
1974-05-01T03:46:40.000Z,255.49847,255.94147,0
1974-05-01T04:44:50.000Z,255.45849,255.90149,0
1974-05-01T05:42:43.000Z,255.45849,255.90149,0
1974-05-01T06:11:40.000Z,255.42849,255.87149,0
1974-05-01T07:09:33.000Z,255.42899,255.87099,0
1974-05-01T08:07:43.000Z,255.42899,255.87099,0
1974-05-01T09:05:36.000Z,255.42849,255.87149,0
1974-05-01T10:03:30.000Z,255.45849,255.90149,0
1974-05-01T11:01:23.000Z,255.45849,255.90149,0
1974-05-01T11:59:33.000Z,255.45899,255.90099,0
1974-05-01T12:57:26.000Z,255.49847,255.94147,0
1974-05-01T13:55:20.000Z,255.45899,255.90099,0
1974-05-01T14:53:13.000Z,255.45899,255.90099,0
1974-05-01T15:51:23.000Z,255.45899,255.90099,0
1974-05-01T16:20:20.000Z,255.45899,255.90099,0
1974-05-01T16:34:48.000Z,255.42899,255.87099,0
1974-05-01T16:49:16.000Z,255.42849,255.87149,0
1974-05-01T17:29:58.000Z,255.45899,255.90099,0
1974-05-01T18:13:23.000Z,255.45899,255.90099,0
1974-05-01T19:11:32.000Z,255.45849,255.90149,0
1974-05-01T20:09:26.000Z,255.42899,255.87099,0
1974-05-01T21:07:19.000Z,255.45899,255.90099,0
1974-05-01T22:05:29.000Z,255.45949,255.90049,0
1974-05-02T00:01:16.000Z,255.42949,255.87049,0
1974-05-02T01:06:32.000Z,255.45899,255.90099,0
1974-05-02T01:13:38.000Z,255.42899,255.87099,0
1974-05-02T02:11:47.000Z,255.42899,255.87099,0
1974-05-02T03:09:41.000Z,255.42899,255.87099,0
1974-05-02T04:07:34.000Z,255.45949,255.90049,0
1974-05-02T05:05:28.000Z,255.45849,255.90149,0
1974-05-02T06:03:37.000Z,255.42899,255.87099,0
1974-05-02T07:01:31.000Z,255.42949,255.87049,0
1974-05-02T07:59:24.000Z,255.45899,255.90099,0
1974-05-02T08:57:34.000Z,255.45949,255.90049,0
1974-05-02T09:55:27.000Z,255.42949,255.87049,0
1974-05-02T10:53:21.000Z,255.45949,255.90049,0
1974-05-02T11:51:14.000Z,255.42999,255.86999,0
1974-05-02T12:49:24.000Z,255.3995,255.8405,0
1974-05-02T13:47:17.000Z,255.45949,255.90049,0
1974-05-02T14:45:11.000Z,255.42949,255.87049,0
1974-05-02T15:43:04.000Z,255.45949,255.90049,0
1974-05-02T16:41:14.000Z,255.45949,255.90049,0
1974-05-02T17:39:07.000Z,255.48949,255.93049,0
1974-05-02T18:37:01.000Z,255.42949,255.87049,0
1974-05-02T19:34:54.000Z,255.42999,255.86999,0
1974-05-02T20:33:04.000Z,255.42949,255.87049,0
1974-05-02T21:30:57.000Z,255.48949,255.93049,0
1974-05-02T22:28:51.000Z,255.48949,255.93049,0
1974-05-02T23:27:01.000Z,255.45949,255.90049,0
1974-05-03T00:03:03.000Z,255.42949,255.87049,0
1974-05-03T01:00:57.000Z,255.45949,255.90049,0
1974-05-03T01:59:07.000Z,255.45949,255.90049,0
1974-05-03T02:57:00.000Z,255.45999,255.89999,0
1974-05-03T03:54:53.000Z,255.45949,255.90049,0
1974-05-03T04:53:03.000Z,255.4,255.84,0
1974-05-03T05:50:57.000Z,255.42999,255.86999,0
1974-05-03T06:48:50.000Z,255.3995,255.8405,0
1974-05-03T07:46:43.000Z,255.45949,255.90049,0
1974-05-03T08:44:53.000Z,255.45949,255.90049,0
1974-05-03T09:42:47.000Z,255.42999,255.86999,0
1974-05-03T10:40:40.000Z,255.42999,255.86999,0
1974-05-03T11:38:33.000Z,255.42949,255.87049,0
1974-05-03T12:36:43.000Z,255.42999,255.86999,0
1974-05-03T13:34:37.000Z,255.4,255.84,0
1974-05-03T14:32:30.000Z,255.42999,255.86999,0
1974-05-03T15:15:06.000Z,255.45949,255.90049,0
1974-05-03T16:12:59.000Z,255.45999,255.89999,0
1974-05-03T17:11:09.000Z,255.45999,255.89999,0
1974-05-03T18:09:03.000Z,255.45999,255.89999,0
1974-05-03T19:06:56.000Z,255.45999,255.89999,0
1974-05-03T20:04:49.000Z,255.45999,255.89999,0
1974-05-03T21:02:59.000Z,255.48999,255.92999,0
1974-05-03T22:00:53.000Z,255.45949,255.90049,0
1974-05-03T22:58:46.000Z,255.42999,255.86999,0
1974-05-03T23:56:39.000Z,255.42999,255.86999,0
1974-05-04T00:54:49.000Z,255.42999,255.86999,0
1974-05-04T01:52:43.000Z,255.48999,255.92999,0
1974-05-04T02:50:36.000Z,255.45999,255.89999,0
1974-05-04T03:48:46.000Z,255.48999,255.92999,0
1974-05-04T04:46:39.000Z,255.45999,255.89999,0
1974-05-04T05:44:33.000Z,255.45999,255.89999,0
1974-05-04T06:42:26.000Z,255.45999,255.89999,0
1974-05-04T07:40:36.000Z,255.45999,255.89999,0
1974-05-04T08:38:29.000Z,255.45999,255.89999,0
1974-05-04T09:36:23.000Z,255.45999,255.89999,0
1974-05-04T10:34:16.000Z,255.42999,255.86999,0
1974-05-04T11:32:26.000Z,255.45999,255.89999,0
1974-05-04T12:30:19.000Z,255.45999,255.89999,0
1974-05-04T13:28:13.000Z,255.46049,255.89949,0
1974-05-04T14:26:22.000Z,255.45999,255.89999,0
1974-05-04T14:40:51.000Z,255.45999,255.89999,0
1974-05-04T15:38:44.000Z,255.46049,255.89949,0
1974-05-04T16:36:38.000Z,255.46049,255.89949,0
1974-05-04T17:34:31.000Z,255.46049,255.89949,0
1974-05-04T18:10:50.000Z,255.45999,255.89999,0
1974-05-04T19:08:43.000Z,255.46049,255.89949,0
1974-05-04T20:06:53.000Z,255.43049,255.86949,0
1974-05-04T21:04:47.000Z,255.43049,255.86949,0
1974-05-04T22:02:40.000Z,255.50047,255.93947,0
1974-05-04T23:00:33.000Z,255.46049,255.89949,0
1974-05-04T23:58:43.000Z,255.46049,255.89949,0
1974-05-05T00:56:37.000Z,255.46049,255.89949,0
1974-05-05T01:54:30.000Z,255.46049,255.89949,0
1974-05-05T02:52:23.000Z,255.43049,255.86949,0
1974-05-05T03:50:33.000Z,255.46049,255.89949,0
1974-05-05T04:48:27.000Z,255.46049,255.89949,0
1974-05-05T05:46:20.000Z,255.46049,255.89949,0
1974-05-05T06:44:30.000Z,255.46049,255.89949,0
1974-05-05T07:42:23.000Z,255.46049,255.89949,0
1974-05-05T08:40:17.000Z,255.46049,255.89949,0
1974-05-05T09:38:10.000Z,255.46049,255.89949,0
1974-05-05T10:36:20.000Z,255.46049,255.89949,0
1974-05-05T11:34:13.000Z,255.43049,255.86949,0
1974-05-05T12:32:07.000Z,255.43049,255.86949,0
1974-05-05T13:30:00.000Z,255.43049,255.86949,0
1974-05-05T14:28:10.000Z,255.43049,255.86949,0
1974-05-05T15:26:03.000Z,255.43099,255.86899,0
1974-05-05T16:23:57.000Z,255.401,255.839,0
1974-05-05T17:21:50.000Z,255.46099,255.89899,0
1974-05-05T18:20:00.000Z,255.50097,255.93897,0
1974-05-05T19:17:53.000Z,255.50097,255.93897,0
1974-05-05T20:15:47.000Z,255.401,255.839,0
1974-05-05T21:13:57.000Z,255.43099,255.86899,0
1974-05-05T22:11:50.000Z,255.43049,255.86949,0
1974-05-05T23:09:43.000Z,255.43099,255.86899,0
1974-05-06T00:07:37.000Z,255.401,255.839,0
1974-05-06T01:05:47.000Z,255.43099,255.86899,0
1974-05-06T02:03:40.000Z,255.46099,255.89899,0
1974-05-06T03:01:33.000Z,255.46099,255.89899,0
1974-05-06T03:59:27.000Z,255.46099,255.89899,0
1974-05-06T04:57:37.000Z,255.4015,255.8385,0
1974-05-06T05:55:30.000Z,255.43099,255.86899,0
1974-05-06T06:53:23.000Z,255.43099,255.86899,0
1974-05-06T07:51:17.000Z,255.43149,255.86849,0
1974-05-06T08:49:27.000Z,255.46099,255.89899,0
1974-05-06T09:47:20.000Z,255.4015,255.8385,0
1974-05-06T10:30:45.000Z,255.43099,255.86899,0
1974-05-06T12:04:58.000Z,255.47097,255.90897,0
1974-05-06T13:02:51.000Z,255.43099,255.86899,0
1974-05-06T14:01:01.000Z,255.4015,255.8385,0
1974-05-06T15:00:49.000Z,255.43149,255.86849,0
1974-05-06T15:58:42.000Z,255.43149,255.86849,0
1974-05-06T16:56:36.000Z,255.43149,255.86849,0
1974-05-06T17:54:29.000Z,255.43149,255.86849,0
1974-05-06T18:52:39.000Z,255.4015,255.8385,0
1974-05-06T19:50:32.000Z,255.43149,255.86849,0
1974-05-06T20:48:26.000Z,255.43149,255.86849,0
1974-05-06T21:46:19.000Z,255.4015,255.8385,0
1974-05-06T22:44:29.000Z,255.4015,255.8385,0
1974-05-06T23:42:22.000Z,255.46149,255.89849,0
1974-05-07T00:04:13.000Z,255.43149,255.86849,0
1974-05-07T00:33:10.000Z,255.43149,255.86849,0
1974-05-07T01:31:03.000Z,255.43149,255.86849,0
1974-05-07T02:07:22.000Z,255.43149,255.86849,0
1974-05-07T03:05:16.000Z,255.43149,255.86849,0
1974-05-07T04:03:09.000Z,255.4015,255.8385,0
1974-05-07T05:01:02.000Z,255.43149,255.86849,0
1974-05-07T05:59:12.000Z,255.4015,255.8385,0
1974-05-07T06:57:06.000Z,255.43149,255.86849,0
1974-05-07T07:47:53.000Z,255.43149,255.86849,0
1974-05-07T08:45:46.000Z,255.43149,255.86849,0
1974-05-07T09:43:40.000Z,255.43149,255.86849,0
1974-05-07T10:19:59.000Z,255.402,255.838,0
1974-05-07T11:17:52.000Z,255.46149,255.89849,0
1974-05-07T12:15:46.000Z,255.43149,255.86849,0
1974-05-07T13:13:56.000Z,255.43149,255.86849,0
1974-05-07T14:11:49.000Z,255.43149,255.86849,0
1974-05-07T15:09:42.000Z,255.43149,255.86849,0
1974-05-07T16:07:52.000Z,255.43149,255.86849,0
1974-05-07T17:05:46.000Z,255.46149,255.89849,0
1974-05-07T18:03:39.000Z,255.46149,255.89849,0
1974-05-07T19:01:32.000Z,255.4015,255.8385,0
1974-05-07T19:59:42.000Z,255.46149,255.89849,0
1974-05-07T20:57:36.000Z,255.46149,255.89849,0
1974-05-07T21:55:29.000Z,255.43149,255.86849,0
1974-05-07T22:53:22.000Z,255.43149,255.86849,0
1974-05-07T23:51:32.000Z,255.43149,255.86849,0
1974-05-08T00:49:26.000Z,255.43149,255.86849,0
1974-05-08T01:47:19.000Z,255.43199,255.86799,0
1974-05-08T02:45:12.000Z,255.46199,255.89799,0
1974-05-08T03:43:22.000Z,255.43199,255.86799,0
1974-05-08T04:41:16.000Z,255.46199,255.89799,0
1974-05-08T05:39:09.000Z,255.46199,255.89799,0
1974-05-08T06:37:19.000Z,255.46199,255.89799,0
1974-05-08T07:35:12.000Z,255.402,255.838,0
1974-05-08T08:33:06.000Z,255.43199,255.86799,0
1974-05-08T09:30:59.000Z,255.46199,255.89799,0
1974-05-08T10:29:09.000Z,255.43199,255.86799,0
1974-05-08T11:27:02.000Z,255.43199,255.86799,0
1974-05-08T12:24:56.000Z,255.46199,255.89799,0
1974-05-08T13:22:49.000Z,255.43199,255.86799,0
1974-05-08T14:56:12.000Z,255.402,255.838,0
1974-05-08T15:54:06.000Z,255.43199,255.86799,0
1974-05-08T16:52:16.000Z,255.402,255.838,0
1974-05-08T17:50:09.000Z,255.46199,255.89799,0
1974-05-08T18:48:02.000Z,255.402,255.838,0
1974-05-08T19:45:56.000Z,255.47197,255.90797,0
1974-05-08T20:44:06.000Z,255.43199,255.86799,0
1974-05-08T21:41:59.000Z,255.46199,255.89799,0
1974-05-08T22:39:52.000Z,255.43249,255.86749,0
1974-05-08T23:37:46.000Z,255.46249,255.89749,0
1974-05-09T00:35:56.000Z,255.46199,255.89799,0
1974-05-09T01:33:49.000Z,255.402,255.838,0
1974-05-09T02:31:42.000Z,255.43199,255.86799,0
1974-05-09T03:29:36.000Z,255.46249,255.89749,0
1974-05-09T04:27:46.000Z,255.43249,255.86749,0
1974-05-09T05:25:39.000Z,255.43199,255.86799,0
1974-05-09T06:23:32.000Z,255.43249,255.86749,0
1974-05-09T07:21:42.000Z,255.4025,255.8375,0
1974-05-09T08:19:36.000Z,255.46199,255.89799,0
1974-05-09T09:17:29.000Z,255.43249,255.86749,0
1974-05-09T10:15:22.000Z,255.43249,255.86749,0
1974-05-09T11:13:32.000Z,255.402,255.838,0
1974-05-09T12:11:26.000Z,255.43249,255.86749,0
1974-05-09T13:09:19.000Z,255.4025,255.8375,0
1974-05-09T14:07:12.000Z,255.402,255.838,0
1974-05-09T15:05:22.000Z,255.43249,255.86749,0
1974-05-09T16:03:16.000Z,255.4025,255.8375,0
1974-05-09T17:01:09.000Z,255.43249,255.86749,0
1974-05-09T17:59:02.000Z,255.43249,255.86749,0
1974-05-09T18:57:12.000Z,255.4025,255.8375,0
1974-05-09T19:55:06.000Z,255.4025,255.8375,0
1974-05-09T20:52:59.000Z,255.4025,255.8375,0
1974-05-09T21:50:52.000Z,255.4025,255.8375,0
1974-05-09T22:49:02.000Z,255.46249,255.89749,0
1974-05-09T23:46:56.000Z,255.43249,255.86749,0
1974-05-10T00:44:49.000Z,255.4025,255.8375,0
1974-05-10T01:42:59.000Z,255.43299,255.86699,0
1974-05-10T02:40:52.000Z,255.4025,255.8375,0
1974-05-10T03:38:46.000Z,255.43249,255.86749,0
1974-05-10T04:36:39.000Z,255.43249,255.86749,0
1974-05-10T05:34:49.000Z,255.43299,255.86699,0
1974-05-10T06:32:42.000Z,255.403,255.837,0
1974-05-10T07:30:36.000Z,255.43299,255.86699,0
1974-05-10T08:28:29.000Z,255.403,255.837,0
1974-05-10T09:26:39.000Z,255.43299,255.86699,0
1974-05-10T10:24:32.000Z,255.46299,255.89699,0
1974-05-10T11:22:26.000Z,255.43299,255.86699,0
1974-05-10T12:20:19.000Z,255.43299,255.86699,0
1974-05-10T13:18:29.000Z,255.46299,255.89699,0
1974-05-10T14:45:19.000Z,255.46299,255.89699,0
1974-05-10T16:24:59.000Z,255.46299,255.89699,0
1974-05-10T17:22:53.000Z,255.46299,255.89699,0
1974-05-10T18:20:46.000Z,255.42298,255.85698,0
1974-05-10T19:18:56.000Z,255.42298,255.85698,0
1974-05-10T20:16:49.000Z,255.45298,255.88698,0
1974-05-10T21:14:43.000Z,255.41297,255.84697,0
1974-05-10T22:12:36.000Z,255.45298,255.88698,0
1974-05-10T23:10:46.000Z,255.44297,255.87697,0
1974-05-11T00:01:17.000Z,255.41297,255.84697,0
1974-05-11T00:59:27.000Z,255.403,255.837,0
1974-05-11T01:57:20.000Z,255.43349,255.86649,0
1974-05-11T02:55:13.000Z,255.43349,255.86649,0
1974-05-11T03:53:23.000Z,255.39299,255.82699,0
1974-05-11T04:51:17.000Z,255.39349,255.82649,0
1974-05-11T05:49:10.000Z,255.42348,255.85648,0
1974-05-11T06:47:03.000Z,255.42298,255.85698,0
1974-05-11T07:45:13.000Z,255.44347,255.87647,0
1974-05-11T08:43:07.000Z,255.44347,255.87647,0
1974-05-11T09:41:00.000Z,255.41297,255.84697,0
1974-05-11T10:38:54.000Z,255.39349,255.82649,0
1974-05-11T11:37:03.000Z,255.39349,255.82649,0
1974-05-11T12:34:57.000Z,255.4035,255.8365,0
1974-05-11T13:32:50.000Z,255.39349,255.82649,0
1974-05-11T14:30:44.000Z,255.39349,255.82649,0
1974-05-11T15:28:53.000Z,255.45348,255.88648,0
1974-05-11T16:26:47.000Z,255.4035,255.8365,0
1974-05-11T17:24:40.000Z,255.43349,255.86649,0
1974-05-11T18:22:34.000Z,255.43349,255.86649,0
1974-05-11T19:20:43.000Z,255.42348,255.85648,0
1974-05-11T20:18:37.000Z,255.42348,255.85648,0
1974-05-11T21:16:30.000Z,255.45348,255.88648,0
1974-05-11T22:14:40.000Z,255.38348,255.81648,0
1974-05-11T23:12:33.000Z,255.45348,255.88648,0
1974-05-12T00:10:27.000Z,255.41347,255.84647,0
1974-05-12T01:15:43.000Z,255.44347,255.87647,0
1974-05-12T01:30:11.000Z,255.44347,255.87647,0
1974-05-12T02:28:04.000Z,255.41347,255.84647,0
1974-05-12T03:25:58.000Z,255.41347,255.84647,0
1974-05-12T04:24:07.000Z,255.41347,255.84647,0
1974-05-12T05:22:01.000Z,255.41347,255.84647,0
1974-05-12T06:19:54.000Z,255.44347,255.87647,0
1974-05-12T07:17:48.000Z,255.44347,255.87647,0
1974-05-12T08:15:58.000Z,255.44347,255.87647,0
1974-05-12T09:13:51.000Z,255.47347,255.90647,0
1974-05-12T10:11:44.000Z,255.47347,255.90647,0
1974-05-12T11:09:54.000Z,255.44347,255.87647,0
1974-05-12T12:07:48.000Z,255.4035,255.8365,0
1974-05-12T13:05:41.000Z,255.43349,255.86649,0
1974-05-12T14:03:34.000Z,255.44397,255.87597,0
1974-05-12T15:01:44.000Z,255.4035,255.8365,0
1974-05-12T15:59:38.000Z,255.43399,255.86599,0
1974-05-12T16:57:31.000Z,255.43399,255.86599,0
1974-05-12T17:55:24.000Z,255.43399,255.86599,0
1974-05-12T18:53:34.000Z,255.46399,255.89599,0
1974-05-12T19:51:28.000Z,255.46399,255.89599,0
1974-05-12T20:49:21.000Z,255.42348,255.85648,0
1974-05-12T21:47:14.000Z,255.42398,255.85598,0
1974-05-12T22:45:24.000Z,255.42398,255.85598,0
1974-05-12T23:43:18.000Z,255.42398,255.85598,0
1974-05-13T00:41:11.000Z,255.42398,255.85598,0
1974-05-13T01:39:04.000Z,255.42398,255.85598,0
1974-05-13T02:29:52.000Z,255.42398,255.85598,0
1974-05-13T03:27:45.000Z,255.42398,255.85598,0
1974-05-13T04:25:55.000Z,255.42398,255.85598,0
1974-05-13T05:23:48.000Z,255.42398,255.85598,0
1974-05-13T06:21:42.000Z,255.42398,255.85598,0
1974-05-13T07:19:52.000Z,255.45398,255.88598,0
1974-05-13T08:17:45.000Z,255.42398,255.85598,0
1974-05-13T09:15:38.000Z,255.42398,255.85598,0
1974-05-13T10:13:32.000Z,255.38398,255.81598,0
1974-05-13T11:11:42.000Z,255.48398,255.91598,0
1974-05-13T12:09:35.000Z,255.45448,255.88548,0
1974-05-13T13:07:28.000Z,255.48398,255.91598,0
1974-05-13T14:05:22.000Z,255.41447,255.84547,0
1974-05-13T15:27:50.000Z,255.48448,255.91548,0
1974-05-13T16:25:43.000Z,255.45398,255.88598,0
1974-05-13T17:23:53.000Z,255.41397,255.84597,0
1974-05-13T18:21:46.000Z,255.45398,255.88598,0
1974-05-13T19:19:40.000Z,255.44447,255.87547,0
1974-05-13T20:17:33.000Z,255.42448,255.85548,0
1974-05-13T21:15:43.000Z,255.44447,255.87547,0
1974-05-13T22:13:36.000Z,255.48448,255.91548,0
1974-05-13T23:11:30.000Z,255.3745,255.8055,0
1974-05-14T00:09:40.000Z,255.48448,255.91548,0
1974-05-14T01:07:33.000Z,255.44447,255.87547,0
1974-05-14T02:05:26.000Z,255.44447,255.87547,0
1974-05-14T03:03:20.000Z,255.44447,255.87547,0
1974-05-14T04:01:30.000Z,255.44447,255.87547,0
1974-05-14T04:59:23.000Z,255.4045,255.8355,0
1974-05-14T05:57:16.000Z,255.4045,255.8355,0
1974-05-14T06:55:10.000Z,255.4045,255.8355,0
1974-05-14T07:53:20.000Z,255.44447,255.87547,0
1974-05-14T08:22:16.000Z,255.44447,255.87547,0
1974-05-14T09:20:10.000Z,255.4045,255.8355,0
1974-05-14T10:18:03.000Z,255.4045,255.8355,0
1974-05-14T11:16:13.000Z,255.43449,255.86549,0
1974-05-14T12:14:06.000Z,255.4045,255.8355,0
1974-05-14T13:12:00.000Z,255.405,255.835,0
1974-05-14T14:09:53.000Z,255.405,255.835,0
1974-05-14T15:08:03.000Z,255.44497,255.87497,0
1974-05-14T16:05:56.000Z,255.44447,255.87547,0
1974-05-14T17:03:50.000Z,255.43449,255.86549,0
1974-05-14T18:01:43.000Z,255.43449,255.86549,0
1974-05-14T18:59:53.000Z,255.43499,255.86499,0
1974-05-14T19:57:46.000Z,255.4045,255.8355,0
1974-05-14T20:55:40.000Z,255.43499,255.86499,0
1974-05-14T21:53:33.000Z,255.43499,255.86499,0
1974-05-14T22:51:43.000Z,255.46499,255.89499,0
1974-05-14T23:49:36.000Z,255.46499,255.89499,0
1974-05-15T00:04:05.000Z,255.43499,255.86499,0
1974-05-15T01:01:58.000Z,255.43499,255.86499,0
1974-05-15T02:00:08.000Z,255.43499,255.86499,0
1974-05-15T02:58:01.000Z,255.43499,255.86499,0
1974-05-15T03:55:55.000Z,255.46499,255.89499,0
1974-05-15T04:53:48.000Z,255.43499,255.86499,0
1974-05-15T05:51:58.000Z,255.46499,255.89499,0
1974-05-15T06:49:51.000Z,255.39499,255.82499,0
1974-05-15T07:47:45.000Z,255.46499,255.89499,0
1974-05-15T08:45:38.000Z,255.43499,255.86499,0
1974-05-15T09:43:48.000Z,255.43499,255.86499,0
1974-05-15T10:41:41.000Z,255.46499,255.89499,0
1974-05-15T11:39:35.000Z,255.43499,255.86499,0
1974-05-15T12:23:00.000Z,255.43499,255.86499,0
1974-05-15T13:21:10.000Z,255.43499,255.86499,0
1974-05-15T14:19:03.000Z,255.46499,255.89499,0
1974-05-15T15:16:57.000Z,255.43499,255.86499,0
1974-05-15T16:14:50.000Z,255.43499,255.86499,0
1974-05-15T17:13:00.000Z,255.43499,255.86499,0
1974-05-15T18:10:53.000Z,255.39499,255.82499,0
1974-05-15T19:08:47.000Z,255.43549,255.86449,0
1974-05-15T20:06:40.000Z,255.43499,255.86499,0
1974-05-15T20:42:26.000Z,255.42498,255.85498,0
1974-05-15T21:40:52.000Z,255.39549,255.82449,0
1974-05-15T22:39:02.000Z,255.43549,255.86449,0
1974-05-15T23:07:59.000Z,255.42498,255.85498,0
1974-05-16T00:05:52.000Z,255.46499,255.89499,0
1974-05-16T01:03:46.000Z,255.39549,255.82449,0
1974-05-16T02:01:56.000Z,255.46499,255.89499,0
1974-05-16T04:13:00.000Z,255.39549,255.82449,0
1974-05-16T04:56:41.000Z,255.43549,255.86449,0
1974-05-16T05:54:35.000Z,255.39549,255.82449,0
1974-05-16T06:52:28.000Z,255.43549,255.86449,0
1974-05-16T07:50:22.000Z,255.46549,255.89449,0
1974-05-16T08:48:31.000Z,255.46549,255.89449,0
1974-05-16T09:46:25.000Z,255.42548,255.85448,0
1974-05-16T10:44:18.000Z,255.46549,255.89449,0
1974-05-16T11:42:12.000Z,255.39549,255.82449,0
1974-05-16T12:40:21.000Z,255.46549,255.89449,0
1974-05-16T13:09:18.000Z,255.46549,255.89449,0
1974-05-16T13:23:46.000Z,255.42548,255.85448,0
1974-05-16T14:21:40.000Z,255.42548,255.85448,0
1974-05-16T15:19:33.000Z,255.42548,255.85448,0
1974-05-16T16:17:43.000Z,255.46549,255.89449,0
1974-05-16T17:15:36.000Z,255.42548,255.85448,0
1974-05-16T18:13:30.000Z,255.43549,255.86449,0
1974-05-16T19:11:23.000Z,255.39549,255.82449,0
1974-05-16T20:09:33.000Z,255.42548,255.85448,0
1974-05-16T21:07:26.000Z,255.42548,255.85448,0
1974-05-16T22:05:20.000Z,255.42548,255.85448,0
1974-05-16T23:03:30.000Z,255.42548,255.85448,0
1974-05-17T00:01:23.000Z,255.42548,255.85448,0
1974-05-17T00:59:16.000Z,255.46549,255.89449,0
1974-05-17T01:57:10.000Z,255.42548,255.85448,0
1974-05-17T03:09:48.000Z,255.42548,255.85448,0
1974-05-17T03:16:54.000Z,255.39599,255.82399,0
1974-05-17T04:14:47.000Z,255.42548,255.85448,0
1974-05-17T05:12:57.000Z,255.42548,255.85448,0
1974-05-17T06:10:51.000Z,255.46549,255.89449,0
1974-05-17T07:08:44.000Z,255.45598,255.88398,0
1974-05-17T08:06:37.000Z,255.49549,255.92449,0
1974-05-17T09:04:47.000Z,255.42598,255.85398,0
1974-05-17T10:02:41.000Z,255.45548,255.88448,0
1974-05-17T11:00:34.000Z,255.45598,255.88398,0
1974-05-17T11:58:44.000Z,255.45598,255.88398,0
1974-05-17T12:56:37.000Z,255.45598,255.88398,0
1974-05-17T13:54:31.000Z,255.42598,255.85398,0
1974-05-17T15:14:15.000Z,255.45598,255.88398,0
1974-05-17T16:12:08.000Z,255.45598,255.88398,0
1974-05-17T17:10:02.000Z,255.42598,255.85398,0
1974-05-17T18:08:11.000Z,255.45598,255.88398,0
1974-05-17T19:06:05.000Z,255.42598,255.85398,0
1974-05-17T20:03:58.000Z,255.41597,255.84397,0
1974-05-17T20:54:46.000Z,255.42598,255.85398,0
1974-05-17T21:01:52.000Z,255.46599,255.89399,0
1974-05-17T22:00:01.000Z,255.45598,255.88398,0
1974-05-17T22:57:55.000Z,255.42598,255.85398,0
1974-05-17T23:12:23.000Z,255.45598,255.88398,0
1974-05-17T23:48:42.000Z,255.41597,255.84397,0
1974-05-18T00:46:36.000Z,255.45598,255.88398,0
1974-05-18T01:44:29.000Z,255.45598,255.88398,0
1974-05-18T02:42:39.000Z,255.42598,255.85398,0
1974-05-18T03:40:32.000Z,255.41597,255.84397,0
1974-05-18T04:38:26.000Z,255.48598,255.91398,0
1974-05-18T05:36:19.000Z,255.45598,255.88398,0
1974-05-18T06:34:29.000Z,255.45598,255.88398,0
1974-05-18T07:32:22.000Z,255.45598,255.88398,0
1974-05-18T08:30:16.000Z,255.45598,255.88398,0
1974-05-18T09:28:09.000Z,255.41597,255.84397,0
1974-05-18T10:26:19.000Z,255.45598,255.88398,0
1974-05-18T11:24:12.000Z,255.45598,255.88398,0
1974-05-18T12:22:06.000Z,255.41597,255.84397,0
1974-05-18T13:19:59.000Z,255.45598,255.88398,0
1974-05-18T14:18:09.000Z,255.41597,255.84397,0
1974-05-18T15:16:02.000Z,255.45648,255.88348,0
1974-05-18T16:13:56.000Z,255.44647,255.87347,0
1974-05-18T17:11:49.000Z,255.41597,255.84397,0
1974-05-18T18:09:59.000Z,255.45648,255.88348,0
1974-05-18T19:07:52.000Z,255.44647,255.87347,0
1974-05-18T20:05:46.000Z,255.45648,255.88348,0
1974-05-18T21:03:39.000Z,255.44647,255.87347,0
1974-05-18T22:01:49.000Z,255.45648,255.88348,0
1974-05-18T22:59:42.000Z,255.48648,255.91348,0
1974-05-19T00:04:58.000Z,255.41647,255.84347,0
1974-05-19T01:02:51.000Z,255.41647,255.84347,0
1974-05-19T02:00:45.000Z,255.45648,255.88348,0
1974-05-19T02:58:55.000Z,255.45648,255.88348,0
1974-05-19T03:56:48.000Z,255.44647,255.87347,0
1974-05-19T04:54:41.000Z,255.41647,255.84347,0
1974-05-19T05:52:35.000Z,255.3765,255.8035,0
1974-05-19T06:50:45.000Z,255.4065,255.8335,0
1974-05-19T07:48:38.000Z,255.41647,255.84347,0
1974-05-19T08:46:31.000Z,255.41647,255.84347,0
1974-05-19T09:44:25.000Z,255.44697,255.87297,0
1974-05-19T10:42:35.000Z,255.48648,255.91348,0
1974-05-19T11:40:28.000Z,255.4065,255.8335,0
1974-05-19T12:38:22.000Z,255.3765,255.8035,0
1974-05-19T13:36:15.000Z,255.44697,255.87297,0
1974-05-19T14:34:25.000Z,255.4065,255.8335,0
1974-05-19T15:32:18.000Z,255.44647,255.87347,0
1974-05-19T16:30:12.000Z,255.43699,255.86299,0
1974-05-19T17:28:21.000Z,255.44697,255.87297,0
1974-05-19T18:26:15.000Z,255.48698,255.91298,0
1974-05-19T19:24:08.000Z,255.43699,255.86299,0
1974-05-19T20:22:02.000Z,255.44697,255.87297,0
1974-05-19T21:20:11.000Z,255.48698,255.91298,0
1974-05-19T22:18:05.000Z,255.48698,255.91298,0
1974-05-19T23:15:58.000Z,255.44697,255.87297,0
1974-05-20T00:13:52.000Z,255.47697,255.90297,0
1974-05-20T01:12:01.000Z,255.407,255.833,0
1974-05-20T02:09:55.000Z,255.44697,255.87297,0
1974-05-20T03:07:48.000Z,255.407,255.833,0
1974-05-20T04:05:42.000Z,255.48698,255.91298,0
1974-05-20T05:03:51.000Z,255.44697,255.87297,0
1974-05-20T06:01:45.000Z,255.44697,255.87297,0
1974-05-20T06:59:38.000Z,255.44697,255.87297,0
1974-05-20T07:57:32.000Z,255.44697,255.87297,0
1974-05-20T08:55:41.000Z,255.44697,255.87297,0
1974-05-20T10:00:41.000Z,255.47697,255.90297,0
1974-05-20T10:58:51.000Z,255.44697,255.87297,0
1974-05-20T11:56:44.000Z,255.44697,255.87297,0
1974-05-20T12:54:37.000Z,255.44747,255.87247,0
1974-05-20T13:52:47.000Z,255.43749,255.86249,0
1974-05-20T14:57:47.000Z,255.407,255.833,0
1974-05-20T15:47:45.000Z,255.407,255.833,0
1974-05-20T16:45:38.000Z,255.43699,255.86299,0
1974-05-20T17:43:32.000Z,255.47747,255.90247,0
1974-05-20T18:41:41.000Z,255.4075,255.8325,0
1974-05-20T19:39:35.000Z,255.48748,255.91248,0
1974-05-20T20:37:28.000Z,255.44747,255.87247,0
1974-05-20T21:35:22.000Z,255.43749,255.86249,0
1974-05-20T22:33:31.000Z,255.4075,255.8325,0
1974-05-20T23:31:25.000Z,255.4075,255.8325,0
1974-05-21T00:29:18.000Z,255.43749,255.86249,0
1974-05-21T01:27:12.000Z,255.47747,255.90247,0
1974-05-21T02:25:21.000Z,255.4075,255.8325,0
1974-05-21T03:23:15.000Z,255.44747,255.87247,0
1974-05-21T04:21:08.000Z,255.44747,255.87247,0
1974-05-21T05:19:02.000Z,255.44797,255.87197,0
1974-05-21T06:17:11.000Z,255.43799,255.86199,0
1974-05-21T07:15:05.000Z,255.46799,255.89199,0
1974-05-21T08:12:58.000Z,255.43749,255.86249,0
1974-05-21T09:10:52.000Z,255.43749,255.86249,0
1974-05-21T10:09:02.000Z,255.47747,255.90247,0
1974-05-21T11:06:55.000Z,255.43799,255.86199,0
1974-05-21T12:04:48.000Z,255.43749,255.86249,0
1974-05-21T13:02:58.000Z,255.43799,255.86199,0
1974-05-21T14:00:52.000Z,255.43799,255.86199,0
1974-05-21T14:58:45.000Z,255.43799,255.86199,0
1974-05-21T15:56:38.000Z,255.46749,255.89249,0
1974-05-21T16:54:48.000Z,255.43799,255.86199,0
1974-05-21T17:52:42.000Z,255.43799,255.86199,0
1974-05-21T18:50:35.000Z,255.43799,255.86199,0
1974-05-21T19:48:28.000Z,255.46799,255.89199,0
1974-05-21T20:46:38.000Z,255.43799,255.86199,0
1974-05-21T21:44:32.000Z,255.43799,255.86199,0
1974-05-21T22:42:25.000Z,255.46799,255.89199,0
1974-05-21T23:40:18.000Z,255.43799,255.86199,0
1974-05-22T00:38:28.000Z,255.43799,255.86199,0
1974-05-22T01:36:22.000Z,255.43799,255.86199,0
1974-05-22T02:12:41.000Z,255.43799,255.86199,0
1974-05-22T03:10:34.000Z,255.43799,255.86199,0
1974-05-22T04:08:27.000Z,255.43799,255.86199,0
1974-05-22T05:06:21.000Z,255.46799,255.89199,0
1974-05-22T06:04:31.000Z,255.46799,255.89199,0
1974-05-22T07:02:24.000Z,255.47797,255.90197,0
1974-05-22T08:00:17.000Z,255.43799,255.86199,0
1974-05-22T08:58:11.000Z,255.46799,255.89199,0
1974-05-22T09:34:30.000Z,255.43799,255.86199,0
1974-05-22T10:32:23.000Z,255.43799,255.86199,0
1974-05-22T11:30:33.000Z,255.43799,255.86199,0
1974-05-22T12:28:27.000Z,255.46849,255.89149,0
1974-05-22T13:26:20.000Z,255.46799,255.89199,0
1974-05-22T14:24:13.000Z,255.43799,255.86199,0
1974-05-22T15:20:28.000Z,255.46799,255.89199,0
1974-05-22T16:18:22.000Z,255.46799,255.89199,0
1974-05-22T17:16:32.000Z,255.46849,255.89149,0
1974-05-22T18:14:25.000Z,255.46849,255.89149,0
1974-05-22T19:12:19.000Z,255.46849,255.89149,0
1974-05-22T20:10:12.000Z,255.46799,255.89199,0
1974-05-22T21:08:22.000Z,255.43849,255.86149,0
1974-05-22T22:06:15.000Z,255.46849,255.89149,0
1974-05-22T23:04:09.000Z,255.43849,255.86149,0
1974-05-23T00:02:02.000Z,255.43849,255.86149,0
1974-05-23T01:00:12.000Z,255.46849,255.89149,0
1974-05-23T01:58:05.000Z,255.43849,255.86149,0
1974-05-23T02:55:59.000Z,255.46799,255.89199,0
1974-05-23T03:53:52.000Z,255.46849,255.89149,0
1974-05-23T04:52:02.000Z,255.43849,255.86149,0
1974-05-23T05:49:55.000Z,255.46849,255.89149,0
1974-05-23T06:47:49.000Z,255.46849,255.89149,0
1974-05-23T07:45:42.000Z,255.43849,255.86149,0
1974-05-23T08:43:52.000Z,255.43849,255.86149,0
1974-05-23T09:05:26.000Z,255.46849,255.89149,0
1974-05-23T10:03:36.000Z,255.46849,255.89149,0
1974-05-23T11:01:29.000Z,255.43849,255.86149,0
1974-05-23T11:59:23.000Z,255.46849,255.89149,0
1974-05-23T12:57:16.000Z,255.46849,255.89149,0
1974-05-23T13:55:26.000Z,255.46849,255.89149,0
1974-05-23T14:53:19.000Z,255.46849,255.89149,0
1974-05-23T15:51:13.000Z,255.46849,255.89149,0
1974-05-23T16:49:06.000Z,255.46849,255.89149,0
1974-05-23T17:25:25.000Z,255.46849,255.89149,0
1974-05-23T17:54:22.000Z,255.46849,255.89149,0
1974-05-23T18:52:15.000Z,255.46849,255.89149,0
1974-05-23T19:50:25.000Z,255.43849,255.86149,0
1974-05-23T20:48:19.000Z,255.46899,255.89099,0
1974-05-23T21:17:15.000Z,255.42848,255.85148,0
1974-05-23T22:36:59.000Z,255.46899,255.89099,0
1974-05-23T23:34:53.000Z,255.42848,255.85148,0
1974-05-24T00:33:03.000Z,255.42898,255.85098,0
1974-05-24T01:30:56.000Z,255.43899,255.86099,0
1974-05-24T02:28:49.000Z,255.46899,255.89099,0
1974-05-24T03:26:43.000Z,255.46899,255.89099,0
1974-05-24T04:24:53.000Z,255.46899,255.89099,0
1974-05-24T05:22:46.000Z,255.46899,255.89099,0
1974-05-24T06:20:39.000Z,255.46849,255.89149,0
1974-05-24T07:18:33.000Z,255.46849,255.89149,0
1974-05-24T08:16:43.000Z,255.46899,255.89099,0
1974-05-24T09:14:36.000Z,255.46899,255.89099,0
1974-05-24T10:12:29.000Z,255.42898,255.85098,0
1974-05-24T11:10:23.000Z,255.46899,255.89099,0
1974-05-24T12:08:33.000Z,255.42898,255.85098,0
1974-05-24T13:06:26.000Z,255.46899,255.89099,0
1974-05-24T14:04:19.000Z,255.46899,255.89099,0
1974-05-24T14:47:44.000Z,255.49899,255.92099,0
1974-05-24T15:31:26.000Z,255.46899,255.89099,0
1974-05-24T16:29:19.000Z,255.46899,255.89099,0
1974-05-24T17:27:13.000Z,255.46899,255.89099,0
1974-05-24T18:25:06.000Z,255.46899,255.89099,0
1974-05-24T19:23:16.000Z,255.42948,255.85048,0
1974-05-24T20:21:09.000Z,255.46899,255.89099,0
1974-05-24T21:19:03.000Z,255.46899,255.89099,0
1974-05-24T22:16:56.000Z,255.46899,255.89099,0
1974-05-24T23:15:06.000Z,255.43899,255.86099,0
1974-05-25T00:12:59.000Z,255.42948,255.85048,0
1974-05-25T01:10:53.000Z,255.46949,255.89049,0
1974-05-25T02:08:46.000Z,255.46949,255.89049,0
1974-05-25T03:06:56.000Z,255.46899,255.89099,0
1974-05-25T04:04:49.000Z,255.42948,255.85048,0
1974-05-25T05:02:43.000Z,255.46949,255.89049,0
1974-05-25T06:00:36.000Z,255.39949,255.82049,0
1974-05-25T06:58:46.000Z,255.46949,255.89049,0
1974-05-25T07:56:39.000Z,255.42948,255.85048,0
1974-05-25T08:54:33.000Z,255.42948,255.85048,0
1974-05-25T09:52:43.000Z,255.42948,255.85048,0
1974-05-25T10:50:36.000Z,255.42948,255.85048,0
1974-05-25T11:48:29.000Z,255.46949,255.89049,0
1974-05-25T12:46:23.000Z,255.46949,255.89049,0
1974-05-25T13:44:33.000Z,255.42948,255.85048,0
1974-05-25T14:42:26.000Z,255.46949,255.89049,0
1974-05-25T15:40:19.000Z,255.49949,255.92049,0
1974-05-25T16:38:13.000Z,255.46949,255.89049,0
1974-05-25T17:36:23.000Z,255.52949,255.95049,0
1974-05-25T17:50:51.000Z,255.42948,255.85048,0
1974-05-25T18:48:44.000Z,255.46949,255.89049,0
1974-05-25T19:46:38.000Z,255.46949,255.89049,0
1974-05-25T20:44:31.000Z,255.45948,255.88048,0
1974-05-25T21:42:41.000Z,255.46949,255.89049,0
1974-05-25T22:40:34.000Z,255.46949,255.89049,0
1974-05-25T23:38:28.000Z,255.45948,255.88048,0
1974-05-26T00:36:38.000Z,255.46949,255.89049,0
1974-05-26T01:34:31.000Z,255.46949,255.89049,0
1974-05-26T02:32:24.000Z,255.42948,255.85048,0
1974-05-26T03:30:18.000Z,255.42948,255.85048,0
1974-05-26T04:28:28.000Z,255.46999,255.88999,0
1974-05-26T05:26:21.000Z,255.42998,255.84998,0
1974-05-26T06:24:14.000Z,255.46999,255.88999,0
1974-05-26T07:22:08.000Z,255.44997,255.86997,0
1974-05-26T08:20:18.000Z,255.46999,255.88999,0
1974-05-26T09:18:11.000Z,255.45998,255.87998,0
1974-05-26T10:16:04.000Z,255.43999,255.85999,0
1974-05-26T11:13:58.000Z,255.41997,255.83997,0
1974-05-26T12:12:08.000Z,255.42998,255.84998,0
1974-05-26T13:10:01.000Z,255.46999,255.88999,0
1974-05-26T14:07:54.000Z,255.44997,255.86997,0
1974-05-26T15:05:48.000Z,255.45998,255.87998,0
1974-05-26T16:03:58.000Z,255.45998,255.87998,0
1974-05-26T17:01:51.000Z,255.43048,255.84948,0
1974-05-26T17:59:44.000Z,255.44997,255.86997,0
1974-05-26T18:57:38.000Z,255.42998,255.84998,0
1974-05-26T19:48:25.000Z,255.38998,255.80998,0
1974-05-26T20:24:44.000Z,255.45998,255.87998,0
1974-05-26T20:46:19.000Z,255.45998,255.87998,0
1974-05-26T21:15:32.000Z,255.46999,255.88999,0
1974-05-26T22:13:25.000Z,255.42998,255.84998,0
1974-05-26T23:11:19.000Z,255.46999,255.88999,0
1974-05-27T00:02:06.000Z,255.46999,255.88999,0
1974-05-27T00:59:59.000Z,255.46999,255.88999,0
1974-05-27T01:57:53.000Z,255.46999,255.88999,0
1974-05-27T02:56:03.000Z,255.43999,255.85999,0
1974-05-27T03:53:56.000Z,255.47049,255.88949,0
1974-05-27T04:51:49.000Z,255.43048,255.84948,0
1974-05-27T05:49:43.000Z,255.43999,255.85999,0
1974-05-27T06:47:53.000Z,255.44049,255.85949,0
1974-05-27T07:45:46.000Z,255.44049,255.85949,0
1974-05-27T08:43:39.000Z,255.47049,255.88949,0
1974-05-27T09:41:49.000Z,255.4105,255.8295,0
1974-05-27T10:39:43.000Z,255.47049,255.88949,0
1974-05-27T11:37:36.000Z,255.44049,255.85949,0
1974-05-27T12:35:29.000Z,255.44049,255.85949,0
1974-05-27T13:33:39.000Z,255.4105,255.8295,0
1974-05-27T14:49:34.000Z,255.44049,255.85949,0
1974-05-27T15:47:27.000Z,255.44049,255.85949,0
1974-05-27T16:45:37.000Z,255.44049,255.85949,0
1974-05-27T17:43:31.000Z,255.4105,255.8295,0
1974-05-27T18:41:24.000Z,255.411,255.829,0
1974-05-27T19:39:17.000Z,255.4105,255.8295,0
1974-05-27T20:37:27.000Z,255.47049,255.88949,0
1974-05-27T21:35:21.000Z,255.4105,255.8295,0
1974-05-27T21:49:49.000Z,255.44049,255.85949,0
1974-05-27T22:11:40.000Z,255.44099,255.85899,0
1974-05-27T22:40:36.000Z,255.47049,255.88949,0
1974-05-27T23:38:30.000Z,255.44099,255.85899,0
1974-05-28T00:36:23.000Z,255.47049,255.88949,0
1974-05-28T01:34:33.000Z,255.47099,255.88899,0
1974-05-28T02:32:26.000Z,255.47049,255.88949,0
1974-05-28T03:30:20.000Z,255.47049,255.88949,0
1974-05-28T04:28:13.000Z,255.47099,255.88899,0
1974-05-28T05:26:23.000Z,255.47099,255.88899,0
1974-05-28T06:24:16.000Z,255.47099,255.88899,0
1974-05-28T07:22:10.000Z,255.47099,255.88899,0
1974-05-28T08:20:03.000Z,255.51097,255.92897,0
1974-05-28T09:18:13.000Z,255.44099,255.85899,0
1974-05-28T10:16:06.000Z,255.47099,255.88899,0
1974-05-28T11:14:00.000Z,255.45097,255.86897,0
1974-05-28T12:11:53.000Z,255.47099,255.88899,0
1974-05-28T13:10:03.000Z,255.44099,255.85899,0
1974-05-28T14:07:56.000Z,255.44099,255.85899,0
1974-05-28T15:05:50.000Z,255.48097,255.89897,0
1974-05-28T16:04:00.000Z,255.44149,255.85849,0
1974-05-28T17:01:53.000Z,255.51097,255.92897,0
1974-05-28T17:59:47.000Z,255.51097,255.92897,0
1974-05-28T18:57:40.000Z,255.47099,255.88899,0
1974-05-28T19:55:50.000Z,255.44149,255.85849,0
1974-05-28T20:53:43.000Z,255.47099,255.88899,0
1974-05-28T21:51:37.000Z,255.47099,255.88899,0
1974-05-28T22:49:30.000Z,255.44149,255.85849,0
1974-05-28T23:47:40.000Z,255.44149,255.85849,0
1974-05-29T00:45:33.000Z,255.47149,255.88849,0
1974-05-29T01:43:27.000Z,255.47149,255.88849,0
1974-05-29T02:41:20.000Z,255.47099,255.88899,0
1974-05-29T03:39:30.000Z,255.44149,255.85849,0
1974-05-29T04:37:23.000Z,255.47149,255.88849,0
1974-05-29T05:35:17.000Z,255.44149,255.85849,0
1974-05-29T06:33:10.000Z,255.47149,255.88849,0
1974-05-29T07:31:20.000Z,255.44149,255.85849,0
1974-05-29T08:29:13.000Z,255.44149,255.85849,0
1974-05-29T09:27:07.000Z,255.44149,255.85849,0
1974-05-29T10:25:16.000Z,255.47149,255.88849,0
1974-05-29T11:30:16.000Z,255.44149,255.85849,0
1974-05-29T12:28:26.000Z,255.44149,255.85849,0
1974-05-29T13:26:19.000Z,255.44149,255.85849,0
1974-05-29T14:24:12.000Z,255.44199,255.85799,0
1974-05-29T15:22:06.000Z,255.44199,255.85799,0
1974-05-29T16:20:16.000Z,255.47199,255.88799,0
1974-05-29T17:18:09.000Z,255.47199,255.88799,0
1974-05-29T18:16:02.000Z,255.47149,255.88849,0
1974-05-29T19:13:56.000Z,255.47199,255.88799,0
1974-05-29T20:01:59.000Z,255.47199,255.88799,0
1974-05-29T20:59:53.000Z,255.51197,255.92797,0
1974-05-29T22:12:31.000Z,255.47199,255.88799,0
1974-05-29T23:10:24.000Z,255.51197,255.92797,0
1974-05-30T00:08:18.000Z,255.44149,255.85849,0
1974-05-30T01:06:28.000Z,255.47199,255.88799,0
1974-05-30T02:04:21.000Z,255.44199,255.85799,0
1974-05-30T03:02:14.000Z,255.44199,255.85799,0
1974-05-30T04:00:08.000Z,255.44149,255.85849,0
1974-05-30T04:58:18.000Z,255.51197,255.92797,0
1974-05-30T05:56:11.000Z,255.50199,255.91799,0
1974-05-30T06:54:04.000Z,255.48197,255.89797,0
1974-05-30T07:51:58.000Z,255.51197,255.92797,0
1974-05-30T08:50:08.000Z,255.51197,255.92797,0
1974-05-30T09:48:01.000Z,255.47299,255.88699,0
1974-05-30T10:45:54.000Z,255.47199,255.88799,0
1974-05-30T11:44:04.000Z,255.51197,255.92797,0
1974-05-30T12:49:04.000Z,255.47199,255.88799,0
1974-05-30T13:54:19.000Z,255.51197,255.92797,0
1974-05-30T14:52:13.000Z,255.47199,255.88799,0
1974-05-30T15:50:23.000Z,255.51197,255.92797,0
1974-05-30T16:48:16.000Z,255.47199,255.88799,0
1974-05-30T17:46:09.000Z,255.51197,255.92797,0
1974-05-30T18:44:03.000Z,255.51197,255.92797,0
1974-05-30T19:42:13.000Z,255.44199,255.85799,0
1974-05-30T22:43:15.000Z,255.44199,255.85799,0
1974-05-30T23:41:09.000Z,255.51197,255.92797,0
1974-05-31T00:02:59.000Z,255.51197,255.92797,0
1974-05-31T01:00:53.000Z,255.48197,255.89797,0
1974-05-31T01:58:46.000Z,255.44199,255.85799,0
1974-05-31T02:56:56.000Z,255.47199,255.88799,0
1974-05-31T04:31:08.000Z,255.47249,255.88749,0
1974-05-31T05:17:17.000Z,255.51247,255.92747,0
1974-05-31T05:53:20.000Z,255.51247,255.92747,0
1974-05-31T06:08:05.000Z,255.51247,255.92747,0
1974-05-31T07:05:58.000Z,255.51247,255.92747,0
1974-05-31T08:03:51.000Z,255.51247,255.92747,0
1974-05-31T09:01:45.000Z,255.47249,255.88749,0
1974-05-31T09:59:55.000Z,255.47249,255.88749,0
1974-05-31T10:57:48.000Z,255.47249,255.88749,0
1974-05-31T11:55:42.000Z,255.44249,255.85749,0
1974-05-31T12:53:35.000Z,255.51297,255.92697,0
1974-05-31T13:51:45.000Z,255.48347,255.89647,0
1974-05-31T14:49:38.000Z,255.51247,255.92747,0
1974-05-31T15:47:32.000Z,255.51297,255.92697,0
1974-05-31T16:45:25.000Z,255.47299,255.88699,0
1974-05-31T17:43:35.000Z,255.51297,255.92697,0
1974-05-31T18:41:28.000Z,255.47249,255.88749,0
1974-05-31T19:39:22.000Z,255.48247,255.89747,0
1974-05-31T20:37:31.000Z,255.50199,255.91799,0
1974-05-31T21:35:25.000Z,255.51297,255.92697,0
1974-05-31T22:33:18.000Z,255.51297,255.92697,0
1974-05-31T23:31:12.000Z,255.47299,255.88699,0
1974-06-01T00:21:59.000Z,255.44249,255.85749,0
1974-06-01T01:19:52.000Z,255.51297,255.92697,0
1974-06-01T02:18:02.000Z,255.48297,255.89697,0
1974-06-01T03:15:56.000Z,255.50299,255.91699,0
1974-06-01T04:13:49.000Z,255.47299,255.88699,0
1974-06-01T05:11:42.000Z,255.51297,255.92697,0
1974-06-01T06:09:52.000Z,255.51297,255.92697,0
1974-06-01T06:31:27.000Z,255.50299,255.91699,0
1974-06-01T07:29:36.000Z,255.543,255.957,0
1974-06-01T08:27:30.000Z,255.50299,255.91699,0
1974-06-01T09:25:23.000Z,255.51297,255.92697,0
1974-06-01T10:23:17.000Z,255.47299,255.88699,0
1974-06-01T11:21:26.000Z,255.50299,255.91699,0
1974-06-01T12:19:20.000Z,255.47299,255.88699,0
1974-06-01T13:02:45.000Z,255.50299,255.91699,0
1974-06-01T14:00:38.000Z,255.543,255.957,0
1974-06-01T14:58:48.000Z,255.47349,255.88649,0
1974-06-01T15:56:41.000Z,255.50349,255.91649,0
1974-06-01T16:54:35.000Z,255.47349,255.88649,0
1974-06-01T17:52:28.000Z,255.543,255.957,0
1974-06-01T18:50:38.000Z,255.47349,255.88649,0
1974-06-01T19:48:31.000Z,255.50349,255.91649,0
1974-06-01T20:46:25.000Z,255.47349,255.88649,0
1974-06-01T21:44:18.000Z,255.50349,255.91649,0
1974-06-01T22:42:28.000Z,255.47349,255.88649,0
1974-06-01T23:40:21.000Z,255.47349,255.88649,0
1974-06-02T00:38:15.000Z,255.47349,255.88649,0
1974-06-02T01:36:25.000Z,255.47349,255.88649,0
1974-06-02T02:34:18.000Z,255.47349,255.88649,0
1974-06-02T02:55:52.000Z,255.50349,255.91649,0
1974-06-02T03:54:02.000Z,255.47349,255.88649,0
1974-06-02T04:51:56.000Z,255.47349,255.88649,0
1974-06-02T05:49:49.000Z,255.47349,255.88649,0
1974-06-02T06:47:42.000Z,255.47349,255.88649,0
1974-06-02T07:24:01.000Z,255.47349,255.88649,0
1974-06-02T08:21:55.000Z,255.47349,255.88649,0
1974-06-02T09:20:05.000Z,255.5435,255.9565,0
1974-06-02T10:17:58.000Z,255.47399,255.88599,0
1974-06-02T11:15:51.000Z,255.47349,255.88649,0
1974-06-02T12:13:45.000Z,255.47399,255.88599,0
1974-06-02T12:35:36.000Z,255.47399,255.88599,0
1974-06-02T13:33:29.000Z,255.51347,255.92647,0
1974-06-02T14:31:39.000Z,255.47399,255.88599,0
1974-06-02T15:29:32.000Z,255.51397,255.92597,0
1974-06-02T16:27:26.000Z,255.544,255.956,0
1974-06-02T16:49:16.000Z,255.47399,255.88599,0
1974-06-02T17:18:13.000Z,255.50399,255.91599,0
1974-06-02T18:16:06.000Z,255.47399,255.88599,0
1974-06-02T19:14:00.000Z,255.47399,255.88599,0
1974-06-02T20:12:10.000Z,255.47399,255.88599,0
1974-06-02T21:10:03.000Z,255.47399,255.88599,0
1974-06-02T22:07:56.000Z,255.47399,255.88599,0
1974-06-02T23:05:50.000Z,255.47399,255.88599,0
1974-06-03T00:04:00.000Z,255.47399,255.88599,0
1974-06-03T01:01:53.000Z,255.44399,255.85599,0
1974-06-03T01:59:47.000Z,255.50399,255.91599,0
1974-06-03T02:57:56.000Z,255.544,255.956,0
1974-06-03T03:55:50.000Z,255.51397,255.92597,0
1974-06-03T04:53:43.000Z,255.47399,255.88599,0
1974-06-03T05:51:37.000Z,255.47449,255.88549,0
1974-06-03T06:49:46.000Z,255.51447,255.92547,0
1974-06-03T07:47:40.000Z,255.47399,255.88599,0
1974-06-03T08:45:33.000Z,255.47399,255.88599,0
1974-06-03T09:43:27.000Z,255.50449,255.91549,0
1974-06-03T10:41:36.000Z,255.47399,255.88599,0
1974-06-03T11:39:30.000Z,255.55398,255.96598,0
1974-06-03T12:37:23.000Z,255.51447,255.92547,0
1974-06-03T13:35:17.000Z,255.47449,255.88549,0
1974-06-03T14:33:26.000Z,255.47399,255.88599,0
1974-06-03T15:36:47.000Z,255.47399,255.88599,0
1974-06-03T16:34:41.000Z,255.51447,255.92547,0
1974-06-03T17:32:34.000Z,255.5445,255.9555,0
1974-06-03T18:30:44.000Z,255.51447,255.92547,0
1974-06-03T19:28:37.000Z,255.50449,255.91549,0
1974-06-03T20:04:57.000Z,255.47449,255.88549,0
1974-06-03T21:02:50.000Z,255.47449,255.88549,0
1974-06-03T22:00:43.000Z,255.47449,255.88549,0
1974-06-03T22:58:37.000Z,255.5445,255.9555,0
1974-06-04T00:03:53.000Z,255.51447,255.92547,0
1974-06-04T01:02:02.000Z,255.47449,255.88549,0
1974-06-04T01:59:56.000Z,255.51447,255.92547,0
1974-06-04T02:57:49.000Z,255.47449,255.88549,0
1974-06-04T03:55:43.000Z,255.51447,255.92547,0
1974-06-04T04:53:52.000Z,255.47449,255.88549,0
1974-06-04T05:51:46.000Z,255.5445,255.9555,0
1974-06-04T06:49:39.000Z,255.47499,255.88499,0
1974-06-04T07:47:33.000Z,255.5445,255.9555,0
1974-06-04T08:45:42.000Z,255.5445,255.9555,0
1974-06-04T09:43:36.000Z,255.5445,255.9555,0
1974-06-04T10:41:29.000Z,255.48447,255.89547,0
1974-06-04T11:39:23.000Z,255.47449,255.88549,0
1974-06-04T12:37:32.000Z,255.5445,255.9555,0
1974-06-04T13:35:26.000Z,255.48497,255.89497,0
1974-06-04T14:33:19.000Z,255.47449,255.88549,0
1974-06-04T15:31:29.000Z,255.47499,255.88499,0
1974-06-04T16:07:32.000Z,255.50499,255.91499,0
1974-06-04T16:14:54.000Z,255.47499,255.88499,0
1974-06-04T17:12:47.000Z,255.51497,255.92497,0
1974-06-04T18:10:41.000Z,255.48497,255.89497,0
1974-06-04T19:08:51.000Z,255.47499,255.88499,0
1974-06-05T01:16:23.000Z,255.44499,255.85499,0
1974-06-05T02:14:17.000Z,255.44499,255.85499,0
1974-06-05T02:36:08.000Z,255.44499,255.85499,0
1974-06-05T03:34:01.000Z,255.47499,255.88499,0
1974-06-05T04:32:11.000Z,255.47499,255.88499,0
1974-06-05T05:30:04.000Z,255.47499,255.88499,0
1974-06-05T06:27:58.000Z,255.47499,255.88499,0
1974-06-05T07:25:51.000Z,255.47499,255.88499,0
1974-06-05T08:24:01.000Z,255.44499,255.85499,0
1974-06-05T09:21:54.000Z,255.44499,255.85499,0
1974-06-05T10:19:48.000Z,255.44499,255.85499,0
1974-06-05T11:17:41.000Z,255.48497,255.89497,0
1974-06-05T12:15:51.000Z,255.51497,255.92497,0
1974-06-05T13:13:44.000Z,255.48497,255.89497,0
1974-06-05T14:11:38.000Z,255.44549,255.85449,0
1974-06-05T15:06:47.000Z,255.47499,255.88499,0
1974-06-05T16:04:57.000Z,255.47499,255.88499,0
1974-06-05T17:02:50.000Z,255.47549,255.88449,0
1974-06-05T18:00:44.000Z,255.52498,255.93498,0
1974-06-05T18:58:54.000Z,255.44499,255.85499,0
1974-06-05T19:56:47.000Z,255.47549,255.88449,0
1974-06-05T20:54:40.000Z,255.44549,255.85449,0
1974-06-05T21:52:34.000Z,255.44549,255.85449,0
1974-06-05T22:50:44.000Z,255.44549,255.85449,0
1974-06-05T23:48:37.000Z,255.51497,255.92497,0
1974-06-06T00:46:30.000Z,255.47549,255.88449,0
1974-06-06T01:44:24.000Z,255.51497,255.92497,0
1974-06-06T02:42:34.000Z,255.44549,255.85449,0
1974-06-06T03:40:27.000Z,255.47549,255.88449,0
1974-06-06T04:38:20.000Z,255.47549,255.88449,0
1974-06-06T05:36:14.000Z,255.48547,255.89447,0
1974-06-06T06:34:24.000Z,255.47549,255.88449,0
1974-06-06T07:32:17.000Z,255.47549,255.88449,0
1974-06-06T08:30:11.000Z,255.47549,255.88449,0
1974-06-06T08:37:33.000Z,255.51547,255.92447,0
1974-06-06T09:35:26.000Z,255.47549,255.88449,0
1974-06-06T10:33:20.000Z,255.47549,255.88449,0
1974-06-06T11:31:29.000Z,255.47549,255.88449,0
1974-06-06T12:29:23.000Z,255.44549,255.85449,0
1974-06-06T13:27:16.000Z,255.48547,255.89447,0
1974-06-06T14:25:10.000Z,255.51547,255.92447,0
1974-06-06T15:23:19.000Z,255.51547,255.92447,0
1974-06-06T16:21:13.000Z,255.48547,255.89447,0
1974-06-06T17:19:06.000Z,255.47599,255.88399,0
1974-06-06T18:17:00.000Z,255.47549,255.88449,0
1974-06-06T19:15:10.000Z,255.44549,255.85449,0
1974-06-06T20:13:03.000Z,255.51597,255.92397,0
1974-06-06T21:10:56.000Z,255.47549,255.88449,0
1974-06-06T22:09:06.000Z,255.47549,255.88449,0
1974-06-06T23:07:00.000Z,255.47599,255.88399,0
1974-06-07T00:04:53.000Z,255.47549,255.88449,0
1974-06-07T01:02:46.000Z,255.51547,255.92447,0
1974-06-07T02:00:56.000Z,255.47599,255.88399,0
1974-06-07T02:58:50.000Z,255.51597,255.92397,0
1974-06-07T03:56:43.000Z,255.47599,255.88399,0
1974-06-07T04:54:36.000Z,255.51597,255.92397,0
1974-06-07T05:52:46.000Z,255.47599,255.88399,0
1974-06-07T06:50:40.000Z,255.51597,255.92397,0
1974-06-07T07:48:33.000Z,255.51597,255.92397,0
1974-06-07T08:46:26.000Z,255.51597,255.92397,0
1974-06-07T09:44:36.000Z,255.47649,255.88349,0
1974-06-07T10:42:30.000Z,255.51597,255.92397,0
1974-06-07T11:40:23.000Z,255.47649,255.88349,0
1974-06-07T12:38:16.000Z,255.51597,255.92397,0
1974-06-07T13:36:26.000Z,255.47649,255.88349,0
1974-06-07T14:34:20.000Z,255.47649,255.88349,0
1974-06-07T15:29:29.000Z,255.47649,255.88349,0
1974-06-07T16:13:11.000Z,255.48647,255.89347,0
1974-06-07T17:11:04.000Z,255.47649,255.88349,0
1974-06-07T18:08:57.000Z,255.47649,255.88349,0
1974-06-07T19:06:51.000Z,255.48647,255.89347,0
1974-06-07T20:05:01.000Z,255.47649,255.88349,0
1974-06-07T21:02:54.000Z,255.51647,255.92347,0
1974-06-07T22:00:47.000Z,255.51647,255.92347,0
1974-06-07T22:58:41.000Z,255.51647,255.92347,0
1974-06-08T00:03:57.000Z,255.48647,255.89347,0
1974-06-08T01:01:50.000Z,255.48647,255.89347,0
1974-06-08T02:00:00.000Z,255.44649,255.85349,0
1974-06-08T02:57:53.000Z,255.51647,255.92347,0
1974-06-08T03:55:47.000Z,255.47649,255.88349,0
1974-06-08T04:53:40.000Z,255.48647,255.89347,0
1974-06-08T05:51:50.000Z,255.44649,255.85349,0
1974-06-08T06:49:43.000Z,255.44649,255.85349,0
1974-06-08T07:47:37.000Z,255.51647,255.92347,0
1974-06-08T08:45:46.000Z,255.47649,255.88349,0
1974-06-08T09:43:40.000Z,255.48647,255.89347,0
1974-06-08T10:41:33.000Z,255.47649,255.88349,0
1974-06-08T11:39:27.000Z,255.50649,255.91349,0
1974-06-08T12:37:36.000Z,255.47649,255.88349,0
1974-06-08T13:35:30.000Z,255.44649,255.85349,0
1974-06-08T14:33:23.000Z,255.47649,255.88349,0
1974-06-08T15:31:17.000Z,255.51647,255.92347,0
1974-06-08T16:29:26.000Z,255.44699,255.85299,0
1974-06-08T17:27:20.000Z,255.47649,255.88349,0
1974-06-08T18:25:13.000Z,255.44699,255.85299,0
1974-06-08T19:23:07.000Z,255.44699,255.85299,0
1974-06-08T20:21:16.000Z,255.50699,255.91299,0
1974-06-08T21:19:10.000Z,255.47649,255.88349,0
1974-06-08T22:17:03.000Z,255.47699,255.88299,0
1974-06-08T23:14:57.000Z,255.47699,255.88299,0
1974-06-09T00:13:07.000Z,255.47699,255.88299,0
1974-06-09T01:11:00.000Z,255.47699,255.88299,0
1974-06-09T02:08:53.000Z,255.47699,255.88299,0
1974-06-09T03:07:03.000Z,255.47699,255.88299,0
1974-06-09T04:04:57.000Z,255.47699,255.88299,0
1974-06-09T05:02:50.000Z,255.47699,255.88299,0
1974-06-09T06:00:43.000Z,255.47699,255.88299,0
1974-06-09T06:58:53.000Z,255.52698,255.93298,0
1974-06-09T07:56:47.000Z,255.46698,255.87298,0
1974-06-09T08:54:40.000Z,255.42697,255.83297,0
1974-06-09T09:52:33.000Z,255.45697,255.86297,0
1974-06-09T10:50:43.000Z,255.48697,255.89297,0
1974-06-09T11:48:37.000Z,255.45697,255.86297,0
1974-06-09T12:46:30.000Z,255.48697,255.89297,0
1974-06-09T13:44:23.000Z,255.52698,255.93298,0
1974-06-09T14:42:33.000Z,255.48697,255.89297,0
1974-06-09T15:40:27.000Z,255.47699,255.88299,0
1974-06-09T16:23:52.000Z,255.47699,255.88299,0
1974-06-09T17:21:45.000Z,255.48697,255.89297,0
1974-06-09T18:27:01.000Z,255.47699,255.88299,0
1974-06-09T19:24:54.000Z,255.45747,255.86247,0
1974-06-09T20:23:04.000Z,255.49698,255.90298,0
1974-06-09T21:20:57.000Z,255.47749,255.88249,0
1974-06-09T22:18:51.000Z,255.44749,255.85249,0
1974-06-09T23:17:01.000Z,255.4175,255.8225,0
1974-06-10T00:14:54.000Z,255.43748,255.84248,0
1974-06-10T01:12:47.000Z,255.50749,255.91249,0
1974-06-10T02:10:41.000Z,255.49698,255.90298,0
1974-06-10T03:08:51.000Z,255.48747,255.89247,0
1974-06-10T04:06:44.000Z,255.44749,255.85249,0
1974-06-10T05:04:37.000Z,255.44749,255.85249,0
1974-06-10T06:02:31.000Z,255.47749,255.88249,0
1974-06-10T07:00:41.000Z,255.44749,255.85249,0
1974-06-10T07:58:34.000Z,255.46748,255.87248,0
1974-06-10T08:56:27.000Z,255.46748,255.87248,0
1974-06-10T09:54:21.000Z,255.42747,255.83247,0
1974-06-10T10:52:31.000Z,255.46748,255.87248,0
1974-06-10T11:50:24.000Z,255.42747,255.83247,0
1974-06-10T12:48:17.000Z,255.45747,255.86247,0
1974-06-10T13:46:11.000Z,255.49748,255.90248,0
1974-06-10T14:44:21.000Z,255.48747,255.89247,0
1974-06-10T15:42:14.000Z,255.45747,255.86247,0
1974-06-10T16:40:07.000Z,255.45747,255.86247,0
1974-06-10T17:38:17.000Z,255.48747,255.89247,0
1974-06-10T18:36:11.000Z,255.48747,255.89247,0
1974-06-10T20:09:18.000Z,255.45797,255.86197,0
1974-06-10T21:07:27.000Z,255.48747,255.89247,0
1974-06-10T22:05:21.000Z,255.48747,255.89247,0
1974-06-10T22:48:46.000Z,255.45747,255.86247,0
1974-06-10T23:03:14.000Z,255.48747,255.89247,0
1974-06-11T00:01:08.000Z,255.48747,255.89247,0
1974-06-11T00:59:17.000Z,255.48747,255.89247,0
1974-06-11T01:57:11.000Z,255.48747,255.89247,0
1974-06-11T02:55:04.000Z,255.48747,255.89247,0
1974-06-11T03:52:58.000Z,255.44799,255.85199,0
1974-06-11T04:51:07.000Z,255.47799,255.88199,0
1974-06-11T05:49:01.000Z,255.48797,255.89197,0
1974-06-11T06:46:54.000Z,255.48797,255.89197,0
1974-06-11T07:45:04.000Z,255.51797,255.92197,0
1974-06-11T08:42:57.000Z,255.47799,255.88199,0
1974-06-11T09:40:51.000Z,255.51797,255.92197,0
1974-06-11T10:38:44.000Z,255.47799,255.88199,0
1974-06-11T11:36:54.000Z,255.47799,255.88199,0
1974-06-11T12:34:47.000Z,255.47799,255.88199,0
1974-06-11T13:32:41.000Z,255.47799,255.88199,0
1974-06-11T14:30:34.000Z,255.46798,255.87198,0
1974-06-11T15:28:44.000Z,255.47799,255.88199,0
1974-06-11T16:26:38.000Z,255.47799,255.88199,0
1974-06-11T17:24:31.000Z,255.50799,255.91199,0
1974-06-11T17:46:22.000Z,255.43798,255.84198,0
1974-06-11T18:44:15.000Z,255.50799,255.91199,0
1974-06-11T19:42:08.000Z,255.46798,255.87198,0
1974-06-11T20:40:18.000Z,255.53799,255.94199,0
1974-06-11T21:38:12.000Z,255.46798,255.87198,0
1974-06-11T22:36:05.000Z,255.49798,255.90198,0
1974-06-11T23:33:58.000Z,255.49798,255.90198,0
1974-06-12T00:02:55.000Z,255.49798,255.90198,0
1974-06-12T01:01:05.000Z,255.49848,255.90148,0
1974-06-12T01:58:58.000Z,255.49798,255.90198,0
1974-06-12T02:56:52.000Z,255.53849,255.94149,0
1974-06-12T03:54:45.000Z,255.49848,255.90148,0
1974-06-12T04:52:55.000Z,255.49848,255.90148,0
1974-06-12T05:50:48.000Z,255.49848,255.90148,0
1974-06-12T06:48:42.000Z,255.49848,255.90148,0
1974-06-12T07:46:52.000Z,255.49848,255.90148,0
1974-06-12T08:44:45.000Z,255.52798,255.93198,0
1974-06-12T09:42:38.000Z,255.49848,255.90148,0
1974-06-12T10:40:32.000Z,255.48847,255.89147,0
1974-06-12T11:38:42.000Z,255.49848,255.90148,0
1974-06-12T12:36:35.000Z,255.45847,255.86147,0
1974-06-12T13:34:28.000Z,255.48847,255.89147,0
1974-06-12T14:32:22.000Z,255.48847,255.89147,0
1974-06-12T15:21:15.000Z,255.48847,255.89147,0
1974-06-12T16:19:24.000Z,255.45847,255.86147,0
1974-06-12T17:17:18.000Z,255.52848,255.93148,0
1974-06-12T18:15:11.000Z,255.49848,255.90148,0
1974-06-12T19:13:21.000Z,255.48847,255.89147,0
1974-06-12T20:11:14.000Z,255.44849,255.85149,0
1974-06-12T21:09:08.000Z,255.4185,255.8215,0
1974-06-12T22:07:01.000Z,255.52848,255.93148,0
1974-06-12T23:05:11.000Z,255.44849,255.85149,0
1974-06-13T00:03:04.000Z,255.44849,255.85149,0
1974-06-13T01:00:58.000Z,255.48847,255.89147,0
1974-06-13T01:58:51.000Z,255.44849,255.85149,0
1974-06-13T02:57:01.000Z,255.47849,255.88149,0
1974-06-13T03:54:54.000Z,255.48847,255.89147,0
1974-06-13T04:52:48.000Z,255.47849,255.88149,0
1974-06-13T05:50:41.000Z,255.44849,255.85149,0
1974-06-13T06:48:51.000Z,255.47849,255.88149,0
1974-06-13T07:46:44.000Z,255.4185,255.8215,0
1974-06-13T08:44:38.000Z,255.47849,255.88149,0
1974-06-13T09:42:31.000Z,255.48847,255.89147,0
1974-06-13T10:40:41.000Z,255.44849,255.85149,0
1974-06-13T11:38:34.000Z,255.47849,255.88149,0
1974-06-13T12:36:28.000Z,255.47899,255.88099,0
1974-06-13T13:34:21.000Z,255.44899,255.85099,0
1974-06-13T14:32:31.000Z,255.47849,255.88149,0
1974-06-13T14:46:59.000Z,255.48897,255.89097,0
1974-06-13T15:44:53.000Z,255.51897,255.92097,0
1974-06-13T16:42:46.000Z,255.44899,255.85099,0
1974-06-13T17:40:56.000Z,255.50899,255.91099,0
1974-06-13T18:38:49.000Z,255.47899,255.88099,0
1974-06-13T19:29:37.000Z,255.47899,255.88099,0
1974-06-13T19:51:11.000Z,255.47899,255.88099,0
1974-06-13T20:49:05.000Z,255.47899,255.88099,0
1974-06-13T21:47:14.000Z,255.47899,255.88099,0
1974-06-13T22:08:49.000Z,255.47899,255.88099,0
1974-06-13T23:06:59.000Z,255.47899,255.88099,0
1974-06-14T00:04:52.000Z,255.44899,255.85099,0
1974-06-14T01:02:45.000Z,255.47899,255.88099,0
1974-06-14T02:00:39.000Z,255.47899,255.88099,0
1974-06-14T02:58:49.000Z,255.47899,255.88099,0
1974-06-14T03:56:42.000Z,255.47899,255.88099,0
1974-06-14T04:54:35.000Z,255.47899,255.88099,0
1974-06-14T05:52:29.000Z,255.47899,255.88099,0
1974-06-14T06:28:48.000Z,255.47899,255.88099,0
1974-06-14T07:26:41.000Z,255.47899,255.88099,0
1974-06-14T08:24:51.000Z,255.50899,255.91099,0
1974-06-14T09:22:44.000Z,255.50899,255.91099,0
1974-06-14T10:20:38.000Z,255.50899,255.91099,0
1974-06-14T11:18:31.000Z,255.47899,255.88099,0
1974-06-14T12:16:41.000Z,255.47949,255.88049,0
1974-06-14T13:50:54.000Z,255.47899,255.88099,0
1974-06-14T14:34:19.000Z,255.50899,255.91099,0
1974-06-14T15:32:12.000Z,255.47949,255.88049,0
1974-06-14T16:30:05.000Z,255.47949,255.88049,0
1974-06-14T17:20:53.000Z,255.47949,255.88049,0
1974-06-14T18:18:46.000Z,255.47949,255.88049,0
1974-06-14T18:47:43.000Z,255.47949,255.88049,0
1974-06-14T19:45:53.000Z,255.47949,255.88049,0
1974-06-14T20:43:46.000Z,255.47949,255.88049,0
1974-06-14T21:41:40.000Z,255.50949,255.91049,0
1974-06-14T22:17:59.000Z,255.50949,255.91049,0
1974-06-14T23:15:52.000Z,255.50949,255.91049,0
1974-06-14T23:37:43.000Z,255.50949,255.91049,0
1974-06-15T00:35:36.000Z,255.53949,255.94049,0
1974-06-15T01:33:30.000Z,255.50949,255.91049,0
1974-06-15T02:31:23.000Z,255.53949,255.94049,0
1974-06-15T03:29:33.000Z,255.43948,255.84048,0
1974-06-15T04:27:26.000Z,255.46948,255.87048,0
1974-06-15T05:25:20.000Z,255.53949,255.94049,0
1974-06-15T06:23:29.000Z,255.46948,255.87048,0
1974-06-15T07:21:23.000Z,255.46948,255.87048,0
1974-06-15T08:19:16.000Z,255.47949,255.88049,0
1974-06-15T09:17:10.000Z,255.43948,255.84048,0
1974-06-15T10:15:19.000Z,255.47949,255.88049,0
1974-06-15T11:13:13.000Z,255.43948,255.84048,0
1974-06-15T12:11:06.000Z,255.47949,255.88049,0
1974-06-15T13:09:00.000Z,255.46948,255.87048,0
1974-06-15T14:07:09.000Z,255.46998,255.86998,0
1974-06-15T15:05:03.000Z,255.50999,255.90999,0
1974-06-15T16:02:56.000Z,255.50949,255.91049,0
1974-06-15T17:00:50.000Z,255.43948,255.84048,0
1974-06-15T17:58:59.000Z,255.46998,255.86998,0
1974-06-15T18:56:53.000Z,255.46998,255.86998,0
1974-06-15T19:54:46.000Z,255.50949,255.91049,0
1974-06-15T20:52:40.000Z,255.50999,255.90999,0
1974-06-15T21:50:49.000Z,255.50999,255.90999,0
1974-06-15T22:48:43.000Z,255.46998,255.86998,0
1974-06-15T23:46:36.000Z,255.50999,255.90999,0
1974-06-16T00:01:05.000Z,255.46998,255.86998,0
1974-06-16T00:59:14.000Z,255.46998,255.86998,0
1974-06-16T01:57:08.000Z,255.49998,255.89998,0
1974-06-16T02:55:01.000Z,255.46998,255.86998,0
1974-06-16T03:52:55.000Z,255.46998,255.86998,0
1974-06-16T04:51:04.000Z,255.47048,255.86948,0
1974-06-16T05:48:58.000Z,255.46998,255.86998,0
1974-06-16T06:46:51.000Z,255.50999,255.90999,0
1974-06-16T07:44:45.000Z,255.47048,255.86948,0
1974-06-16T08:42:54.000Z,255.46998,255.86998,0
1974-06-16T09:40:48.000Z,255.50999,255.90999,0
1974-06-16T10:38:41.000Z,255.50999,255.90999,0
1974-06-16T11:36:35.000Z,255.47048,255.86948,0
1974-06-16T12:34:44.000Z,255.47048,255.86948,0
1974-06-16T13:32:38.000Z,255.47048,255.86948,0
1974-06-16T14:30:31.000Z,255.50048,255.89948,0
1974-06-16T15:28:25.000Z,255.47048,255.86948,0
1974-06-16T16:26:34.000Z,255.47048,255.86948,0
1974-06-16T17:24:28.000Z,255.50048,255.89948,0
1974-06-16T18:22:21.000Z,255.47048,255.86948,0
1974-06-16T19:20:31.000Z,255.50048,255.89948,0
1974-06-16T20:18:24.000Z,255.47048,255.86948,0
1974-06-16T21:01:50.000Z,255.47048,255.86948,0
1974-06-16T21:59:43.000Z,255.50048,255.89948,0
1974-06-16T22:57:53.000Z,255.50048,255.89948,0
1974-06-16T23:55:46.000Z,255.50048,255.89948,0
1974-06-17T00:53:40.000Z,255.50048,255.89948,0
1974-06-17T01:15:30.000Z,255.50048,255.89948,0
1974-06-17T02:13:24.000Z,255.50048,255.89948,0
1974-06-17T03:11:17.000Z,255.50048,255.89948,0
1974-06-17T04:09:10.000Z,255.49047,255.88947,0
1974-06-17T05:07:20.000Z,255.50048,255.89948,0
1974-06-17T06:05:14.000Z,255.50048,255.89948,0
1974-06-17T07:03:07.000Z,255.50048,255.89948,0
1974-06-17T08:01:00.000Z,255.50048,255.89948,0
1974-06-17T08:59:10.000Z,255.50048,255.89948,0
1974-06-17T09:57:04.000Z,255.50048,255.89948,0
1974-06-17T10:54:57.000Z,255.50048,255.89948,0
1974-06-17T11:53:07.000Z,255.53048,255.92948,0
1974-06-17T12:51:00.000Z,255.50098,255.89898,0
1974-06-17T14:25:13.000Z,255.50098,255.89898,0
1974-06-17T15:23:06.000Z,255.50048,255.89948,0
1974-06-17T16:21:00.000Z,255.50048,255.89948,0
1974-06-17T17:18:53.000Z,255.50098,255.89898,0
1974-06-17T18:17:03.000Z,255.50048,255.89948,0
1974-06-17T19:14:56.000Z,255.50098,255.89898,0
1974-06-17T20:12:50.000Z,255.53048,255.92948,0
1974-06-17T20:27:18.000Z,255.50098,255.89898,0
1974-06-17T20:41:46.000Z,255.50098,255.89898,0
1974-06-17T20:56:15.000Z,255.50098,255.89898,0
1974-06-17T21:54:24.000Z,255.50098,255.89898,0
1974-06-17T22:52:18.000Z,255.53098,255.92898,0
1974-06-17T23:50:11.000Z,255.50098,255.89898,0
1974-06-18T00:12:02.000Z,255.50098,255.89898,0
1974-06-18T00:26:30.000Z,255.46097,255.85897,0
1974-06-18T01:24:24.000Z,255.50098,255.89898,0
1974-06-18T02:22:17.000Z,255.50098,255.89898,0
1974-06-18T03:20:27.000Z,255.50098,255.89898,0
1974-06-18T04:18:20.000Z,255.50098,255.89898,0
1974-06-18T05:16:14.000Z,255.50098,255.89898,0
1974-06-18T05:30:42.000Z,255.53098,255.92898,0
1974-06-18T06:28:52.000Z,255.50098,255.89898,0
1974-06-18T07:04:55.000Z,255.50098,255.89898,0
1974-06-18T08:02:48.000Z,255.50098,255.89898,0
1974-06-18T09:00:58.000Z,255.53098,255.92898,0
1974-06-18T09:58:51.000Z,255.50098,255.89898,0
1974-06-18T10:56:45.000Z,255.46097,255.85897,0
1974-06-18T11:54:54.000Z,255.46097,255.85897,0
1974-06-18T12:52:48.000Z,255.50098,255.89898,0
1974-06-18T13:50:41.000Z,255.46097,255.85897,0
1974-06-18T14:41:29.000Z,255.46097,255.85897,0
1974-06-18T15:39:22.000Z,255.46097,255.85897,0
1974-06-18T17:20:41.000Z,255.53148,255.92848,0
1974-06-18T18:04:22.000Z,255.53148,255.92848,0
1974-06-18T19:02:15.000Z,255.46097,255.85897,0
1974-06-18T20:00:09.000Z,255.46147,255.85847,0
1974-06-18T20:58:02.000Z,255.53098,255.92898,0
1974-06-18T21:56:12.000Z,255.49147,255.88847,0
1974-06-18T22:54:05.000Z,255.50148,255.89848,0
1974-06-18T23:51:59.000Z,255.46147,255.85847,0
1974-06-18T23:59:21.000Z,255.46147,255.85847,0
1974-06-19T00:13:50.000Z,255.46147,255.85847,0
1974-06-19T01:11:43.000Z,255.49147,255.88847,0
1974-06-19T02:02:30.000Z,255.49147,255.88847,0
1974-06-19T02:53:18.000Z,255.53148,255.92848,0
1974-06-19T03:07:46.000Z,255.49147,255.88847,0
1974-06-19T03:43:49.000Z,255.53148,255.92848,0
1974-06-19T04:41:59.000Z,255.49147,255.88847,0
1974-06-19T05:46:58.000Z,255.49147,255.88847,0
1974-06-19T05:54:20.000Z,255.50148,255.89848,0
1974-06-19T06:01:26.000Z,255.53148,255.92848,0
1974-06-19T06:30:39.000Z,255.52147,255.91847,0
1974-06-19T07:28:33.000Z,255.53148,255.92848,0
1974-06-19T08:26:26.000Z,255.45149,255.84849,0
1974-06-19T09:24:20.000Z,255.46147,255.85847,0
1974-06-19T10:22:29.000Z,255.46147,255.85847,0
1974-06-19T11:20:23.000Z,255.46147,255.85847,0
1974-06-19T12:18:16.000Z,255.49147,255.88847,0
1974-06-19T13:16:10.000Z,255.49147,255.88847,0
1974-06-19T14:29:37.000Z,255.49147,255.88847,0
1974-06-19T15:20:24.000Z,255.46147,255.85847,0
1974-06-19T16:18:18.000Z,255.49147,255.88847,0
1974-06-19T17:09:05.000Z,255.45149,255.84849,0
1974-06-19T18:50:24.000Z,255.45149,255.84849,0
1974-06-19T19:12:14.000Z,255.46147,255.85847,0
1974-06-19T19:26:43.000Z,255.46147,255.85847,0
1974-06-19T19:55:39.000Z,255.52147,255.91847,0
1974-06-19T20:17:30.000Z,255.49147,255.88847,0
1974-06-19T20:46:27.000Z,255.46147,255.85847,0
1974-06-19T21:22:30.000Z,255.52147,255.91847,0
1974-06-19T21:58:49.000Z,255.52197,255.91797,0
1974-06-19T23:04:04.000Z,255.49147,255.88847,0
1974-06-19T23:18:33.000Z,255.45199,255.84799,0
1974-06-19T23:40:23.000Z,255.48149,255.87849,0
1974-06-20T00:01:58.000Z,255.45149,255.84849,0
1974-06-20T00:59:51.000Z,255.49147,255.88847,0
1974-06-20T01:58:01.000Z,255.48199,255.87799,0
1974-06-20T02:55:54.000Z,255.46197,255.85797,0
1974-06-20T04:22:45.000Z,255.52197,255.91797,0
1974-06-20T04:44:35.000Z,255.49197,255.88797,0
1974-06-20T06:40:22.000Z,255.48149,255.87849,0
1974-06-20T07:38:32.000Z,255.52197,255.91797,0
1974-06-20T08:36:25.000Z,255.49197,255.88797,0
1974-06-20T09:34:19.000Z,255.52197,255.91797,0
1974-06-20T10:32:12.000Z,255.52197,255.91797,0
1974-06-20T11:30:22.000Z,255.52197,255.91797,0
1974-06-20T12:28:15.000Z,255.48199,255.87799,0
1974-06-20T13:26:09.000Z,255.49197,255.88797,0
1974-06-20T14:24:19.000Z,255.48199,255.87799,0
1974-06-20T15:22:12.000Z,255.52197,255.91797,0
1974-06-20T16:20:05.000Z,255.52197,255.91797,0
1974-06-20T17:17:59.000Z,255.52197,255.91797,0
1974-06-20T18:16:09.000Z,255.52247,255.91747,0
1974-06-20T19:14:02.000Z,255.52197,255.91797,0
1974-06-20T20:11:55.000Z,255.52197,255.91797,0
1974-06-20T21:09:49.000Z,255.52197,255.91797,0
1974-06-20T22:07:59.000Z,255.48249,255.87749,0
1974-06-20T23:05:52.000Z,255.52197,255.91797,0
1974-06-21T00:03:45.000Z,255.52197,255.91797,0
1974-06-21T01:01:39.000Z,255.52197,255.91797,0
1974-06-21T01:59:49.000Z,255.45249,255.84749,0
1974-06-21T02:57:42.000Z,255.52197,255.91797,0
1974-06-21T03:55:35.000Z,255.52197,255.91797,0
1974-06-21T04:17:26.000Z,255.48199,255.87799,0
1974-06-21T04:31:54.000Z,255.48249,255.87749,0
1974-06-21T05:00:51.000Z,255.52247,255.91747,0
1974-06-21T05:44:16.000Z,255.48249,255.87749,0
1974-06-21T06:13:13.000Z,255.52247,255.91747,0
1974-06-21T06:20:35.000Z,255.52247,255.91747,0
1974-06-21T07:18:29.000Z,255.52247,255.91747,0
1974-06-21T08:16:22.000Z,255.45249,255.84749,0
1974-06-21T09:14:32.000Z,255.52247,255.91747,0
1974-06-21T10:12:25.000Z,255.52247,255.91747,0
1974-06-21T11:10:19.000Z,255.48249,255.87749,0
1974-06-21T12:08:12.000Z,255.48299,255.87699,0
1974-06-21T13:06:22.000Z,255.52247,255.91747,0
1974-06-21T14:04:15.000Z,255.52247,255.91747,0
1974-06-21T15:19:21.000Z,255.48249,255.87749,0
1974-06-21T16:17:14.000Z,255.52297,255.91697,0
1974-06-21T17:15:24.000Z,255.52297,255.91697,0
1974-06-21T18:13:18.000Z,255.48299,255.87699,0
1974-06-21T19:11:11.000Z,255.48299,255.87699,0
1974-06-21T20:09:21.000Z,255.52297,255.91697,0
1974-06-21T21:07:14.000Z,255.56248,255.95748,0
1974-06-21T22:05:08.000Z,255.45299,255.84699,0
1974-06-21T23:03:01.000Z,255.51299,255.90699,0
1974-06-22T00:01:11.000Z,255.48299,255.87699,0
1974-06-22T00:59:04.000Z,255.48299,255.87699,0
1974-06-22T01:56:58.000Z,255.52297,255.91697,0
1974-06-22T02:54:51.000Z,255.48299,255.87699,0
1974-06-22T03:53:01.000Z,255.52297,255.91697,0
1974-06-22T04:50:54.000Z,255.51299,255.90699,0
1974-06-22T05:48:48.000Z,255.51299,255.90699,0
1974-06-22T06:46:41.000Z,255.52297,255.91697,0
1974-06-22T07:44:51.000Z,255.48299,255.87699,0
1974-06-22T08:42:44.000Z,255.52297,255.91697,0
1974-06-22T09:40:38.000Z,255.48299,255.87699,0
1974-06-22T10:38:31.000Z,255.48299,255.87699,0
1974-06-22T11:36:41.000Z,255.48299,255.87699,0
1974-06-22T12:34:34.000Z,255.48349,255.87649,0
1974-06-22T13:32:28.000Z,255.48299,255.87699,0
1974-06-22T14:30:21.000Z,255.48299,255.87699,0
1974-06-22T15:28:31.000Z,255.48349,255.87649,0
1974-06-22T16:26:24.000Z,255.48299,255.87699,0
1974-06-22T17:24:18.000Z,255.48299,255.87699,0
1974-06-22T18:22:27.000Z,255.48299,255.87699,0
1974-06-22T19:20:21.000Z,255.48299,255.87699,0
1974-06-22T20:18:14.000Z,255.51349,255.90649,0
1974-06-22T21:16:08.000Z,255.48349,255.87649,0
1974-06-22T22:14:17.000Z,255.52347,255.91647,0
1974-06-22T23:12:11.000Z,255.48349,255.87649,0
1974-06-23T00:10:04.000Z,255.51349,255.90649,0
1974-06-23T01:07:58.000Z,255.48349,255.87649,0
1974-06-23T02:06:07.000Z,255.48349,255.87649,0
1974-06-23T03:04:01.000Z,255.48349,255.87649,0
1974-06-23T04:01:54.000Z,255.48349,255.87649,0
1974-06-23T04:59:48.000Z,255.48349,255.87649,0
1974-06-23T05:57:57.000Z,255.48349,255.87649,0
1974-06-23T06:55:51.000Z,255.51349,255.90649,0
1974-06-23T07:53:44.000Z,255.44348,255.83648,0
1974-06-23T08:51:38.000Z,255.47348,255.86648,0
1974-06-23T09:49:47.000Z,255.51349,255.90649,0
1974-06-23T10:47:41.000Z,255.47348,255.86648,0
1974-06-23T11:45:34.000Z,255.48349,255.87649,0
1974-06-23T12:43:28.000Z,255.48349,255.87649,0
1974-06-23T13:41:37.000Z,255.54349,255.93649,0
1974-06-23T14:39:31.000Z,255.44348,255.83648,0
1974-06-23T15:37:24.000Z,255.51349,255.90649,0
1974-06-23T16:35:34.000Z,255.50348,255.89648,0
1974-06-23T17:11:37.000Z,255.47398,255.86598,0
1974-06-23T18:09:30.000Z,255.48349,255.87649,0
1974-06-23T19:07:40.000Z,255.48349,255.87649,0
1974-06-23T20:05:33.000Z,255.51349,255.90649,0
1974-06-23T21:03:27.000Z,255.51399,255.90599,0
1974-06-23T21:46:52.000Z,255.48399,255.87599,0
1974-06-23T22:45:02.000Z,255.48349,255.87649,0
1974-06-23T23:42:55.000Z,255.51349,255.90649,0
1974-06-24T00:04:46.000Z,255.47398,255.86598,0
1974-06-24T01:02:39.000Z,255.48399,255.87599,0
1974-06-24T02:00:33.000Z,255.44348,255.83648,0
1974-06-24T02:58:26.000Z,255.51399,255.90599,0
1974-06-24T03:56:36.000Z,255.51399,255.90599,0
1974-06-24T04:54:29.000Z,255.54349,255.93649,0
1974-06-24T05:52:23.000Z,255.47398,255.86598,0
1974-06-24T06:50:16.000Z,255.48399,255.87599,0
1974-06-24T07:48:26.000Z,255.51349,255.90649,0
1974-06-24T08:46:19.000Z,255.51399,255.90599,0
1974-06-24T09:44:13.000Z,255.48399,255.87599,0
1974-06-24T10:42:06.000Z,255.51399,255.90599,0
1974-06-24T11:40:16.000Z,255.47398,255.86598,0
1974-06-24T12:38:09.000Z,255.47398,255.86598,0
1974-06-24T13:36:03.000Z,255.50398,255.89598,0
1974-06-24T14:45:57.000Z,255.54399,255.93599,0
1974-06-24T15:43:50.000Z,255.48399,255.87599,0
1974-06-24T16:41:44.000Z,255.48399,255.87599,0
1974-06-24T17:39:37.000Z,255.52397,255.91597,0
1974-06-24T18:37:47.000Z,255.45399,255.84599,0
1974-06-24T19:35:40.000Z,255.51399,255.90599,0
1974-06-24T20:33:34.000Z,255.53398,255.92598,0
1974-06-24T21:31:27.000Z,255.54399,255.93599,0
1974-06-24T22:29:37.000Z,255.49397,255.88597,0
1974-06-24T23:05:40.000Z,255.50398,255.89598,0
1974-06-24T23:34:36.000Z,255.50398,255.89598,0
1974-06-24T23:56:27.000Z,255.51399,255.90599,0
1974-06-25T00:18:18.000Z,255.48399,255.87599,0
1974-06-25T01:16:11.000Z,255.49397,255.88597,0
1974-06-25T02:14:05.000Z,255.46397,255.85597,0
1974-06-25T03:11:58.000Z,255.50398,255.89598,0
1974-06-25T04:10:08.000Z,255.53398,255.92598,0
1974-06-25T04:31:42.000Z,255.49397,255.88597,0
1974-06-25T05:29:52.000Z,255.50448,255.89548,0
1974-06-25T06:27:45.000Z,255.50448,255.89548,0
1974-06-25T07:25:39.000Z,255.48449,255.87549,0
1974-06-25T08:23:32.000Z,255.50448,255.89548,0
1974-06-25T09:21:42.000Z,255.48449,255.87549,0
1974-06-25T10:19:35.000Z,255.48449,255.87549,0
1974-06-25T11:17:29.000Z,255.48449,255.87549,0
1974-06-25T12:15:22.000Z,255.48449,255.87549,0
1974-06-25T13:13:32.000Z,255.48449,255.87549,0
1974-06-25T14:11:25.000Z,255.48449,255.87549,0
1974-06-25T14:47:44.000Z,255.51449,255.90549,0
1974-06-25T15:45:38.000Z,255.48449,255.87549,0
1974-06-25T16:43:31.000Z,255.52447,255.91547,0
1974-06-25T17:41:25.000Z,255.48449,255.87549,0
1974-06-25T18:39:34.000Z,255.48449,255.87549,0
1974-06-25T19:37:28.000Z,255.51449,255.90549,0
1974-06-25T20:35:21.000Z,255.51449,255.90549,0
1974-06-25T21:33:15.000Z,255.51449,255.90549,0
1974-06-25T22:31:24.000Z,255.45449,255.84549,0
1974-06-25T23:29:18.000Z,255.48449,255.87549,0
1974-06-26T00:27:11.000Z,255.5545,255.9455,0
1974-06-26T01:25:21.000Z,255.51449,255.90549,0
1974-06-26T02:23:15.000Z,255.45499,255.84499,0
1974-06-26T03:21:08.000Z,255.51499,255.90499,0
1974-06-26T03:57:27.000Z,255.51449,255.90549,0
1974-06-26T04:55:20.000Z,255.45499,255.84499,0
1974-06-26T05:53:14.000Z,255.49497,255.88497,0
1974-06-26T06:51:07.000Z,255.45499,255.84499,0
1974-06-26T07:49:17.000Z,255.48499,255.87499,0
1974-06-26T08:32:42.000Z,255.52497,255.91497,0
1974-06-26T09:37:58.000Z,255.52497,255.91497,0
1974-06-26T09:45:04.000Z,255.48499,255.87499,0
1974-06-26T10:43:14.000Z,255.48499,255.87499,0
1974-06-26T11:41:07.000Z,255.52497,255.91497,0
1974-06-26T12:39:00.000Z,255.48499,255.87499,0
1974-06-26T13:36:54.000Z,255.48499,255.87499,0
1974-06-26T15:04:49.000Z,255.52497,255.91497,0
1974-06-26T16:02:43.000Z,255.48499,255.87499,0
1974-06-26T17:00:53.000Z,255.49497,255.88497,0
1974-06-26T17:58:46.000Z,255.48499,255.87499,0
1974-06-26T18:56:39.000Z,255.49497,255.88497,0
1974-06-26T19:54:33.000Z,255.52497,255.91497,0
1974-06-26T20:52:43.000Z,255.48549,255.87449,0
1974-06-26T21:50:36.000Z,255.52497,255.91497,0
1974-06-26T22:48:30.000Z,255.52497,255.91497,0
1974-06-26T23:46:23.000Z,255.49547,255.88447,0
1974-06-27T00:37:10.000Z,255.48549,255.87449,0
1974-06-27T01:35:04.000Z,255.52547,255.91447,0
1974-06-27T02:33:14.000Z,255.52497,255.91497,0
1974-06-27T03:31:07.000Z,255.52547,255.91447,0
1974-06-27T04:29:00.000Z,255.52547,255.91447,0
1974-06-27T05:26:54.000Z,255.52547,255.91447,0
1974-06-27T06:25:04.000Z,255.52547,255.91447,0
1974-06-27T07:22:57.000Z,255.48549,255.87449,0
1974-06-27T08:20:50.000Z,255.52547,255.91447,0
1974-06-27T09:19:00.000Z,255.48549,255.87449,0
1974-06-27T10:16:54.000Z,255.48549,255.87449,0
1974-06-27T11:00:19.000Z,255.48549,255.87449,0
1974-06-27T11:58:12.000Z,255.56548,255.95448,0
1974-06-27T12:56:22.000Z,255.52547,255.91447,0
1974-06-27T13:17:56.000Z,255.52547,255.91447,0
1974-06-27T13:25:19.000Z,255.48549,255.87449,0
1974-06-27T14:15:50.000Z,255.48549,255.87449,0
1974-06-27T14:44:46.000Z,255.45549,255.84449,0
1974-06-27T14:52:09.000Z,255.48549,255.87449,0
1974-06-27T15:50:02.000Z,255.48549,255.87449,0
1974-06-27T16:48:12.000Z,255.48549,255.87449,0
1974-06-27T17:46:05.000Z,255.49547,255.88447,0
1974-06-27T18:43:59.000Z,255.48549,255.87449,0
1974-06-27T19:41:52.000Z,255.49547,255.88447,0
1974-06-27T20:40:02.000Z,255.48599,255.87399,0
1974-06-27T21:37:55.000Z,255.48599,255.87399,0
1974-06-27T22:35:49.000Z,255.5555,255.9445,0
1974-06-27T23:33:42.000Z,255.52547,255.91447,0
1974-06-28T00:02:55.000Z,255.52597,255.91397,0
1974-06-28T01:00:49.000Z,255.5555,255.9445,0
1974-06-28T01:58:42.000Z,255.48599,255.87399,0
1974-06-28T02:56:35.000Z,255.49597,255.88397,0
1974-06-28T03:54:45.000Z,255.52597,255.91397,0
1974-06-28T04:59:45.000Z,255.556,255.944,0
1974-06-28T05:57:54.000Z,255.51599,255.90399,0
1974-06-28T06:55:48.000Z,255.556,255.944,0
1974-06-28T07:39:13.000Z,255.52647,255.91347,0
1974-06-28T08:37:06.000Z,255.52597,255.91397,0
1974-06-28T09:35:16.000Z,255.52597,255.91397,0
1974-06-28T10:33:09.000Z,255.51599,255.90399,0
1974-06-28T11:31:03.000Z,255.48599,255.87399,0
1974-06-28T12:28:56.000Z,255.52597,255.91397,0
1974-06-28T13:51:24.000Z,255.49597,255.88397,0
1974-06-28T14:49:34.000Z,255.53598,255.92398,0
1974-06-28T15:18:31.000Z,255.52597,255.91397,0
1974-06-28T15:54:33.000Z,255.52647,255.91347,0
1974-06-28T16:30:52.000Z,255.52647,255.91347,0
1974-06-28T17:14:18.000Z,255.556,255.944,0
1974-06-28T18:12:11.000Z,255.49647,255.88347,0
1974-06-28T19:10:21.000Z,255.48649,255.87349,0
1974-06-28T20:08:14.000Z,255.52647,255.91347,0
1974-06-28T21:06:08.000Z,255.52647,255.91347,0
1974-06-28T22:04:17.000Z,255.52647,255.91347,0
1974-06-28T23:02:11.000Z,255.49647,255.88347,0
1974-06-29T00:00:04.000Z,255.52647,255.91347,0
1974-06-29T00:57:58.000Z,255.52647,255.91347,0
1974-06-29T01:56:07.000Z,255.5565,255.9435,0
1974-06-29T02:54:01.000Z,255.52647,255.91347,0
1974-06-29T03:51:54.000Z,255.52647,255.91347,0
1974-06-29T04:49:48.000Z,255.5565,255.9435,0
1974-06-29T05:47:57.000Z,255.52647,255.91347,0
1974-06-29T06:45:51.000Z,255.52647,255.91347,0
1974-06-29T07:43:44.000Z,255.52647,255.91347,0
1974-06-29T08:41:38.000Z,255.49697,255.88297,0
1974-06-29T09:39:47.000Z,255.5565,255.9435,0
1974-06-29T10:37:41.000Z,255.52697,255.91297,0
1974-06-29T11:35:34.000Z,255.5565,255.9435,0
1974-06-29T12:33:28.000Z,255.5565,255.9435,0
1974-06-29T13:31:37.000Z,255.52647,255.91347,0
1974-06-29T14:29:31.000Z,255.52697,255.91297,0
1974-06-29T15:27:24.000Z,255.5565,255.9435,0
1974-06-29T16:25:34.000Z,255.52647,255.91347,0
1974-06-29T17:30:33.000Z,255.52697,255.91297,0
1974-06-29T18:21:21.000Z,255.52697,255.91297,0
1974-06-29T19:19:14.000Z,255.52647,255.91347,0
1974-06-29T20:17:24.000Z,255.52697,255.91297,0
1974-06-29T21:15:17.000Z,255.52697,255.91297,0
1974-06-29T22:13:11.000Z,255.52697,255.91297,0
1974-06-29T22:35:02.000Z,255.52697,255.91297,0
1974-06-29T23:32:55.000Z,255.557,255.943,0
1974-06-30T00:30:48.000Z,255.52697,255.91297,0
1974-06-30T01:28:58.000Z,255.557,255.943,0
1974-06-30T02:26:52.000Z,255.52697,255.91297,0
1974-06-30T03:24:45.000Z,255.557,255.943,0
1974-06-30T04:22:38.000Z,255.557,255.943,0
1974-06-30T05:20:48.000Z,255.557,255.943,0
1974-06-30T06:18:42.000Z,255.52647,255.91347,0
1974-06-30T07:16:35.000Z,255.52697,255.91297,0
1974-06-30T08:14:28.000Z,255.52697,255.91297,0
1974-06-30T09:12:38.000Z,255.52697,255.91297,0
1974-06-30T10:10:32.000Z,255.59748,255.98248,0
1974-06-30T11:08:25.000Z,255.557,255.943,0
1974-06-30T11:59:12.000Z,255.557,255.943,0
1974-06-30T12:57:06.000Z,255.52697,255.91297,0
1974-06-30T13:54:59.000Z,255.557,255.943,0
1974-06-30T14:53:09.000Z,255.5575,255.9425,0
1974-06-30T15:51:02.000Z,255.59698,255.98298,0
1974-06-30T16:48:56.000Z,255.557,255.943,0
1974-06-30T17:47:06.000Z,255.52747,255.91247,0
1974-06-30T18:44:59.000Z,255.5575,255.9425,0
1974-06-30T19:42:52.000Z,255.51749,255.90249,0
1974-06-30T20:40:46.000Z,255.52747,255.91247,0
1974-06-30T21:38:56.000Z,255.59748,255.98248,0
1974-06-30T22:36:49.000Z,255.5575,255.9425,0
1974-06-30T23:34:43.000Z,255.5575,255.9425,0
1974-07-01T00:32:36.000Z,255.5575,255.9425,0
1974-07-01T01:30:46.000Z,255.5575,255.9425,0
1974-07-01T02:28:39.000Z,255.5575,255.9425,0
1974-07-01T03:26:33.000Z,255.51749,255.90249,0
1974-07-01T04:24:42.000Z,255.51749,255.90249,0
1974-07-01T05:22:36.000Z,255.5575,255.9425,0
1974-07-01T06:20:29.000Z,255.5575,255.9425,0
1974-07-01T07:18:23.000Z,255.5575,255.9425,0
1974-07-01T08:16:32.000Z,255.5575,255.9425,0
1974-07-01T09:14:26.000Z,255.56748,255.95248,0
1974-07-01T10:12:19.000Z,255.5575,255.9425,0
1974-07-01T11:10:13.000Z,255.48749,255.87249,0
1974-07-01T12:08:22.000Z,255.52747,255.91247,0
1974-07-01T13:06:16.000Z,255.5575,255.9425,0
1974-07-01T14:04:09.000Z,255.48799,255.87199,0
1974-07-01T15:07:30.000Z,255.5575,255.9425,0
1974-07-01T16:05:40.000Z,255.5575,255.9425,0
1974-07-01T17:03:33.000Z,255.51799,255.90199,0
1974-07-01T18:01:27.000Z,255.51749,255.90249,0
1974-07-01T18:59:20.000Z,255.56748,255.95248,0
1974-07-01T19:57:30.000Z,255.52797,255.91197,0
1974-07-01T20:55:23.000Z,255.48799,255.87199,0
1974-07-01T21:53:17.000Z,255.56798,255.95198,0
1974-07-01T22:51:10.000Z,255.52797,255.91197,0
1974-07-01T23:49:20.000Z,255.48799,255.87199,0
1974-07-02T00:03:48.000Z,255.52797,255.91197,0
1974-07-02T01:01:42.000Z,255.59798,255.98198,0
1974-07-02T01:59:35.000Z,255.59798,255.98198,0
1974-07-02T02:57:45.000Z,255.48799,255.87199,0
1974-07-02T03:55:38.000Z,255.52797,255.91197,0
1974-07-02T04:53:32.000Z,255.48799,255.87199,0
1974-07-02T05:51:25.000Z,255.588,255.972,0
1974-07-02T06:49:35.000Z,255.52797,255.91197,0
1974-07-02T07:47:28.000Z,255.52797,255.91197,0
1974-07-02T08:45:22.000Z,255.56798,255.95198,0
1974-07-02T09:43:15.000Z,255.48799,255.87199,0
1974-07-02T10:41:25.000Z,255.48849,255.87149,0
1974-07-02T11:39:18.000Z,255.52797,255.91197,0
1974-07-02T12:37:12.000Z,255.52797,255.91197,0
1974-07-02T13:35:22.000Z,255.51799,255.90199,0
1974-07-02T14:33:15.000Z,255.52797,255.91197,0
1974-07-02T15:31:08.000Z,255.52797,255.91197,0
1974-07-02T16:29:02.000Z,255.52797,255.91197,0
1974-07-02T17:27:12.000Z,255.52847,255.91147,0
1974-07-02T18:25:05.000Z,255.52797,255.91197,0
1974-07-02T19:22:59.000Z,255.52847,255.91147,0
1974-07-02T20:20:52.000Z,255.51849,255.90149,0
1974-07-02T21:19:02.000Z,255.52847,255.91147,0
1974-07-02T22:16:55.000Z,255.52847,255.91147,0
1974-07-02T23:14:49.000Z,255.52847,255.91147,0
1974-07-03T00:12:58.000Z,255.52847,255.91147,0
1974-07-03T01:10:52.000Z,255.52847,255.91147,0
1974-07-03T02:08:45.000Z,255.5585,255.9415,0
1974-07-03T03:06:39.000Z,255.52847,255.91147,0
1974-07-03T04:04:48.000Z,255.5585,255.9415,0
1974-07-03T05:02:42.000Z,255.52847,255.91147,0
1974-07-03T05:31:38.000Z,255.52847,255.91147,0
1974-07-03T06:00:35.000Z,255.40898,255.79098,0
1974-07-03T06:15:03.000Z,255.52847,255.91147,0
1974-07-03T06:36:54.000Z,255.5585,255.9415,0
1974-07-03T07:20:19.000Z,255.5585,255.9415,0
1974-07-03T07:42:10.000Z,255.52847,255.91147,0
1974-07-03T08:18:13.000Z,255.52847,255.91147,0
1974-07-03T08:40:03.000Z,255.5585,255.9415,0
1974-07-03T09:09:00.000Z,255.5585,255.9415,0
1974-07-03T10:06:54.000Z,255.5585,255.9415,0
1974-07-03T11:05:03.000Z,255.5585,255.9415,0
1974-07-03T12:02:57.000Z,255.5585,255.9415,0
1974-07-03T13:00:50.000Z,255.5585,255.9415,0
1974-07-03T13:58:44.000Z,255.49847,255.88147,0
1974-07-03T15:01:15.000Z,255.559,255.941,0
1974-07-03T15:59:09.000Z,255.559,255.941,0
1974-07-03T16:57:19.000Z,255.51899,255.90099,0
1974-07-03T17:55:12.000Z,255.559,255.941,0
1974-07-03T18:53:05.000Z,255.559,255.941,0
1974-07-03T19:50:59.000Z,255.559,255.941,0
1974-07-03T20:49:09.000Z,255.559,255.941,0
1974-07-03T21:47:02.000Z,255.559,255.941,0
1974-07-03T22:44:55.000Z,255.559,255.941,0
1974-07-03T23:43:05.000Z,255.559,255.941,0
1974-07-04T00:40:59.000Z,255.559,255.941,0
1974-07-04T01:38:52.000Z,255.559,255.941,0
1974-07-04T02:36:46.000Z,255.559,255.941,0
1974-07-04T03:34:55.000Z,255.559,255.941,0
1974-07-04T04:32:49.000Z,255.559,255.941,0
1974-07-04T05:30:42.000Z,255.559,255.941,0
1974-07-04T06:28:36.000Z,255.52897,255.91097,0
1974-07-04T07:26:45.000Z,255.51949,255.90049,0
1974-07-04T07:48:20.000Z,255.59898,255.98098,0
1974-07-04T08:46:29.000Z,255.5595,255.9405,0
1974-07-04T09:44:23.000Z,255.48949,255.87049,0
1974-07-04T10:42:16.000Z,255.559,255.941,0
1974-07-04T11:40:10.000Z,255.51949,255.90049,0
1974-07-04T12:38:19.000Z,255.5595,255.9405,0
1974-07-04T13:36:13.000Z,255.52947,255.91047,0
1974-07-04T14:34:06.000Z,255.5595,255.9405,0
1974-07-04T15:32:00.000Z,255.52947,255.91047,0
1974-07-04T16:30:09.000Z,255.5595,255.9405,0
1974-07-04T17:28:03.000Z,255.52947,255.91047,0
1974-07-04T18:25:56.000Z,255.59948,255.98048,0
1974-07-04T19:24:06.000Z,255.59948,255.98048,0
1974-07-04T20:21:59.000Z,255.49947,255.88047,0
1974-07-04T21:19:53.000Z,255.5595,255.9405,0
1974-07-04T22:17:46.000Z,255.5595,255.9405,0
1974-07-04T23:15:56.000Z,255.5595,255.9405,0
1974-07-05T00:13:50.000Z,255.5595,255.9405,0
1974-07-05T01:11:43.000Z,255.52947,255.91047,0
1974-07-05T02:09:36.000Z,255.52947,255.91047,0
1974-07-05T03:07:46.000Z,255.52947,255.91047,0
1974-07-05T04:05:40.000Z,255.52947,255.91047,0
1974-07-05T05:03:33.000Z,255.52947,255.91047,0
1974-07-05T06:01:26.000Z,255.52947,255.91047,0
1974-07-05T06:59:36.000Z,255.59948,255.98048,0
1974-07-05T07:57:30.000Z,255.51949,255.90049,0
1974-07-05T08:55:23.000Z,255.48949,255.87049,0
1974-07-05T10:00:39.000Z,255.52947,255.91047,0
1974-07-05T10:58:32.000Z,255.48949,255.87049,0
1974-07-05T11:56:42.000Z,255.48949,255.87049,0
1974-07-05T12:54:35.000Z,255.52947,255.91047,0
1974-07-05T13:52:29.000Z,255.52947,255.91047,0
1974-07-05T15:21:14.000Z,255.51999,255.89999,0
1974-07-05T16:12:01.000Z,255.52947,255.91047,0
1974-07-05T17:09:54.000Z,255.56948,255.95048,0
1974-07-05T18:07:48.000Z,255.48999,255.86999,0
1974-07-05T19:05:58.000Z,255.48949,255.87049,0
1974-07-05T20:03:51.000Z,255.52947,255.91047,0
1974-07-05T21:01:44.000Z,255.52997,255.90997,0
1974-07-05T21:30:41.000Z,255.52997,255.90997,0
1974-07-05T21:52:32.000Z,255.48999,255.86999,0
1974-07-05T22:21:29.000Z,255.52997,255.90997,0
1974-07-05T22:35:57.000Z,255.56998,255.94998,0
1974-07-05T23:33:50.000Z,255.56998,255.94998,0
1974-07-06T00:03:03.000Z,255.56998,255.94998,0
1974-07-06T01:00:57.000Z,255.52997,255.90997,0
1974-07-06T01:58:50.000Z,255.48999,255.86999,0
1974-07-06T02:56:44.000Z,255.52997,255.90997,0
1974-07-06T03:54:53.000Z,255.52997,255.90997,0
1974-07-06T04:38:18.000Z,255.56998,255.94998,0
1974-07-06T05:36:12.000Z,255.56998,255.94998,0
1974-07-06T06:34:05.000Z,255.52997,255.90997,0
1974-07-06T07:32:15.000Z,255.52997,255.90997,0
1974-07-06T08:30:08.000Z,255.45999,255.83999,0
1974-07-06T09:28:02.000Z,255.52997,255.90997,0
1974-07-06T10:25:55.000Z,255.52997,255.90997,0
1974-07-06T11:24:05.000Z,255.48999,255.86999,0
1974-07-06T12:21:58.000Z,255.52997,255.90997,0
1974-07-06T13:19:52.000Z,255.52997,255.90997,0
1974-07-06T14:17:45.000Z,255.52997,255.90997,0
1974-07-06T15:15:55.000Z,255.52997,255.90997,0
1974-07-06T16:13:48.000Z,255.52997,255.90997,0
1974-07-06T17:11:42.000Z,255.52997,255.90997,0
1974-07-06T18:09:35.000Z,255.50047,255.87947,0
1974-07-06T19:07:45.000Z,255.52997,255.90997,0
1974-07-06T20:05:39.000Z,255.53047,255.90947,0
1974-07-06T21:03:32.000Z,255.53047,255.90947,0
1974-07-06T21:32:29.000Z,255.49049,255.86949,0
1974-07-06T22:23:16.000Z,255.52997,255.90997,0
1974-07-06T22:45:07.000Z,255.53047,255.90947,0
1974-07-06T23:43:00.000Z,255.49049,255.86949,0
1974-07-07T00:40:54.000Z,255.5605,255.9395,0
1974-07-07T01:39:03.000Z,255.53047,255.90947,0
1974-07-07T02:36:57.000Z,255.49049,255.86949,0
1974-07-07T03:34:50.000Z,255.53047,255.90947,0
1974-07-07T04:32:44.000Z,255.53047,255.90947,0
1974-07-07T05:30:53.000Z,255.53047,255.90947,0
1974-07-07T06:21:24.000Z,255.53047,255.90947,0
1974-07-07T07:19:34.000Z,255.53047,255.90947,0
1974-07-07T08:17:28.000Z,255.5605,255.9395,0
1974-07-07T09:15:21.000Z,255.5605,255.9395,0
1974-07-07T10:13:14.000Z,255.53047,255.90947,0
1974-07-07T11:11:24.000Z,255.53047,255.90947,0
1974-07-07T12:09:18.000Z,255.49049,255.86949,0
1974-07-07T13:07:11.000Z,255.53047,255.90947,0
1974-07-07T14:05:04.000Z,255.49049,255.86949,0
1974-07-07T15:03:14.000Z,255.53097,255.90897,0
1974-07-07T16:01:08.000Z,255.49049,255.86949,0
1974-07-07T16:59:01.000Z,255.52099,255.89899,0
1974-07-07T17:56:54.000Z,255.53097,255.90897,0
1974-07-07T18:55:04.000Z,255.49099,255.86899,0
1974-07-07T19:52:58.000Z,255.53097,255.90897,0
1974-07-07T20:50:51.000Z,255.52099,255.89899,0
1974-07-07T21:48:44.000Z,255.53097,255.90897,0
1974-07-07T22:25:04.000Z,255.53097,255.90897,0
1974-07-07T23:30:19.000Z,255.561,255.939,0
1974-07-08T00:28:13.000Z,255.49099,255.86899,0
1974-07-08T01:26:06.000Z,255.53097,255.90897,0
1974-07-08T01:47:57.000Z,255.49099,255.86899,0
1974-07-08T01:55:19.000Z,255.53097,255.90897,0
1974-07-08T02:09:48.000Z,255.53097,255.90897,0
1974-07-08T03:07:41.000Z,255.49099,255.86899,0
1974-07-08T04:05:34.000Z,255.561,255.939,0
1974-07-08T05:03:28.000Z,255.52099,255.89899,0
1974-07-08T05:32:41.000Z,255.561,255.939,0
1974-07-08T06:30:34.000Z,255.52099,255.89899,0
1974-07-08T07:28:28.000Z,255.55099,255.92899,0
1974-07-08T08:26:21.000Z,255.52099,255.89899,0
1974-07-08T09:24:31.000Z,255.52099,255.89899,0
1974-07-08T10:22:24.000Z,255.52099,255.89899,0
1974-07-08T11:20:18.000Z,255.52099,255.89899,0
1974-07-08T12:18:11.000Z,255.52099,255.89899,0
1974-07-08T13:16:21.000Z,255.52099,255.89899,0
1974-07-08T14:46:44.000Z,255.49099,255.86899,0
1974-07-08T15:44:54.000Z,255.54098,255.91898,0
1974-07-08T16:42:47.000Z,255.54098,255.91898,0
1974-07-08T17:40:41.000Z,255.54098,255.91898,0
1974-07-08T18:17:00.000Z,255.54098,255.91898,0
1974-07-08T19:14:53.000Z,255.54098,255.91898,0
1974-07-08T20:12:47.000Z,255.51098,255.88898,0
1974-07-08T21:10:56.000Z,255.54098,255.91898,0
1974-07-08T22:08:50.000Z,255.54148,255.91848,0
1974-07-08T23:06:43.000Z,255.54148,255.91848,0
1974-07-09T00:04:37.000Z,255.50097,255.87897,0
1974-07-09T01:09:52.000Z,255.46149,255.83849,0
1974-07-09T01:31:43.000Z,255.57098,255.94898,0
1974-07-09T01:46:11.000Z,255.52149,255.89849,0
1974-07-09T02:36:59.000Z,255.54148,255.91848,0
1974-07-09T03:13:02.000Z,255.55099,255.92899,0
1974-07-09T04:11:11.000Z,255.55149,255.92849,0
1974-07-09T04:40:08.000Z,255.5615,255.9385,0
1974-07-09T05:01:42.000Z,255.52149,255.89849,0
1974-07-09T05:38:01.000Z,255.51148,255.88848,0
1974-07-09T06:35:55.000Z,255.49149,255.86849,0
1974-07-09T07:19:20.000Z,255.53147,255.90847,0
1974-07-09T08:24:36.000Z,255.53147,255.90847,0
1974-07-09T08:53:32.000Z,255.49149,255.86849,0
1974-07-09T09:51:42.000Z,255.53147,255.90847,0
1974-07-09T10:49:36.000Z,255.52149,255.89849,0
1974-07-09T11:47:29.000Z,255.55149,255.92849,0
1974-07-09T12:45:22.000Z,255.51148,255.88848,0
1974-07-09T13:43:32.000Z,255.54148,255.91848,0
1974-07-09T14:41:26.000Z,255.50147,255.87847,0
1974-07-09T15:39:19.000Z,255.52149,255.89849,0
1974-07-09T16:37:12.000Z,255.52149,255.89849,0
1974-07-09T17:35:22.000Z,255.52199,255.89799,0
1974-07-09T18:33:16.000Z,255.52149,255.89849,0
1974-07-09T19:31:09.000Z,255.52149,255.89849,0
1974-07-09T20:29:02.000Z,255.55149,255.92849,0
1974-07-09T21:27:12.000Z,255.51148,255.88848,0
1974-07-09T22:25:06.000Z,255.50147,255.87847,0
1974-07-09T23:22:59.000Z,255.54148,255.91848,0
1974-07-10T00:06:24.000Z,255.51148,255.88848,0
1974-07-10T00:28:15.000Z,255.54198,255.91798,0
1974-07-10T01:19:02.000Z,255.50147,255.87847,0
1974-07-10T02:02:27.000Z,255.54198,255.91798,0
1974-07-10T02:53:15.000Z,255.50147,255.87847,0
1974-07-10T03:51:08.000Z,255.50147,255.87847,0
1974-07-10T04:20:05.000Z,255.50197,255.87797,0
1974-07-10T05:17:58.000Z,255.50197,255.87797,0
1974-07-10T05:39:49.000Z,255.50197,255.87797,0
1974-07-10T06:37:42.000Z,255.47197,255.84797,0
1974-07-10T06:52:11.000Z,255.562,255.938,0
1974-07-10T07:14:01.000Z,255.54198,255.91798,0
1974-07-10T08:11:55.000Z,255.53197,255.90797,0
1974-07-10T09:09:48.000Z,255.53197,255.90797,0
1974-07-10T10:07:58.000Z,255.53197,255.90797,0
1974-07-10T11:05:51.000Z,255.49199,255.86799,0
1974-07-10T12:03:45.000Z,255.53197,255.90797,0
1974-07-10T13:01:38.000Z,255.53197,255.90797,0
1974-07-10T13:58:43.000Z,255.53197,255.90797,0
1974-07-10T14:56:52.000Z,255.53197,255.90797,0
1974-07-10T15:54:46.000Z,255.53197,255.90797,0
1974-07-10T16:52:39.000Z,255.50197,255.87797,0
1974-07-10T17:50:33.000Z,255.55199,255.92799,0
1974-07-10T18:26:52.000Z,255.55199,255.92799,0
1974-07-10T18:34:14.000Z,255.53197,255.90797,0
1974-07-10T19:32:07.000Z,255.50197,255.87797,0
1974-07-10T20:30:01.000Z,255.55199,255.92799,0
1974-07-10T21:27:54.000Z,255.55199,255.92799,0
1974-07-10T22:26:04.000Z,255.55199,255.92799,0
1974-07-10T23:23:57.000Z,255.55199,255.92799,0
1974-07-11T00:21:51.000Z,255.52199,255.89799,0
1974-07-11T01:19:44.000Z,255.52199,255.89799,0
1974-07-11T02:17:54.000Z,255.55199,255.92799,0
1974-07-11T02:46:51.000Z,255.52199,255.89799,0
1974-07-11T03:23:10.000Z,255.52249,255.89749,0
1974-07-11T03:30:16.000Z,255.53197,255.90797,0
1974-07-11T04:28:09.000Z,255.52199,255.89799,0
1974-07-11T05:04:28.000Z,255.55199,255.92799,0
1974-07-11T06:02:22.000Z,255.55249,255.92749,0
1974-07-11T07:00:31.000Z,255.55199,255.92799,0
1974-07-11T07:58:25.000Z,255.55199,255.92799,0
1974-07-11T08:56:18.000Z,255.52199,255.89799,0
1974-07-11T09:54:12.000Z,255.55249,255.92749,0
1974-07-11T10:52:21.000Z,255.54198,255.91798,0
1974-07-11T11:50:15.000Z,255.48248,255.85748,0
1974-07-11T12:48:08.000Z,255.55249,255.92749,0
1974-07-11T13:46:02.000Z,255.51248,255.88748,0
1974-07-11T14:44:11.000Z,255.54248,255.91748,0
1974-07-11T15:42:05.000Z,255.54248,255.91748,0
1974-07-11T16:39:58.000Z,255.54248,255.91748,0
1974-07-11T17:37:52.000Z,255.51248,255.88748,0
1974-07-11T18:36:01.000Z,255.58199,255.95799,0
1974-07-11T19:33:55.000Z,255.51248,255.88748,0
1974-07-11T20:31:48.000Z,255.54248,255.91748,0
1974-07-11T21:29:42.000Z,255.51248,255.88748,0
1974-07-11T22:27:51.000Z,255.54248,255.91748,0
1974-07-11T23:25:45.000Z,255.53247,255.90747,0
1974-07-12T00:23:38.000Z,255.58249,255.95749,0
1974-07-12T01:21:32.000Z,255.54248,255.91748,0
1974-07-12T02:19:42.000Z,255.47247,255.84747,0
1974-07-12T03:17:35.000Z,255.54248,255.91748,0
1974-07-12T04:15:28.000Z,255.54248,255.91748,0
1974-07-12T05:06:16.000Z,255.53247,255.90747,0
1974-07-12T05:42:35.000Z,255.54298,255.91698,0
1974-07-12T06:04:09.000Z,255.54298,255.91698,0
1974-07-12T07:02:19.000Z,255.50247,255.87747,0
1974-07-12T07:23:53.000Z,255.54248,255.91748,0
1974-07-12T08:29:09.000Z,255.54298,255.91698,0
1974-07-12T09:27:02.000Z,255.53297,255.90697,0
1974-07-12T10:24:56.000Z,255.50297,255.87697,0
1974-07-12T11:23:06.000Z,255.57248,255.94748,0
1974-07-12T12:20:59.000Z,255.50247,255.87747,0
1974-07-12T13:18:52.000Z,255.57248,255.94748,0
1974-07-12T14:16:46.000Z,255.49299,255.86699,0
1974-07-12T15:10:17.000Z,255.46299,255.83699,0
1974-07-12T16:08:11.000Z,255.60298,255.97698,0
1974-07-12T17:06:20.000Z,255.57298,255.94698,0
1974-07-12T18:04:14.000Z,255.50297,255.87697,0
1974-07-12T19:02:07.000Z,255.53297,255.90697,0
1974-07-12T20:00:01.000Z,255.57298,255.94698,0
1974-07-12T20:58:10.000Z,255.49299,255.86699,0
1974-07-12T21:56:04.000Z,255.57298,255.94698,0
1974-07-12T22:53:57.000Z,255.53297,255.90697,0
1974-07-12T23:52:07.000Z,255.53297,255.90697,0
1974-07-13T00:50:00.000Z,255.53347,255.90647,0
1974-07-13T01:47:54.000Z,255.49299,255.86699,0
1974-07-13T02:45:47.000Z,255.52349,255.89649,0
1974-07-13T03:43:57.000Z,255.52349,255.89649,0
1974-07-13T04:41:50.000Z,255.49349,255.86649,0
1974-07-13T05:39:44.000Z,255.53347,255.90647,0
1974-07-13T06:37:37.000Z,255.49349,255.86649,0
1974-07-13T07:35:47.000Z,255.563,255.937,0
1974-07-13T08:33:40.000Z,255.52349,255.89649,0
1974-07-13T08:48:09.000Z,255.49349,255.86649,0
1974-07-13T09:17:05.000Z,255.52349,255.89649,0
1974-07-13T09:38:56.000Z,255.52299,255.89699,0
1974-07-13T10:00:31.000Z,255.52349,255.89649,0
1974-07-13T10:36:50.000Z,255.52349,255.89649,0
1974-07-13T10:58:40.000Z,255.52349,255.89649,0
1974-07-13T11:34:43.000Z,255.52349,255.89649,0
1974-07-13T11:56:34.000Z,255.49349,255.86649,0
1974-07-13T12:54:27.000Z,255.52349,255.89649,0
1974-07-13T13:52:21.000Z,255.52349,255.89649,0
1974-07-13T14:50:30.000Z,255.55349,255.92649,0
1974-07-13T15:48:24.000Z,255.55349,255.92649,0
1974-07-13T16:46:17.000Z,255.5635,255.9365,0
1974-07-13T17:44:11.000Z,255.52349,255.89649,0
1974-07-13T18:42:20.000Z,255.52349,255.89649,0
1974-07-13T19:40:14.000Z,255.52349,255.89649,0
1974-07-13T20:38:07.000Z,255.52349,255.89649,0
1974-07-13T21:36:01.000Z,255.55349,255.92649,0
1974-07-13T22:34:10.000Z,255.49349,255.86649,0
1974-07-13T23:32:04.000Z,255.5635,255.9365,0
1974-07-14T00:01:00.000Z,255.52349,255.89649,0
1974-07-14T00:29:57.000Z,255.52349,255.89649,0
1974-07-14T01:20:45.000Z,255.52349,255.89649,0
1974-07-14T02:04:10.000Z,255.52349,255.89649,0
1974-07-14T03:02:03.000Z,255.52349,255.89649,0
1974-07-14T04:07:19.000Z,255.54348,255.91648,0
1974-07-14T05:05:12.000Z,255.55349,255.92649,0
1974-07-14T06:03:22.000Z,255.55349,255.92649,0
1974-07-14T07:01:15.000Z,255.55349,255.92649,0
1974-07-14T07:59:09.000Z,255.55349,255.92649,0
1974-07-14T08:28:06.000Z,255.52349,255.89649,0
1974-07-14T08:49:56.000Z,255.55349,255.92649,0
1974-07-14T09:47:50.000Z,255.55349,255.92649,0
1974-07-14T10:53:05.000Z,255.52349,255.89649,0
1974-07-14T11:50:59.000Z,255.55349,255.92649,0
1974-07-14T12:49:09.000Z,255.58349,255.95649,0
1974-07-14T13:47:02.000Z,255.52349,255.89649,0
1974-07-14T14:44:55.000Z,255.55349,255.92649,0
1974-07-14T15:42:49.000Z,255.55399,255.92599,0
1974-07-14T16:40:59.000Z,255.52399,255.89599,0
1974-07-14T17:38:52.000Z,255.55349,255.92649,0
1974-07-14T18:36:46.000Z,255.48398,255.85598,0
1974-07-14T19:34:39.000Z,255.52399,255.89599,0
1974-07-14T20:32:49.000Z,255.49399,255.86599,0
1974-07-14T21:30:42.000Z,255.52399,255.89599,0
1974-07-14T22:28:36.000Z,255.52399,255.89599,0
1974-07-14T23:26:29.000Z,255.52399,255.89599,0
1974-07-15T00:24:39.000Z,255.58399,255.95599,0
1974-07-15T01:22:32.000Z,255.52399,255.89599,0
1974-07-15T02:20:26.000Z,255.54398,255.91598,0
1974-07-15T03:11:13.000Z,255.54398,255.91598,0
1974-07-15T03:40:10.000Z,255.54398,255.91598,0
1974-07-15T04:02:00.000Z,255.52399,255.89599,0
1974-07-15T04:30:57.000Z,255.55399,255.92599,0
1974-07-15T04:52:31.000Z,255.52399,255.89599,0
1974-07-15T04:59:54.000Z,255.55399,255.92599,0
1974-07-15T06:34:06.000Z,255.54398,255.91598,0
1974-07-15T07:03:03.000Z,255.52399,255.89599,0
1974-07-15T07:17:31.000Z,255.58399,255.95599,0
1974-07-15T07:39:22.000Z,255.52399,255.89599,0
1974-07-15T08:08:19.000Z,255.52399,255.89599,0
1974-07-15T08:44:21.000Z,255.52449,255.89549,0
1974-07-15T09:42:31.000Z,255.55399,255.92599,0
1974-07-15T10:40:25.000Z,255.54398,255.91598,0
1974-07-15T11:38:18.000Z,255.55399,255.92599,0
1974-07-15T12:21:43.000Z,255.55399,255.92599,0
1974-07-15T13:12:31.000Z,255.54448,255.91548,0
1974-07-15T14:10:24.000Z,255.51448,255.88548,0
1974-07-15T14:56:49.000Z,255.51448,255.88548,0
1974-07-15T15:10:12.000Z,255.51398,255.88598,0
1974-07-15T15:17:34.000Z,255.54398,255.91598,0
1974-07-15T16:15:28.000Z,255.52399,255.89599,0
1974-07-15T17:20:44.000Z,255.52449,255.89549,0
1974-07-15T17:42:18.000Z,255.51448,255.88548,0
1974-07-15T18:40:28.000Z,255.54448,255.91548,0
1974-07-15T19:38:21.000Z,255.54448,255.91548,0
1974-07-15T20:36:15.000Z,255.51448,255.88548,0
1974-07-15T21:34:08.000Z,255.52399,255.89599,0
1974-07-15T22:10:27.000Z,255.52449,255.89549,0
1974-07-15T23:01:14.000Z,255.52449,255.89549,0
1974-07-15T23:30:11.000Z,255.52449,255.89549,0
1974-07-15T23:52:02.000Z,255.54448,255.91548,0
1974-07-16T00:49:55.000Z,255.54448,255.91548,0
1974-07-16T01:55:11.000Z,255.48448,255.85548,0
1974-07-16T02:31:14.000Z,255.54448,255.91548,0
1974-07-16T02:45:42.000Z,255.58449,255.95549,0
1974-07-16T03:07:33.000Z,255.52449,255.89549,0
1974-07-16T03:36:30.000Z,255.51448,255.88548,0
1974-07-16T03:50:58.000Z,255.54448,255.91548,0
1974-07-16T04:19:55.000Z,255.51448,255.88548,0
1974-07-16T04:27:17.000Z,255.54448,255.91548,0
1974-07-16T04:34:23.000Z,255.52449,255.89549,0
1974-07-16T04:48:51.000Z,255.54448,255.91548,0
1974-07-16T05:39:39.000Z,255.58449,255.95549,0
1974-07-16T06:08:35.000Z,255.54448,255.91548,0
1974-07-16T06:15:58.000Z,255.51448,255.88548,0
1974-07-16T06:52:17.000Z,255.55449,255.92549,0
1974-07-16T07:21:14.000Z,255.54448,255.91548,0
1974-07-16T08:19:07.000Z,255.52449,255.89549,0
1974-07-16T09:17:00.000Z,255.54448,255.91548,0
1974-07-16T10:14:54.000Z,255.54448,255.91548,0
1974-07-16T11:13:04.000Z,255.54448,255.91548,0
1974-07-16T12:10:57.000Z,255.51448,255.88548,0
1974-07-16T13:08:50.000Z,255.58449,255.95549,0
1974-07-16T13:59:38.000Z,255.58449,255.95549,0
1974-07-16T14:28:35.000Z,255.54448,255.91548,0
1974-07-16T15:26:28.000Z,255.54448,255.91548,0
1974-07-16T16:24:38.000Z,255.51448,255.88548,0
1974-07-16T17:22:31.000Z,255.51448,255.88548,0
1974-07-16T18:20:25.000Z,255.54448,255.91548,0
1974-07-16T19:18:18.000Z,255.51448,255.88548,0
1974-07-16T20:16:28.000Z,255.51448,255.88548,0
1974-07-16T21:14:21.000Z,255.54448,255.91548,0
1974-07-16T22:12:15.000Z,255.51448,255.88548,0
1974-07-16T23:10:08.000Z,255.51498,255.88498,0
1974-07-17T00:08:18.000Z,255.51498,255.88498,0
1974-07-17T01:06:11.000Z,255.57448,255.94548,0
1974-07-17T01:42:30.000Z,255.51498,255.88498,0
1974-07-17T02:40:24.000Z,255.51498,255.88498,0
1974-07-17T03:38:17.000Z,255.51498,255.88498,0
1974-07-17T04:36:10.000Z,255.58499,255.95499,0
1974-07-17T05:34:20.000Z,255.54498,255.91498,0
1974-07-17T06:32:14.000Z,255.57498,255.94498,0
1974-07-17T07:30:07.000Z,255.51498,255.88498,0
1974-07-17T08:28:00.000Z,255.51498,255.88498,0
1974-07-17T09:26:10.000Z,255.57498,255.94498,0
1974-07-17T10:24:04.000Z,255.51498,255.88498,0
1974-07-17T11:29:19.000Z,255.54498,255.91498,0
1974-07-17T12:27:13.000Z,255.54498,255.91498,0
1974-07-17T13:25:06.000Z,255.51498,255.88498,0
1974-07-17T14:23:16.000Z,255.51498,255.88498,0
1974-07-17T15:05:36.000Z,255.54498,255.91498,0
1974-07-17T15:56:23.000Z,255.54498,255.91498,0
1974-07-17T16:54:16.000Z,255.51548,255.88448,0
1974-07-17T17:52:26.000Z,255.51548,255.88448,0
1974-07-17T18:50:20.000Z,255.54498,255.91498,0
1974-07-17T19:12:10.000Z,255.54498,255.91498,0
1974-07-17T20:10:04.000Z,255.54498,255.91498,0
1974-07-17T21:07:57.000Z,255.51498,255.88498,0
1974-07-17T22:05:51.000Z,255.51548,255.88448,0
1974-07-17T23:04:00.000Z,255.54548,255.91448,0
1974-07-18T00:01:54.000Z,255.51548,255.88448,0
1974-07-18T00:59:47.000Z,255.57498,255.94498,0
1974-07-18T01:57:41.000Z,255.54548,255.91448,0
1974-07-18T02:55:50.000Z,255.51548,255.88448,0
1974-07-18T03:53:44.000Z,255.51548,255.88448,0
1974-07-18T04:51:37.000Z,255.51548,255.88448,0
1974-07-18T05:49:31.000Z,255.54548,255.91448,0
1974-07-18T06:47:40.000Z,255.53547,255.90447,0
1974-07-18T07:45:34.000Z,255.51548,255.88448,0
1974-07-18T08:43:27.000Z,255.51548,255.88448,0
1974-07-18T09:41:21.000Z,255.57548,255.94448,0
1974-07-18T10:39:30.000Z,255.51548,255.88448,0
1974-07-18T11:37:24.000Z,255.54548,255.91448,0
1974-07-18T12:35:17.000Z,255.57548,255.94448,0
1974-07-18T13:33:27.000Z,255.50547,255.87447,0
1974-07-18T14:31:20.000Z,255.51548,255.88448,0
1974-07-18T15:29:14.000Z,255.50547,255.87447,0
1974-07-18T16:27:07.000Z,255.54598,255.91398,0
1974-07-18T17:25:17.000Z,255.51598,255.88398,0
1974-07-18T18:08:42.000Z,255.57548,255.94448,0
1974-07-18T19:06:35.000Z,255.57548,255.94448,0
1974-07-18T20:04:29.000Z,255.54598,255.91398,0
1974-07-18T21:02:39.000Z,255.57598,255.94398,0
1974-07-18T22:00:32.000Z,255.57548,255.94448,0
1974-07-18T22:58:25.000Z,255.57598,255.94398,0
1974-07-18T23:56:19.000Z,255.54548,255.91448,0
1974-07-19T00:54:29.000Z,255.54598,255.91398,0
1974-07-19T01:52:22.000Z,255.53597,255.90397,0
1974-07-19T02:50:15.000Z,255.54598,255.91398,0
1974-07-19T03:48:09.000Z,255.54598,255.91398,0
1974-07-19T04:46:19.000Z,255.54598,255.91398,0
1974-07-19T05:44:12.000Z,255.51598,255.88398,0
1974-07-19T06:42:06.000Z,255.53597,255.90397,0
1974-07-19T07:39:59.000Z,255.57598,255.94398,0
1974-07-19T08:38:09.000Z,255.54598,255.91398,0
1974-07-19T09:36:02.000Z,255.53597,255.90397,0
1974-07-19T10:33:56.000Z,255.57598,255.94398,0
1974-07-19T11:31:49.000Z,255.57598,255.94398,0
1974-07-19T12:29:59.000Z,255.54598,255.91398,0
1974-07-19T13:27:52.000Z,255.53597,255.90397,0
1974-07-19T14:25:46.000Z,255.53597,255.90397,0
1974-07-19T15:19:17.000Z,255.53597,255.90397,0
1974-07-19T16:02:42.000Z,255.53597,255.90397,0
1974-07-19T17:00:35.000Z,255.57598,255.94398,0
1974-07-19T17:58:45.000Z,255.50597,255.87397,0
1974-07-19T18:56:38.000Z,255.57598,255.94398,0
1974-07-19T19:54:32.000Z,255.57598,255.94398,0
1974-07-19T20:52:25.000Z,255.57598,255.94398,0
1974-07-19T21:50:35.000Z,255.54598,255.91398,0
1974-07-19T22:48:28.000Z,255.57598,255.94398,0
1974-07-19T23:46:22.000Z,255.54648,255.91348,0
1974-07-20T00:44:15.000Z,255.57598,255.94398,0
1974-07-20T01:42:25.000Z,255.57598,255.94398,0
1974-07-20T02:40:19.000Z,255.57598,255.94398,0
1974-07-20T03:38:12.000Z,255.53647,255.90347,0
1974-07-20T04:00:03.000Z,255.57598,255.94398,0
1974-07-20T04:50:17.000Z,255.57598,255.94398,0
1974-07-20T04:57:56.000Z,255.50647,255.87347,0
1974-07-20T05:55:49.000Z,255.54598,255.91398,0
1974-07-20T06:53:59.000Z,255.53647,255.90347,0
1974-07-20T07:51:53.000Z,255.53597,255.90397,0
1974-07-20T08:49:46.000Z,255.57598,255.94398,0
1974-07-20T09:47:39.000Z,255.57598,255.94398,0
1974-07-20T10:45:49.000Z,255.53647,255.90347,0
1974-07-20T11:43:43.000Z,255.57598,255.94398,0
1974-07-20T12:41:36.000Z,255.57648,255.94348,0
1974-07-20T13:39:29.000Z,255.53647,255.90347,0
1974-07-20T14:37:39.000Z,255.53647,255.90347,0
1974-07-20T15:35:33.000Z,255.53647,255.90347,0
1974-07-20T16:33:26.000Z,255.57648,255.94348,0
1974-07-20T17:31:36.000Z,255.53647,255.90347,0
1974-07-20T18:29:29.000Z,255.57648,255.94348,0
1974-07-20T19:27:23.000Z,255.53647,255.90347,0
1974-07-20T20:25:16.000Z,255.53647,255.90347,0
1974-07-20T21:23:26.000Z,255.53647,255.90347,0
1974-07-20T22:21:19.000Z,255.57648,255.94348,0
1974-07-20T23:19:13.000Z,255.53647,255.90347,0
1974-07-21T00:17:06.000Z,255.57648,255.94348,0
1974-07-21T01:15:16.000Z,255.53647,255.90347,0
1974-07-21T02:13:09.000Z,255.53647,255.90347,0
1974-07-21T03:11:03.000Z,255.50647,255.87347,0
1974-07-21T04:08:56.000Z,255.53697,255.90297,0
1974-07-21T05:07:06.000Z,255.53697,255.90297,0
1974-07-21T06:04:59.000Z,255.53697,255.90297,0
1974-07-21T07:02:53.000Z,255.53697,255.90297,0
1974-07-21T08:00:46.000Z,255.53697,255.90297,0
1974-07-21T08:58:56.000Z,255.57648,255.94348,0
1974-07-21T09:56:49.000Z,255.53697,255.90297,0
1974-07-21T10:54:43.000Z,255.53697,255.90297,0
1974-07-21T11:52:36.000Z,255.57648,255.94348,0
1974-07-21T12:50:46.000Z,255.53697,255.90297,0
1974-07-21T13:48:39.000Z,255.53697,255.90297,0
1974-07-21T14:46:33.000Z,255.53697,255.90297,0
1974-07-21T15:44:43.000Z,255.53697,255.90297,0
1974-07-21T16:42:36.000Z,255.53697,255.90297,0
1974-07-21T17:40:29.000Z,255.53697,255.90297,0
1974-07-21T18:38:23.000Z,255.53697,255.90297,0
1974-07-21T19:36:33.000Z,255.53697,255.90297,0
1974-07-21T20:34:26.000Z,255.53697,255.90297,0
1974-07-21T21:32:19.000Z,255.53697,255.90297,0
1974-07-21T22:30:13.000Z,255.53697,255.90297,0
1974-07-21T23:28:23.000Z,255.53697,255.90297,0
1974-07-22T03:27:19.000Z,255.53697,255.90297,0
1974-07-22T05:52:19.000Z,255.52699,255.89299,0
1974-07-22T06:50:12.000Z,255.57698,255.94298,0
1974-07-22T07:48:05.000Z,255.57698,255.94298,0
1974-07-22T08:46:15.000Z,255.567,255.933,0
1974-07-22T09:44:09.000Z,255.53697,255.90297,0
1974-07-22T10:42:02.000Z,255.567,255.933,0
1974-07-22T11:39:55.000Z,255.567,255.933,0
1974-07-22T12:38:05.000Z,255.57698,255.94298,0
1974-07-22T13:35:59.000Z,255.53697,255.90297,0
1974-07-22T15:33:40.000Z,255.53747,255.90247,0
1974-07-22T16:31:33.000Z,255.53747,255.90247,0
1974-07-22T17:29:43.000Z,255.57748,255.94248,0
1974-07-22T18:27:37.000Z,255.57698,255.94298,0
1974-07-22T19:25:30.000Z,255.53697,255.90297,0
1974-07-22T20:23:23.000Z,255.53747,255.90247,0
1974-07-22T21:21:33.000Z,255.53747,255.90247,0
1974-07-22T22:19:27.000Z,255.5675,255.9325,0
1974-07-22T23:17:20.000Z,255.53747,255.90247,0
1974-07-23T00:15:13.000Z,255.53747,255.90247,0
1974-07-23T01:13:23.000Z,255.567,255.933,0
1974-07-23T02:11:17.000Z,255.53697,255.90297,0
1974-07-23T03:09:10.000Z,255.53747,255.90247,0
1974-07-23T04:07:03.000Z,255.53747,255.90247,0
1974-07-23T05:05:13.000Z,255.53747,255.90247,0
1974-07-23T06:03:07.000Z,255.57748,255.94248,0
1974-07-23T07:01:00.000Z,255.53747,255.90247,0
1974-07-23T07:59:10.000Z,255.53747,255.90247,0
1974-07-23T08:57:03.000Z,255.53747,255.90247,0
1974-07-23T09:54:57.000Z,255.5675,255.9325,0
1974-07-23T11:29:09.000Z,255.53747,255.90247,0
1974-07-23T11:36:32.000Z,255.53747,255.90247,0
1974-07-23T12:34:25.000Z,255.53747,255.90247,0
1974-07-23T13:39:41.000Z,255.5675,255.9325,0
1974-07-23T14:37:34.000Z,255.53747,255.90247,0
1974-07-23T15:35:28.000Z,255.53747,255.90247,0
1974-07-23T16:33:21.000Z,255.53747,255.90247,0
1974-07-23T17:31:31.000Z,255.5675,255.9325,0
1974-07-23T18:29:24.000Z,255.5675,255.9325,0
1974-07-23T19:27:18.000Z,255.568,255.932,0
1974-07-23T20:25:11.000Z,255.53797,255.90197,0
1974-07-23T21:23:21.000Z,255.5675,255.9325,0
1974-07-23T22:21:14.000Z,255.5975,255.9625,0
1974-07-23T23:19:08.000Z,255.568,255.932,0
1974-07-24T00:17:01.000Z,255.568,255.932,0
1974-07-24T01:15:11.000Z,255.5675,255.9325,0
1974-07-24T02:13:04.000Z,255.568,255.932,0
1974-07-24T03:10:58.000Z,255.53797,255.90197,0
1974-07-24T04:09:07.000Z,255.568,255.932,0
1974-07-24T05:07:01.000Z,255.57798,255.94198,0
1974-07-24T06:04:54.000Z,255.54798,255.91198,0
1974-07-24T07:02:48.000Z,255.568,255.932,0
1974-07-24T08:00:57.000Z,255.55799,255.92199,0
1974-07-24T08:58:51.000Z,255.568,255.932,0
1974-07-24T09:56:44.000Z,255.50847,255.87147,0
1974-07-24T10:54:38.000Z,255.52799,255.89199,0
1974-07-24T11:52:47.000Z,255.57798,255.94198,0
1974-07-24T12:50:41.000Z,255.57798,255.94198,0
1974-07-24T13:05:09.000Z,255.54798,255.91198,0
1974-07-24T14:03:03.000Z,255.54798,255.91198,0
1974-07-24T15:20:52.000Z,255.55799,255.92199,0
1974-07-24T16:04:33.000Z,255.53797,255.90197,0
1974-07-24T17:02:27.000Z,255.54848,255.91148,0
1974-07-24T18:00:20.000Z,255.51798,255.88198,0
1974-07-24T18:58:14.000Z,255.55799,255.92199,0
1974-07-24T19:56:23.000Z,255.52799,255.89199,0
1974-07-24T20:54:17.000Z,255.55849,255.92149,0
1974-07-24T22:06:39.000Z,255.49849,255.86149,0
1974-07-24T23:04:48.000Z,255.55849,255.92149,0
1974-07-25T00:02:42.000Z,255.52849,255.89149,0
1974-07-25T01:00:35.000Z,255.52849,255.89149,0
1974-07-25T01:58:29.000Z,255.53847,255.90147,0
1974-07-25T02:56:38.000Z,255.52849,255.89149,0
1974-07-25T03:54:32.000Z,255.52849,255.89149,0
1974-07-25T04:52:25.000Z,255.5685,255.9315,0
1974-07-25T05:50:19.000Z,255.5685,255.9315,0
1974-07-25T06:48:28.000Z,255.52849,255.89149,0
1974-07-25T07:46:22.000Z,255.5685,255.9315,0
1974-07-25T08:44:15.000Z,255.5685,255.9315,0
1974-07-25T09:42:09.000Z,255.5685,255.9315,0
1974-07-25T10:40:19.000Z,255.5685,255.9315,0
1974-07-25T11:38:12.000Z,255.53847,255.90147,0
1974-07-25T12:36:05.000Z,255.50847,255.87147,0
1974-07-25T13:33:59.000Z,255.53847,255.90147,0
1974-07-25T14:32:09.000Z,255.5685,255.9315,0
1974-07-25T15:30:02.000Z,255.49849,255.86149,0
1974-07-25T16:27:55.000Z,255.53847,255.90147,0
1974-07-25T17:26:05.000Z,255.49849,255.86149,0
1974-07-25T18:23:59.000Z,255.5685,255.9315,0
1974-07-25T19:21:52.000Z,255.53847,255.90147,0
1974-07-25T20:19:45.000Z,255.53847,255.90147,0
1974-07-25T21:25:01.000Z,255.53847,255.90147,0
1974-07-25T22:22:55.000Z,255.5685,255.9315,0
1974-07-25T23:21:04.000Z,255.53847,255.90147,0
1974-07-26T00:04:29.000Z,255.53847,255.90147,0
1974-07-26T01:02:23.000Z,255.57848,255.94148,0
1974-07-26T02:00:16.000Z,255.57898,255.94098,0
1974-07-26T02:58:26.000Z,255.57848,255.94148,0
1974-07-26T03:56:19.000Z,255.53897,255.90097,0
1974-07-26T04:54:13.000Z,255.57898,255.94098,0
1974-07-26T05:52:06.000Z,255.53897,255.90097,0
1974-07-26T06:50:16.000Z,255.53897,255.90097,0
1974-07-26T07:48:09.000Z,255.53897,255.90097,0
1974-07-26T08:46:03.000Z,255.53897,255.90097,0
1974-07-26T09:43:56.000Z,255.53897,255.90097,0
1974-07-26T10:42:06.000Z,255.53897,255.90097,0
1974-07-26T11:39:59.000Z,255.53897,255.90097,0
1974-07-26T12:37:53.000Z,255.53897,255.90097,0
1974-07-26T13:36:03.000Z,255.53897,255.90097,0
1974-07-26T14:59:20.000Z,255.57898,255.94098,0
1974-07-26T15:35:22.000Z,255.53947,255.90047,0
1974-07-26T16:19:04.000Z,255.53947,255.90047,0
1974-07-26T16:33:32.000Z,255.53947,255.90047,0
1974-07-26T17:45:54.000Z,255.53947,255.90047,0
1974-07-26T18:00:22.000Z,255.53947,255.90047,0
1974-07-26T18:22:13.000Z,255.57948,255.94048,0
1974-07-26T18:29:19.000Z,255.569,255.931,0
1974-07-26T18:58:16.000Z,255.57948,255.94048,0
1974-07-26T19:12:44.000Z,255.53947,255.90047,0
1974-07-26T20:03:32.000Z,255.53947,255.90047,0
1974-07-26T20:32:28.000Z,255.53947,255.90047,0
1974-07-26T21:30:22.000Z,255.53947,255.90047,0
1974-07-26T22:28:31.000Z,255.57948,255.94048,0
1974-07-26T23:26:25.000Z,255.5695,255.9305,0
1974-07-27T00:24:18.000Z,255.5695,255.9305,0
1974-07-27T01:22:12.000Z,255.5695,255.9305,0
1974-07-27T02:20:21.000Z,255.5695,255.9305,0
1974-07-27T03:18:15.000Z,255.57948,255.94048,0
1974-07-27T04:16:08.000Z,255.52949,255.89049,0
1974-07-27T05:14:18.000Z,255.57948,255.94048,0
1974-07-27T06:12:11.000Z,255.60948,255.97048,0
1974-07-27T07:10:05.000Z,255.50947,255.87047,0
1974-07-27T08:07:58.000Z,255.5695,255.9305,0
1974-07-27T09:06:08.000Z,255.5695,255.9305,0
1974-07-27T10:04:01.000Z,255.5695,255.9305,0
1974-07-27T11:01:55.000Z,255.5695,255.9305,0
1974-07-27T11:59:48.000Z,255.57,255.93,0
1974-07-27T12:57:58.000Z,255.5695,255.9305,0
1974-07-27T13:55:51.000Z,255.5695,255.9305,0
1974-07-27T14:53:45.000Z,255.5695,255.9305,0
1974-07-27T15:51:38.000Z,255.53997,255.89997,0
1974-07-27T16:49:48.000Z,255.5695,255.9305,0
1974-07-27T17:47:42.000Z,255.53997,255.89997,0
1974-07-27T18:45:35.000Z,255.57,255.93,0
1974-07-27T19:43:28.000Z,255.53997,255.89997,0
1974-07-27T20:41:38.000Z,255.57,255.93,0
1974-07-27T21:39:32.000Z,255.57,255.93,0
1974-07-27T22:37:25.000Z,255.57,255.93,0
1974-07-27T23:35:35.000Z,255.57,255.93,0
1974-07-28T00:33:28.000Z,255.53997,255.89997,0
1974-07-28T01:31:22.000Z,255.57,255.93,0
1974-07-28T02:29:15.000Z,255.53997,255.89997,0
1974-07-28T03:27:25.000Z,255.57,255.93,0
1974-07-28T04:25:18.000Z,255.57,255.93,0
1974-07-28T05:23:12.000Z,255.57,255.93,0
1974-07-28T06:21:05.000Z,255.60998,255.96998,0
1974-07-28T07:19:15.000Z,255.53997,255.89997,0
1974-07-28T08:17:08.000Z,255.53997,255.89997,0
1974-07-28T09:15:02.000Z,255.57,255.93,0
1974-07-28T10:12:55.000Z,255.57,255.93,0
1974-07-28T11:11:05.000Z,255.54047,255.89947,0
1974-07-28T12:08:58.000Z,255.57,255.93,0
1974-07-28T13:06:52.000Z,255.57,255.93,0
1974-07-28T14:05:01.000Z,255.57,255.93,0
1974-07-28T15:02:55.000Z,255.5705,255.9295,0
1974-07-28T16:08:11.000Z,255.5705,255.9295,0
1974-07-28T17:06:04.000Z,255.57998,255.93998,0
1974-07-28T18:03:57.000Z,255.53997,255.89997,0
1974-07-28T19:01:51.000Z,255.61048,255.96948,0
1974-07-28T20:00:01.000Z,255.5705,255.9295,0
1974-07-28T20:57:54.000Z,255.54047,255.89947,0
1974-07-28T21:55:47.000Z,255.5705,255.9295,0
1974-07-28T22:53:41.000Z,255.61048,255.96948,0
1974-07-28T23:51:51.000Z,255.57,255.93,0
1974-07-29T00:49:44.000Z,255.5705,255.9295,0
1974-07-29T01:47:37.000Z,255.5705,255.9295,0
1974-07-29T02:31:02.000Z,255.61048,255.96948,0
1974-07-29T02:45:47.000Z,255.5705,255.9295,0
1974-07-29T03:36:18.000Z,255.5705,255.9295,0
1974-07-29T04:34:28.000Z,255.61048,255.96948,0
1974-07-29T05:32:21.000Z,255.571,255.929,0
1974-07-29T06:30:15.000Z,255.5705,255.9295,0
1974-07-29T07:28:08.000Z,255.571,255.929,0
1974-07-29T08:26:18.000Z,255.571,255.929,0
1974-07-29T09:24:11.000Z,255.5705,255.9295,0
1974-07-29T10:22:05.000Z,255.5705,255.9295,0
1974-07-29T11:19:58.000Z,255.571,255.929,0
1974-07-29T12:18:08.000Z,255.5705,255.9295,0
1974-07-29T13:16:01.000Z,255.571,255.929,0
1974-07-29T14:13:55.000Z,255.571,255.929,0
1974-07-29T14:53:47.000Z,255.571,255.929,0
1974-07-29T15:51:40.000Z,255.571,255.929,0
1974-07-29T16:49:50.000Z,255.571,255.929,0
1974-07-29T17:47:44.000Z,255.571,255.929,0
1974-07-29T18:45:37.000Z,255.571,255.929,0
1974-07-29T19:43:30.000Z,255.61098,255.96898,0
1974-07-29T20:41:40.000Z,255.61098,255.96898,0
1974-07-29T21:39:34.000Z,255.571,255.929,0
1974-07-29T22:37:27.000Z,255.571,255.929,0
1974-07-29T23:35:37.000Z,255.571,255.929,0
1974-07-30T00:04:33.000Z,255.61098,255.96898,0
1974-07-30T01:02:27.000Z,255.571,255.929,0
1974-07-30T02:00:20.000Z,255.61098,255.96898,0
1974-07-30T02:58:14.000Z,255.571,255.929,0
1974-07-30T03:56:23.000Z,255.5705,255.9295,0
1974-07-30T04:54:17.000Z,255.571,255.929,0
1974-07-30T05:52:10.000Z,255.571,255.929,0
1974-07-30T06:50:20.000Z,255.571,255.929,0
1974-07-30T07:48:14.000Z,255.571,255.929,0
1974-07-30T08:46:07.000Z,255.571,255.929,0
1974-07-30T09:44:00.000Z,255.571,255.929,0
1974-07-30T10:42:10.000Z,255.5715,255.9285,0
1974-07-30T11:40:04.000Z,255.61098,255.96898,0
1974-07-30T12:37:57.000Z,255.61098,255.96898,0
1974-07-30T13:35:50.000Z,255.571,255.929,0
1974-07-30T14:34:00.000Z,255.61098,255.96898,0
1974-07-30T15:31:54.000Z,255.571,255.929,0
1974-07-30T16:29:47.000Z,255.61148,255.96848,0
1974-07-30T17:27:40.000Z,255.571,255.929,0
1974-07-30T18:25:50.000Z,255.61098,255.96898,0
1974-07-30T19:23:44.000Z,255.61098,255.96898,0
1974-07-30T20:21:37.000Z,255.571,255.929,0
1974-07-30T21:19:47.000Z,255.571,255.929,0
1974-07-30T22:17:40.000Z,255.571,255.929,0
1974-07-30T23:15:34.000Z,255.6015,255.9585,0
1974-07-31T00:13:27.000Z,255.61148,255.96848,0
1974-07-31T01:11:37.000Z,255.5715,255.9285,0
1974-07-31T02:09:30.000Z,255.571,255.929,0
1974-07-31T03:07:24.000Z,255.61148,255.96848,0
1974-07-31T04:05:17.000Z,255.54147,255.89847,0
1974-07-31T05:03:27.000Z,255.61148,255.96848,0
1974-07-31T06:01:20.000Z,255.58148,255.93848,0
1974-07-31T06:59:14.000Z,255.61148,255.96848,0
1974-07-31T08:04:29.000Z,255.58148,255.93848,0
1974-07-31T09:02:23.000Z,255.61198,255.96798,0
1974-07-31T10:00:33.000Z,255.58148,255.93848,0
1974-07-31T10:58:26.000Z,255.61148,255.96848,0
1974-07-31T11:56:19.000Z,255.61148,255.96848,0
1974-07-31T12:54:13.000Z,255.5715,255.9285,0
1974-07-31T13:52:23.000Z,255.5715,255.9285,0
1974-07-31T14:54:38.000Z,255.58148,255.93848,0
1974-07-31T15:52:48.000Z,255.58148,255.93848,0
1974-07-31T16:50:41.000Z,255.58148,255.93848,0
1974-07-31T17:48:35.000Z,255.54197,255.89797,0
1974-07-31T18:46:45.000Z,255.61148,255.96848,0
1974-07-31T19:44:38.000Z,255.6015,255.9585,0
1974-07-31T20:42:31.000Z,255.5715,255.9285,0
1974-07-31T21:40:25.000Z,255.64148,255.99848,0
1974-07-31T22:38:35.000Z,255.58198,255.93798,0
1974-07-31T23:36:28.000Z,255.54197,255.89797,0
1974-08-01T00:34:21.000Z,255.6015,255.9585,0
1974-08-01T01:32:15.000Z,255.602,255.958,0
1974-08-01T02:30:25.000Z,255.572,255.928,0
1974-08-01T03:28:18.000Z,255.572,255.928,0
1974-08-01T04:26:11.000Z,255.61198,255.96798,0
1974-08-01T05:24:05.000Z,255.572,255.928,0
1974-08-01T06:00:24.000Z,255.54197,255.89797,0
1974-08-01T06:22:15.000Z,255.572,255.928,0
1974-08-01T07:20:08.000Z,255.58198,255.93798,0
1974-08-01T08:18:01.000Z,255.61198,255.96798,0
1974-08-01T09:16:11.000Z,255.602,255.958,0
1974-08-01T10:14:05.000Z,255.64198,255.99798,0
1974-08-01T11:11:58.000Z,255.56199,255.91799,0
1974-08-01T11:48:17.000Z,255.572,255.928,0
1974-08-01T11:55:23.000Z,255.572,255.928,0
1974-08-01T12:53:33.000Z,255.572,255.928,0
1974-08-01T13:51:26.000Z,255.572,255.928,0
1974-08-01T14:49:20.000Z,255.572,255.928,0
1974-08-01T15:47:13.000Z,255.5725,255.9275,0
1974-08-01T16:45:23.000Z,255.602,255.958,0
1974-08-01T17:43:16.000Z,255.572,255.928,0
1974-08-01T18:41:10.000Z,255.6025,255.9575,0
1974-08-01T19:39:03.000Z,255.5725,255.9275,0
1974-08-01T20:37:13.000Z,255.572,255.928,0
1974-08-01T21:35:06.000Z,255.5725,255.9275,0
1974-08-01T22:33:00.000Z,255.64248,255.99748,0
1974-08-01T23:30:53.000Z,255.54247,255.89747,0
1974-08-02T00:29:03.000Z,255.5725,255.9275,0
1974-08-02T01:26:56.000Z,255.61248,255.96748,0
1974-08-02T02:24:50.000Z,255.5725,255.9275,0
1974-08-02T03:23:00.000Z,255.5725,255.9275,0
1974-08-02T04:20:53.000Z,255.5725,255.9275,0
1974-08-02T05:18:46.000Z,255.61248,255.96748,0
1974-08-02T06:16:40.000Z,255.5725,255.9275,0
1974-08-02T07:14:50.000Z,255.5725,255.9275,0
1974-08-02T08:12:43.000Z,255.61248,255.96748,0
1974-08-02T09:10:36.000Z,255.54247,255.89747,0
1974-08-02T10:08:30.000Z,255.5725,255.9275,0
1974-08-02T11:06:40.000Z,255.5725,255.9275,0
1974-08-02T12:04:33.000Z,255.61248,255.96748,0
1974-08-02T13:02:26.000Z,255.5725,255.9275,0
1974-08-02T14:00:20.000Z,255.573,255.927,0
1974-08-02T14:58:30.000Z,255.54297,255.89697,0
1974-08-02T15:56:23.000Z,255.573,255.927,0
1974-08-02T16:54:16.000Z,255.54247,255.89747,0
1974-08-02T17:52:26.000Z,255.5725,255.9275,0
1974-08-02T18:50:20.000Z,255.5725,255.9275,0
1974-08-02T19:48:13.000Z,255.5725,255.9275,0
1974-08-02T20:46:06.000Z,255.573,255.927,0
1974-08-02T21:44:16.000Z,255.61248,255.96748,0
1974-08-02T22:42:10.000Z,255.61248,255.96748,0
1974-08-02T23:40:03.000Z,255.61248,255.96748,0
1974-08-03T00:01:54.000Z,255.61248,255.96748,0
1974-08-03T00:59:47.000Z,255.573,255.927,0
1974-08-03T01:57:41.000Z,255.61298,255.96698,0
1974-08-03T02:55:50.000Z,255.5725,255.9275,0
1974-08-03T03:53:44.000Z,255.573,255.927,0
1974-08-03T04:51:37.000Z,255.573,255.927,0
1974-08-03T05:49:31.000Z,255.50299,255.85699,0
1974-08-03T06:47:40.000Z,255.573,255.927,0
1974-08-03T07:45:34.000Z,255.573,255.927,0
1974-08-03T08:43:27.000Z,255.54297,255.89697,0
1974-08-03T09:41:21.000Z,255.573,255.927,0
1974-08-03T10:39:30.000Z,255.573,255.927,0
1974-08-03T11:37:24.000Z,255.58298,255.93698,0
1974-08-03T12:35:17.000Z,255.61298,255.96698,0
1974-08-03T13:33:11.000Z,255.573,255.927,0
1974-08-03T14:31:20.000Z,255.61298,255.96698,0
1974-08-03T15:29:14.000Z,255.61298,255.96698,0
1974-08-03T16:27:07.000Z,255.573,255.927,0
1974-08-03T17:25:17.000Z,255.573,255.927,0
1974-08-03T18:23:10.000Z,255.573,255.927,0
1974-08-03T19:21:04.000Z,255.573,255.927,0
1974-08-03T20:18:57.000Z,255.61298,255.96698,0
1974-08-03T21:17:07.000Z,255.61298,255.96698,0
1974-08-03T22:15:00.000Z,255.61298,255.96698,0
1974-08-03T23:12:54.000Z,255.61298,255.96698,0
1974-08-04T00:10:47.000Z,255.58298,255.93698,0
1974-08-04T01:08:57.000Z,255.58298,255.93698,0
1974-08-04T02:06:50.000Z,255.573,255.927,0
1974-08-04T03:04:44.000Z,255.61298,255.96698,0
1974-08-04T04:02:37.000Z,255.573,255.927,0
1974-08-04T05:00:47.000Z,255.573,255.927,0
1974-08-04T05:58:40.000Z,255.61298,255.96698,0
1974-08-04T06:56:34.000Z,255.61298,255.96698,0
1974-08-04T07:54:44.000Z,255.61348,255.96648,0
1974-08-04T08:52:37.000Z,255.58348,255.93648,0
1974-08-04T09:50:30.000Z,255.58348,255.93648,0
1974-08-04T10:48:24.000Z,255.61348,255.96648,0
1974-08-04T11:46:34.000Z,255.5735,255.9265,0
1974-08-04T12:44:27.000Z,255.5735,255.9265,0
1974-08-04T13:42:20.000Z,255.61348,255.96648,0
1974-08-04T14:40:14.000Z,255.5735,255.9265,0
1974-08-04T15:38:24.000Z,255.58348,255.93648,0
1974-08-04T16:36:17.000Z,255.58348,255.93648,0
1974-08-04T17:34:11.000Z,255.58348,255.93648,0
1974-08-04T18:32:04.000Z,255.54347,255.89647,0
1974-08-04T19:30:14.000Z,255.58348,255.93648,0
1974-08-04T20:28:07.000Z,255.58348,255.93648,0
1974-08-04T21:26:01.000Z,255.58348,255.93648,0
1974-08-04T22:24:10.000Z,255.58348,255.93648,0
1974-08-04T23:22:04.000Z,255.58348,255.93648,0
1974-08-05T00:19:57.000Z,255.58348,255.93648,0
1974-08-05T01:17:51.000Z,255.58348,255.93648,0
1974-08-05T02:16:00.000Z,255.58348,255.93648,0
1974-08-05T03:13:54.000Z,255.58348,255.93648,0
1974-08-05T04:11:47.000Z,255.58348,255.93648,0
1974-08-05T05:09:41.000Z,255.58348,255.93648,0
1974-08-05T06:07:50.000Z,255.58348,255.93648,0
1974-08-05T07:05:44.000Z,255.54347,255.89647,0
1974-08-05T08:03:37.000Z,255.54397,255.89597,0
1974-08-05T09:01:31.000Z,255.54397,255.89597,0
1974-08-05T09:59:40.000Z,255.54347,255.89647,0
1974-08-05T10:57:34.000Z,255.54347,255.89647,0
1974-08-05T11:55:27.000Z,255.54347,255.89647,0
1974-08-05T12:53:21.000Z,255.54397,255.89597,0
1974-08-05T13:51:30.000Z,255.54347,255.89647,0
1974-08-05T15:17:31.000Z,255.58398,255.93598,0
1974-08-05T16:15:25.000Z,255.54397,255.89597,0
1974-08-05T17:13:18.000Z,255.61398,255.96598,0
1974-08-05T18:11:28.000Z,255.58398,255.93598,0
1974-08-05T19:09:21.000Z,255.54397,255.89597,0
1974-08-05T20:07:15.000Z,255.54397,255.89597,0
1974-08-05T21:05:08.000Z,255.54397,255.89597,0
1974-08-05T22:03:18.000Z,255.574,255.926,0
1974-08-05T23:01:11.000Z,255.54397,255.89597,0
1974-08-05T23:59:05.000Z,255.574,255.926,0
1974-08-06T00:56:58.000Z,255.58398,255.93598,0
1974-08-06T01:55:08.000Z,255.574,255.926,0
1974-08-06T02:53:01.000Z,255.574,255.926,0
1974-08-06T03:50:55.000Z,255.574,255.926,0
1974-08-06T04:48:48.000Z,255.574,255.926,0
1974-08-06T05:46:58.000Z,255.574,255.926,0
1974-08-06T06:44:51.000Z,255.54397,255.89597,0
1974-08-06T07:42:45.000Z,255.54397,255.89597,0
1974-08-06T08:40:55.000Z,255.574,255.926,0
1974-08-06T09:38:48.000Z,255.50449,255.85549,0
1974-08-06T10:36:41.000Z,255.574,255.926,0
1974-08-06T11:34:35.000Z,255.574,255.926,0
1974-08-06T12:32:45.000Z,255.53399,255.88599,0
1974-08-06T13:30:38.000Z,255.574,255.926,0
1974-08-06T14:28:31.000Z,255.56399,255.91599,0
1974-08-06T15:26:25.000Z,255.54447,255.89547,0
1974-08-06T16:24:35.000Z,255.574,255.926,0
1974-08-06T17:22:28.000Z,255.574,255.926,0
1974-08-06T18:20:21.000Z,255.574,255.926,0
1974-08-06T19:18:15.000Z,255.53449,255.88549,0
1974-08-06T20:16:25.000Z,255.574,255.926,0
1974-08-06T21:14:18.000Z,255.53449,255.88549,0
1974-08-06T22:05:05.000Z,255.56449,255.91549,0
1974-08-06T23:02:59.000Z,255.56449,255.91549,0
1974-08-07T00:00:52.000Z,255.56449,255.91549,0
1974-08-07T00:58:46.000Z,255.53449,255.88549,0
1974-08-07T01:56:55.000Z,255.55448,255.90548,0
1974-08-07T02:54:49.000Z,255.52448,255.87548,0
1974-08-07T03:52:42.000Z,255.55448,255.90548,0
1974-08-07T04:50:52.000Z,255.55448,255.90548,0
1974-08-07T05:48:46.000Z,255.58448,255.93548,0
1974-08-07T06:46:39.000Z,255.58448,255.93548,0
1974-08-07T07:44:32.000Z,255.58448,255.93548,0
1974-08-07T08:42:42.000Z,255.61448,255.96548,0
1974-08-07T09:40:36.000Z,255.58448,255.93548,0
1974-08-07T10:38:29.000Z,255.54447,255.89547,0
1974-08-07T11:36:22.000Z,255.61448,255.96548,0
1974-08-07T12:34:32.000Z,255.56449,255.91549,0
1974-08-07T13:03:29.000Z,255.61448,255.96548,0
1974-08-07T14:01:22.000Z,255.53449,255.88549,0
1974-08-07T14:51:04.000Z,255.53449,255.88549,0
1974-08-07T15:49:14.000Z,255.58498,255.93498,0
1974-08-07T16:47:07.000Z,255.56499,255.91499,0
1974-08-07T17:45:01.000Z,255.54497,255.89497,0
1974-08-07T18:43:11.000Z,255.55498,255.90498,0
1974-08-07T19:41:04.000Z,255.59499,255.94499,0
1974-08-07T20:38:57.000Z,255.55498,255.90498,0
1974-08-07T21:36:51.000Z,255.53499,255.88499,0
1974-08-07T22:35:01.000Z,255.55448,255.90548,0
1974-08-07T23:03:57.000Z,255.59499,255.94499,0
1974-08-08T00:01:51.000Z,255.55498,255.90498,0
1974-08-08T00:59:44.000Z,255.54497,255.89497,0
1974-08-08T01:57:37.000Z,255.54497,255.89497,0
1974-08-08T02:55:47.000Z,255.5745,255.9255,0
1974-08-08T03:53:41.000Z,255.575,255.925,0
1974-08-08T04:51:34.000Z,255.575,255.925,0
1974-08-08T05:49:44.000Z,255.56499,255.91499,0
1974-08-08T06:47:37.000Z,255.56499,255.91499,0
1974-08-08T07:45:31.000Z,255.55498,255.90498,0
1974-08-08T08:43:24.000Z,255.59499,255.94499,0
1974-08-08T09:41:34.000Z,255.55498,255.90498,0
1974-08-08T10:39:27.000Z,255.55498,255.90498,0
1974-08-08T11:37:21.000Z,255.58498,255.93498,0
1974-08-08T12:35:14.000Z,255.58498,255.93498,0
1974-08-08T13:33:24.000Z,255.55498,255.90498,0
1974-08-08T14:31:17.000Z,255.58498,255.93498,0
1974-08-08T15:29:11.000Z,255.58498,255.93498,0
1974-08-08T16:27:04.000Z,255.58498,255.93498,0
1974-08-08T17:25:14.000Z,255.61498,255.96498,0
1974-08-08T18:23:07.000Z,255.54497,255.89497,0
1974-08-08T19:21:01.000Z,255.575,255.925,0
1974-08-08T20:18:54.000Z,255.51547,255.86447,0
1974-08-08T21:17:04.000Z,255.575,255.925,0
1974-08-08T22:14:57.000Z,255.51497,255.86497,0
1974-08-08T23:12:51.000Z,255.54547,255.89447,0
1974-08-09T00:11:01.000Z,255.54547,255.89447,0
1974-08-09T01:08:54.000Z,255.56499,255.91499,0
1974-08-09T02:06:47.000Z,255.56499,255.91499,0
1974-08-09T03:04:41.000Z,255.575,255.925,0
1974-08-09T04:02:51.000Z,255.56549,255.91449,0
1974-08-09T05:00:44.000Z,255.56499,255.91499,0
1974-08-09T05:58:37.000Z,255.56549,255.91449,0
1974-08-09T06:56:31.000Z,255.6355,255.9845,0
1974-08-09T07:54:41.000Z,255.56549,255.91449,0
1974-08-09T08:52:34.000Z,255.56549,255.91449,0
1974-08-09T09:50:27.000Z,255.56549,255.91449,0
1974-08-09T10:48:21.000Z,255.56549,255.91449,0
1974-08-09T11:46:31.000Z,255.56549,255.91449,0
1974-08-09T12:44:24.000Z,255.59549,255.94449,0
1974-08-09T13:42:17.000Z,255.59549,255.94449,0
1974-08-09T14:56:34.000Z,255.62549,255.97449,0
1974-08-09T15:54:27.000Z,255.59549,255.94449,0
1974-08-09T16:52:37.000Z,255.56549,255.91449,0
1974-08-09T17:50:30.000Z,255.59549,255.94449,0
1974-08-09T18:48:24.000Z,255.59549,255.94449,0
1974-08-09T19:46:17.000Z,255.62549,255.97449,0
1974-08-09T20:44:27.000Z,255.59549,255.94449,0
1974-08-09T21:34:58.000Z,255.62549,255.97449,0
1974-08-09T21:49:26.000Z,255.56549,255.91449,0
1974-08-09T22:18:40.000Z,255.51547,255.86447,0
1974-08-09T22:40:14.000Z,255.59549,255.94449,0
1974-08-09T23:38:07.000Z,255.52548,255.87448,0
1974-08-10T00:36:17.000Z,255.59549,255.94449,0
1974-08-10T01:34:11.000Z,255.55548,255.90448,0
1974-08-10T02:32:04.000Z,255.55548,255.90448,0
1974-08-10T03:30:14.000Z,255.58548,255.93448,0
1974-08-10T04:28:07.000Z,255.55548,255.90448,0
1974-08-10T05:26:01.000Z,255.55548,255.90448,0
1974-08-10T06:23:54.000Z,255.55548,255.90448,0
1974-08-10T07:22:04.000Z,255.55598,255.90398,0
1974-08-10T08:19:57.000Z,255.55548,255.90448,0
1974-08-10T09:17:51.000Z,255.55548,255.90448,0
1974-08-10T10:15:44.000Z,255.54547,255.89447,0
1974-08-10T11:13:54.000Z,255.58548,255.93448,0
1974-08-10T12:11:47.000Z,255.58548,255.93448,0
1974-08-10T13:09:41.000Z,255.58548,255.93448,0
1974-08-10T14:07:34.000Z,255.51547,255.86447,0
1974-08-10T15:05:44.000Z,255.55548,255.90448,0
1974-08-10T16:03:37.000Z,255.55548,255.90448,0
1974-08-10T17:01:31.000Z,255.58598,255.93398,0
1974-08-10T17:59:24.000Z,255.58598,255.93398,0
1974-08-10T18:57:34.000Z,255.58598,255.93398,0
1974-08-10T19:55:27.000Z,255.55598,255.90398,0
1974-08-10T20:53:21.000Z,255.55598,255.90398,0
1974-08-10T21:51:30.000Z,255.58598,255.93398,0
1974-08-10T22:49:24.000Z,255.58598,255.93398,0
1974-08-10T23:47:17.000Z,255.58598,255.93398,0
1974-08-11T00:01:46.000Z,255.61598,255.96398,0
1974-08-11T00:59:39.000Z,255.58548,255.93448,0
1974-08-11T01:57:49.000Z,255.58598,255.93398,0
1974-08-11T02:55:42.000Z,255.576,255.924,0
1974-08-11T03:53:36.000Z,255.576,255.924,0
1974-08-11T04:51:29.000Z,255.576,255.924,0
1974-08-11T05:49:39.000Z,255.54597,255.89397,0
1974-08-11T06:47:32.000Z,255.576,255.924,0
1974-08-11T07:45:26.000Z,255.576,255.924,0
1974-08-11T08:43:19.000Z,255.61598,255.96398,0
1974-08-11T09:41:29.000Z,255.576,255.924,0
1974-08-11T10:39:22.000Z,255.61598,255.96398,0
1974-08-11T11:37:16.000Z,255.576,255.924,0
1974-08-11T12:35:09.000Z,255.61598,255.96398,0
1974-08-11T14:01:26.000Z,255.576,255.924,0
1974-08-11T14:59:20.000Z,255.54597,255.89397,0
1974-08-11T15:57:13.000Z,255.61598,255.96398,0
1974-08-11T16:55:07.000Z,255.576,255.924,0
1974-08-11T17:53:16.000Z,255.576,255.924,0
1974-08-11T18:51:10.000Z,255.576,255.924,0
1974-08-11T19:49:03.000Z,255.61598,255.96398,0
1974-08-11T20:46:57.000Z,255.576,255.924,0
1974-08-11T21:45:06.000Z,255.53649,255.88349,0
1974-08-11T22:43:00.000Z,255.5765,255.9235,0
1974-08-11T23:40:53.000Z,255.5765,255.9235,0
1974-08-12T00:38:47.000Z,255.56649,255.91349,0
1974-08-12T01:36:56.000Z,255.5765,255.9235,0
1974-08-12T02:34:50.000Z,255.5765,255.9235,0
1974-08-12T03:32:43.000Z,255.576,255.924,0
1974-08-12T04:30:37.000Z,255.53649,255.88349,0
1974-08-12T05:28:46.000Z,255.53649,255.88349,0
1974-08-12T06:26:40.000Z,255.5765,255.9235,0
1974-08-12T07:24:33.000Z,255.56649,255.91349,0
1974-08-12T08:22:43.000Z,255.6065,255.9535,0
1974-08-12T09:20:36.000Z,255.5765,255.9235,0
1974-08-12T10:18:30.000Z,255.53649,255.88349,0
1974-08-16T15:18:07.000Z,255.58798,255.93198,0
1974-08-16T16:16:17.000Z,255.58798,255.93198,0
1974-08-16T17:14:10.000Z,255.65799,256.00199,0
1974-08-16T18:12:04.000Z,255.61798,255.96198,0
1974-08-16T18:55:29.000Z,255.58798,255.93198,0
1974-08-16T19:24:26.000Z,255.61798,255.96198,0
1974-08-16T20:22:35.000Z,255.58848,255.93148,0
1974-08-16T21:27:35.000Z,255.58798,255.93198,0
1974-08-16T22:25:45.000Z,255.61798,255.96198,0
1974-08-16T23:23:38.000Z,255.58798,255.93198,0
1974-08-17T00:21:31.000Z,255.61848,255.96148,0
1974-08-17T01:19:41.000Z,255.58848,255.93148,0
1974-08-17T02:17:35.000Z,255.61798,255.96198,0
1974-08-17T03:15:28.000Z,255.58848,255.93148,0
1974-08-17T04:13:21.000Z,255.61848,255.96148,0
1974-08-17T05:11:31.000Z,255.58848,255.93148,0
1974-08-17T06:09:25.000Z,255.58848,255.93148,0
1974-08-17T07:07:18.000Z,255.58848,255.93148,0
1974-08-17T08:05:11.000Z,255.58848,255.93148,0
1974-08-17T09:03:21.000Z,255.58848,255.93148,0
1974-08-17T10:01:15.000Z,255.61848,255.96148,0
1974-08-17T10:59:08.000Z,255.58848,255.93148,0
1974-08-17T11:57:01.000Z,255.58848,255.93148,0
1974-08-17T12:55:11.000Z,255.58848,255.93148,0
1974-08-17T13:53:05.000Z,255.58848,255.93148,0
1974-08-17T14:50:58.000Z,255.58848,255.93148,0
1974-08-17T15:48:51.000Z,255.61848,255.96148,0
1974-08-17T16:47:01.000Z,255.58848,255.93148,0
1974-08-17T17:44:55.000Z,255.54847,255.89147,0
1974-08-17T18:42:48.000Z,255.61848,255.96148,0
1974-08-17T19:40:41.000Z,255.61848,255.96148,0
1974-08-17T20:17:00.000Z,255.58848,255.93148,0
1974-08-17T21:14:54.000Z,255.58848,255.93148,0
1974-08-17T22:13:04.000Z,255.58848,255.93148,0
1974-08-17T22:56:29.000Z,255.61848,255.96148,0
1974-08-17T23:54:22.000Z,255.54847,255.89147,0
1974-08-18T00:52:16.000Z,255.58848,255.93148,0
1974-08-18T01:50:25.000Z,255.58848,255.93148,0
1974-08-18T02:48:19.000Z,255.58848,255.93148,0
1974-08-18T03:46:12.000Z,255.58848,255.93148,0
1974-08-18T04:44:06.000Z,255.5785,255.9215,0
1974-08-18T05:42:15.000Z,255.58848,255.93148,0
1974-08-18T06:40:09.000Z,255.61848,255.96148,0
1974-08-18T07:38:02.000Z,255.54897,255.89097,0
1974-08-18T08:35:56.000Z,255.58898,255.93098,0
1974-08-18T09:34:05.000Z,255.58848,255.93148,0
1974-08-18T10:31:59.000Z,255.61848,255.96148,0
1974-08-18T11:29:52.000Z,255.58848,255.93148,0
1974-08-18T12:28:02.000Z,255.58898,255.93098,0
1974-08-18T13:25:55.000Z,255.61898,255.96098,0
1974-08-18T14:23:49.000Z,255.61848,255.96148,0
1974-08-18T15:21:42.000Z,255.54897,255.89097,0
1974-08-18T16:19:52.000Z,255.58898,255.93098,0
1974-08-18T17:17:45.000Z,255.61898,255.96098,0
1974-08-18T18:15:39.000Z,255.61898,255.96098,0
1974-08-18T19:13:32.000Z,255.61898,255.96098,0
1974-08-18T20:11:42.000Z,255.54897,255.89097,0
1974-08-18T21:09:35.000Z,255.579,255.921,0
1974-08-18T22:07:29.000Z,255.61898,255.96098,0
1974-08-18T23:05:22.000Z,255.579,255.921,0
1974-08-19T00:03:32.000Z,255.54897,255.89097,0
1974-08-19T01:01:25.000Z,255.61898,255.96098,0
1974-08-19T01:59:19.000Z,255.579,255.921,0
1974-08-19T02:57:12.000Z,255.61898,255.96098,0
1974-08-19T03:55:22.000Z,255.579,255.921,0
1974-08-19T04:53:15.000Z,255.61898,255.96098,0
1974-08-19T05:51:09.000Z,255.58898,255.93098,0
1974-08-19T06:49:19.000Z,255.61898,255.96098,0
1974-08-19T07:47:12.000Z,255.579,255.921,0
1974-08-19T08:45:05.000Z,255.61898,255.96098,0
1974-08-19T09:42:59.000Z,255.61898,255.96098,0
1974-08-19T10:41:09.000Z,255.579,255.921,0
1974-08-19T11:39:02.000Z,255.61898,255.96098,0
1974-08-19T12:36:55.000Z,255.61898,255.96098,0
1974-08-19T13:34:49.000Z,255.579,255.921,0
1974-08-19T14:32:59.000Z,255.54897,255.89097,0
1974-08-19T15:30:52.000Z,255.5795,255.9205,0
1974-08-19T16:25:13.000Z,255.5795,255.9205,0
1974-08-19T17:23:06.000Z,255.54897,255.89097,0
1974-08-19T17:52:03.000Z,255.58898,255.93098,0
1974-08-19T18:50:12.000Z,255.61948,255.96048,0
1974-08-19T19:48:06.000Z,255.58948,255.93048,0
1974-08-19T20:45:59.000Z,255.58948,255.93048,0
1974-08-19T21:00:28.000Z,255.61948,255.96048,0
1974-08-19T21:58:21.000Z,255.58948,255.93048,0
1974-08-19T22:56:31.000Z,255.5795,255.9205,0
1974-08-19T23:54:24.000Z,255.61948,255.96048,0
1974-08-20T00:52:18.000Z,255.54947,255.89047,0
1974-08-20T01:50:11.000Z,255.58948,255.93048,0
1974-08-20T02:48:21.000Z,255.54897,255.89097,0
1974-08-20T03:46:14.000Z,255.54947,255.89047,0
1974-08-20T04:44:08.000Z,255.5795,255.9205,0
1974-08-20T05:42:01.000Z,255.58948,255.93048,0
1974-08-20T06:40:11.000Z,255.54947,255.89047,0
1974-08-20T07:38:04.000Z,255.54947,255.89047,0
1974-08-20T08:35:58.000Z,255.54947,255.89047,0
1974-08-20T09:33:51.000Z,255.61948,255.96048,0
1974-08-20T10:32:01.000Z,255.61948,255.96048,0
1974-08-20T11:29:54.000Z,255.54947,255.89047,0
1974-08-20T12:27:48.000Z,255.61948,255.96048,0
1974-08-20T13:25:57.000Z,255.64948,255.99048,0
1974-08-20T14:23:51.000Z,255.58948,255.93048,0
1974-08-20T15:21:44.000Z,255.54997,255.88997,0
1974-08-20T16:19:38.000Z,255.58948,255.93048,0
1974-08-20T17:17:47.000Z,255.58948,255.93048,0
1974-08-20T18:15:41.000Z,255.54947,255.89047,0
1974-08-20T19:13:34.000Z,255.54947,255.89047,0
1974-08-20T20:18:50.000Z,255.58998,255.92998,0
1974-08-20T20:25:56.000Z,255.5795,255.9205,0
1974-08-20T20:55:09.000Z,255.61948,255.96048,0
1974-08-20T21:53:03.000Z,255.61948,255.96048,0
1974-08-20T22:50:56.000Z,255.54997,255.88997,0
1974-08-20T23:48:49.000Z,255.58,255.92,0
1974-08-21T00:46:59.000Z,255.58,255.92,0
1974-08-21T01:44:53.000Z,255.61948,255.96048,0
1974-08-21T02:42:46.000Z,255.54997,255.88997,0
1974-08-21T03:40:39.000Z,255.54997,255.88997,0
1974-08-21T04:38:49.000Z,255.58,255.92,0
1974-08-21T05:36:43.000Z,255.58,255.92,0
1974-08-21T06:34:36.000Z,255.58998,255.92998,0
1974-08-21T07:32:29.000Z,255.58,255.92,0
1974-08-21T08:30:39.000Z,255.61948,255.96048,0
1974-08-21T09:28:33.000Z,255.61948,255.96048,0
1974-08-21T10:26:26.000Z,255.61998,255.95998,0
1974-08-21T11:24:19.000Z,255.54997,255.88997,0
1974-08-21T12:22:29.000Z,255.61,255.95,0
1974-08-21T13:20:23.000Z,255.61998,255.95998,0
1974-08-21T14:18:16.000Z,255.61,255.95,0
1974-08-21T15:28:59.000Z,255.58,255.92,0
1974-08-21T16:26:53.000Z,255.64998,255.98998,0
1974-08-21T17:24:46.000Z,255.58,255.92,0
1974-08-21T18:22:56.000Z,255.58,255.92,0
1974-08-21T19:20:49.000Z,255.58,255.92,0
1974-08-21T20:18:43.000Z,255.61998,255.95998,0
1974-08-21T21:16:53.000Z,255.61998,255.95998,0
1974-08-21T22:14:46.000Z,255.58,255.92,0
1974-08-21T23:12:39.000Z,255.61998,255.95998,0
1974-08-22T00:10:33.000Z,255.58,255.92,0
1974-08-22T01:08:43.000Z,255.64998,255.98998,0
1974-08-22T02:06:36.000Z,255.58,255.92,0
1974-08-22T03:04:30.000Z,255.5805,255.9195,0
1974-08-22T04:02:23.000Z,255.58,255.92,0
1974-08-22T05:00:33.000Z,255.61,255.95,0
1974-08-22T05:58:26.000Z,255.58,255.92,0
1974-08-22T06:56:20.000Z,255.61,255.95,0
1974-08-22T07:54:13.000Z,255.6105,255.9495,0
1974-08-22T08:52:23.000Z,255.58,255.92,0
1974-08-22T09:50:16.000Z,255.5805,255.9195,0
1974-08-22T10:48:10.000Z,255.6105,255.9495,0
1974-08-22T11:46:03.000Z,255.61,255.95,0
1974-08-22T12:44:13.000Z,255.64998,255.98998,0
1974-08-22T13:42:06.000Z,255.6105,255.9495,0
1974-08-22T14:40:00.000Z,255.61,255.95,0
1974-08-22T15:37:53.000Z,255.62048,255.95948,0
1974-08-22T15:59:44.000Z,255.65048,255.98948,0
1974-08-22T16:57:37.000Z,255.59048,255.92948,0
1974-08-22T17:55:47.000Z,255.6405,255.9795,0
1974-08-22T18:53:40.000Z,255.56048,255.89948,0
1974-08-22T19:51:34.000Z,255.6105,255.9495,0
1974-08-22T20:49:27.000Z,255.63049,255.96949,0
1974-08-22T21:47:37.000Z,255.6405,255.9795,0
1974-08-22T23:07:21.000Z,255.6105,255.9495,0
1974-08-22T23:28:55.000Z,255.5805,255.9195,0
1974-08-23T00:05:14.000Z,255.62048,255.95948,0
1974-08-23T01:53:55.000Z,255.59048,255.92948,0
1974-08-23T02:51:49.000Z,255.63049,255.96949,0
1974-08-23T03:49:42.000Z,255.6405,255.9795,0
1974-08-23T04:47:52.000Z,255.56048,255.89948,0
1974-08-23T05:45:45.000Z,255.56048,255.89948,0
1974-08-23T06:43:39.000Z,255.6405,255.9795,0
1974-08-23T07:41:32.000Z,255.56048,255.89948,0
1974-08-23T08:39:42.000Z,255.60049,255.93949,0
1974-08-23T09:37:35.000Z,255.6105,255.9495,0
1974-08-23T10:35:29.000Z,255.6105,255.9495,0
1974-08-23T12:17:04.000Z,255.57049,255.90949,0
1974-08-23T13:14:57.000Z,255.5805,255.9195,0
1974-08-23T14:12:50.000Z,255.5805,255.9195,0
1974-08-23T15:06:22.000Z,255.5805,255.9195,0
1974-08-23T16:04:15.000Z,255.5805,255.9195,0
1974-08-23T17:02:08.000Z,255.5805,255.9195,0
1974-08-23T18:00:18.000Z,255.5805,255.9195,0
1974-08-23T18:58:12.000Z,255.5805,255.9195,0
1974-08-23T19:56:05.000Z,255.5805,255.9195,0
1974-08-23T20:53:58.000Z,255.581,255.919,0
1974-08-23T21:52:08.000Z,255.581,255.919,0
1974-08-23T22:13:43.000Z,255.581,255.919,0
1974-08-23T22:35:33.000Z,255.581,255.919,0
1974-08-23T23:33:27.000Z,255.581,255.919,0
1974-08-24T01:51:04.000Z,255.581,255.919,0
1974-08-24T02:48:58.000Z,255.62098,255.95898,0
1974-08-24T03:47:07.000Z,255.581,255.919,0
1974-08-24T04:45:01.000Z,255.55097,255.88897,0
1974-08-24T05:42:54.000Z,255.581,255.919,0
1974-08-24T06:41:04.000Z,255.59098,255.92898,0
1974-08-24T07:38:57.000Z,255.65098,255.98898,0
1974-08-24T08:36:51.000Z,255.611,255.949,0
1974-08-24T09:34:44.000Z,255.62098,255.95898,0
1974-08-24T10:32:54.000Z,255.62098,255.95898,0
1974-08-24T11:30:47.000Z,255.62098,255.95898,0
1974-08-24T12:28:41.000Z,255.62098,255.95898,0
1974-08-24T13:26:34.000Z,255.59148,255.92848,0
1974-08-24T14:24:44.000Z,255.59148,255.92848,0
1974-08-24T15:22:38.000Z,255.59098,255.92898,0
1974-08-24T16:20:31.000Z,255.59148,255.92848,0
1974-08-24T17:18:24.000Z,255.55097,255.88897,0
1974-08-24T18:16:34.000Z,255.59098,255.92898,0
1974-08-24T19:14:28.000Z,255.59148,255.92848,0
1974-08-24T20:12:21.000Z,255.581,255.919,0
1974-08-24T21:10:14.000Z,255.59148,255.92848,0
1974-08-24T22:08:24.000Z,255.59148,255.92848,0
1974-08-24T23:06:18.000Z,255.59148,255.92848,0
1974-08-25T00:04:11.000Z,255.59148,255.92848,0
1974-08-25T01:02:21.000Z,255.55147,255.88847,0
1974-08-25T02:00:14.000Z,255.55147,255.88847,0
1974-08-25T02:58:08.000Z,255.55147,255.88847,0
1974-08-25T03:56:01.000Z,255.62148,255.95848,0
1974-08-25T04:54:11.000Z,255.5815,255.9185,0
1974-08-25T05:52:04.000Z,255.55147,255.88847,0
1974-08-25T06:49:58.000Z,255.65148,255.98848,0
1974-08-25T07:47:51.000Z,255.5815,255.9185,0
1974-08-25T08:46:01.000Z,255.62148,255.95848,0
1974-08-25T09:43:54.000Z,255.62148,255.95848,0
1974-08-25T10:41:48.000Z,255.62148,255.95848,0
1974-08-25T11:39:41.000Z,255.5815,255.9185,0
1974-08-25T12:37:51.000Z,255.62148,255.95848,0
1974-08-25T13:35:44.000Z,255.62148,255.95848,0
1974-08-25T14:33:38.000Z,255.59148,255.92848,0
1974-08-25T15:31:31.000Z,255.62148,255.95848,0
1974-08-25T16:29:41.000Z,255.62148,255.95848,0
1974-08-25T17:27:34.000Z,255.5815,255.9185,0
1974-08-25T18:25:28.000Z,255.62148,255.95848,0
1974-08-25T19:23:37.000Z,255.5815,255.9185,0
1974-08-25T20:21:31.000Z,255.62198,255.95798,0
1974-08-25T21:19:24.000Z,255.62198,255.95798,0
1974-08-25T22:17:18.000Z,255.5815,255.9185,0
1974-08-25T23:15:27.000Z,255.62198,255.95798,0
1974-08-26T00:13:21.000Z,255.582,255.918,0
1974-08-26T01:11:14.000Z,255.5815,255.9185,0
1974-08-26T02:09:08.000Z,255.5815,255.9185,0
1974-08-26T03:07:17.000Z,255.582,255.918,0
1974-08-26T04:05:11.000Z,255.59198,255.92798,0
1974-08-26T05:03:04.000Z,255.582,255.918,0
1974-08-26T06:00:58.000Z,255.55197,255.88797,0
1974-08-26T06:59:07.000Z,255.582,255.918,0
1974-08-26T07:57:01.000Z,255.62198,255.95798,0
1974-08-26T08:54:54.000Z,255.62198,255.95798,0
1974-08-26T10:00:10.000Z,255.582,255.918,0
1974-08-26T10:58:03.000Z,255.582,255.918,0
1974-08-26T11:56:13.000Z,255.55197,255.88797,0
1974-08-26T12:54:07.000Z,255.62198,255.95798,0
1974-08-26T13:52:00.000Z,255.62198,255.95798,0
1974-08-26T14:49:53.000Z,255.62198,255.95798,0
1974-08-26T15:32:29.000Z,255.65198,255.98798,0
1974-08-26T16:30:39.000Z,255.582,255.918,0
1974-08-26T17:28:33.000Z,255.5825,255.9175,0
1974-08-26T18:26:26.000Z,255.582,255.918,0
1974-08-26T19:24:19.000Z,255.5825,255.9175,0
1974-08-26T20:22:29.000Z,255.5825,255.9175,0
1974-08-26T21:20:23.000Z,255.62198,255.95798,0
1974-08-26T22:18:16.000Z,255.612,255.948,0
1974-08-27T00:06:57.000Z,255.65248,255.98748,0
1974-08-27T01:04:50.000Z,255.62198,255.95798,0
1974-08-27T02:03:00.000Z,255.65248,255.98748,0
1974-08-27T03:00:53.000Z,255.5825,255.9175,0
1974-08-27T03:58:47.000Z,255.582,255.918,0
1974-08-27T04:56:40.000Z,255.5825,255.9175,0
1974-08-27T05:54:50.000Z,255.6125,255.9475,0
1974-08-27T06:52:43.000Z,255.5825,255.9175,0
1974-08-27T07:50:37.000Z,255.5825,255.9175,0
1974-08-27T08:48:30.000Z,255.6125,255.9475,0
1974-08-27T09:46:40.000Z,255.62248,255.95748,0
1974-08-27T10:44:33.000Z,255.6125,255.9475,0
1974-08-27T11:42:27.000Z,255.62248,255.95748,0
1974-08-27T12:40:37.000Z,255.5825,255.9175,0
1974-08-27T13:38:30.000Z,255.66249,255.99749,0
1974-08-27T14:29:18.000Z,255.66249,255.99749,0
1974-08-27T15:27:11.000Z,255.613,255.947,0
1974-08-27T16:25:04.000Z,255.6125,255.9475,0
1974-08-27T17:22:58.000Z,255.62248,255.95748,0
1974-08-27T18:21:08.000Z,255.66249,255.99749,0
1974-08-27T19:19:01.000Z,255.62198,255.95798,0
1974-08-27T20:16:54.000Z,255.62298,255.95698,0
1974-08-27T21:14:48.000Z,255.65248,255.98748,0
1974-08-27T22:12:58.000Z,255.62248,255.95748,0
1974-08-27T23:10:51.000Z,255.59248,255.92748,0
1974-08-28T00:08:44.000Z,255.66249,255.99749,0
1974-08-28T01:06:38.000Z,255.613,255.947,0
1974-08-28T02:04:48.000Z,255.583,255.917,0
1974-08-28T03:02:41.000Z,255.613,255.947,0
1974-08-28T04:00:34.000Z,255.613,255.947,0
1974-08-28T04:58:44.000Z,255.583,255.917,0
1974-08-28T05:56:38.000Z,255.65298,255.98698,0
1974-08-28T06:54:31.000Z,255.62298,255.95698,0
1974-08-28T07:52:24.000Z,255.62298,255.95698,0
1974-08-28T08:50:34.000Z,255.613,255.947,0
1974-08-28T09:48:28.000Z,255.583,255.917,0
1974-08-28T10:46:21.000Z,255.62298,255.95698,0
1974-08-28T11:44:14.000Z,255.62298,255.95698,0
1974-08-28T12:42:24.000Z,255.65298,255.98698,0
1974-08-28T13:40:18.000Z,255.583,255.917,0
1974-08-28T14:38:11.000Z,255.62298,255.95698,0
1974-08-28T15:40:43.000Z,255.62298,255.95698,0
1974-08-28T16:38:36.000Z,255.583,255.917,0
1974-08-28T17:36:46.000Z,255.62298,255.95698,0
1974-08-28T18:34:40.000Z,255.62298,255.95698,0
1974-08-28T19:32:33.000Z,255.62298,255.95698,0
1974-08-28T20:30:26.000Z,255.62298,255.95698,0
1974-08-28T21:28:36.000Z,255.62298,255.95698,0
1974-08-28T22:26:30.000Z,255.62298,255.95698,0
1974-08-28T23:24:23.000Z,255.62298,255.95698,0
1974-08-29T00:22:16.000Z,255.62298,255.95698,0
1974-08-29T01:20:26.000Z,255.65298,255.98698,0
1974-08-29T02:18:20.000Z,255.62348,255.95648,0
1974-08-29T03:16:13.000Z,255.62298,255.95698,0
1974-08-29T04:14:23.000Z,255.62298,255.95698,0
1974-08-29T05:12:16.000Z,255.62348,255.95648,0
1974-08-29T06:10:10.000Z,255.62298,255.95698,0
1974-08-29T07:08:03.000Z,255.65298,255.98698,0
1974-08-29T08:06:13.000Z,255.62348,255.95648,0
1974-08-29T09:04:06.000Z,255.65348,255.98648,0
1974-08-29T10:02:00.000Z,255.65298,255.98698,0
1974-08-29T10:59:53.000Z,255.6135,255.9465,0
1974-08-29T11:58:03.000Z,255.65298,255.98698,0
1974-08-29T12:55:56.000Z,255.65348,255.98648,0
1974-08-29T13:53:50.000Z,255.65348,255.98648,0
1974-08-29T14:51:43.000Z,255.65348,255.98648,0
1974-08-29T15:49:53.000Z,255.65448,255.98548,0
1974-08-29T16:47:46.000Z,255.66299,255.99699,0
1974-08-29T17:45:40.000Z,255.69349,256.02649,0
1974-08-29T18:43:49.000Z,255.62348,255.95648,0
1974-08-29T19:41:43.000Z,255.65348,255.98648,0
1974-08-29T20:39:36.000Z,255.69299,256.02699,0
1974-08-29T21:37:30.000Z,255.65348,255.98648,0
1974-08-29T22:35:39.000Z,255.62348,255.95648,0
1974-08-29T23:33:33.000Z,255.62348,255.95648,0
1974-08-30T00:31:26.000Z,255.65348,255.98648,0
1974-08-30T01:29:20.000Z,255.65348,255.98648,0
1974-08-30T02:27:29.000Z,255.65348,255.98648,0
1974-08-30T03:25:23.000Z,255.65348,255.98648,0
1974-08-30T04:23:16.000Z,255.65348,255.98648,0
1974-08-30T05:21:10.000Z,255.65348,255.98648,0
1974-08-30T06:19:19.000Z,255.65348,255.98648,0
1974-08-30T07:17:13.000Z,255.69349,256.02649,0
1974-08-30T08:15:06.000Z,255.69349,256.02649,0
1974-08-30T09:13:16.000Z,255.65348,255.98648,0
1974-08-30T10:11:10.000Z,255.65348,255.98648,0
1974-08-30T11:09:03.000Z,255.65348,255.98648,0
1974-08-30T12:06:56.000Z,255.65348,255.98648,0
1974-08-30T13:05:06.000Z,255.62348,255.95648,0
1974-08-30T14:03:00.000Z,255.62398,255.95598,0
1974-08-30T15:41:34.000Z,255.62348,255.95648,0
1974-08-30T16:39:44.000Z,255.69349,256.02649,0
1974-08-30T17:37:37.000Z,255.69349,256.02649,0
1974-08-30T18:35:31.000Z,255.65348,255.98648,0
1974-08-30T19:33:24.000Z,255.62398,255.95598,0
1974-08-30T20:31:34.000Z,255.68348,256.01648,0
1974-08-30T20:46:02.000Z,255.62348,255.95648,0
1974-08-30T21:43:56.000Z,255.66399,255.99599,0
1974-08-30T22:41:49.000Z,255.62348,255.95648,0
1974-08-30T23:39:59.000Z,255.584,255.916,0
1974-08-31T00:01:33.000Z,255.584,255.916,0
1974-08-31T00:59:27.000Z,255.614,255.946,0
1974-08-31T01:57:36.000Z,255.66399,255.99599,0
1974-08-31T02:55:30.000Z,255.584,255.916,0
1974-08-31T03:53:23.000Z,255.614,255.946,0
1974-08-31T04:51:33.000Z,255.62398,255.95598,0
1974-08-31T05:49:26.000Z,255.62398,255.95598,0
1974-08-31T06:47:20.000Z,255.62398,255.95598,0
1974-08-31T07:45:13.000Z,255.62398,255.95598,0
1974-08-31T08:43:23.000Z,255.54399,255.87599,0
1974-08-31T09:41:16.000Z,255.584,255.916,0
1974-08-31T10:39:10.000Z,255.66399,255.99599,0
1974-08-31T11:37:03.000Z,255.62398,255.95598,0
1974-08-31T12:35:13.000Z,255.62398,255.95598,0
1974-08-31T13:33:07.000Z,255.62398,255.95598,0
1974-08-31T14:31:00.000Z,255.584,255.916,0
1974-08-31T15:28:53.000Z,255.69399,256.02599,0
1974-08-31T16:27:03.000Z,255.62398,255.95598,0
1974-08-31T17:24:57.000Z,255.62398,255.95598,0
1974-08-31T18:30:12.000Z,255.62398,255.95598,0
1974-08-31T19:28:06.000Z,255.584,255.916,0
1974-08-31T20:25:59.000Z,255.66399,255.99599,0
1974-08-31T21:24:09.000Z,255.62398,255.95598,0
1974-08-31T22:22:02.000Z,255.62448,255.95548,0
1974-08-31T23:19:56.000Z,255.66399,255.99599,0
1974-09-01T00:17:49.000Z,255.5845,255.9155,0
1974-09-01T01:15:59.000Z,255.584,255.916,0
1974-09-01T02:13:52.000Z,255.62398,255.95598,0
1974-09-01T02:28:21.000Z,255.62448,255.95548,0
1974-09-01T03:26:14.000Z,255.62448,255.95548,0
1974-09-01T04:24:24.000Z,255.62448,255.95548,0
1974-09-01T05:22:17.000Z,255.65448,255.98548,0
1974-09-01T06:20:11.000Z,255.62448,255.95548,0
1974-09-01T07:18:04.000Z,255.65398,255.98598,0
1974-09-01T08:16:14.000Z,255.62448,255.95548,0
1974-09-01T09:14:07.000Z,255.62448,255.95548,0
1974-09-01T10:12:01.000Z,255.66449,255.99549,0
1974-09-01T11:09:54.000Z,255.62448,255.95548,0
1974-09-01T12:08:04.000Z,255.62448,255.95548,0
1974-09-01T13:05:57.000Z,255.62448,255.95548,0
1974-09-01T14:03:51.000Z,255.65448,255.98548,0
1974-09-01T15:01:44.000Z,255.62398,255.95598,0
1974-09-01T15:59:54.000Z,255.62448,255.95548,0
1974-09-01T16:57:47.000Z,255.62448,255.95548,0
1974-09-01T17:55:41.000Z,255.65448,255.98548,0
1974-09-01T18:53:34.000Z,255.62448,255.95548,0
1974-09-01T19:51:44.000Z,255.62448,255.95548,0
1974-09-01T20:49:37.000Z,255.62448,255.95548,0
1974-09-01T21:47:31.000Z,255.62448,255.95548,0
1974-09-01T22:45:41.000Z,255.62448,255.95548,0
1974-09-01T23:43:34.000Z,255.62448,255.95548,0
1974-09-02T00:41:27.000Z,255.65448,255.98548,0
1974-09-02T01:39:21.000Z,255.62448,255.95548,0
1974-09-02T02:37:31.000Z,255.62448,255.95548,0
1974-09-02T03:35:24.000Z,255.59448,255.92548,0
1974-09-02T04:33:17.000Z,255.62448,255.95548,0
1974-09-02T05:31:11.000Z,255.62448,255.95548,0
1974-09-02T06:29:21.000Z,255.62448,255.95548,0
1974-09-02T07:27:14.000Z,255.65448,255.98548,0
1974-09-02T08:25:07.000Z,255.62448,255.95548,0
1974-09-02T09:23:01.000Z,255.62448,255.95548,0
1974-09-02T10:21:11.000Z,255.62448,255.95548,0
1974-09-02T11:19:04.000Z,255.62448,255.95548,0
1974-09-02T12:16:57.000Z,255.62448,255.95548,0
1974-09-02T13:15:07.000Z,255.62448,255.95548,0
1974-09-02T14:13:01.000Z,255.65448,255.98548,0
1974-09-02T15:10:05.000Z,255.62448,255.95548,0
1974-09-02T16:07:58.000Z,255.62448,255.95548,0
1974-09-02T17:05:52.000Z,255.62448,255.95548,0
1974-09-02T17:20:20.000Z,255.62448,255.95548,0
1974-09-02T18:18:30.000Z,255.62448,255.95548,0
1974-09-02T19:23:29.000Z,255.59448,255.92548,0
1974-09-02T20:21:39.000Z,255.62448,255.95548,0
1974-09-02T21:19:32.000Z,255.62448,255.95548,0
1974-09-02T22:17:26.000Z,255.59448,255.92548,0
1974-09-02T23:15:19.000Z,255.65448,255.98548,0
1974-09-03T00:13:29.000Z,255.59448,255.92548,0
1974-09-03T01:11:22.000Z,255.59448,255.92548,0
1974-09-03T02:09:16.000Z,255.59448,255.92548,0
1974-09-03T03:07:09.000Z,255.66499,255.99499,0
1974-09-03T04:05:19.000Z,255.62448,255.95548,0
1974-09-03T05:03:12.000Z,255.59448,255.92548,0
1974-09-03T06:01:06.000Z,255.63449,255.96549,0
1974-09-03T06:59:16.000Z,255.59448,255.92548,0
1974-09-03T07:57:09.000Z,255.65448,255.98548,0
1974-09-03T08:18:43.000Z,255.59498,255.92498,0
1974-09-03T09:16:53.000Z,255.62498,255.95498,0
1974-09-03T10:14:47.000Z,255.59498,255.92498,0
1974-09-03T11:12:40.000Z,255.63499,255.96499,0
1974-09-03T12:10:33.000Z,255.59498,255.92498,0
1974-09-03T13:08:43.000Z,255.62498,255.95498,0
1974-09-03T14:06:37.000Z,255.66499,255.99499,0
1974-09-03T15:04:30.000Z,255.59498,255.92498,0
1974-09-03T16:02:40.000Z,255.62498,255.95498,0
1974-09-03T17:00:33.000Z,255.62498,255.95498,0
1974-09-03T17:58:27.000Z,255.59498,255.92498,0
1974-09-03T18:56:20.000Z,255.62498,255.95498,0
1974-09-03T19:54:30.000Z,255.66499,255.99499,0
1974-09-03T20:52:23.000Z,255.62498,255.95498,0
1974-09-03T21:50:17.000Z,255.62498,255.95498,0
1974-09-03T22:48:10.000Z,255.59498,255.92498,0
1974-09-03T23:46:20.000Z,255.62498,255.95498,0
1974-09-04T00:00:48.000Z,255.585,255.915,0
1974-09-04T00:58:42.000Z,255.585,255.915,0
1974-09-04T01:56:35.000Z,255.585,255.915,0
1974-09-04T02:54:28.000Z,255.585,255.915,0
1974-09-04T03:52:38.000Z,255.62498,255.95498,0
1974-09-04T04:50:32.000Z,255.66499,255.99499,0
1974-09-04T05:48:25.000Z,255.62498,255.95498,0
1974-09-04T06:46:35.000Z,255.585,255.915,0
1974-09-04T07:44:28.000Z,255.62498,255.95498,0
1974-09-04T07:58:57.000Z,255.585,255.915,0
1974-09-04T08:13:25.000Z,255.585,255.915,0
1974-09-04T09:04:12.000Z,255.585,255.915,0
1974-09-04T10:02:06.000Z,255.62498,255.95498,0
1974-09-04T10:59:59.000Z,255.62498,255.95498,0
1974-09-04T11:57:53.000Z,255.62498,255.95498,0
1974-09-04T12:56:02.000Z,255.585,255.915,0
1974-09-04T13:53:56.000Z,255.5855,255.9145,0
1974-09-04T14:59:12.000Z,255.585,255.915,0
1974-09-04T15:57:05.000Z,255.615,255.945,0
1974-09-04T16:54:58.000Z,255.62548,255.95448,0
1974-09-04T17:53:08.000Z,255.5855,255.9145,0
1974-09-04T18:51:02.000Z,255.615,255.945,0
1974-09-04T19:48:55.000Z,255.5855,255.9145,0
1974-09-04T20:46:48.000Z,255.62548,255.95448,0
1974-09-04T21:44:58.000Z,255.5855,255.9145,0
1974-09-04T22:42:52.000Z,255.5855,255.9145,0
1974-09-04T23:40:45.000Z,255.6155,255.9445,0
1974-09-05T00:38:38.000Z,255.5855,255.9145,0
1974-09-05T01:36:48.000Z,255.5855,255.9145,0
1974-09-05T02:34:42.000Z,255.62548,255.95448,0
1974-09-05T03:32:35.000Z,255.65548,255.98448,0
1974-09-05T04:30:28.000Z,255.65548,255.98448,0
1974-09-05T05:28:38.000Z,255.6155,255.9445,0
1974-09-05T06:26:32.000Z,255.5855,255.9145,0
1974-09-05T07:24:25.000Z,255.5855,255.9145,0
1974-09-05T08:22:35.000Z,255.6455,255.9745,0
1974-09-05T09:20:28.000Z,255.6155,255.9445,0
1974-09-05T10:10:59.000Z,255.6455,255.9745,0
1974-09-05T11:16:15.000Z,255.6455,255.9745,0
1974-09-05T11:52:34.000Z,255.6155,255.9445,0
1974-09-05T12:28:53.000Z,255.6455,255.9745,0
1974-09-05T13:26:47.000Z,255.6455,255.9745,0
1974-09-05T14:24:40.000Z,255.56548,255.89448,0
1974-09-05T15:22:33.000Z,255.59548,255.92448,0
1974-09-05T16:20:43.000Z,255.59548,255.92448,0
1974-09-05T17:18:37.000Z,255.59548,255.92448,0
1974-09-05T18:16:30.000Z,255.59548,255.92448,0
1974-09-05T19:14:23.000Z,255.59548,255.92448,0
1974-09-05T20:12:33.000Z,255.56598,255.89398,0
1974-09-05T21:10:27.000Z,255.59548,255.92448,0
1974-09-05T22:08:20.000Z,255.56548,255.89448,0
1974-09-05T23:06:30.000Z,255.62548,255.95448,0
1974-09-06T00:04:23.000Z,255.6455,255.9745,0
1974-09-06T01:02:17.000Z,255.59548,255.92448,0
1974-09-06T02:00:10.000Z,255.62548,255.95448,0
1974-09-06T02:58:20.000Z,255.62548,255.95448,0
1974-09-06T03:56:13.000Z,255.616,255.944,0
1974-09-06T04:54:07.000Z,255.59598,255.92398,0
1974-09-06T05:52:00.000Z,255.60549,255.93449,0
1974-09-06T06:50:10.000Z,255.57599,255.90399,0
1974-09-06T07:48:03.000Z,255.60599,255.93399,0
1974-09-06T08:45:57.000Z,255.65598,255.98398,0
1974-09-06T09:43:50.000Z,255.60599,255.93399,0
1974-09-06T10:42:00.000Z,255.63599,255.96399,0
1974-09-06T11:39:53.000Z,255.69599,256.02399,0
1974-09-06T12:37:47.000Z,255.616,255.944,0
1974-09-06T13:35:40.000Z,255.586,255.914,0
1974-09-11T00:05:58.000Z,255.65698,255.98298,0
1974-09-11T00:50:29.000Z,255.68698,256.01298,0
1974-09-11T01:48:22.000Z,255.60699,255.93299,0
1974-09-11T02:02:51.000Z,255.6175,255.9425,0
1974-09-11T03:00:44.000Z,255.68698,256.01298,0
1974-09-11T03:58:54.000Z,255.647,255.973,0
1974-09-11T04:56:47.000Z,255.647,255.973,0
1974-09-11T05:54:41.000Z,255.6175,255.9425,0
1974-09-11T06:52:34.000Z,255.60699,255.93299,0
1974-09-11T07:50:44.000Z,255.57749,255.90249,0
1974-09-11T08:48:37.000Z,255.57699,255.90299,0
1974-09-11T09:46:31.000Z,255.647,255.973,0
1974-09-11T10:44:24.000Z,255.60749,255.93249,0
1974-09-11T11:42:34.000Z,255.60749,255.93249,0
1974-09-11T12:40:27.000Z,255.617,255.943,0
1974-09-11T13:38:21.000Z,255.60749,255.93249,0
1974-09-11T14:36:31.000Z,255.6475,255.9725,0
1974-09-11T15:34:24.000Z,255.60749,255.93249,0
1974-09-11T16:32:17.000Z,255.60699,255.93299,0
1974-09-11T17:30:11.000Z,255.57749,255.90249,0
1974-09-11T18:28:21.000Z,255.60749,255.93249,0
1974-09-11T19:26:14.000Z,255.6475,255.9725,0
1974-09-11T20:24:07.000Z,255.60749,255.93249,0
1974-09-11T21:22:01.000Z,255.6475,255.9725,0
1974-09-11T22:20:11.000Z,255.60749,255.93249,0
1974-09-11T23:18:04.000Z,255.6475,255.9725,0
1974-09-12T00:01:29.000Z,255.6475,255.9725,0
1974-09-12T00:59:23.000Z,255.60749,255.93249,0
1974-09-12T01:57:32.000Z,255.60749,255.93249,0
1974-09-12T02:55:26.000Z,255.63749,255.96249,0
1974-09-12T03:53:19.000Z,255.63749,255.96249,0
1974-09-12T04:51:13.000Z,255.60749,255.93249,0
1974-09-12T05:49:22.000Z,255.60749,255.93249,0
1974-09-12T06:47:16.000Z,255.60749,255.93249,0
1974-09-12T07:45:09.000Z,255.63749,255.96249,0
1974-09-12T08:43:03.000Z,255.63749,255.96249,0
1974-09-12T09:41:12.000Z,255.60799,255.93199,0
1974-09-12T10:39:06.000Z,255.63749,255.96249,0
1974-09-12T11:36:59.000Z,255.60749,255.93249,0
1974-09-12T12:34:53.000Z,255.63749,255.96249,0
1974-09-12T13:33:02.000Z,255.60749,255.93249,0
1974-09-12T14:30:56.000Z,255.6475,255.9725,0
1974-09-12T15:28:49.000Z,255.60749,255.93249,0
1974-09-12T16:26:59.000Z,255.63749,255.96249,0
1974-09-12T17:24:52.000Z,255.63799,255.96199,0
1974-09-12T18:22:46.000Z,255.63799,255.96199,0
1974-09-12T19:20:39.000Z,255.63799,255.96199,0
1974-09-12T20:18:49.000Z,255.60799,255.93199,0
1974-09-12T21:16:42.000Z,255.60799,255.93199,0
1974-09-12T22:14:36.000Z,255.63799,255.96199,0
1974-09-12T23:12:29.000Z,255.63799,255.96199,0
1974-09-13T00:10:39.000Z,255.60799,255.93199,0
1974-09-13T01:08:32.000Z,255.63799,255.96199,0
1974-09-13T02:06:26.000Z,255.59798,255.92198,0
1974-09-13T03:04:19.000Z,255.63799,255.96199,0
1974-09-13T04:02:29.000Z,255.63799,255.96199,0
1974-09-13T05:00:22.000Z,255.59798,255.92198,0
1974-09-13T05:58:16.000Z,255.63799,255.96199,0
1974-09-13T06:56:09.000Z,255.59798,255.92198,0
1974-09-13T07:39:51.000Z,255.59798,255.92198,0
1974-09-13T08:37:44.000Z,255.63799,255.96199,0
1974-09-13T09:35:38.000Z,255.63799,255.96199,0
1974-09-13T10:33:31.000Z,255.62798,255.95198,0
1974-09-13T11:31:41.000Z,255.59798,255.92198,0
1974-09-13T12:29:34.000Z,255.66799,255.99199,0
1974-09-13T12:44:03.000Z,255.59798,255.92198,0
1974-09-13T12:58:31.000Z,255.63799,255.96199,0
1974-09-13T13:20:22.000Z,255.63799,255.96199,0
1974-09-13T13:34:50.000Z,255.59798,255.92198,0
1974-09-13T14:32:43.000Z,255.66799,255.99199,0
1974-09-13T15:31:42.000Z,255.59798,255.92198,0
1974-09-13T16:29:36.000Z,255.63799,255.96199,0
1974-09-13T17:27:29.000Z,255.63799,255.96199,0
1974-09-13T18:39:51.000Z,255.66799,255.99199,0
1974-09-13T18:54:36.000Z,255.59798,255.92198,0
1974-09-13T19:23:32.000Z,255.63799,255.96199,0
1974-09-13T19:52:29.000Z,255.66799,255.99199,0
1974-09-13T20:50:22.000Z,255.63799,255.96199,0
1974-09-13T21:48:16.000Z,255.62798,255.95198,0
1974-09-13T22:10:07.000Z,255.59798,255.92198,0
1974-09-13T23:08:00.000Z,255.66799,255.99199,0
1974-09-14T00:05:53.000Z,255.63799,255.96199,0
1974-09-14T01:04:03.000Z,255.63799,255.96199,0
1974-09-14T02:01:57.000Z,255.66799,255.99199,0
1974-09-14T02:59:50.000Z,255.62798,255.95198,0
1974-09-14T03:57:43.000Z,255.62798,255.95198,0
1974-09-14T04:55:53.000Z,255.62798,255.95198,0
1974-09-14T05:53:47.000Z,255.59848,255.92148,0
1974-09-14T06:51:40.000Z,255.66799,255.99199,0
1974-09-14T07:49:33.000Z,255.66799,255.99199,0
1974-09-14T08:47:43.000Z,255.66799,255.99199,0
1974-09-14T09:45:37.000Z,255.59848,255.92148,0
1974-09-14T10:43:30.000Z,255.59848,255.92148,0
1974-09-14T11:41:40.000Z,255.62798,255.95198,0
1974-09-14T12:39:33.000Z,255.62848,255.95148,0
1974-09-14T13:44:49.000Z,255.66799,255.99199,0
1974-09-14T14:20:52.000Z,255.62798,255.95198,0
1974-09-14T14:49:48.000Z,255.56848,255.89148,0
1974-09-14T15:11:39.000Z,255.65848,255.98148,0
1974-09-14T15:55:04.000Z,255.56848,255.89148,0
1974-09-14T16:02:27.000Z,255.66799,255.99199,0
1974-09-14T17:00:20.000Z,255.62798,255.95198,0
1974-09-14T17:58:13.000Z,255.59848,255.92148,0
1974-09-14T18:56:23.000Z,255.62848,255.95148,0
1974-09-14T19:54:17.000Z,255.62848,255.95148,0
1974-09-14T20:52:10.000Z,255.62848,255.95148,0
1974-09-14T21:50:03.000Z,255.62848,255.95148,0
1974-09-14T22:48:13.000Z,255.62848,255.95148,0
1974-09-14T23:46:07.000Z,255.62848,255.95148,0
1974-09-15T00:44:00.000Z,255.59848,255.92148,0
1974-09-15T01:41:53.000Z,255.66849,255.99149,0
1974-09-15T02:40:03.000Z,255.59848,255.92148,0
1974-09-15T03:01:37.000Z,255.65848,255.98148,0
1974-09-15T03:59:31.000Z,255.56848,255.89148,0
1974-09-15T04:57:41.000Z,255.62848,255.95148,0
1974-09-15T05:55:34.000Z,255.66849,255.99149,0
1974-09-15T06:53:27.000Z,255.62848,255.95148,0
1974-09-15T07:51:21.000Z,255.62848,255.95148,0
1974-09-15T08:49:31.000Z,255.62848,255.95148,0
1974-09-15T09:47:24.000Z,255.66849,255.99149,0
1974-09-15T10:45:18.000Z,255.63849,255.96149,0
1974-09-15T11:28:43.000Z,255.66849,255.99149,0
1974-09-15T12:26:52.000Z,255.62848,255.95148,0
1974-09-15T13:24:46.000Z,255.62848,255.95148,0
1974-09-15T14:22:39.000Z,255.62848,255.95148,0
1974-09-15T15:20:49.000Z,255.59848,255.92148,0
1974-09-15T16:18:42.000Z,255.62848,255.95148,0
1974-09-15T17:16:36.000Z,255.62848,255.95148,0
1974-09-15T18:14:29.000Z,255.62848,255.95148,0
1974-09-15T19:12:39.000Z,255.62848,255.95148,0
1974-09-15T20:10:32.000Z,255.62848,255.95148,0
1974-09-15T21:08:26.000Z,255.62848,255.95148,0
1974-09-15T22:06:19.000Z,255.62848,255.95148,0
1974-09-15T23:04:29.000Z,255.65848,255.98148,0
1974-09-16T00:02:22.000Z,255.62848,255.95148,0
1974-09-16T01:00:16.000Z,255.62848,255.95148,0
1974-09-16T01:58:09.000Z,255.59848,255.92148,0
1974-09-16T02:56:19.000Z,255.62848,255.95148,0
1974-09-16T03:54:12.000Z,255.62848,255.95148,0
1974-09-16T04:59:28.000Z,255.59848,255.92148,0
1974-09-16T05:13:57.000Z,255.65848,255.98148,0
1974-09-16T05:21:03.000Z,255.62848,255.95148,0
1974-09-16T06:19:12.000Z,255.59848,255.92148,0
1974-09-16T07:17:06.000Z,255.59848,255.92148,0
1974-09-16T08:14:59.000Z,255.59848,255.92148,0
1974-09-16T09:12:53.000Z,255.62848,255.95148,0
1974-09-16T10:11:02.000Z,255.62848,255.95148,0
1974-09-16T11:08:56.000Z,255.65848,255.98148,0
1974-09-16T12:06:49.000Z,255.62848,255.95148,0
1974-09-16T13:04:43.000Z,255.65848,255.98148,0
1974-09-16T14:02:52.000Z,255.59898,255.92098,0
1974-09-16T15:08:57.000Z,255.62848,255.95148,0
1974-09-16T16:06:51.000Z,255.62848,255.95148,0
1974-09-16T16:21:19.000Z,255.62848,255.95148,0
1974-09-16T17:19:12.000Z,255.59848,255.92148,0
1974-09-16T18:17:22.000Z,255.62848,255.95148,0
1974-09-16T19:15:16.000Z,255.65848,255.98148,0
1974-09-16T20:13:09.000Z,255.59848,255.92148,0
1974-09-16T21:11:02.000Z,255.62848,255.95148,0
1974-09-16T21:25:31.000Z,255.62848,255.95148,0
1974-09-16T22:23:41.000Z,255.65898,255.98098,0
1974-09-16T23:21:34.000Z,255.59848,255.92148,0
1974-09-17T00:19:27.000Z,255.59848,255.92148,0
1974-09-17T01:17:37.000Z,255.62848,255.95148,0
1974-09-17T02:15:31.000Z,255.62848,255.95148,0
1974-09-17T03:13:24.000Z,255.62898,255.95098,0
1974-09-17T04:11:17.000Z,255.59848,255.92148,0
1974-09-17T04:33:08.000Z,255.66849,255.99149,0
1974-09-17T05:31:02.000Z,255.62898,255.95098,0
1974-09-17T06:28:55.000Z,255.59898,255.92098,0
1974-09-17T07:27:05.000Z,255.59898,255.92098,0
1974-09-17T08:24:58.000Z,255.59898,255.92098,0
1974-09-17T09:22:52.000Z,255.59898,255.92098,0
1974-09-17T10:20:45.000Z,255.59898,255.92098,0
1974-09-17T11:18:55.000Z,255.59898,255.92098,0
1974-09-17T12:16:48.000Z,255.59898,255.92098,0
1974-09-17T13:14:42.000Z,255.65898,255.98098,0
1974-09-17T14:12:51.000Z,255.59898,255.92098,0
1974-09-17T15:10:45.000Z,255.62898,255.95098,0
1974-09-17T16:08:38.000Z,255.62898,255.95098,0
1974-09-17T16:44:57.000Z,255.62898,255.95098,0
1974-09-17T16:59:26.000Z,255.65898,255.98098,0
1974-09-17T17:21:00.000Z,255.62898,255.95098,0
1974-09-17T17:42:51.000Z,255.62898,255.95098,0
1974-09-17T18:04:41.000Z,255.589,255.911,0
1974-09-17T18:33:38.000Z,255.62898,255.95098,0
1974-09-17T18:40:44.000Z,255.68898,256.01098,0
1974-09-17T19:02:35.000Z,255.589,255.911,0
1974-09-17T20:00:28.000Z,255.619,255.941,0
1974-09-17T20:58:22.000Z,255.65898,255.98098,0
1974-09-17T21:56:31.000Z,255.62898,255.95098,0
1974-09-17T22:54:25.000Z,255.59898,255.92098,0
1974-09-17T23:52:18.000Z,255.62898,255.95098,0
1974-09-18T00:50:12.000Z,255.62898,255.95098,0
1974-09-18T01:48:21.000Z,255.59898,255.92098,0
1974-09-18T02:46:15.000Z,255.62898,255.95098,0
1974-09-18T03:44:08.000Z,255.65898,255.98098,0
1974-09-18T04:42:02.000Z,255.62898,255.95098,0
1974-09-18T05:40:11.000Z,255.62898,255.95098,0
1974-09-18T06:38:05.000Z,255.65898,255.98098,0
1974-09-18T07:35:58.000Z,255.65948,255.98048,0
1974-09-18T08:33:52.000Z,255.65898,255.98098,0
1974-09-18T09:32:01.000Z,255.65898,255.98098,0
1974-09-18T10:29:55.000Z,255.65898,255.98098,0
1974-09-18T11:27:48.000Z,255.65898,255.98098,0
1974-09-18T12:25:58.000Z,255.65948,255.98048,0
1974-09-18T13:23:51.000Z,255.65898,255.98098,0
1974-09-18T14:21:45.000Z,255.65898,255.98098,0
1974-09-18T15:13:21.000Z,255.65948,255.98048,0
1974-09-18T16:11:15.000Z,255.6195,255.9405,0
1974-09-18T17:09:25.000Z,255.62948,255.95048,0
1974-09-18T18:07:18.000Z,255.65948,255.98048,0
1974-09-18T19:05:11.000Z,255.65898,255.98098,0
1974-09-18T20:03:05.000Z,255.589,255.911,0
1974-09-18T21:01:15.000Z,255.62898,255.95098,0
1974-09-18T21:59:08.000Z,255.65898,255.98098,0
1974-09-18T22:57:02.000Z,255.65948,255.98048,0
1974-09-18T23:54:55.000Z,255.65948,255.98048,0
1974-09-19T00:53:05.000Z,255.65948,255.98048,0
1974-09-19T01:50:58.000Z,255.65948,255.98048,0
1974-09-19T02:48:52.000Z,255.62948,255.95048,0
1974-09-19T03:46:45.000Z,255.65948,255.98048,0
1974-09-19T04:44:55.000Z,255.65948,255.98048,0
1974-09-19T05:42:48.000Z,255.6195,255.9405,0
1974-09-19T06:40:42.000Z,255.65948,255.98048,0
1974-09-19T07:38:51.000Z,255.65948,255.98048,0
1974-09-19T08:36:45.000Z,255.65948,255.98048,0
1974-09-19T09:34:38.000Z,255.62948,255.95048,0
1974-09-19T10:32:32.000Z,255.65948,255.98048,0
1974-09-19T11:30:41.000Z,255.65948,255.98048,0
1974-09-19T12:28:35.000Z,255.65948,255.98048,0
1974-09-19T13:26:28.000Z,255.6195,255.9405,0
1974-09-19T14:24:22.000Z,255.65948,255.98048,0
1974-09-19T15:22:31.000Z,255.62948,255.95048,0
1974-09-19T16:20:25.000Z,255.65948,255.98048,0
1974-09-19T17:18:18.000Z,255.65948,255.98048,0
1974-09-19T18:16:12.000Z,255.6195,255.9405,0
1974-09-19T19:14:21.000Z,255.65948,255.98048,0
1974-09-19T20:12:15.000Z,255.65948,255.98048,0
1974-09-19T21:10:08.000Z,255.6195,255.9405,0
1974-09-19T22:08:02.000Z,255.65948,255.98048,0
1974-09-19T23:06:11.000Z,255.6195,255.9405,0
1974-09-20T00:04:05.000Z,255.6195,255.9405,0
1974-09-20T01:01:58.000Z,255.6495,255.9705,0
1974-09-20T02:00:08.000Z,255.6195,255.9405,0
1974-09-20T02:58:01.000Z,255.6195,255.9405,0
1974-09-20T03:55:55.000Z,255.6495,255.9705,0
1974-09-20T04:53:48.000Z,255.6195,255.9405,0
1974-09-20T05:51:58.000Z,255.6195,255.9405,0
1974-09-20T06:49:51.000Z,255.6195,255.9405,0
1974-09-20T07:47:45.000Z,255.62,255.94,0
1974-09-20T08:45:38.000Z,255.6195,255.9405,0
1974-09-20T09:43:48.000Z,255.62,255.94,0
1974-09-20T10:41:41.000Z,255.6195,255.9405,0
1974-09-20T11:39:35.000Z,255.6195,255.9405,0
1974-09-20T12:37:28.000Z,255.65,255.97,0
1974-09-20T13:35:38.000Z,255.65998,255.97998,0
1974-09-20T15:43:09.000Z,255.68998,256.00998,0
1974-09-20T16:17:34.000Z,255.6195,255.9405,0
1974-09-20T16:39:24.000Z,255.62,255.94,0
1974-09-20T17:01:15.000Z,255.6195,255.9405,0
1974-09-20T17:37:18.000Z,255.62948,255.95048,0
1974-09-20T18:28:05.000Z,255.6195,255.9405,0
1974-09-20T19:25:59.000Z,255.65,255.97,0
1974-09-20T19:54:55.000Z,255.65998,255.97998,0
1974-09-20T20:02:18.000Z,255.59,255.91,0
1974-09-20T20:53:05.000Z,255.65998,255.97998,0
1974-09-20T21:29:08.000Z,255.65998,255.97998,0
1974-09-20T22:27:01.000Z,255.65998,255.97998,0
1974-09-20T23:25:11.000Z,255.59,255.91,0
1974-09-21T00:23:05.000Z,255.65998,255.97998,0
1974-09-21T01:20:58.000Z,255.62,255.94,0
1974-09-21T02:19:08.000Z,255.65998,255.97998,0
1974-09-21T03:17:01.000Z,255.62,255.94,0
1974-09-21T04:14:55.000Z,255.65998,255.97998,0
1974-09-21T05:12:48.000Z,255.62998,255.94998,0
1974-09-21T06:10:58.000Z,255.62,255.94,0
1974-09-21T07:08:51.000Z,255.66999,255.98999,0
1974-09-21T08:06:45.000Z,255.65,255.97,0
1974-09-21T09:04:38.000Z,255.68,256.0,0
1974-09-21T10:02:48.000Z,255.65,255.97,0
1974-09-21T11:00:41.000Z,255.65,255.97,0
1974-09-21T11:58:35.000Z,255.62998,255.94998,0
1974-09-21T12:56:28.000Z,255.60999,255.92999,0
1974-09-21T13:54:38.000Z,255.64049,255.95949,0
1974-09-21T14:52:31.000Z,255.6505,255.9695,0
1974-09-21T15:50:25.000Z,255.60048,255.91948,0
1974-09-21T16:48:18.000Z,255.60999,255.92999,0
1974-09-21T17:46:28.000Z,255.63999,255.95999,0
1974-09-21T18:44:21.000Z,255.65,255.97,0
1974-09-21T19:49:37.000Z,255.65,255.97,0
1974-09-21T20:47:30.000Z,255.65,255.97,0
1974-09-21T21:45:24.000Z,255.6205,255.9395,0
1974-09-21T22:43:34.000Z,255.65,255.97,0
1974-09-21T23:41:27.000Z,255.62,255.94,0
1974-09-22T00:39:20.000Z,255.65998,255.97998,0
1974-09-22T01:37:14.000Z,255.65,255.97,0
1974-09-22T02:35:24.000Z,255.5905,255.9095,0
1974-09-22T03:33:17.000Z,255.62,255.94,0
1974-09-22T04:31:10.000Z,255.68998,256.00998,0
1974-09-22T05:29:04.000Z,255.62,255.94,0
1974-09-22T06:27:14.000Z,255.62998,255.94998,0
1974-09-22T07:10:39.000Z,255.62,255.94,0
1974-09-22T08:08:32.000Z,255.6205,255.9395,0
1974-09-22T09:06:25.000Z,255.62,255.94,0
1974-09-22T10:04:35.000Z,255.5905,255.9095,0
1974-09-22T11:02:29.000Z,255.5905,255.9095,0
1974-09-22T12:00:22.000Z,255.5905,255.9095,0
1974-09-22T12:58:15.000Z,255.62998,255.94998,0
1974-09-22T13:56:25.000Z,255.62998,255.94998,0
1974-09-22T14:54:19.000Z,255.66999,255.98999,0
1974-09-22T15:52:12.000Z,255.63048,255.94948,0
1974-09-22T16:50:06.000Z,255.67049,255.98949,0
1974-09-22T17:48:15.000Z,255.5905,255.9095,0
1974-09-22T18:46:09.000Z,255.63048,255.94948,0
1974-09-22T19:44:02.000Z,255.63048,255.94948,0
1974-09-22T20:42:12.000Z,255.63048,255.94948,0
1974-09-22T21:40:05.000Z,255.63048,255.94948,0
1974-09-22T22:37:59.000Z,255.63048,255.94948,0
1974-09-22T23:35:52.000Z,255.60048,255.91948,0
1974-09-23T00:34:02.000Z,255.60048,255.91948,0
1974-09-23T01:31:55.000Z,255.60048,255.91948,0
1974-09-23T02:29:49.000Z,255.63048,255.94948,0
1974-09-23T03:27:42.000Z,255.60048,255.91948,0
1974-09-23T04:25:52.000Z,255.63048,255.94948,0
1974-09-23T05:23:45.000Z,255.66048,255.97948,0
1974-09-23T06:21:39.000Z,255.64049,255.95949,0
1974-09-23T07:19:32.000Z,255.63098,255.94898,0
1974-09-23T08:17:42.000Z,255.63048,255.94948,0
1974-09-23T08:46:39.000Z,255.60048,255.91948,0
1974-09-23T09:01:07.000Z,255.67049,255.98949,0
1974-09-23T09:59:00.000Z,255.66048,255.97948,0
1974-09-23T10:56:54.000Z,255.66098,255.97898,0
1974-09-23T11:55:04.000Z,255.63098,255.94898,0
1974-09-23T12:52:57.000Z,255.63098,255.94898,0
1974-09-23T14:12:41.000Z,255.64049,255.95949,0
1974-09-23T15:10:35.000Z,255.63098,255.94898,0
1974-09-23T16:08:28.000Z,255.63098,255.94898,0
1974-09-23T17:06:38.000Z,255.66098,255.97898,0
1974-09-23T18:04:31.000Z,255.63098,255.94898,0
1974-09-23T19:02:25.000Z,255.66098,255.97898,0
1974-09-23T20:00:18.000Z,255.63098,255.94898,0
1974-09-23T20:58:28.000Z,255.67099,255.98899,0
1974-09-23T21:27:24.000Z,255.63098,255.94898,0
1974-09-23T22:03:27.000Z,255.63098,255.94898,0
1974-09-23T22:32:40.000Z,255.63098,255.94898,0
1974-09-23T22:39:46.000Z,255.63098,255.94898,0
1974-09-23T23:08:43.000Z,255.63098,255.94898,0
1974-09-23T23:16:05.000Z,255.63098,255.94898,0
1974-09-23T23:37:40.000Z,255.63098,255.94898,0
1974-09-24T00:13:59.000Z,255.63098,255.94898,0
1974-09-24T00:35:49.000Z,255.63098,255.94898,0
1974-09-24T00:57:24.000Z,255.63098,255.94898,0
1974-09-24T01:11:52.000Z,255.63098,255.94898,0
1974-09-24T02:10:02.000Z,255.591,255.909,0
1974-09-24T03:07:55.000Z,255.63098,255.94898,0
1974-09-24T04:05:49.000Z,255.63098,255.94898,0
1974-09-24T05:03:42.000Z,255.63098,255.94898,0
1974-09-24T06:01:52.000Z,255.63098,255.94898,0
1974-09-24T06:59:45.000Z,255.66098,255.97898,0
1974-09-24T07:57:39.000Z,255.63048,255.94948,0
1974-09-24T08:55:32.000Z,255.63098,255.94898,0
1974-09-24T09:53:42.000Z,255.63098,255.94898,0
1974-09-24T10:58:41.000Z,255.63098,255.94898,0
1974-09-24T11:56:51.000Z,255.63148,255.94848,0
1974-09-24T12:11:19.000Z,255.63148,255.94848,0
1974-09-24T13:09:13.000Z,255.63098,255.94898,0
1974-09-24T14:07:06.000Z,255.63098,255.94898,0
1974-09-24T15:05:16.000Z,255.63098,255.94898,0
1974-09-24T16:03:10.000Z,255.63098,255.94898,0
1974-09-24T17:01:03.000Z,255.63148,255.94848,0
1974-09-24T17:58:56.000Z,255.63098,255.94898,0
1974-09-24T18:57:06.000Z,255.63098,255.94898,0
1974-09-24T19:55:00.000Z,255.63098,255.94898,0
1974-09-24T20:52:53.000Z,255.63098,255.94898,0
1974-09-24T21:50:46.000Z,255.63148,255.94848,0
1974-09-24T22:48:56.000Z,255.63148,255.94848,0
1974-09-24T23:46:50.000Z,255.5915,255.9085,0
1974-09-25T00:44:43.000Z,255.63098,255.94898,0
1974-09-25T01:42:36.000Z,255.67099,255.98899,0
1974-09-25T02:40:46.000Z,255.63148,255.94848,0
1974-09-25T03:38:40.000Z,255.63098,255.94898,0
1974-09-25T04:36:33.000Z,255.67149,255.98849,0
1974-09-25T05:34:43.000Z,255.63148,255.94848,0
1974-09-25T06:32:36.000Z,255.63148,255.94848,0
1974-09-25T07:30:30.000Z,255.67149,255.98849,0
1974-09-25T08:28:23.000Z,255.63148,255.94848,0
1974-09-25T09:26:33.000Z,255.67149,255.98849,0
1974-09-25T10:24:26.000Z,255.66148,255.97848,0
1974-09-25T11:22:20.000Z,255.66148,255.97848,0
1974-09-25T12:20:13.000Z,255.67199,255.98799,0
1974-09-25T13:18:23.000Z,255.6225,255.9375,0
1974-09-25T14:16:16.000Z,255.63198,255.94798,0
1974-09-25T15:14:10.000Z,255.67149,255.98849,0
1974-09-25T16:12:03.000Z,255.63198,255.94798,0
1974-09-25T17:10:13.000Z,255.66148,255.97848,0
1974-09-25T18:08:06.000Z,255.63148,255.94848,0
1974-09-25T19:06:00.000Z,255.70149,256.01849,0
1974-09-25T20:03:53.000Z,255.63148,255.94848,0
1974-09-25T21:02:03.000Z,255.63148,255.94848,0
1974-09-25T21:59:56.000Z,255.67149,255.98849,0
1974-09-25T22:57:50.000Z,255.67149,255.98849,0
1974-09-25T23:55:59.000Z,255.63148,255.94848,0
1974-09-26T00:53:53.000Z,255.67149,255.98849,0
1974-09-26T01:51:46.000Z,255.63148,255.94848,0
1974-09-26T03:11:30.000Z,255.66148,255.97848,0
1974-09-26T04:09:24.000Z,255.63148,255.94848,0
1974-09-26T05:07:17.000Z,255.63148,255.94848,0
1974-09-26T06:05:27.000Z,255.70149,256.01849,0
1974-09-26T07:03:20.000Z,255.70199,256.01799,0
1974-09-26T08:01:14.000Z,255.5915,255.9085,0
1974-09-26T08:59:24.000Z,255.67199,255.98799,0
1974-09-26T09:57:17.000Z,255.63148,255.94848,0
1974-09-26T10:55:10.000Z,255.67149,255.98849,0
1974-09-26T11:53:04.000Z,255.63198,255.94798,0
1974-09-26T12:51:14.000Z,255.67199,255.98799,0
1974-09-26T13:49:07.000Z,255.66148,255.97848,0
1974-09-26T14:47:00.000Z,255.70199,256.01799,0
1974-09-26T15:44:54.000Z,255.70149,256.01849,0
1974-09-26T16:43:04.000Z,255.66198,255.97798,0
1974-09-26T17:40:57.000Z,255.63148,255.94848,0
1974-09-26T18:38:50.000Z,255.63198,255.94798,0
1974-09-26T19:36:44.000Z,255.66198,255.97798,0
1974-09-26T20:34:54.000Z,255.70149,256.01849,0
1974-09-26T21:32:47.000Z,255.63048,255.94948,0
1974-09-26T22:30:40.000Z,255.63248,255.94748,0
1974-09-26T23:28:50.000Z,255.66148,255.97848,0
1974-09-27T00:26:44.000Z,255.66198,255.97798,0
1974-09-27T01:24:37.000Z,255.67199,255.98799,0
1974-09-27T02:22:30.000Z,255.66198,255.97798,0
1974-09-27T03:20:40.000Z,255.73148,256.04848,0
1974-09-27T04:18:34.000Z,255.63198,255.94798,0
1974-09-27T05:16:27.000Z,255.63198,255.94798,0
1974-09-27T06:14:20.000Z,255.66198,255.97798,0
1974-09-27T06:36:11.000Z,255.66248,255.97748,0
1974-09-27T07:34:05.000Z,255.66198,255.97798,0
1974-09-27T08:31:58.000Z,255.67199,255.98799,0
1974-09-27T09:30:08.000Z,255.73248,256.04748,0
1974-09-27T10:28:01.000Z,255.63248,255.94748,0
1974-09-27T11:25:55.000Z,255.66248,255.97748,0
1974-09-27T12:24:04.000Z,255.63248,255.94748,0
1974-09-27T13:21:58.000Z,255.63198,255.94798,0
1974-09-27T14:19:51.000Z,255.70199,256.01799,0
1974-09-27T15:13:23.000Z,255.63198,255.94798,0
1974-09-27T16:11:16.000Z,255.66248,255.97748,0
1974-09-27T17:09:09.000Z,255.66248,255.97748,0
1974-09-27T18:07:19.000Z,255.70199,256.01799,0
1974-09-27T19:05:13.000Z,255.66248,255.97748,0
1974-09-27T20:03:06.000Z,255.70249,256.01749,0
1974-09-27T21:00:59.000Z,255.70249,256.01749,0
1974-09-27T21:59:09.000Z,255.66198,255.97798,0
1974-09-27T22:57:03.000Z,255.66248,255.97748,0
1974-09-28T00:02:18.000Z,255.70199,256.01799,0
1974-09-28T01:00:12.000Z,255.66248,255.97748,0
1974-09-28T01:58:05.000Z,255.66198,255.97798,0
1974-09-28T02:55:59.000Z,255.66248,255.97748,0
1974-09-28T03:54:08.000Z,255.66248,255.97748,0
1974-09-28T04:52:02.000Z,255.66248,255.97748,0
1974-09-28T05:49:55.000Z,255.67249,255.98749,0
1974-09-28T06:48:05.000Z,255.66198,255.97798,0
1974-09-28T07:45:58.000Z,255.66248,255.97748,0
1974-09-28T08:43:52.000Z,255.70249,256.01749,0
1974-09-28T09:41:45.000Z,255.70249,256.01749,0
1974-09-28T10:03:36.000Z,255.66248,255.97748,0
1974-09-28T11:01:29.000Z,255.66248,255.97748,0
1974-09-28T11:59:23.000Z,255.66248,255.97748,0
1974-09-28T12:57:32.000Z,255.6225,255.9375,0
1974-09-28T13:33:35.000Z,255.69248,256.00748,0
1974-09-28T14:31:45.000Z,255.69248,256.00748,0
1974-09-28T15:29:38.000Z,255.6525,255.9675,0
1974-09-28T16:27:32.000Z,255.69248,256.00748,0
1974-09-28T17:25:25.000Z,255.66248,255.97748,0
1974-09-28T18:23:35.000Z,255.70249,256.01749,0
1974-09-28T19:21:28.000Z,255.67249,255.98749,0
1974-09-28T20:19:22.000Z,255.70249,256.01749,0
1974-09-28T21:17:32.000Z,255.66248,255.97748,0
1974-09-28T22:15:25.000Z,255.70249,256.01749,0
1974-09-28T23:13:18.000Z,255.70249,256.01749,0
1974-09-29T00:11:12.000Z,255.66248,255.97748,0
1974-09-29T01:09:22.000Z,255.66248,255.97748,0
1974-09-29T02:07:15.000Z,255.66248,255.97748,0
1974-09-29T03:05:08.000Z,255.69248,256.00748,0
1974-09-29T04:03:02.000Z,255.73248,256.04748,0
1974-09-29T05:01:12.000Z,255.69248,256.00748,0
1974-09-29T05:59:05.000Z,255.6525,255.9675,0
1974-09-29T06:56:58.000Z,255.69248,256.00748,0
1974-09-29T07:54:52.000Z,255.73248,256.04748,0
1974-09-29T08:53:02.000Z,255.69248,256.00748,0
1974-09-29T09:50:55.000Z,255.66248,255.97748,0
1974-09-29T10:48:48.000Z,255.73248,256.04748,0
1974-09-29T11:46:58.000Z,255.73248,256.04748,0
1974-09-29T12:44:52.000Z,255.73248,256.04748,0
1974-09-29T13:42:45.000Z,255.69248,256.00748,0
1974-09-29T14:40:38.000Z,255.73248,256.04748,0
1974-09-29T15:38:48.000Z,255.73248,256.04748,0
1974-09-29T16:36:42.000Z,255.69248,256.00748,0
1974-09-29T17:34:35.000Z,255.73248,256.04748,0
1974-09-29T18:32:28.000Z,255.66248,255.97748,0
1974-09-29T19:30:38.000Z,255.67249,255.98749,0
1974-09-29T20:28:32.000Z,255.66248,255.97748,0
1974-09-29T21:26:25.000Z,255.69248,256.00748,0
1974-09-29T22:24:19.000Z,255.69248,256.00748,0
1974-09-29T23:22:28.000Z,255.73248,256.04748,0
1974-09-30T00:20:22.000Z,255.69248,256.00748,0
1974-09-30T01:18:15.000Z,255.6225,255.9375,0
1974-09-30T02:16:25.000Z,255.70249,256.01749,0
1974-09-30T03:14:18.000Z,255.73248,256.04748,0
1974-09-30T04:12:12.000Z,255.67299,255.98699,0
1974-09-30T05:10:05.000Z,255.70249,256.01749,0
1974-09-30T06:08:15.000Z,255.70249,256.01749,0
1974-09-30T07:06:08.000Z,255.66248,255.97748,0
1974-09-30T08:04:02.000Z,255.69248,256.00748,0
1974-09-30T09:01:55.000Z,255.66248,255.97748,0
1974-09-30T10:00:05.000Z,255.70249,256.01749,0
1974-09-30T10:57:58.000Z,255.63298,255.94698,0
1974-09-30T11:55:52.000Z,255.66248,255.97748,0
1974-09-30T12:53:45.000Z,255.66298,255.97698,0
1974-09-30T13:51:55.000Z,255.69298,256.00698,0
1974-09-30T15:01:33.000Z,255.69298,256.00698,0
1974-09-30T15:59:26.000Z,255.73298,256.04698,0
1974-09-30T16:57:36.000Z,255.66298,255.97698,0
1974-09-30T17:55:29.000Z,255.66298,255.97698,0
1974-09-30T18:53:23.000Z,255.66298,255.97698,0
1974-09-30T19:51:16.000Z,255.66298,255.97698,0
1974-09-30T20:49:26.000Z,255.66298,255.97698,0
1974-09-30T21:47:19.000Z,255.66298,255.97698,0
1974-09-30T22:45:13.000Z,255.66298,255.97698,0
1974-09-30T23:43:06.000Z,255.66298,255.97698,0
1974-10-01T00:41:16.000Z,255.66298,255.97698,0
1974-10-01T01:39:10.000Z,255.66298,255.97698,0
1974-10-01T01:46:32.000Z,255.66298,255.97698,0
1974-10-01T02:08:06.000Z,255.66298,255.97698,0
1974-10-01T02:51:31.000Z,255.66298,255.97698,0
1974-10-01T03:49:41.000Z,255.70299,256.01699,0
1974-10-01T04:47:34.000Z,255.70299,256.01699,0
1974-10-01T05:45:28.000Z,255.66298,255.97698,0
1974-10-01T06:43:21.000Z,255.66298,255.97698,0
1974-10-01T07:48:37.000Z,255.66298,255.97698,0
1974-10-01T08:46:30.000Z,255.66298,255.97698,0
1974-10-01T09:44:40.000Z,255.66298,255.97698,0
1974-10-01T10:42:34.000Z,255.66298,255.97698,0
1974-10-01T11:40:27.000Z,255.66298,255.97698,0
1974-10-01T12:38:37.000Z,255.70299,256.01699,0
1974-10-01T13:36:30.000Z,255.66298,255.97698,0
1974-10-01T14:34:24.000Z,255.66298,255.97698,0
1974-10-01T15:32:17.000Z,255.66298,255.97698,0
1974-10-01T16:30:27.000Z,255.66298,255.97698,0
1974-10-01T17:28:20.000Z,255.66298,255.97698,0
1974-10-01T18:26:14.000Z,255.66298,255.97698,0
1974-10-01T19:24:07.000Z,255.66298,255.97698,0
1974-10-01T20:22:17.000Z,255.70299,256.01699,0
1974-10-01T21:20:10.000Z,255.70299,256.01699,0
1974-10-01T22:18:04.000Z,255.70299,256.01699,0
1974-10-01T23:15:57.000Z,255.63298,255.94698,0
1974-10-02T00:06:45.000Z,255.66298,255.97698,0
1974-10-02T00:21:13.000Z,255.70299,256.01699,0
1974-10-02T00:50:10.000Z,255.63298,255.94698,0
1974-10-02T01:48:19.000Z,255.66298,255.97698,0
1974-10-02T02:02:48.000Z,255.66298,255.97698,0
1974-10-02T02:53:19.000Z,255.70349,256.01649,0
1974-10-02T03:51:29.000Z,255.66298,255.97698,0
1974-10-02T04:49:22.000Z,255.63348,255.94648,0
1974-10-02T05:47:15.000Z,255.70299,256.01699,0
1974-10-02T06:45:09.000Z,255.70299,256.01699,0
1974-10-02T07:43:19.000Z,255.66348,255.97648,0
1974-10-02T08:41:12.000Z,255.63298,255.94698,0
1974-10-02T09:39:05.000Z,255.67299,255.98699,0
1974-10-02T10:37:15.000Z,255.70349,256.01649,0
1974-10-02T11:35:09.000Z,255.66298,255.97698,0
1974-10-02T12:33:02.000Z,255.70349,256.01649,0
1974-10-02T13:30:55.000Z,255.66348,255.97648,0
1974-10-02T14:32:38.000Z,255.70349,256.01649,0
1974-10-02T15:30:32.000Z,255.67349,255.98649,0
1974-10-02T16:28:25.000Z,255.63348,255.94648,0
1974-10-02T17:26:35.000Z,255.66348,255.97648,0
1974-10-02T18:24:28.000Z,255.70349,256.01649,0
1974-10-02T19:22:22.000Z,255.66348,255.97648,0
1974-10-02T20:20:15.000Z,255.66348,255.97648,0
1974-10-02T21:18:25.000Z,255.70349,256.01649,0
1974-10-02T22:16:18.000Z,255.66348,255.97648,0
1974-10-02T23:14:12.000Z,255.67349,255.98649,0
1974-10-03T00:12:05.000Z,255.63348,255.94648,0
1974-10-03T01:10:15.000Z,255.70349,256.01649,0
1974-10-03T02:08:08.000Z,255.70349,256.01649,0
1974-10-03T03:06:02.000Z,255.6235,255.9365,0
1974-10-03T04:04:11.000Z,255.70349,256.01649,0
1974-10-03T05:02:05.000Z,255.66348,255.97648,0
1974-10-03T05:59:58.000Z,255.63348,255.94648,0
1974-10-03T06:57:52.000Z,255.66348,255.97648,0
1974-10-03T07:56:01.000Z,255.66348,255.97648,0
1974-10-03T08:53:55.000Z,255.70349,256.01649,0
1974-10-03T09:51:48.000Z,255.67349,255.98649,0
1974-10-03T10:49:42.000Z,255.67349,255.98649,0
1974-10-03T11:47:51.000Z,255.63348,255.94648,0
1974-10-03T12:45:45.000Z,255.66348,255.97648,0
1974-10-03T13:43:38.000Z,255.63348,255.94648,0
1974-10-03T14:41:32.000Z,255.63348,255.94648,0
1974-10-03T15:39:42.000Z,255.63348,255.94648,0
1974-10-03T16:37:35.000Z,255.66348,255.97648,0
1974-10-03T17:35:28.000Z,255.70349,256.01649,0
1974-10-03T18:33:22.000Z,255.70349,256.01649,0
1974-10-03T19:31:32.000Z,255.67349,255.98649,0
1974-10-03T20:29:25.000Z,255.5935,255.9065,0
1974-10-03T21:27:18.000Z,255.63348,255.94648,0
1974-10-03T22:25:28.000Z,255.63348,255.94648,0
1974-10-03T23:23:22.000Z,255.67349,255.98649,0
1974-10-04T00:21:15.000Z,255.63398,255.94598,0
1974-10-04T01:19:08.000Z,255.63348,255.94648,0
1974-10-04T02:17:18.000Z,255.63348,255.94648,0
1974-10-04T03:15:12.000Z,255.66348,255.97648,0
1974-10-04T04:13:05.000Z,255.66398,255.97598,0
1974-10-04T05:10:58.000Z,255.66398,255.97598,0
1974-10-04T06:09:08.000Z,255.66348,255.97648,0
1974-10-04T07:07:02.000Z,255.70349,256.01649,0
1974-10-04T08:04:55.000Z,255.63398,255.94598,0
1974-10-04T09:02:48.000Z,255.5935,255.9065,0
1974-10-04T10:00:58.000Z,255.63398,255.94598,0
1974-10-04T10:58:52.000Z,255.66348,255.97648,0
1974-10-04T11:56:45.000Z,255.594,255.906,0
1974-10-04T12:54:38.000Z,255.624,255.936,0
1974-10-04T13:52:48.000Z,255.67399,255.98599,0
1974-10-04T15:05:59.000Z,255.624,255.936,0
1974-10-04T16:04:09.000Z,255.70349,256.01649,0
1974-10-04T17:02:02.000Z,255.594,255.906,0
1974-10-04T17:59:56.000Z,255.66398,255.97598,0
1974-10-04T18:57:49.000Z,255.654,255.966,0
1974-10-04T19:55:59.000Z,255.6535,255.9665,0
1974-10-04T20:53:52.000Z,255.624,255.936,0
1974-10-04T21:51:46.000Z,255.624,255.936,0
1974-10-04T22:49:39.000Z,255.654,255.966,0
1974-10-04T23:47:49.000Z,255.654,255.966,0
1974-10-05T00:45:42.000Z,255.654,255.966,0
1974-10-05T01:43:36.000Z,255.624,255.936,0
1974-10-05T02:41:46.000Z,255.654,255.966,0
1974-10-05T03:39:39.000Z,255.684,255.996,0
1974-10-05T04:37:32.000Z,255.64399,255.95599,0
1974-10-05T06:11:45.000Z,255.64399,255.95599,0
1974-10-05T07:09:38.000Z,255.64399,255.95599,0
1974-10-05T08:07:48.000Z,255.64399,255.95599,0
1974-10-05T09:05:41.000Z,255.66398,255.97598,0
1974-10-05T10:03:35.000Z,255.63398,255.94598,0
1974-10-05T11:01:28.000Z,255.63398,255.94598,0
1974-10-05T11:59:38.000Z,255.63398,255.94598,0
1974-10-05T12:57:31.000Z,255.63398,255.94598,0
1974-10-05T13:55:25.000Z,255.624,255.936,0
1974-10-05T14:53:18.000Z,255.654,255.966,0
1974-10-05T15:51:28.000Z,255.63398,255.94598,0
1974-10-05T16:49:21.000Z,255.624,255.936,0
1974-10-05T17:47:15.000Z,255.66398,255.97598,0
1974-10-05T18:45:08.000Z,255.63398,255.94598,0
1974-10-05T19:43:18.000Z,255.64399,255.95599,0
1974-10-05T20:41:11.000Z,255.63398,255.94598,0
1974-10-05T21:39:05.000Z,255.58399,255.89599,0
1974-10-05T22:36:58.000Z,255.64399,255.95599,0
1974-10-05T23:35:08.000Z,255.67399,255.98599,0
1974-10-06T00:04:05.000Z,255.66398,255.97598,0
1974-10-06T01:01:58.000Z,255.69398,256.00598,0
1974-10-06T01:59:52.000Z,255.624,255.936,0
1974-10-06T02:58:01.000Z,255.654,255.966,0
1974-10-06T03:55:55.000Z,255.654,255.966,0
1974-10-06T04:53:48.000Z,255.654,255.966,0
1974-10-06T05:51:42.000Z,255.684,255.996,0
1974-10-06T06:49:51.000Z,255.654,255.966,0
1974-10-06T07:47:45.000Z,255.684,255.996,0
1974-10-06T08:45:38.000Z,255.654,255.966,0
1974-10-06T09:43:32.000Z,255.64399,255.95599,0
1974-10-06T10:41:41.000Z,255.64399,255.95599,0
1974-10-06T11:39:35.000Z,255.684,255.996,0
1974-10-06T12:37:28.000Z,255.64399,255.95599,0
1974-10-06T13:35:38.000Z,255.67399,255.98599,0
1974-10-06T14:33:31.000Z,255.63398,255.94598,0
1974-10-06T15:31:25.000Z,255.63398,255.94598,0
1974-10-06T16:29:18.000Z,255.67399,255.98599,0
1974-10-06T17:41:56.000Z,255.67399,255.98599,0
1974-10-06T18:39:50.000Z,255.66398,255.97598,0
1974-10-06T19:37:43.000Z,255.63398,255.94598,0
1974-10-06T20:35:37.000Z,255.624,255.936,0
1974-10-06T21:33:46.000Z,255.69398,256.00598,0
1974-10-06T22:31:40.000Z,255.624,255.936,0
1974-10-06T23:29:33.000Z,255.654,255.966,0
1974-10-07T00:27:27.000Z,255.624,255.936,0
1974-10-07T01:25:36.000Z,255.66398,255.97598,0
1974-10-07T02:23:30.000Z,255.654,255.966,0
1974-10-07T03:21:23.000Z,255.624,255.936,0
1974-10-07T04:26:39.000Z,255.654,255.966,0
1974-10-07T05:24:32.000Z,255.69398,256.00598,0
1974-10-07T06:22:42.000Z,255.654,255.966,0
1974-10-07T07:20:36.000Z,255.654,255.966,0
1974-10-07T08:18:29.000Z,255.61399,255.92599,0
1974-10-07T09:16:22.000Z,255.654,255.966,0
1974-10-07T10:14:32.000Z,255.61399,255.92599,0
1974-10-07T11:12:26.000Z,255.654,255.966,0
1974-10-07T12:10:19.000Z,255.61399,255.92599,0
1974-10-07T13:08:12.000Z,255.654,255.966,0
1974-10-07T14:06:22.000Z,255.61399,255.92599,0
1974-10-07T15:16:00.000Z,255.61449,255.92549,0
1974-10-07T16:13:54.000Z,255.6845,255.9955,0
1974-10-07T17:12:03.000Z,255.654,255.966,0
1974-10-07T18:09:57.000Z,255.61399,255.92599,0
1974-10-07T19:07:50.000Z,255.654,255.966,0
1974-10-07T20:05:44.000Z,255.67449,255.98549,0
1974-10-07T21:03:53.000Z,255.6845,255.9955,0
1974-10-07T22:01:47.000Z,255.6845,255.9955,0
1974-10-07T22:59:40.000Z,255.684,255.996,0
1974-10-07T23:57:34.000Z,255.6845,255.9955,0
1974-10-08T00:55:43.000Z,255.67399,255.98599,0
1974-10-08T01:17:18.000Z,255.64399,255.95599,0
1974-10-08T02:15:28.000Z,255.67399,255.98599,0
1974-10-08T03:13:21.000Z,255.67399,255.98599,0
1974-10-08T04:11:14.000Z,255.67449,255.98549,0
1974-10-08T05:09:08.000Z,255.67399,255.98599,0
1974-10-08T06:07:18.000Z,255.67399,255.98599,0
1974-10-08T07:05:11.000Z,255.67449,255.98549,0
1974-10-08T08:03:04.000Z,255.67399,255.98599,0
1974-10-08T08:46:29.000Z,255.67399,255.98599,0
1974-10-08T09:44:39.000Z,255.64449,255.95549,0
1974-10-08T10:42:33.000Z,255.67399,255.98599,0
1974-10-08T11:40:26.000Z,255.67399,255.98599,0
1974-10-08T12:38:19.000Z,255.60448,255.91548,0
1974-10-08T13:36:29.000Z,255.67449,255.98549,0
1974-10-08T14:12:32.000Z,255.64449,255.95549,0
1974-10-08T15:10:42.000Z,255.67449,255.98549,0
1974-10-08T16:08:35.000Z,255.67449,255.98549,0
1974-10-08T17:06:29.000Z,255.67449,255.98549,0
1974-10-08T18:04:22.000Z,255.67449,255.98549,0
1974-10-08T18:48:03.000Z,255.64449,255.95549,0
1974-10-08T19:45:57.000Z,255.67449,255.98549,0
1974-10-08T20:43:50.000Z,255.67449,255.98549,0
1974-10-08T21:41:44.000Z,255.67449,255.98549,0
1974-10-08T22:39:53.000Z,255.67449,255.98549,0
1974-10-08T23:37:47.000Z,255.67449,255.98549,0
1974-10-09T00:13:50.000Z,255.64449,255.95549,0
1974-10-09T01:11:59.000Z,255.66448,255.97548,0
1974-10-09T02:09:53.000Z,255.63448,255.94548,0
1974-10-09T03:07:46.000Z,255.63448,255.94548,0
1974-10-09T04:05:56.000Z,255.63448,255.94548,0
1974-10-09T05:03:49.000Z,255.70449,256.01549,0
1974-10-09T06:01:43.000Z,255.67449,255.98549,0
1974-10-09T06:59:36.000Z,255.67449,255.98549,0
1974-10-09T07:57:46.000Z,255.66498,255.97498,0
1974-10-09T08:55:39.000Z,255.63448,255.94548,0
1974-10-09T09:53:33.000Z,255.70449,256.01549,0
1974-10-09T10:51:26.000Z,255.66498,255.97498,0
1974-10-09T11:49:36.000Z,255.63498,255.94498,0
1974-10-09T12:47:29.000Z,255.66498,255.97498,0
1974-10-09T13:45:23.000Z,255.66498,255.97498,0
1974-10-09T15:18:46.000Z,255.66448,255.97548,0
1974-10-09T16:16:39.000Z,255.70499,256.01499,0
1974-10-09T17:14:33.000Z,255.66448,255.97548,0
1974-10-09T18:12:43.000Z,255.70449,256.01549,0
1974-10-09T19:10:36.000Z,255.63448,255.94548,0
1974-10-09T20:08:30.000Z,255.66448,255.97548,0
1974-10-10T00:00:20.000Z,255.66498,255.97498,0
1974-10-10T00:58:13.000Z,255.625,255.935,0
1974-10-10T01:56:23.000Z,255.625,255.935,0
1974-10-10T02:46:54.000Z,255.69448,256.00548,0
1974-10-10T07:51:22.000Z,255.69498,256.00498,0
1974-10-10T08:49:15.000Z,255.69448,256.00548,0
1974-10-10T09:47:09.000Z,255.69448,256.00548,0
1974-10-10T10:45:02.000Z,255.69498,256.00498,0
1974-10-10T11:43:12.000Z,255.69498,256.00498,0
1974-10-10T12:41:05.000Z,255.69498,256.00498,0
1974-10-10T13:38:59.000Z,255.69448,256.00548,0
1974-10-10T14:37:09.000Z,255.69498,256.00498,0
1974-10-10T15:35:02.000Z,255.69448,256.00548,0
1974-10-10T16:32:55.000Z,255.69498,256.00498,0
1974-10-10T17:30:49.000Z,255.655,255.965,0
1974-10-10T18:28:59.000Z,255.69498,256.00498,0
1974-10-10T18:43:27.000Z,255.655,255.965,0
1974-10-10T19:41:20.000Z,255.69498,256.00498,0
1974-10-10T20:39:14.000Z,255.69498,256.00498,0
1974-10-10T22:13:26.000Z,255.69498,256.00498,0
1974-10-10T23:18:42.000Z,255.655,255.965,0
1974-10-11T00:16:35.000Z,255.655,255.965,0
1974-10-11T03:46:51.000Z,255.69498,256.00498,0
1974-10-11T04:44:44.000Z,255.64499,255.95499,0
1974-10-11T05:42:38.000Z,255.61499,255.92499,0
1974-10-11T06:40:31.000Z,255.69498,256.00498,0
1974-10-11T07:38:41.000Z,255.655,255.965,0
1974-10-11T08:36:35.000Z,255.69498,256.00498,0
1974-10-11T09:34:28.000Z,255.6555,255.9645,0
1974-10-11T10:32:21.000Z,255.61549,255.92449,0
1974-10-11T11:30:31.000Z,255.6555,255.9645,0
1974-10-11T12:28:25.000Z,255.61549,255.92449,0
1974-10-11T13:26:18.000Z,255.64499,255.95499,0
1974-10-11T14:49:35.000Z,255.69548,256.00448,0
1974-10-11T15:47:45.000Z,255.69498,256.00498,0
1974-10-11T16:45:38.000Z,255.61549,255.92449,0
1974-10-11T17:43:32.000Z,255.6855,255.9945,0
1974-10-11T18:41:25.000Z,255.655,255.965,0
1974-10-11T19:39:35.000Z,255.64549,255.95449,0
1974-10-11T20:37:28.000Z,255.61549,255.92449,0
1974-10-11T21:35:22.000Z,255.6555,255.9645,0
1974-10-11T22:33:15.000Z,255.72497,256.03497,0
1974-10-11T23:31:25.000Z,255.64549,255.95449,0
1974-10-12T00:29:18.000Z,255.61549,255.92449,0
1974-10-12T01:27:12.000Z,255.61549,255.92449,0
1974-10-12T02:25:05.000Z,255.6855,255.9945,0
1974-10-12T03:23:15.000Z,255.6855,255.9945,0
1974-10-12T04:21:08.000Z,255.64549,255.95449,0
1974-10-12T05:19:02.000Z,255.6855,255.9945,0
1974-10-12T06:17:11.000Z,255.64549,255.95449,0
1974-10-12T07:15:05.000Z,255.64549,255.95449,0
1974-10-12T08:12:58.000Z,255.64549,255.95449,0
1974-10-12T09:10:52.000Z,255.64549,255.95449,0
1974-10-12T10:09:02.000Z,255.64549,255.95449,0
1974-10-12T11:06:55.000Z,255.6855,255.9945,0
1974-10-12T12:04:48.000Z,255.67549,255.98449,0
1974-10-12T13:02:42.000Z,255.6855,255.9945,0
1974-10-12T14:00:52.000Z,255.64549,255.95449,0
1974-10-12T14:58:45.000Z,255.715,256.025,0
1974-10-12T15:56:38.000Z,255.6855,255.9945,0
1974-10-12T16:54:32.000Z,255.64549,255.95449,0
1974-10-12T17:52:42.000Z,255.64549,255.95449,0
1974-10-12T18:50:35.000Z,255.64549,255.95449,0
1974-10-12T19:48:28.000Z,255.6855,255.9945,0
1974-10-12T20:46:22.000Z,255.67549,255.98449,0
1974-10-12T21:44:32.000Z,255.64549,255.95449,0
1974-10-12T22:42:25.000Z,255.64549,255.95449,0
1974-10-12T23:40:18.000Z,255.64549,255.95449,0
1974-10-13T00:38:12.000Z,255.67549,255.98449,0
1974-10-13T01:36:22.000Z,255.64549,255.95449,0
1974-10-13T02:34:15.000Z,255.67549,255.98449,0
1974-10-13T03:32:08.000Z,255.715,256.025,0
1974-10-13T04:30:18.000Z,255.67549,255.98449,0
1974-10-13T05:28:12.000Z,255.67549,255.98449,0
1974-10-13T06:26:05.000Z,255.67549,255.98449,0
1974-10-13T06:55:02.000Z,255.67549,255.98449,0
1974-10-13T07:52:55.000Z,255.64549,255.95449,0
1974-10-13T08:58:11.000Z,255.7155,256.0245,0
1974-10-13T09:34:30.000Z,255.67549,255.98449,0
1974-10-13T10:39:46.000Z,255.67549,255.98449,0
1974-10-13T11:37:39.000Z,255.67549,255.98449,0
1974-10-13T12:35:33.000Z,255.70549,256.01449,0
1974-10-13T13:33:26.000Z,255.67549,255.98449,0
1974-10-13T14:31:36.000Z,255.67549,255.98449,0
1974-10-13T15:29:29.000Z,255.63548,255.94448,0
1974-10-13T16:27:23.000Z,255.70549,256.01449,0
1974-10-13T17:25:32.000Z,255.67549,255.98449,0
1974-10-13T18:23:26.000Z,255.63548,255.94448,0
1974-10-13T19:21:19.000Z,255.67549,255.98449,0
1974-10-13T20:19:13.000Z,255.67549,255.98449,0
1974-10-13T21:17:22.000Z,255.67549,255.98449,0
1974-10-13T22:15:16.000Z,255.67549,255.98449,0
1974-10-13T23:13:09.000Z,255.7155,256.0245,0
1974-10-14T00:03:57.000Z,255.67549,255.98449,0
1974-10-14T01:01:50.000Z,255.67549,255.98449,0
1974-10-14T01:59:43.000Z,255.67549,255.98449,0
1974-10-14T02:57:53.000Z,255.67549,255.98449,0
1974-10-14T03:55:47.000Z,255.67549,255.98449,0
1974-10-14T04:53:40.000Z,255.67549,255.98449,0
1974-10-14T05:51:33.000Z,255.67549,255.98449,0
1974-10-14T06:49:43.000Z,255.67549,255.98449,0
1974-10-14T07:47:37.000Z,255.67549,255.98449,0
1974-10-14T08:45:30.000Z,255.67549,255.98449,0
1974-10-14T09:43:23.000Z,255.67549,255.98449,0
1974-10-14T10:41:33.000Z,255.67549,255.98449,0
1974-10-14T11:39:27.000Z,255.67549,255.98449,0
1974-10-14T12:37:20.000Z,255.63548,255.94448,0
1974-10-14T13:35:13.000Z,255.67549,255.98449,0
1974-10-14T14:26:01.000Z,255.70549,256.01449,0
1974-10-14T15:23:54.000Z,255.70549,256.01449,0
1974-10-14T16:22:04.000Z,255.70549,256.01449,0
1974-10-14T17:19:58.000Z,255.66548,255.97448,0
1974-10-14T18:17:51.000Z,255.67549,255.98449,0
1974-10-14T19:16:01.000Z,255.70599,256.01399,0
1974-10-14T20:13:54.000Z,255.63548,255.94448,0
1974-10-14T21:11:48.000Z,255.67549,255.98449,0
1974-10-14T22:09:41.000Z,255.67549,255.98449,0
1974-10-14T23:07:51.000Z,255.67599,255.98399,0
1974-10-15T00:05:44.000Z,255.63598,255.94398,0
1974-10-15T01:03:38.000Z,255.67549,255.98449,0
1974-10-15T02:01:31.000Z,255.67599,255.98399,0
1974-10-15T02:59:41.000Z,255.67549,255.98449,0
1974-10-15T03:57:34.000Z,255.66598,255.97398,0
1974-10-15T04:55:28.000Z,255.69548,256.00448,0
1974-10-15T05:53:21.000Z,255.67599,255.98399,0
1974-10-15T06:51:31.000Z,255.63598,255.94398,0
1974-10-15T07:49:24.000Z,255.67599,255.98399,0
1974-10-15T08:47:18.000Z,255.73548,256.04448,0
1974-10-15T09:45:11.000Z,255.67599,255.98399,0
1974-10-15T10:43:21.000Z,255.66598,255.97398,0
1974-10-15T11:41:14.000Z,255.66598,255.97398,0
1974-10-15T12:39:08.000Z,255.73548,256.04448,0
1974-10-15T13:37:01.000Z,255.67599,255.98399,0
1974-10-15T14:35:11.000Z,255.67599,255.98399,0
1974-10-15T15:33:04.000Z,255.67599,255.98399,0
1974-10-15T16:30:58.000Z,255.67599,255.98399,0
1974-10-15T17:29:07.000Z,255.63598,255.94398,0
1974-10-15T18:27:01.000Z,255.63598,255.94398,0
1974-10-15T19:24:54.000Z,255.66598,255.97398,0
1974-10-15T20:22:48.000Z,255.70549,256.01449,0
1974-10-15T21:20:57.000Z,255.70549,256.01449,0
1974-10-15T22:18:51.000Z,255.66598,255.97398,0
1974-10-15T23:16:44.000Z,255.67599,255.98399,0
1974-10-16T00:14:38.000Z,255.70599,256.01399,0
1974-10-16T01:12:47.000Z,255.63598,255.94398,0
1974-10-16T02:10:41.000Z,255.66598,255.97398,0
1974-10-16T03:08:34.000Z,255.69548,256.00448,0
1974-10-16T03:37:31.000Z,255.63598,255.94398,0
1974-10-16T04:35:41.000Z,255.67599,255.98399,0
1974-10-16T05:33:34.000Z,255.63598,255.94398,0
1974-10-16T06:31:28.000Z,255.69598,256.00398,0
1974-10-16T07:29:21.000Z,255.66598,255.97398,0
1974-10-16T08:27:31.000Z,255.66598,255.97398,0
1974-10-16T09:25:24.000Z,255.70599,256.01399,0
1974-10-16T10:23:18.000Z,255.66598,255.97398,0
1974-10-16T11:21:11.000Z,255.63598,255.94398,0
1974-10-16T12:19:21.000Z,255.66598,255.97398,0
1974-10-16T13:17:14.000Z,255.69598,256.00398,0
1974-10-16T13:46:11.000Z,255.70599,256.01399,0
1974-10-16T15:04:00.000Z,255.69598,256.00398,0
1974-10-16T16:01:54.000Z,255.69598,256.00398,0
1974-10-16T17:00:04.000Z,255.66598,255.97398,0
1974-10-16T17:57:57.000Z,255.63598,255.94398,0
1974-10-16T18:55:50.000Z,255.66598,255.97398,0
1974-10-16T19:54:00.000Z,255.73598,256.04398,0
1974-10-16T20:51:54.000Z,255.66598,255.97398,0
1974-10-16T21:49:47.000Z,255.63598,255.94398,0
1974-10-16T22:47:40.000Z,255.66598,255.97398,0
1974-10-16T23:45:50.000Z,255.66598,255.97398,0
1974-10-17T00:43:44.000Z,255.63598,255.94398,0
1974-10-17T01:41:37.000Z,255.66598,255.97398,0
1974-10-17T02:39:30.000Z,255.69598,256.00398,0
1974-10-17T03:37:40.000Z,255.66598,255.97398,0
1974-10-17T04:35:34.000Z,255.66598,255.97398,0
1974-10-17T05:33:27.000Z,255.69598,256.00398,0
1974-10-17T06:31:20.000Z,255.69598,256.00398,0
1974-10-17T07:29:30.000Z,255.69598,256.00398,0
1974-10-17T08:34:30.000Z,255.69598,256.00398,0
1974-10-17T09:32:39.000Z,255.63598,255.94398,0
1974-10-17T10:30:33.000Z,255.69598,256.00398,0
1974-10-17T11:28:26.000Z,255.66598,255.97398,0
1974-10-17T12:26:36.000Z,255.63598,255.94398,0
1974-10-17T13:24:29.000Z,255.72597,256.03397,0
1974-10-17T14:22:23.000Z,255.70649,256.01349,0
1974-10-17T15:05:48.000Z,255.66598,255.97398,0
1974-10-17T15:34:45.000Z,255.69598,256.00398,0
1974-10-17T15:49:13.000Z,255.66598,255.97398,0
1974-10-17T15:56:35.000Z,255.66598,255.97398,0
1974-10-17T16:25:32.000Z,255.66598,255.97398,0
1974-10-17T16:47:23.000Z,255.66598,255.97398,0
1974-10-17T17:45:16.000Z,255.66598,255.97398,0
1974-10-17T18:43:10.000Z,255.69648,256.00348,0
1974-10-17T19:12:06.000Z,255.66598,255.97398,0
1974-10-17T19:41:03.000Z,255.66598,255.97398,0
1974-10-17T20:02:54.000Z,255.66598,255.97398,0
1974-10-17T21:00:47.000Z,255.69598,256.00398,0
1974-10-17T21:58:57.000Z,255.66598,255.97398,0
1974-10-17T22:56:50.000Z,255.66598,255.97398,0
1974-10-17T23:11:19.000Z,255.66648,255.97348,0
1974-10-18T00:02:06.000Z,255.66648,255.97348,0
1974-10-18T00:59:59.000Z,255.69598,256.00398,0
1974-10-18T03:03:09.000Z,255.69598,256.00398,0
1974-10-18T04:01:02.000Z,255.69648,256.00348,0
1974-10-18T04:58:55.000Z,255.66598,255.97398,0
1974-10-18T05:57:05.000Z,255.66598,255.97398,0
1974-10-18T06:54:59.000Z,255.66598,255.97398,0
1974-10-18T07:52:52.000Z,255.66598,255.97398,0
1974-10-18T08:51:02.000Z,255.66648,255.97348,0
1974-10-18T09:48:55.000Z,255.66648,255.97348,0
1974-10-18T10:46:49.000Z,255.66648,255.97348,0
1974-10-18T11:44:42.000Z,255.69648,256.00348,0
1974-10-18T12:42:52.000Z,255.66648,255.97348,0
1974-10-18T13:40:45.000Z,255.69598,256.00398,0
1974-10-18T14:53:56.000Z,255.66648,255.97348,0
1974-10-18T15:52:06.000Z,255.66598,255.97398,0
1974-10-18T16:49:59.000Z,255.66648,255.97348,0
1974-10-18T17:47:53.000Z,255.69648,256.00348,0
1974-10-18T18:46:03.000Z,255.69648,256.00348,0
1974-10-18T19:43:56.000Z,255.66648,255.97348,0
1974-10-18T20:41:49.000Z,255.66648,255.97348,0
1974-10-18T21:39:43.000Z,255.66648,255.97348,0
1974-10-18T22:37:53.000Z,255.66598,255.97398,0
1974-10-18T23:35:46.000Z,255.66598,255.97398,0
1974-10-19T00:33:39.000Z,255.66648,255.97348,0
1974-10-19T01:31:33.000Z,255.66648,255.97348,0
1974-10-19T02:29:43.000Z,255.66648,255.97348,0
1974-10-19T03:27:36.000Z,255.69648,256.00348,0
1974-10-19T04:25:29.000Z,255.66648,255.97348,0
1974-10-19T05:23:23.000Z,255.66648,255.97348,0
1974-10-19T06:21:33.000Z,255.66648,255.97348,0
1974-10-19T07:19:26.000Z,255.66598,255.97398,0
1974-10-19T08:17:19.000Z,255.66648,255.97348,0
1974-10-19T09:15:13.000Z,255.66648,255.97348,0
1974-10-19T10:13:23.000Z,255.66648,255.97348,0
1974-10-19T11:11:16.000Z,255.66648,255.97348,0
1974-10-19T12:09:09.000Z,255.66648,255.97348,0
1974-10-19T13:07:03.000Z,255.66648,255.97348,0
1974-10-19T14:05:13.000Z,255.6265,255.9335,0
1974-10-19T15:03:06.000Z,255.66648,255.97348,0
1974-10-19T16:00:59.000Z,255.66648,255.97348,0
1974-10-19T16:59:09.000Z,255.69648,256.00348,0
1974-10-19T17:35:12.000Z,255.66648,255.97348,0
1974-10-19T18:33:05.000Z,255.66648,255.97348,0
1974-10-19T19:31:15.000Z,255.66648,255.97348,0
1974-10-19T20:29:09.000Z,255.69648,256.00348,0
1974-10-19T21:27:02.000Z,255.6565,255.9635,0
1974-10-19T22:25:12.000Z,255.66648,255.97348,0
1974-10-19T23:23:05.000Z,255.66648,255.97348,0
1974-10-20T00:20:59.000Z,255.66648,255.97348,0
1974-10-20T00:35:27.000Z,255.6265,255.9335,0
1974-10-20T01:33:20.000Z,255.6265,255.9335,0
1974-10-20T02:31:30.000Z,255.66648,255.97348,0
1974-10-20T03:29:24.000Z,255.66648,255.97348,0
1974-10-20T04:27:17.000Z,255.66648,255.97348,0
1974-10-20T05:25:10.000Z,255.6565,255.9635,0
1974-10-20T06:23:20.000Z,255.66648,255.97348,0
1974-10-20T07:21:14.000Z,255.66648,255.97348,0
1974-10-20T08:19:07.000Z,255.69648,256.00348,0
1974-10-20T09:17:00.000Z,255.66648,255.97348,0
1974-10-20T10:15:10.000Z,255.6265,255.9335,0
1974-10-20T11:13:04.000Z,255.6265,255.9335,0
1974-10-20T12:10:57.000Z,255.69648,256.00348,0
1974-10-20T13:08:50.000Z,255.66648,255.97348,0
1974-10-20T14:07:00.000Z,255.66648,255.97348,0
1974-10-20T14:50:25.000Z,255.69648,256.00348,0
1974-10-20T15:48:19.000Z,255.69648,256.00348,0
1974-10-20T16:46:12.000Z,255.66648,255.97348,0
1974-10-20T17:44:22.000Z,255.67649,255.98349,0
1974-10-20T18:42:15.000Z,255.6565,255.9635,0
1974-10-20T19:40:09.000Z,255.64649,255.95349,0
1974-10-20T20:38:18.000Z,255.6265,255.9335,0
1974-10-20T21:36:12.000Z,255.64649,255.95349,0
1974-10-20T22:34:05.000Z,255.6865,255.9935,0
1974-10-20T23:31:59.000Z,255.6565,255.9635,0
1974-10-21T00:30:08.000Z,255.63648,255.94348,0
1974-10-21T01:28:02.000Z,255.67649,255.98349,0
1974-10-21T02:25:55.000Z,255.64649,255.95349,0
1974-10-21T03:23:49.000Z,255.6865,255.9935,0
1974-10-21T04:21:58.000Z,255.69698,256.00298,0
1974-10-21T05:19:52.000Z,255.7165,256.0235,0
1974-10-21T06:17:45.000Z,255.6565,255.9635,0
1974-10-21T07:15:39.000Z,255.6865,255.9935,0
1974-10-21T08:13:48.000Z,255.687,255.993,0
1974-10-21T09:11:42.000Z,255.6565,255.9635,0
1974-10-21T10:09:35.000Z,255.657,255.963,0
1974-10-21T11:07:29.000Z,255.6565,255.9635,0
1974-10-21T12:05:39.000Z,255.69698,256.00298,0
1974-10-21T12:56:10.000Z,255.657,255.963,0
1974-10-21T13:18:00.000Z,255.627,255.933,0
1974-10-21T14:01:25.000Z,255.69698,256.00298,0
1974-10-21T15:29:21.000Z,255.70699,256.01299,0
1974-10-21T16:27:14.000Z,255.66698,255.97298,0
1974-10-21T17:25:08.000Z,255.69698,256.00298,0
1974-10-21T18:23:18.000Z,255.66698,255.97298,0
1974-10-21T19:21:11.000Z,255.66698,255.97298,0
1974-10-21T20:19:04.000Z,255.69698,256.00298,0
1974-10-21T21:17:14.000Z,255.66698,255.97298,0
1974-10-21T22:15:08.000Z,255.69698,256.00298,0
1974-10-21T23:13:01.000Z,255.66698,255.97298,0
1974-10-21T23:41:58.000Z,255.66698,255.97298,0
1974-10-22T00:03:48.000Z,255.67699,255.98299,0
1974-10-22T01:01:42.000Z,255.63698,255.94298,0
1974-10-22T01:23:33.000Z,255.66698,255.97298,0
1974-10-22T02:21:26.000Z,255.66698,255.97298,0
1974-10-22T03:19:19.000Z,255.69698,256.00298,0
1974-10-22T04:17:13.000Z,255.69698,256.00298,0
1974-10-22T05:15:23.000Z,255.67699,255.98299,0
1974-10-22T06:13:16.000Z,255.70699,256.01299,0
1974-10-22T07:11:09.000Z,255.70699,256.01299,0
1974-10-22T08:09:03.000Z,255.70699,256.01299,0
1974-10-22T09:07:13.000Z,255.70699,256.01299,0
1974-10-22T10:05:06.000Z,255.66698,255.97298,0
1974-10-22T11:02:59.000Z,255.70699,256.01299,0
1974-10-22T12:01:09.000Z,255.70699,256.01299,0
1974-10-22T12:15:38.000Z,255.66698,255.97298,0
1974-10-22T13:13:31.000Z,255.70699,256.01299,0
1974-10-22T14:11:24.000Z,255.70749,256.01249,0
1974-10-25T17:52:30.000Z,255.658,255.962,0
1974-10-25T18:50:24.000Z,255.66798,255.97198,0
1974-10-25T19:48:17.000Z,255.73748,256.04248,0
1974-10-25T20:46:11.000Z,255.69798,256.00198,0
1974-10-25T21:44:20.000Z,255.70849,256.01149,0
1974-10-25T22:42:14.000Z,255.69898,256.00098,0
1974-10-25T23:40:07.000Z,255.69798,256.00198,0
1974-10-26T00:01:58.000Z,255.73798,256.04198,0
1974-10-26T00:59:51.000Z,255.70749,256.01249,0
1974-10-26T01:57:45.000Z,255.69798,256.00198,0
1974-10-26T02:55:54.000Z,255.70799,256.01199,0
1974-10-26T03:53:48.000Z,255.76798,256.07198,0
1974-10-26T04:51:41.000Z,255.66798,255.97198,0
1974-10-26T05:49:35.000Z,255.80799,256.11199,0
1974-10-26T06:47:44.000Z,255.73748,256.04248,0
1974-10-26T07:45:38.000Z,255.73848,256.04148,0
1974-10-26T08:43:31.000Z,255.69798,256.00198,0
1974-10-26T09:41:41.000Z,255.70799,256.01199,0
1974-10-26T10:39:34.000Z,255.73798,256.04198,0
1974-10-26T11:37:28.000Z,255.66798,255.97198,0
1974-10-26T12:35:21.000Z,255.69848,256.00148,0
1974-10-26T13:33:31.000Z,255.72747,256.03247,0
1974-10-26T14:31:24.000Z,255.76848,256.07148,0
1974-10-26T15:29:18.000Z,255.73748,256.04248,0
1974-10-26T16:27:11.000Z,255.73748,256.04248,0
1974-10-26T17:25:21.000Z,255.66798,255.97198,0
1974-10-26T18:23:15.000Z,255.73798,256.04198,0
1974-10-26T19:21:08.000Z,255.69798,256.00198,0
1974-10-26T20:19:01.000Z,255.70799,256.01199,0
1974-10-26T21:17:11.000Z,255.66798,255.97198,0
1974-10-26T22:15:05.000Z,255.70799,256.01199,0
1974-10-26T23:12:58.000Z,255.66798,255.97198,0
1974-10-27T00:10:51.000Z,255.66798,255.97198,0
1974-10-27T01:09:01.000Z,255.70849,256.01149,0
1974-10-27T02:06:55.000Z,255.69748,256.00248,0
1974-10-27T03:04:48.000Z,255.69798,256.00198,0
1974-10-27T04:02:58.000Z,255.70799,256.01199,0
1974-10-27T05:00:51.000Z,255.70899,256.01099,0
1974-10-27T05:58:45.000Z,255.70799,256.01199,0
1974-10-27T06:56:38.000Z,255.66848,255.97148,0
1974-10-27T07:54:48.000Z,255.66748,255.97248,0
1974-10-27T08:52:41.000Z,255.72847,256.03147,0
1974-10-27T09:50:35.000Z,255.73798,256.04198,0
1974-10-27T10:48:28.000Z,255.70849,256.01149,0
1974-10-27T11:46:38.000Z,255.66798,255.97198,0
1974-10-27T12:44:31.000Z,255.70799,256.01199,0
1974-10-27T13:06:22.000Z,255.70799,256.01199,0
1974-10-27T14:04:15.000Z,255.66798,255.97198,0
1974-10-27T15:02:09.000Z,255.73798,256.04198,0
1974-10-27T16:00:02.000Z,255.73798,256.04198,0
1974-10-27T16:58:12.000Z,255.73748,256.04248,0
1974-10-27T17:56:05.000Z,255.73798,256.04198,0
1974-10-27T18:53:59.000Z,255.73748,256.04248,0
1974-10-27T19:51:52.000Z,255.70799,256.01199,0
1974-10-27T20:50:02.000Z,255.73798,256.04198,0
1974-10-27T21:47:55.000Z,255.73848,256.04148,0
1974-10-27T22:45:49.000Z,255.73798,256.04198,0
1974-10-27T23:43:42.000Z,255.70799,256.01199,0
1974-10-28T00:41:52.000Z,255.73848,256.04148,0
1974-10-28T01:39:45.000Z,255.72797,256.03197,0
1974-10-28T02:37:39.000Z,255.73798,256.04198,0
1974-10-28T03:35:49.000Z,255.70849,256.01149,0
1974-10-28T04:33:42.000Z,255.73798,256.04198,0
1974-10-28T05:31:35.000Z,255.73798,256.04198,0
1974-10-28T06:29:29.000Z,255.73798,256.04198,0
1974-10-28T07:27:39.000Z,255.69798,256.00198,0
1974-10-28T08:25:32.000Z,255.69848,256.00148,0
1974-10-28T09:23:25.000Z,255.73798,256.04198,0
1974-10-28T10:21:19.000Z,255.73798,256.04198,0
1974-10-28T11:19:29.000Z,255.73798,256.04198,0
1974-10-28T12:17:22.000Z,255.73848,256.04148,0
1974-10-28T13:15:15.000Z,255.73798,256.04198,0
1974-10-28T13:29:44.000Z,255.73798,256.04198,0
1974-10-28T14:27:54.000Z,255.73848,256.04148,0
1974-10-28T15:25:47.000Z,255.70799,256.01199,0
1974-10-28T16:23:40.000Z,255.73848,256.04148,0
1974-10-28T17:21:34.000Z,255.69798,256.00198,0
1974-10-28T18:19:44.000Z,255.69798,256.00198,0
1974-10-28T19:17:37.000Z,255.70849,256.01149,0
1974-10-28T20:15:30.000Z,255.73848,256.04148,0
1974-10-28T21:13:24.000Z,255.76848,256.07148,0
1974-10-28T22:11:34.000Z,255.69848,256.00148,0
1974-10-28T23:09:27.000Z,255.73848,256.04148,0
1974-10-29T00:07:20.000Z,255.73848,256.04148,0
1974-10-29T01:05:14.000Z,255.73848,256.04148,0
1974-10-29T02:03:24.000Z,255.69848,256.00148,0
1974-10-29T03:01:17.000Z,255.73848,256.04148,0
1974-10-29T03:59:10.000Z,255.69848,256.00148,0
1974-10-29T04:57:04.000Z,255.73848,256.04148,0
1974-10-29T05:55:14.000Z,255.73848,256.04148,0
1974-10-29T06:53:07.000Z,255.76848,256.07148,0
1974-10-29T08:06:34.000Z,255.69848,256.00148,0
1974-10-29T09:04:28.000Z,255.69848,256.00148,0
1974-10-29T10:02:21.000Z,255.76798,256.07198,0
1974-10-29T10:53:09.000Z,255.70849,256.01149,0
1974-10-29T11:51:02.000Z,255.70849,256.01149,0
1974-10-29T12:49:12.000Z,255.70849,256.01149,0
1974-10-29T13:47:05.000Z,255.70849,256.01149,0
1974-10-29T14:44:59.000Z,255.73848,256.04148,0
1974-10-29T15:42:52.000Z,255.66848,255.97148,0
1974-10-29T16:41:02.000Z,255.76798,256.07198,0
1974-10-29T17:38:55.000Z,255.73848,256.04148,0
1974-10-29T18:36:49.000Z,255.76798,256.07198,0
1974-10-29T19:34:42.000Z,255.73848,256.04148,0
1974-10-29T20:25:29.000Z,255.70849,256.01149,0
1974-10-29T21:30:45.000Z,255.66848,255.97148,0
1974-10-29T21:37:51.000Z,255.66848,255.97148,0
1974-10-29T22:07:04.000Z,255.70849,256.01149,0
1974-10-29T23:19:26.000Z,255.70849,256.01149,0
1974-10-29T23:48:23.000Z,255.66848,255.97148,0
1974-10-30T00:02:51.000Z,255.70849,256.01149,0
1974-10-30T00:17:19.000Z,255.70849,256.01149,0
1974-10-30T00:53:39.000Z,255.70849,256.01149,0
1974-10-30T01:51:32.000Z,255.70849,256.01149,0
1974-10-30T02:49:25.000Z,255.70849,256.01149,0
1974-10-30T03:47:35.000Z,255.70849,256.01149,0
1974-10-30T04:45:29.000Z,255.76848,256.07148,0
1974-10-30T05:43:22.000Z,255.66848,255.97148,0
1974-10-30T06:41:15.000Z,255.73848,256.04148,0
1974-10-30T07:39:25.000Z,255.66848,255.97148,0
1974-10-30T08:37:19.000Z,255.70849,256.01149,0
1974-10-30T09:35:12.000Z,255.69848,256.00148,0
1974-10-30T10:33:05.000Z,255.66848,255.97148,0
1974-10-30T11:31:15.000Z,255.73848,256.04148,0
1974-10-30T12:29:09.000Z,255.73848,256.04148,0
1974-10-30T13:27:02.000Z,255.66848,255.97148,0
1974-10-30T14:24:55.000Z,255.70849,256.01149,0
1974-10-30T15:23:05.000Z,255.70849,256.01149,0
1974-10-30T16:28:21.000Z,255.70849,256.01149,0
1974-10-30T17:26:14.000Z,255.70849,256.01149,0
1974-10-30T18:24:08.000Z,255.70849,256.01149,0
1974-10-30T19:22:01.000Z,255.66848,255.97148,0
1974-10-30T20:20:11.000Z,255.70849,256.01149,0
1974-10-30T21:18:04.000Z,255.70899,256.01099,0
1974-10-30T22:23:20.000Z,255.73848,256.04148,0
1974-10-30T22:30:26.000Z,255.66848,255.97148,0
1974-10-30T23:28:20.000Z,255.70849,256.01149,0
1974-10-31T00:26:29.000Z,255.70899,256.01099,0
1974-10-31T01:24:23.000Z,255.70849,256.01149,0
1974-10-31T02:22:16.000Z,255.70849,256.01149,0
1974-10-31T03:20:26.000Z,255.70899,256.01099,0
1974-10-31T04:03:51.000Z,255.70849,256.01149,0
1974-10-31T04:18:19.000Z,255.70899,256.01099,0
1974-10-31T05:16:13.000Z,255.70849,256.01149,0
1974-10-31T06:14:06.000Z,255.70899,256.01099,0
1974-10-31T07:12:16.000Z,255.70849,256.01149,0
1974-10-31T08:10:09.000Z,255.70899,256.01099,0
1974-10-31T09:08:03.000Z,255.70849,256.01149,0
1974-10-31T10:05:56.000Z,255.70849,256.01149,0
1974-10-31T11:04:06.000Z,255.67849,255.98149,0
1974-10-31T12:01:59.000Z,255.70899,256.01099,0
1974-10-31T12:59:53.000Z,255.70849,256.01149,0
1974-10-31T13:57:46.000Z,255.67849,255.98149,0
1974-10-31T14:55:56.000Z,255.67899,255.98099,0
1974-10-31T15:53:49.000Z,255.70849,256.01149,0
1974-10-31T16:51:43.000Z,255.67849,255.98149,0
1974-10-31T17:49:53.000Z,255.70849,256.01149,0
1974-10-31T18:47:46.000Z,255.67899,255.98099,0
1974-10-31T19:45:39.000Z,255.70849,256.01149,0
1974-10-31T20:43:33.000Z,255.70899,256.01099,0
1974-10-31T21:41:43.000Z,255.70899,256.01099,0
1974-10-31T22:39:36.000Z,255.70899,256.01099,0
1974-10-31T23:30:23.000Z,255.67899,255.98099,0
1974-11-01T00:28:17.000Z,255.70849,256.01149,0
1974-11-01T01:26:10.000Z,255.70899,256.01099,0
1974-11-01T02:24:04.000Z,255.70899,256.01099,0
1974-11-01T03:22:13.000Z,255.67899,255.98099,0
1974-11-01T04:20:07.000Z,255.70899,256.01099,0
1974-11-01T05:18:00.000Z,255.70899,256.01099,0
1974-11-01T06:15:54.000Z,255.67899,255.98099,0
1974-11-01T07:14:03.000Z,255.67899,255.98099,0
1974-11-01T08:11:57.000Z,255.70899,256.01099,0
1974-11-01T09:09:50.000Z,255.70899,256.01099,0
1974-11-01T10:07:44.000Z,255.70899,256.01099,0
1974-11-01T11:05:53.000Z,255.70899,256.01099,0
1974-11-01T12:03:47.000Z,255.67899,255.98099,0
1974-11-01T13:01:40.000Z,255.67899,255.98099,0
1974-11-01T13:16:09.000Z,255.70899,256.01099,0
1974-11-01T14:14:18.000Z,255.70899,256.01099,0
1974-11-01T15:12:12.000Z,255.67899,255.98099,0
1974-11-05T16:43:28.000Z,255.73948,256.04048,0
1974-11-05T17:41:38.000Z,255.6595,255.9605,0
1974-11-05T18:39:31.000Z,255.6595,255.9605,0
1974-11-05T19:37:25.000Z,255.66948,255.97048,0
1974-11-05T20:35:18.000Z,255.6595,255.9605,0
1974-11-05T21:33:28.000Z,255.69898,256.00098,0
1974-11-05T22:31:21.000Z,255.72897,256.03097,0
1974-11-05T23:29:15.000Z,255.6895,255.9905,0
1974-11-06T00:27:25.000Z,255.72947,256.03047,0
1974-11-06T01:25:18.000Z,255.6595,255.9605,0
1974-11-06T02:01:21.000Z,255.6595,255.9605,0
1974-11-06T02:59:31.000Z,255.6595,255.9605,0
1974-11-06T03:42:56.000Z,255.689,255.991,0
1974-11-06T03:57:24.000Z,255.689,255.991,0
1974-11-06T04:55:17.000Z,255.64899,255.95099,0
1974-11-06T05:53:27.000Z,255.64949,255.95049,0
1974-11-06T06:43:58.000Z,255.6895,255.9905,0
1974-11-06T06:58:27.000Z,255.6895,255.9905,0
1974-11-06T07:56:36.000Z,255.6895,255.9905,0
1974-11-06T08:32:39.000Z,255.6895,255.9905,0
1974-11-06T09:30:32.000Z,255.689,255.991,0
1974-11-06T10:28:42.000Z,255.72947,256.03047,0
1974-11-06T10:43:11.000Z,255.6895,255.9905,0
1974-11-06T11:41:04.000Z,255.67899,255.98099,0
1974-11-06T12:38:57.000Z,255.7195,256.0205,0
1974-11-06T13:37:07.000Z,255.6895,255.9905,0
1974-11-06T14:35:01.000Z,255.7195,256.0205,0
1974-11-06T16:08:07.000Z,255.67949,255.98049,0
1974-11-06T17:06:17.000Z,255.7195,256.0205,0
1974-11-06T18:04:11.000Z,255.7195,256.0205,0
1974-11-06T18:26:01.000Z,255.67949,255.98049,0
1974-11-06T19:23:55.000Z,255.67949,255.98049,0
1974-11-06T20:21:48.000Z,255.67949,255.98049,0
1974-11-06T21:19:42.000Z,255.67949,255.98049,0
1974-11-06T22:17:51.000Z,255.67899,255.98099,0
1974-11-06T23:15:45.000Z,255.67949,255.98049,0
1974-11-07T00:06:32.000Z,255.70949,256.01049,0
1974-11-07T01:04:26.000Z,255.67949,255.98049,0
1974-11-07T02:02:19.000Z,255.70949,256.01049,0
1974-11-07T03:00:12.000Z,255.67949,255.98049,0
1974-11-07T03:58:22.000Z,255.67949,255.98049,0
1974-11-07T04:56:16.000Z,255.63948,255.94048,0
1974-11-07T05:54:09.000Z,255.67949,255.98049,0
1974-11-07T06:52:03.000Z,255.67949,255.98049,0
1974-11-07T07:50:12.000Z,255.70949,256.01049,0
1974-11-07T08:48:06.000Z,255.67949,255.98049,0
1974-11-07T09:45:59.000Z,255.67949,255.98049,0
1974-11-07T10:44:09.000Z,255.70949,256.01049,0
1974-11-07T11:42:02.000Z,255.67949,255.98049,0
1974-11-07T12:39:56.000Z,255.67949,255.98049,0
1974-11-07T13:37:49.000Z,255.67949,255.98049,0
1974-11-07T14:35:59.000Z,255.70899,256.01099,0
1974-11-07T15:33:52.000Z,255.70949,256.01049,0
1974-11-07T16:31:46.000Z,255.70949,256.01049,0
1974-11-07T17:29:39.000Z,255.70949,256.01049,0
1974-11-07T18:27:49.000Z,255.67899,255.98099,0
1974-11-07T19:25:42.000Z,255.67949,255.98049,0
1974-11-07T20:23:36.000Z,255.67949,255.98049,0
1974-11-07T21:21:29.000Z,255.66948,255.97048,0
1974-11-07T22:19:39.000Z,255.67949,255.98049,0
1974-11-07T23:17:32.000Z,255.67949,255.98049,0
1974-11-08T00:15:26.000Z,255.70899,256.01099,0
1974-11-08T01:13:19.000Z,255.67949,255.98049,0
1974-11-08T02:11:29.000Z,255.70949,256.01049,0
1974-11-08T03:02:00.000Z,255.70949,256.01049,0
1974-11-08T04:00:10.000Z,255.67949,255.98049,0
1974-11-08T04:29:07.000Z,255.67949,255.98049,0
1974-11-08T05:05:09.000Z,255.70949,256.01049,0
1974-11-08T05:19:54.000Z,255.63948,255.94048,0
1974-11-08T05:55:57.000Z,255.70949,256.01049,0
1974-11-08T06:10:25.000Z,255.70949,256.01049,0
1974-11-08T06:17:47.000Z,255.73948,256.04048,0
1974-11-08T06:24:53.000Z,255.70949,256.01049,0
1974-11-08T07:23:03.000Z,255.70949,256.01049,0
1974-11-08T08:20:57.000Z,255.70949,256.01049,0
1974-11-08T08:42:31.000Z,255.67949,255.98049,0
1974-11-08T09:40:41.000Z,255.69948,256.00048,0
1974-11-08T10:38:34.000Z,255.70949,256.01049,0
1974-11-08T11:36:27.000Z,255.73948,256.04048,0
1974-11-08T12:34:21.000Z,255.70949,256.01049,0
1974-11-08T13:32:31.000Z,255.69948,256.00048,0
1974-11-08T14:30:24.000Z,255.69948,256.00048,0
1974-11-08T15:28:17.000Z,255.70949,256.01049,0
1974-11-08T16:48:02.000Z,255.66948,255.97048,0
1974-11-08T17:24:21.000Z,255.66948,255.97048,0
1974-11-08T18:22:14.000Z,255.70949,256.01049,0
1974-11-08T19:20:07.000Z,255.66948,255.97048,0
1974-11-08T20:18:17.000Z,255.73948,256.04048,0
1974-11-08T21:16:11.000Z,255.73948,256.04048,0
1974-11-08T22:14:04.000Z,255.70949,256.01049,0
1974-11-08T23:11:58.000Z,255.6595,255.9605,0
1974-11-09T00:10:07.000Z,255.73948,256.04048,0
1974-11-09T01:08:01.000Z,255.69948,256.00048,0
1974-11-09T01:58:48.000Z,255.69948,256.00048,0
1974-11-09T02:56:42.000Z,255.66948,255.97048,0
1974-11-09T03:54:35.000Z,255.73948,256.04048,0
1974-11-09T04:52:28.000Z,255.69948,256.00048,0
1974-11-09T05:50:38.000Z,255.72947,256.03047,0
1974-11-09T06:48:32.000Z,255.69948,256.00048,0
1974-11-09T07:39:19.000Z,255.6595,255.9605,0
1974-11-09T07:53:47.000Z,255.73948,256.04048,0
1974-11-09T08:51:41.000Z,255.70949,256.01049,0
1974-11-09T09:49:34.000Z,255.6595,255.9605,0
1974-11-09T10:47:44.000Z,255.6895,255.9905,0
1974-11-09T11:45:37.000Z,255.66948,255.97048,0
1974-11-09T12:43:31.000Z,255.73948,256.04048,0
1974-11-09T13:41:24.000Z,255.73948,256.04048,0
1974-11-09T14:39:34.000Z,255.66,255.96,0
1974-11-09T15:37:27.000Z,255.72947,256.03047,0
1974-11-09T16:35:21.000Z,255.6895,255.9905,0
1974-11-09T17:33:14.000Z,255.63,255.93,0
1974-11-09T18:31:24.000Z,255.69948,256.00048,0
1974-11-09T19:29:17.000Z,255.72947,256.03047,0
1974-11-09T20:27:11.000Z,255.61949,255.92049,0
1974-11-09T21:25:04.000Z,255.72947,256.03047,0
1974-11-09T22:23:14.000Z,255.72947,256.03047,0
1974-11-09T23:21:07.000Z,255.72947,256.03047,0
1974-11-10T00:19:01.000Z,255.6895,255.9905,0
1974-11-10T01:16:54.000Z,255.64999,255.94999,0
1974-11-10T02:15:04.000Z,255.6595,255.9605,0
1974-11-10T03:12:57.000Z,255.69,255.99,0
1974-11-10T04:10:51.000Z,255.72947,256.03047,0
1974-11-10T05:08:44.000Z,255.69948,256.00048,0
1974-11-10T06:06:54.000Z,255.69,255.99,0
1974-11-10T06:21:22.000Z,255.72947,256.03047,0
1974-11-10T06:42:57.000Z,255.6895,255.9905,0
1974-11-10T06:57:25.000Z,255.69948,256.00048,0
1974-11-10T08:02:41.000Z,255.6895,255.9905,0
1974-11-10T08:24:32.000Z,255.6895,255.9905,0
1974-11-10T08:46:06.000Z,255.6895,255.9905,0
1974-11-10T09:44:16.000Z,255.69,255.99,0
1974-11-10T10:42:09.000Z,255.7195,256.0205,0
1974-11-10T11:40:03.000Z,255.6895,255.9905,0
1974-11-10T11:54:31.000Z,255.69,255.99,0
1974-11-10T12:30:50.000Z,255.69,255.99,0
1974-11-10T12:45:18.000Z,255.6895,255.9905,0
1974-11-10T13:07:09.000Z,255.6895,255.9905,0
1974-11-10T13:57:40.000Z,255.6895,255.9905,0
1974-11-10T14:05:02.000Z,255.69,255.99,0
1974-11-10T14:26:37.000Z,255.69,255.99,0
1974-11-10T14:33:59.000Z,255.72997,256.02997,0
1974-11-10T15:31:53.000Z,255.69,255.99,0
1974-11-10T16:30:02.000Z,255.69,255.99,0
1974-11-10T17:27:56.000Z,255.69,255.99,0
1974-11-10T18:25:49.000Z,255.6895,255.9905,0
1974-11-10T19:23:43.000Z,255.72997,256.02997,0
1974-11-10T20:21:52.000Z,255.69,255.99,0
1974-11-10T21:19:46.000Z,255.72997,256.02997,0
1974-11-10T22:17:39.000Z,255.69,255.99,0
1974-11-11T00:06:20.000Z,255.69,255.99,0
1974-11-11T01:04:13.000Z,255.69,255.99,0
1974-11-11T02:02:23.000Z,255.6895,255.9905,0
1974-11-11T03:00:17.000Z,255.69,255.99,0
1974-11-11T03:58:10.000Z,255.6895,255.9905,0
1974-11-11T04:34:29.000Z,255.6895,255.9905,0
1974-11-11T05:03:26.000Z,255.6895,255.9905,0
1974-11-11T05:39:45.000Z,255.69,255.99,0
1974-11-11T05:46:51.000Z,255.69,255.99,0
1974-11-11T06:08:42.000Z,255.69,255.99,0
1974-11-11T06:30:16.000Z,255.56997,255.86997,0
1974-11-11T06:52:07.000Z,255.69,255.99,0
1974-11-11T07:06:35.000Z,255.69,255.99,0
1974-11-11T07:42:54.000Z,255.69,255.99,0
1974-11-11T07:57:22.000Z,255.69,255.99,0
1974-11-11T08:33:25.000Z,255.69,255.99,0
1974-11-11T09:46:03.000Z,255.69,255.99,0
1974-11-11T10:15:00.000Z,255.69,255.99,0
1974-11-11T11:41:50.000Z,255.6895,255.9905,0
1974-11-11T12:18:09.000Z,255.69,255.99,0
1974-11-11T12:47:06.000Z,255.69,255.99,0
1974-11-11T13:44:59.000Z,255.69,255.99,0
1974-11-11T14:43:09.000Z,255.69,255.99,0
1974-11-11T16:12:43.000Z,255.7195,256.0205,0
1974-11-11T17:10:36.000Z,255.69,255.99,0
1974-11-11T18:08:30.000Z,255.69,255.99,0
1974-11-11T18:30:20.000Z,255.69,255.99,0
1974-11-11T19:28:14.000Z,255.69,255.99,0
1974-11-11T20:26:24.000Z,255.69,255.99,0
1974-11-11T21:24:17.000Z,255.69,255.99,0
1974-11-11T22:22:11.000Z,255.69,255.99,0
1974-11-11T23:20:04.000Z,255.69,255.99,0
1974-11-12T00:18:14.000Z,255.69,255.99,0
1974-11-12T01:15:18.000Z,255.69,255.99,0
1974-11-12T02:13:11.000Z,255.72,256.02,0
1974-11-12T03:10:48.000Z,255.67999,255.97999,0
1974-11-12T04:08:25.000Z,255.72,256.02,0
1974-11-12T05:06:02.000Z,255.69,255.99,0
1974-11-12T05:34:59.000Z,255.64999,255.94999,0
1974-11-12T05:44:16.000Z,255.72,256.02,0
1974-11-12T06:42:10.000Z,255.67999,255.97999,0
1974-11-12T07:40:03.000Z,255.72,256.02,0
1974-11-12T08:37:56.000Z,255.69,255.99,0
1974-11-12T09:36:06.000Z,255.69,255.99,0
1974-11-12T10:34:00.000Z,255.72,256.02,0
1974-11-12T11:31:53.000Z,255.67999,255.97999,0
1974-11-12T12:29:46.000Z,255.67999,255.97999,0
1974-11-12T13:27:56.000Z,255.69,255.99,0
1974-11-12T14:25:50.000Z,255.69,255.99,0
1974-11-12T15:23:43.000Z,255.69,255.99,0
1974-11-12T16:21:36.000Z,255.67999,255.97999,0
1974-11-12T17:19:46.000Z,255.64999,255.94999,0
1974-11-12T18:17:40.000Z,255.67999,255.97999,0
1974-11-12T18:39:30.000Z,255.70999,256.00999,0
1974-11-12T19:37:24.000Z,255.67999,255.97999,0
1974-11-12T20:35:17.000Z,255.72,256.02,0
1974-11-12T21:33:11.000Z,255.72,256.02,0
1974-11-12T22:31:20.000Z,255.72,256.02,0
1974-11-12T23:29:14.000Z,255.74999,256.04999,0
1974-11-13T00:27:07.000Z,255.67999,255.97999,0
1974-11-13T01:25:01.000Z,255.70999,256.00999,0
1974-11-13T02:23:10.000Z,255.67999,255.97999,0
1974-11-13T03:21:04.000Z,255.70999,256.00999,0
1974-11-13T04:18:57.000Z,255.72,256.02,0
1974-11-13T05:16:51.000Z,255.67999,255.97999,0
1974-11-13T06:15:00.000Z,255.67999,255.97999,0
1974-11-13T07:12:54.000Z,255.72,256.02,0
1974-11-13T08:10:47.000Z,255.7195,256.0205,0
1974-11-13T09:08:41.000Z,255.72,256.02,0
1974-11-13T10:06:50.000Z,255.67999,255.97999,0
1974-11-13T11:04:44.000Z,255.70999,256.00999,0
1974-11-13T12:02:37.000Z,255.72,256.02,0
1974-11-13T13:00:47.000Z,255.67999,255.97999,0
1974-11-13T13:58:40.000Z,255.67999,255.97999,0
1974-11-13T14:13:09.000Z,255.74999,256.04999,0
1974-11-13T14:56:34.000Z,255.70999,256.00999,0
1974-11-13T15:25:31.000Z,255.64999,255.94999,0
1974-11-13T15:39:59.000Z,255.67999,255.97999,0
1974-11-13T16:01:50.000Z,255.70999,256.00999,0
1974-11-13T16:55:21.000Z,255.67999,255.97999,0
1974-11-13T17:38:46.000Z,255.74999,256.04999,0
1974-11-13T18:36:39.000Z,255.72,256.02,0
1974-11-13T19:34:33.000Z,255.74999,256.04999,0
1974-11-13T20:32:26.000Z,255.70999,256.00999,0
1974-11-13T21:30:36.000Z,255.67999,255.97999,0
1974-11-13T22:28:29.000Z,255.74999,256.04999,0
1974-11-13T23:26:23.000Z,255.70999,256.00999,0
1974-11-13T23:55:19.000Z,255.70999,256.00999,0
1974-11-14T00:53:29.000Z,255.70999,256.00999,0
1974-11-14T01:51:23.000Z,255.70999,256.00999,0
1974-11-14T02:49:16.000Z,255.67999,255.97999,0
1974-11-14T03:47:10.000Z,255.70999,256.00999,0
1974-11-14T04:45:19.000Z,255.66998,255.96998,0
1974-11-14T05:43:13.000Z,255.72,256.02,0
1974-11-14T06:41:06.000Z,255.70999,256.00999,0
1974-11-14T07:39:00.000Z,255.70999,256.00999,0
1974-11-14T08:37:09.000Z,255.67999,255.97999,0
1974-11-14T09:35:03.000Z,255.70999,256.00999,0
1974-11-14T10:32:56.000Z,255.70999,256.00999,0
1974-11-14T11:31:06.000Z,255.70999,256.00999,0
1974-11-14T12:28:59.000Z,255.70999,256.00999,0
1974-11-14T13:26:53.000Z,255.66998,255.96998,0
1974-11-14T14:24:46.000Z,255.70999,256.00999,0
1974-11-14T15:22:56.000Z,255.66998,255.96998,0
1974-11-14T16:06:21.000Z,255.66998,255.96998,0
1974-11-14T17:04:14.000Z,255.66998,255.96998,0
1974-11-14T18:02:08.000Z,255.66998,255.96998,0
1974-11-14T19:00:18.000Z,255.66998,255.96998,0
1974-11-14T19:58:11.000Z,255.70048,255.99948,0
1974-11-14T20:56:04.000Z,255.66998,255.96998,0
1974-11-14T21:10:33.000Z,255.66998,255.96998,0
1974-11-14T21:32:23.000Z,255.66998,255.96998,0
1974-11-14T22:08:26.000Z,255.70999,256.00999,0
1974-11-14T22:44:45.000Z,255.70999,256.00999,0
1974-11-14T23:21:04.000Z,255.70999,256.00999,0
1974-11-15T00:04:29.000Z,255.69998,255.99998,0
1974-11-15T01:02:23.000Z,255.71049,256.00949,0
1974-11-15T02:00:16.000Z,255.70999,256.00999,0
1974-11-15T02:58:26.000Z,255.66998,255.96998,0
1974-11-15T03:56:19.000Z,255.70999,256.00999,0
1974-11-15T04:54:13.000Z,255.66998,255.96998,0
1974-11-15T05:52:06.000Z,255.70999,256.00999,0
1974-11-15T06:50:16.000Z,255.67999,255.97999,0
1974-11-15T07:48:09.000Z,255.70999,256.00999,0
1974-11-15T08:46:03.000Z,255.73998,256.03998,0
1974-11-15T09:44:13.000Z,255.66998,255.96998,0
1974-11-15T10:42:06.000Z,255.70999,256.00999,0
1974-11-15T11:39:59.000Z,255.70999,256.00999,0
1974-11-15T12:37:53.000Z,255.73998,256.03998,0
1974-11-15T13:36:03.000Z,255.71049,256.00949,0
1974-11-15T14:33:56.000Z,255.70999,256.00999,0
1974-11-15T15:17:21.000Z,255.71049,256.00949,0
1974-11-15T15:39:12.000Z,255.66998,255.96998,0
1974-11-15T16:39:49.000Z,255.73998,256.03998,0
1974-11-15T17:37:42.000Z,255.70999,256.00999,0
1974-11-15T18:35:36.000Z,255.70048,255.99948,0
1974-11-15T19:33:46.000Z,255.66998,255.96998,0
1974-11-15T20:31:39.000Z,255.70999,256.00999,0
1974-11-15T21:29:32.000Z,255.71049,256.00949,0
1974-11-15T22:27:26.000Z,255.67999,255.97999,0
1974-11-15T23:25:36.000Z,255.70999,256.00999,0
1974-11-16T00:23:29.000Z,255.71049,256.00949,0
1974-11-16T01:21:23.000Z,255.70999,256.00999,0
1974-11-16T02:19:16.000Z,255.67048,255.96948,0
1974-11-16T03:17:26.000Z,255.70999,256.00999,0
1974-11-16T04:15:19.000Z,255.66998,255.96998,0
1974-11-16T05:13:13.000Z,255.71049,256.00949,0
1974-11-16T06:11:22.000Z,255.71049,256.00949,0
1974-11-16T07:09:16.000Z,255.70048,255.99948,0
1974-11-16T08:07:09.000Z,255.70999,256.00999,0
1974-11-16T09:05:03.000Z,255.70999,256.00999,0
1974-11-16T10:03:12.000Z,255.70999,256.00999,0
1974-11-16T11:01:06.000Z,255.70999,256.00999,0
1974-11-16T19:06:36.000Z,255.70999,256.00999,0
1974-11-16T19:57:08.000Z,255.67048,255.96948,0
1974-11-16T20:55:01.000Z,255.71049,256.00949,0
1974-11-16T21:53:11.000Z,255.74048,256.03948,0
1974-11-16T22:51:04.000Z,255.71049,256.00949,0
1974-11-16T23:48:58.000Z,255.70048,255.99948,0
1974-11-17T00:47:07.000Z,255.70999,256.00999,0
1974-11-17T01:45:01.000Z,255.70048,255.99948,0
1974-11-17T02:42:54.000Z,255.66998,255.96998,0
1974-11-17T03:40:48.000Z,255.67048,255.96948,0
1974-11-17T04:38:57.000Z,255.70048,255.99948,0
1974-11-17T05:36:51.000Z,255.73998,256.03998,0
1974-11-17T06:34:44.000Z,255.70048,255.99948,0
1974-11-17T07:32:38.000Z,255.73047,256.02947,0
1974-11-17T08:30:47.000Z,255.70048,255.99948,0
1974-11-17T09:28:41.000Z,255.69998,255.99998,0
1974-11-17T10:19:28.000Z,255.67048,255.96948,0
1974-11-17T10:48:25.000Z,255.70048,255.99948,0
1974-11-17T11:46:18.000Z,255.70048,255.99948,0
1974-11-17T12:44:12.000Z,255.70048,255.99948,0
1974-11-17T13:42:22.000Z,255.71049,256.00949,0
1974-11-17T14:11:18.000Z,255.70048,255.99948,0
1974-11-17T15:09:12.000Z,255.73998,256.03998,0
1974-11-17T16:07:05.000Z,255.74048,256.03948,0
1974-11-17T17:04:58.000Z,255.74048,256.03948,0
1974-11-17T18:03:08.000Z,255.74048,256.03948,0
1974-11-17T19:01:02.000Z,255.72997,256.02997,0
1974-11-17T19:58:55.000Z,255.70048,255.99948,0
1974-11-17T20:56:48.000Z,255.70048,255.99948,0
1974-11-17T21:54:58.000Z,255.73998,256.03998,0
1974-11-17T22:52:52.000Z,255.67048,255.96948,0
1974-11-17T23:50:45.000Z,255.70048,255.99948,0
1974-11-18T00:48:55.000Z,255.74048,256.03948,0
1974-11-18T01:46:48.000Z,255.70048,255.99948,0
1974-11-18T02:44:42.000Z,255.72997,256.02997,0
1974-11-18T03:42:35.000Z,255.73047,256.02947,0
1974-11-18T04:40:45.000Z,255.77048,256.06948,0
1974-11-18T05:38:38.000Z,255.67048,255.96948,0
1974-11-18T06:36:32.000Z,255.73047,256.02947,0
1974-11-18T07:34:25.000Z,255.70048,255.99948,0
1974-11-18T08:32:35.000Z,255.70048,255.99948,0
1974-11-18T09:30:28.000Z,255.73047,256.02947,0
1974-11-18T10:28:22.000Z,255.74048,256.03948,0
1974-11-18T11:26:15.000Z,255.73047,256.02947,0
1974-11-18T12:24:25.000Z,255.70048,255.99948,0
1974-11-18T13:29:24.000Z,255.73047,256.02947,0
1974-11-18T14:27:34.000Z,255.70048,255.99948,0
1974-11-18T15:21:55.000Z,255.73047,256.02947,0
1974-11-18T16:19:48.000Z,255.70048,255.99948,0
1974-11-18T17:32:10.000Z,255.67048,255.96948,0
1974-11-18T17:39:32.000Z,255.77048,256.06948,0
1974-11-18T18:08:29.000Z,255.70048,255.99948,0
1974-11-18T18:15:51.000Z,255.70048,255.99948,0
1974-11-18T18:22:57.000Z,255.70048,255.99948,0
1974-11-18T18:30:19.000Z,255.70048,255.99948,0
1974-11-18T18:44:48.000Z,255.76998,256.06998,0
1974-11-18T19:06:22.000Z,255.70048,255.99948,0
1974-11-18T19:20:51.000Z,255.70048,255.99948,0
1974-11-18T19:35:19.000Z,255.67048,255.96948,0
1974-11-18T19:42:41.000Z,255.70048,255.99948,0
1974-11-18T20:40:35.000Z,255.73047,256.02947,0
1974-11-18T21:16:54.000Z,255.70048,255.99948,0
1974-11-18T21:52:56.000Z,255.70048,255.99948,0
1974-11-18T22:51:06.000Z,255.70048,255.99948,0
1974-11-18T23:49:00.000Z,255.70048,255.99948,0
1974-11-19T00:03:28.000Z,255.7205,256.0195,0
1974-11-19T01:01:21.000Z,255.73047,256.02947,0
1974-11-19T01:59:31.000Z,255.73047,256.02947,0
1974-11-19T02:57:25.000Z,255.70048,255.99948,0
1974-11-19T03:55:18.000Z,255.70048,255.99948,0
1974-11-19T04:53:11.000Z,255.70048,255.99948,0
1974-11-19T05:51:21.000Z,255.70048,255.99948,0
1974-11-19T06:49:15.000Z,255.71049,256.00949,0
1974-11-19T07:47:08.000Z,255.71049,256.00949,0
1974-11-19T08:45:01.000Z,255.68049,255.97949,0
1974-11-19T09:43:11.000Z,255.74048,256.03948,0
1974-11-19T10:41:05.000Z,255.7205,256.0195,0
1974-11-19T11:38:58.000Z,255.73047,256.02947,0
1974-11-19T12:36:51.000Z,255.71049,256.00949,0
1974-11-19T13:35:01.000Z,255.6905,255.9895,0
1974-11-19T14:32:55.000Z,255.6905,255.9895,0
1974-11-19T15:30:48.000Z,255.6905,255.9895,0
1974-11-19T16:28:58.000Z,255.70048,255.99948,0
1974-11-19T17:26:51.000Z,255.68049,255.97949,0
1974-11-19T18:24:45.000Z,255.6905,255.9895,0
1974-11-19T19:22:38.000Z,255.70048,255.99948,0
1974-11-19T20:20:48.000Z,255.73047,256.02947,0
1974-11-19T21:18:41.000Z,255.70048,255.99948,0
1974-11-19T22:16:35.000Z,255.73047,256.02947,0
1974-11-19T23:14:28.000Z,255.67048,255.96948,0
1974-11-20T00:12:38.000Z,255.67048,255.96948,0
1974-11-20T01:10:31.000Z,255.71049,256.00949,0
1974-11-20T02:08:25.000Z,255.67048,255.96948,0
1974-11-20T03:06:18.000Z,255.67048,255.96948,0
1974-11-20T04:04:28.000Z,255.67048,255.96948,0
1974-11-20T05:02:21.000Z,255.67048,255.96948,0
1974-11-20T06:00:15.000Z,255.67048,255.96948,0
1974-11-20T06:58:08.000Z,255.67048,255.96948,0
1974-11-20T07:56:18.000Z,255.71049,256.00949,0
1974-11-20T08:54:11.000Z,255.68049,255.97949,0
1974-11-20T09:37:36.000Z,255.67048,255.96948,0
1974-11-20T10:35:30.000Z,255.71049,256.00949,0
1974-11-20T11:33:40.000Z,255.74048,256.03948,0
1974-11-20T12:31:33.000Z,255.67048,255.96948,0
1974-11-20T13:29:26.000Z,255.67048,255.96948,0
1974-11-20T14:27:36.000Z,255.71049,256.00949,0
1974-11-20T15:25:30.000Z,255.71049,256.00949,0
1974-11-20T16:08:55.000Z,255.71049,256.00949,0
1974-11-20T17:06:48.000Z,255.71049,256.00949,0
1974-11-20T18:04:41.000Z,255.71049,256.00949,0
1974-11-20T19:02:51.000Z,255.71049,256.00949,0
1974-11-20T20:00:45.000Z,255.71049,256.00949,0
1974-11-20T20:58:38.000Z,255.71049,256.00949,0
1974-11-20T21:56:48.000Z,255.71049,256.00949,0
1974-11-20T22:54:41.000Z,255.71049,256.00949,0
1974-11-20T23:52:35.000Z,255.71049,256.00949,0
1974-11-21T00:50:28.000Z,255.68049,255.97949,0
1974-11-21T01:48:38.000Z,255.71049,256.00949,0
1974-11-21T02:46:31.000Z,255.68099,255.97899,0
1974-11-21T03:44:25.000Z,255.68049,255.97949,0
1974-11-21T04:42:18.000Z,255.71049,256.00949,0
1974-11-21T05:40:28.000Z,255.68049,255.97949,0
1974-11-21T06:38:21.000Z,255.68049,255.97949,0
1974-11-21T07:36:15.000Z,255.68049,255.97949,0
1974-11-21T08:34:08.000Z,255.71099,256.00899,0
1974-11-21T09:32:18.000Z,255.68099,255.97899,0
1974-11-21T10:30:11.000Z,255.68099,255.97899,0
1974-11-21T11:06:30.000Z,255.71049,256.00949,0
1974-11-21T11:20:59.000Z,255.68049,255.97949,0
1974-11-21T11:28:05.000Z,255.68049,255.97949,0
1974-11-21T12:33:20.000Z,255.68099,255.97899,0
1974-11-21T13:31:14.000Z,255.68049,255.97949,0
1974-11-21T14:29:24.000Z,255.68049,255.97949,0
1974-11-21T15:27:17.000Z,255.71099,256.00899,0
1974-11-21T16:25:10.000Z,255.71099,256.00899,0
1974-11-21T17:23:04.000Z,255.71049,256.00949,0
1974-11-21T18:21:14.000Z,255.71099,256.00899,0
1974-11-21T19:19:07.000Z,255.71049,256.00949,0
1974-11-21T20:17:00.000Z,255.71099,256.00899,0
1974-11-21T21:14:54.000Z,255.71049,256.00949,0
1974-11-21T22:13:04.000Z,255.71049,256.00949,0
1974-11-21T23:10:57.000Z,255.71099,256.00899,0
1974-11-22T00:08:51.000Z,255.71099,256.00899,0
1974-11-22T01:06:44.000Z,255.71099,256.00899,0
1974-11-22T02:04:54.000Z,255.71099,256.00899,0
1974-11-22T03:02:47.000Z,255.71099,256.00899,0
1974-11-22T04:00:41.000Z,255.71099,256.00899,0
1974-11-22T04:58:34.000Z,255.71049,256.00949,0
1974-11-22T05:56:44.000Z,255.71099,256.00899,0
1974-11-22T06:54:37.000Z,255.71099,256.00899,0
1974-11-22T07:52:31.000Z,255.71099,256.00899,0
1974-11-22T08:50:40.000Z,255.71099,256.00899,0
1974-11-22T09:48:34.000Z,255.71099,256.00899,0
1974-11-22T10:46:27.000Z,255.71099,256.00899,0
1974-11-22T11:44:21.000Z,255.74098,256.03898,0
1974-11-22T12:42:30.000Z,255.71099,256.00899,0
1974-11-22T13:40:24.000Z,255.74098,256.03898,0
1974-11-22T14:38:17.000Z,255.71099,256.00899,0
1974-11-22T15:36:11.000Z,255.71099,256.00899,0
1974-11-22T16:16:03.000Z,255.74098,256.03898,0
1974-11-22T17:14:12.000Z,255.71099,256.00899,0
1974-11-22T18:12:06.000Z,255.68099,255.97899,0
1974-11-22T19:09:59.000Z,255.74098,256.03898,0
1974-11-22T20:07:53.000Z,255.74098,256.03898,0
1974-11-22T21:06:02.000Z,255.71099,256.00899,0
1974-11-22T22:03:56.000Z,255.68099,255.97899,0
1974-11-22T23:59:43.000Z,255.71099,256.00899,0
1974-11-23T00:57:52.000Z,255.74098,256.03898,0
1974-11-23T01:26:49.000Z,255.71099,256.00899,0
1974-11-23T02:17:37.000Z,255.74098,256.03898,0
1974-11-23T02:39:11.000Z,255.74098,256.03898,0
1974-11-23T03:37:04.000Z,255.74098,256.03898,0
1974-11-23T04:35:14.000Z,255.74098,256.03898,0
1974-11-23T05:33:08.000Z,255.71099,256.00899,0
1974-11-23T06:31:01.000Z,255.74098,256.03898,0
1974-11-23T07:28:54.000Z,255.74098,256.03898,0
1974-11-23T08:27:04.000Z,255.71049,256.00949,0
1974-11-23T09:24:58.000Z,255.74098,256.03898,0
1974-11-23T10:22:51.000Z,255.74098,256.03898,0
1974-11-23T11:21:01.000Z,255.77148,256.06848,0
1974-11-23T12:18:54.000Z,255.71099,256.00899,0
1974-11-23T13:16:48.000Z,255.74098,256.03898,0
1974-11-23T14:14:41.000Z,255.74098,256.03898,0
1974-11-23T15:12:51.000Z,255.74098,256.03898,0
1974-11-23T16:10:44.000Z,255.74148,256.03848,0
1974-11-23T17:08:38.000Z,255.74098,256.03898,0
1974-11-23T18:06:31.000Z,255.74098,256.03898,0
1974-11-23T19:04:41.000Z,255.74098,256.03898,0
1974-11-23T20:02:34.000Z,255.77048,256.06948,0
1974-11-23T21:00:28.000Z,255.74098,256.03898,0
1974-11-23T21:58:21.000Z,255.70098,255.99898,0
1974-11-23T22:56:31.000Z,255.74098,256.03898,0
1974-11-23T23:54:24.000Z,255.74098,256.03898,0
1974-11-24T00:52:18.000Z,255.74098,256.03898,0
1974-11-24T01:50:11.000Z,255.74098,256.03898,0
1974-11-24T02:48:21.000Z,255.74098,256.03898,0
1974-11-24T03:09:55.000Z,255.73998,256.03998,0
1974-11-24T03:31:46.000Z,255.74048,256.03948,0
1974-11-24T03:38:52.000Z,255.74148,256.03848,0
1974-11-24T04:37:02.000Z,255.77098,256.06898,0
1974-11-24T05:34:55.000Z,255.77098,256.06898,0
1974-11-24T06:32:48.000Z,255.71099,256.00899,0
1974-11-24T07:30:58.000Z,255.74098,256.03898,0
1974-11-24T08:28:52.000Z,255.71099,256.00899,0
1974-11-24T09:26:45.000Z,255.71099,256.00899,0
1974-11-24T10:03:04.000Z,255.77098,256.06898,0
1974-11-24T10:46:29.000Z,255.74098,256.03898,0
1974-11-24T11:44:23.000Z,255.77148,256.06848,0
1974-11-24T12:42:16.000Z,255.77098,256.06898,0
1974-11-24T13:40:26.000Z,255.71149,256.00849,0
1974-11-24T14:38:19.000Z,255.74148,256.03848,0
1974-11-24T15:36:13.000Z,255.71099,256.00899,0
1974-11-24T16:27:00.000Z,255.71099,256.00899,0
1974-11-24T17:24:53.000Z,255.71099,256.00899,0
1974-11-24T18:01:13.000Z,255.74148,256.03848,0
1974-11-24T18:15:41.000Z,255.71149,256.00849,0
1974-11-24T18:44:38.000Z,255.74148,256.03848,0
1974-11-24T19:13:34.000Z,255.67148,255.96848,0
1974-11-24T19:49:53.000Z,255.77148,256.06848,0
1974-11-24T20:47:47.000Z,255.71049,256.00949,0
1974-11-24T21:45:40.000Z,255.77098,256.06898,0
1974-11-24T22:43:50.000Z,255.74098,256.03898,0
1974-11-24T23:41:43.000Z,255.71099,256.00899,0
1974-11-25T00:39:37.000Z,255.74098,256.03898,0
1974-11-25T01:37:47.000Z,255.74098,256.03898,0
1974-11-25T02:35:40.000Z,255.71099,256.00899,0
1974-11-25T03:33:33.000Z,255.74098,256.03898,0
1974-11-25T04:31:27.000Z,255.77098,256.06898,0
1974-11-25T05:29:37.000Z,255.71149,256.00849,0
1974-11-25T06:27:30.000Z,255.71099,256.00899,0
1974-11-25T07:25:23.000Z,255.74148,256.03848,0
1974-11-25T08:23:17.000Z,255.77148,256.06848,0
1974-11-25T09:21:27.000Z,255.77148,256.06848,0
1974-11-25T10:19:20.000Z,255.74148,256.03848,0
1974-11-25T11:17:13.000Z,255.71149,256.00849,0
1974-11-25T12:15:07.000Z,255.74098,256.03898,0
1974-11-25T13:13:17.000Z,255.77198,256.06798,0
1974-11-25T14:11:10.000Z,255.71149,256.00849,0
1974-11-25T15:09:03.000Z,255.74148,256.03848,0
1974-11-25T16:14:19.000Z,255.77148,256.06848,0
1974-11-25T16:36:10.000Z,255.74048,256.03948,0
1974-11-25T17:34:03.000Z,255.73097,256.02897,0
1974-11-25T18:31:57.000Z,255.77098,256.06898,0
1974-11-25T19:29:50.000Z,255.74098,256.03898,0
1974-11-25T20:28:00.000Z,255.74148,256.03848,0
1974-11-25T21:25:53.000Z,255.74198,256.03798,0
1974-11-25T22:23:47.000Z,255.74198,256.03798,0
1974-11-25T23:21:40.000Z,255.77148,256.06848,0
1974-11-26T00:19:50.000Z,255.74148,256.03848,0
1974-11-26T01:17:43.000Z,255.74198,256.03798,0
1974-11-26T02:15:37.000Z,255.74148,256.03848,0
1974-11-26T03:13:47.000Z,255.74148,256.03848,0
1974-11-26T04:11:40.000Z,255.70148,255.99848,0
1974-11-26T05:09:33.000Z,255.74148,256.03848,0
1974-11-26T06:07:27.000Z,255.77148,256.06848,0
1974-11-26T07:05:37.000Z,255.74148,256.03848,0
1974-11-26T08:03:30.000Z,255.74148,256.03848,0
1974-11-26T09:01:23.000Z,255.74148,256.03848,0
1974-11-26T09:59:17.000Z,255.77098,256.06898,0
1974-11-26T10:57:27.000Z,255.74148,256.03848,0
1974-11-26T11:55:20.000Z,255.74148,256.03848,0
1974-11-26T12:53:13.000Z,255.77148,256.06848,0
1974-11-26T13:51:07.000Z,255.74148,256.03848,0
1974-11-26T14:49:17.000Z,255.74148,256.03848,0
1974-11-26T15:47:10.000Z,255.74148,256.03848,0
1974-11-26T16:45:03.000Z,255.77098,256.06898,0
1974-11-26T17:43:13.000Z,255.74148,256.03848,0
1974-11-26T18:41:07.000Z,255.74148,256.03848,0
1974-11-26T19:39:00.000Z,255.73147,256.02847,0
1974-11-26T20:36:53.000Z,255.74148,256.03848,0
1974-11-26T21:35:03.000Z,255.70148,255.99848,0
1974-11-26T22:32:57.000Z,255.74148,256.03848,0
1974-11-26T23:59:47.000Z,255.74148,256.03848,0
1974-11-27T00:21:37.000Z,255.77148,256.06848,0
1974-11-27T01:19:31.000Z,255.77148,256.06848,0
1974-11-27T02:17:24.000Z,255.77148,256.06848,0
1974-11-27T03:15:34.000Z,255.74148,256.03848,0
1974-11-27T04:13:27.000Z,255.77148,256.06848,0
1974-11-27T05:11:21.000Z,255.80148,256.09848,0
1974-11-27T06:09:14.000Z,255.77148,256.06848,0
1974-11-27T07:07:24.000Z,255.74148,256.03848,0
1974-11-27T08:05:18.000Z,255.80148,256.09848,0
1974-11-27T09:03:11.000Z,255.77148,256.06848,0
1974-11-27T10:01:21.000Z,255.80148,256.09848,0
1974-11-27T10:59:14.000Z,255.77148,256.06848,0
1974-11-27T11:57:08.000Z,255.74148,256.03848,0
1974-11-27T12:55:01.000Z,255.77148,256.06848,0
1974-11-27T13:53:11.000Z,255.74148,256.03848,0
1974-11-27T14:51:04.000Z,255.74148,256.03848,0
1974-11-27T15:48:58.000Z,255.74148,256.03848,0
1974-11-27T16:46:51.000Z,255.77148,256.06848,0
1974-11-27T17:45:01.000Z,255.71149,256.00849,0
1974-11-27T18:42:54.000Z,255.74148,256.03848,0
1974-11-27T18:57:23.000Z,255.77148,256.06848,0
1974-11-27T19:19:13.000Z,255.74148,256.03848,0
1974-11-27T19:48:10.000Z,255.74148,256.03848,0
1974-11-27T19:55:16.000Z,255.77148,256.06848,0
1974-11-27T20:24:13.000Z,255.74148,256.03848,0
1974-11-27T21:15:00.000Z,255.74148,256.03848,0
1974-11-27T22:12:53.000Z,255.77148,256.06848,0
1974-11-27T22:27:22.000Z,255.80148,256.09848,0
1974-11-27T22:49:13.000Z,255.74148,256.03848,0
1974-11-27T23:58:50.000Z,255.74148,256.03848,0
1974-11-28T00:57:00.000Z,255.74148,256.03848,0
1974-11-28T01:54:54.000Z,255.77148,256.06848,0
1974-11-28T02:52:47.000Z,255.71149,256.00849,0
1974-11-28T03:50:40.000Z,255.74148,256.03848,0
1974-11-28T04:48:50.000Z,255.71149,256.00849,0
1974-11-28T05:46:44.000Z,255.71149,256.00849,0
1974-11-28T06:44:37.000Z,255.74148,256.03848,0
1974-11-28T07:42:47.000Z,255.71149,256.00849,0
1974-11-28T08:40:40.000Z,255.71149,256.00849,0
1974-11-28T09:38:34.000Z,255.71149,256.00849,0
1974-11-28T10:36:27.000Z,255.77148,256.06848,0
1974-11-28T11:34:37.000Z,255.74148,256.03848,0
1974-11-28T12:32:30.000Z,255.74148,256.03848,0
1974-11-28T13:30:24.000Z,255.74148,256.03848,0
1974-11-28T14:28:17.000Z,255.71149,256.00849,0
1974-11-28T15:26:27.000Z,255.78149,256.07849,0
1974-11-28T16:24:20.000Z,255.74148,256.03848,0
1974-11-28T17:22:14.000Z,255.77148,256.06848,0
1974-11-28T18:20:07.000Z,255.78149,256.07849,0
1974-11-28T19:25:23.000Z,255.74148,256.03848,0
1974-11-28T19:39:51.000Z,255.74148,256.03848,0
1974-11-28T20:16:10.000Z,255.74148,256.03848,0
1974-11-28T21:21:26.000Z,255.74148,256.03848,0
1974-11-28T22:19:19.000Z,255.74148,256.03848,0
1974-11-28T22:41:10.000Z,255.74148,256.03848,0
1974-11-28T22:55:39.000Z,255.77148,256.06848,0
1974-11-29T00:44:19.000Z,255.71149,256.00849,0
1974-11-29T01:27:44.000Z,255.74148,256.03848,0
1974-11-29T01:56:41.000Z,255.74148,256.03848,0
1974-11-29T03:01:57.000Z,255.74148,256.03848,0
1974-11-29T03:59:50.000Z,255.74148,256.03848,0
1974-11-29T04:57:44.000Z,255.74148,256.03848,0
1974-11-29T05:55:54.000Z,255.74148,256.03848,0
1974-11-29T06:53:47.000Z,255.74148,256.03848,0
1974-11-29T07:51:40.000Z,255.74148,256.03848,0
1974-11-29T08:49:34.000Z,255.74148,256.03848,0
1974-11-29T09:47:44.000Z,255.74148,256.03848,0
1974-11-29T10:45:37.000Z,255.74148,256.03848,0
1974-11-29T11:43:30.000Z,255.74148,256.03848,0
1974-11-29T18:16:43.000Z,255.71149,256.00849,0
1974-11-29T19:14:37.000Z,255.71149,256.00849,0
1974-11-29T20:19:53.000Z,255.68149,255.97849,0
1974-11-29T20:41:27.000Z,255.67148,255.96848,0
1974-11-29T20:55:55.000Z,255.71149,256.00849,0
1974-11-29T21:17:46.000Z,255.71149,256.00849,0
1974-11-29T22:30:08.000Z,255.71149,256.00849,0
1974-11-29T23:42:46.000Z,255.71149,256.00849,0
1974-11-29T23:49:52.000Z,255.74148,256.03848,0
1974-11-30T00:26:11.000Z,255.71149,256.00849,0
1974-11-30T01:16:58.000Z,255.67148,255.96848,0
1974-11-30T02:00:23.000Z,255.74148,256.03848,0
1974-11-30T02:29:20.000Z,255.74148,256.03848,0
1974-11-30T02:58:17.000Z,255.71149,256.00849,0
1974-11-30T03:12:45.000Z,255.68199,255.97799,0
1974-11-30T04:03:33.000Z,255.71149,256.00849,0
1974-11-30T05:01:26.000Z,255.71149,256.00849,0
1974-11-30T06:13:48.000Z,255.74148,256.03848,0
1974-11-30T07:11:58.000Z,255.68149,255.97849,0
1974-11-30T08:09:51.000Z,255.71149,256.00849,0
1974-11-30T09:07:44.000Z,255.68149,255.97849,0
1974-11-30T10:05:38.000Z,255.71149,256.00849,0
1974-11-30T11:03:48.000Z,255.68149,255.97849,0
1974-11-30T12:01:41.000Z,255.74148,256.03848,0
1974-11-30T12:59:34.000Z,255.71149,256.00849,0
1974-11-30T13:57:44.000Z,255.68149,255.97849,0
1974-11-30T14:55:38.000Z,255.68149,255.97849,0
1974-11-30T15:53:31.000Z,255.71149,256.00849,0
1974-11-30T16:51:24.000Z,255.68149,255.97849,0
1974-11-30T17:49:34.000Z,255.71149,256.00849,0
1974-11-30T18:47:28.000Z,255.68149,255.97849,0
1974-11-30T19:45:21.000Z,255.71149,256.00849,0
1974-11-30T20:36:08.000Z,255.74148,256.03848,0
1974-11-30T21:26:56.000Z,255.74148,256.03848,0
1974-11-30T22:24:49.000Z,255.71149,256.00849,0
1974-11-30T23:22:43.000Z,255.71149,256.00849,0
1974-12-01T00:06:08.000Z,255.64148,255.93848,0
1974-12-01T01:04:17.000Z,255.74198,256.03798,0
1974-12-01T02:02:11.000Z,255.71149,256.00849,0
1974-12-01T03:00:04.000Z,255.71199,256.00799,0
1974-12-01T03:57:58.000Z,255.68149,255.97849,0
1974-12-01T04:56:07.000Z,255.74198,256.03798,0
1974-12-01T05:54:01.000Z,255.71149,256.00849,0
1974-12-01T06:30:20.000Z,255.74148,256.03848,0
1974-12-01T07:49:48.000Z,255.68149,255.97849,0
1974-12-01T08:19:01.000Z,255.71149,256.00849,0
1974-12-01T09:16:54.000Z,255.74148,256.03848,0
1974-12-01T09:38:29.000Z,255.68199,255.97799,0
1974-12-01T10:14:48.000Z,255.74148,256.03848,0
1974-12-01T10:22:10.000Z,255.71199,256.00799,0
1974-12-01T11:05:35.000Z,255.74198,256.03798,0
1974-12-01T11:41:38.000Z,255.68149,255.97849,0
1974-12-01T12:39:48.000Z,255.71149,256.00849,0
1974-12-01T13:37:41.000Z,255.74148,256.03848,0
1974-12-01T14:35:34.000Z,255.71199,256.00799,0
1974-12-01T15:33:44.000Z,255.74198,256.03798,0
1974-12-01T16:31:38.000Z,255.74148,256.03848,0
1974-12-01T17:29:31.000Z,255.77198,256.06798,0
1974-12-01T18:27:24.000Z,255.74198,256.03798,0
1974-12-01T19:25:34.000Z,255.74198,256.03798,0
1974-12-01T20:23:28.000Z,255.74198,256.03798,0
1974-12-01T21:14:15.000Z,255.74148,256.03848,0
1974-12-01T22:19:14.000Z,255.71199,256.00799,0
1974-12-01T22:55:33.000Z,255.77148,256.06848,0
1974-12-01T23:17:24.000Z,255.74148,256.03848,0
1974-12-01T23:53:27.000Z,255.71199,256.00799,0
1974-12-02T00:44:14.000Z,255.71199,256.00799,0
1974-12-02T01:42:08.000Z,255.67198,255.96798,0
1974-12-02T02:32:55.000Z,255.71199,256.00799,0
1974-12-02T03:01:52.000Z,255.71199,256.00799,0
1974-12-02T03:59:45.000Z,255.71199,256.00799,0
1974-12-02T04:21:36.000Z,255.74198,256.03798,0
1974-12-02T04:28:58.000Z,255.74148,256.03848,0
1974-12-02T05:05:01.000Z,255.71149,256.00849,0
1974-12-02T05:19:29.000Z,255.71199,256.00799,0
1974-12-02T05:33:58.000Z,255.71199,256.00799,0
1974-12-02T06:32:07.000Z,255.71149,256.00849,0
1974-12-02T07:30:01.000Z,255.71149,256.00849,0
1974-12-02T08:27:54.000Z,255.71199,256.00799,0
1974-12-02T09:25:48.000Z,255.71199,256.00799,0
1974-12-02T10:23:58.000Z,255.71149,256.00849,0
1974-12-02T10:52:54.000Z,255.67198,255.96798,0
1974-12-02T11:50:48.000Z,255.71149,256.00849,0
1974-12-02T12:48:41.000Z,255.71199,256.00799,0
1974-12-02T13:46:51.000Z,255.71199,256.00799,0
1974-12-02T14:44:44.000Z,255.71199,256.00799,0
1974-12-02T15:42:38.000Z,255.67148,255.96848,0
1974-12-02T16:40:31.000Z,255.71199,256.00799,0
1974-12-02T17:38:41.000Z,255.71199,256.00799,0
1974-12-02T18:36:34.000Z,255.71199,256.00799,0
1974-12-02T19:34:28.000Z,255.67198,255.96798,0
1974-12-02T20:32:21.000Z,255.70198,255.99798,0
1974-12-02T21:30:31.000Z,255.77198,256.06798,0
1974-12-02T22:28:24.000Z,255.74198,256.03798,0
1974-12-02T23:11:49.000Z,255.70198,255.99798,0
1974-12-02T23:33:40.000Z,255.70198,255.99798,0
1974-12-03T00:09:43.000Z,255.67198,255.96798,0
1974-12-03T00:38:56.000Z,255.70198,255.99798,0
1974-12-03T00:53:24.000Z,255.74198,256.03798,0
1974-12-03T01:14:59.000Z,255.73197,256.02797,0
1974-12-03T01:43:55.000Z,255.71199,256.00799,0
1974-12-03T01:58:24.000Z,255.70148,255.99848,0
1974-12-03T02:50:00.000Z,255.70148,255.99848,0
1974-12-03T03:11:51.000Z,255.73147,256.02847,0
1974-12-03T03:55:16.000Z,255.67198,255.96798,0
1974-12-03T04:09:44.000Z,255.70198,255.99798,0
1974-12-03T04:24:13.000Z,255.77198,256.06798,0
1974-12-03T04:31:35.000Z,255.73197,256.02797,0
1974-12-03T04:53:09.000Z,255.73147,256.02847,0
1974-12-03T05:15:00.000Z,255.70198,255.99798,0
1974-12-03T05:29:28.000Z,255.73197,256.02797,0
1974-12-03T06:27:22.000Z,255.73197,256.02797,0
1974-12-03T07:25:32.000Z,255.73197,256.02797,0
1974-12-03T08:23:25.000Z,255.73197,256.02797,0
1974-12-03T09:21:18.000Z,255.73197,256.02797,0
1974-12-03T10:12:06.000Z,255.692,255.988,0
1974-12-03T11:09:59.000Z,255.68199,255.97799,0
1974-12-03T12:07:53.000Z,255.7215,256.0185,0
1974-12-03T12:22:37.000Z,255.722,256.018,0
1974-12-03T13:20:31.000Z,255.71199,256.00799,0
1974-12-03T14:18:24.000Z,255.68199,255.97799,0
1974-12-03T15:16:18.000Z,255.75149,256.04849,0
1974-12-03T16:14:27.000Z,255.70198,255.99798,0
1974-12-03T17:12:21.000Z,255.70198,255.99798,0
1974-12-03T18:10:14.000Z,255.75199,256.04799,0
1974-12-03T19:08:08.000Z,255.722,256.018,0
1974-12-03T20:06:17.000Z,255.70198,255.99798,0
1974-12-03T21:04:11.000Z,255.71199,256.00799,0
1974-12-03T22:02:04.000Z,255.73197,256.02797,0
1974-12-03T22:59:58.000Z,255.68199,255.97799,0
1974-12-03T23:58:07.000Z,255.692,255.988,0
1974-12-04T00:56:01.000Z,255.70198,255.99798,0
1974-12-04T01:53:54.000Z,255.73197,256.02797,0
1974-12-04T02:51:48.000Z,255.722,256.018,0
1974-12-04T03:49:57.000Z,255.722,256.018,0
1974-12-04T04:47:51.000Z,255.75199,256.04799,0
1974-12-04T05:45:44.000Z,255.71199,256.00799,0
1974-12-04T06:43:54.000Z,255.70198,255.99798,0
1974-12-04T07:27:19.000Z,255.70198,255.99798,0
1974-12-04T08:25:13.000Z,255.70198,255.99798,0
1974-12-04T09:23:06.000Z,255.70198,255.99798,0
1974-12-04T10:21:16.000Z,255.73197,256.02797,0
1974-12-04T11:19:09.000Z,255.722,256.018,0
1974-12-04T12:17:03.000Z,255.692,255.988,0
1974-12-04T13:14:56.000Z,255.722,256.018,0
1974-12-04T14:13:06.000Z,255.722,256.018,0
1974-12-04T15:10:59.000Z,255.722,256.018,0
1974-12-04T16:08:53.000Z,255.722,256.018,0
1974-12-04T17:06:46.000Z,255.75199,256.04799,0
1974-12-04T18:04:56.000Z,255.692,255.988,0
1974-12-04T19:02:49.000Z,255.722,256.018,0
1974-12-04T20:00:43.000Z,255.722,256.018,0
1974-12-04T20:58:36.000Z,255.75199,256.04799,0
1974-12-04T21:56:46.000Z,255.75199,256.04799,0
1974-12-04T22:54:39.000Z,255.68199,255.97799,0
1974-12-04T23:59:55.000Z,255.75199,256.04799,0
1974-12-05T00:57:48.000Z,255.71199,256.00799,0
1974-12-05T01:55:42.000Z,255.71199,256.00799,0
1974-12-05T07:29:07.000Z,255.71199,256.00799,0
1974-12-05T08:27:00.000Z,255.71199,256.00799,0
1974-12-05T09:24:53.000Z,255.70198,255.99798,0
1974-12-05T10:30:09.000Z,255.67198,255.96798,0
1974-12-05T11:28:03.000Z,255.73197,256.02797,0
1974-12-05T12:11:44.000Z,255.74198,256.03798,0
1974-12-05T12:33:18.000Z,255.67198,255.96798,0
1974-12-05T13:31:12.000Z,255.70198,255.99798,0
1974-12-05T14:00:25.000Z,255.70198,255.99798,0
1974-12-05T14:29:22.000Z,255.73197,256.02797,0
1974-12-05T14:36:28.000Z,255.74198,256.03798,0
1974-12-05T15:34:21.000Z,255.73197,256.02797,0
1974-12-05T16:32:31.000Z,255.73197,256.02797,0
1974-12-05T17:30:24.000Z,255.692,255.988,0
1974-12-05T18:28:18.000Z,255.73197,256.02797,0
1974-12-05T19:26:11.000Z,255.73197,256.02797,0
1974-12-05T20:24:21.000Z,255.73197,256.02797,0
1974-12-05T21:22:14.000Z,255.73197,256.02797,0
1974-12-05T22:20:08.000Z,255.74198,256.03798,0
1974-12-05T23:18:17.000Z,255.73197,256.02797,0
1974-12-06T00:16:11.000Z,255.73197,256.02797,0
1974-12-06T01:14:04.000Z,255.73197,256.02797,0
1974-12-06T02:04:52.000Z,255.73197,256.02797,0
1974-12-06T03:02:45.000Z,255.73197,256.02797,0
1974-12-06T04:00:38.000Z,255.692,255.988,0
1974-12-06T04:58:48.000Z,255.692,255.988,0
1974-12-06T05:56:42.000Z,255.692,255.988,0
1974-12-06T06:54:35.000Z,255.722,256.018,0
1974-12-06T07:52:28.000Z,255.722,256.018,0
1974-12-06T08:50:38.000Z,255.722,256.018,0
1974-12-06T09:05:07.000Z,255.75199,256.04799,0
1974-12-06T09:41:09.000Z,255.722,256.018,0
1974-12-06T09:55:38.000Z,255.692,255.988,0
1974-12-06T10:53:47.000Z,255.692,255.988,0
1974-12-06T11:51:41.000Z,255.722,256.018,0
1974-12-06T12:35:06.000Z,255.75199,256.04799,0
1974-12-06T13:32:59.000Z,255.71199,256.00799,0
1974-12-06T14:31:09.000Z,255.75199,256.04799,0
1974-12-06T15:00:06.000Z,255.722,256.018,0
1974-12-06T15:57:59.000Z,255.68199,255.97799,0
1974-12-06T17:03:15.000Z,255.71199,256.00799,0
1974-12-06T17:24:49.000Z,255.65199,255.94799,0
1974-12-06T18:22:59.000Z,255.722,256.018,0
1974-12-06T19:20:53.000Z,255.75199,256.04799,0
1974-12-06T20:18:46.000Z,255.71199,256.00799,0
1974-12-06T21:16:39.000Z,255.71199,256.00799,0
1974-12-06T22:14:49.000Z,255.75199,256.04799,0
1974-12-06T23:12:43.000Z,255.71199,256.00799,0
1974-12-07T00:10:36.000Z,255.71199,256.00799,0
1974-12-07T01:08:46.000Z,255.75199,256.04799,0
1974-12-07T02:28:14.000Z,255.75199,256.04799,0
1974-12-07T02:50:04.000Z,255.71199,256.00799,0
1974-12-07T03:04:33.000Z,255.68199,255.97799,0
1974-12-07T03:33:29.000Z,255.75199,256.04799,0
1974-12-07T04:09:48.000Z,255.71199,256.00799,0
1974-12-07T04:31:23.000Z,255.722,256.018,0
1974-12-07T04:46:07.000Z,255.75199,256.04799,0
1974-12-07T04:53:13.000Z,255.75199,256.04799,0
1974-12-07T05:15:04.000Z,255.75199,256.04799,0
1974-12-07T06:34:32.000Z,255.71199,256.00799,0
1974-12-07T06:49:17.000Z,255.71199,256.00799,0
1974-12-07T07:18:13.000Z,255.71199,256.00799,0
1974-12-07T07:39:48.000Z,255.68199,255.97799,0
1974-12-07T08:23:13.000Z,255.71199,256.00799,0
1974-12-07T08:59:32.000Z,255.71199,256.00799,0
1974-12-07T09:35:51.000Z,255.71199,256.00799,0
1974-12-07T10:04:48.000Z,255.71199,256.00799,0
1974-12-07T10:19:16.000Z,255.75199,256.04799,0
1974-12-07T11:02:41.000Z,255.68199,255.97799,0
1974-12-07T11:39:00.000Z,255.71199,256.00799,0
1974-12-07T12:07:57.000Z,255.71199,256.00799,0
1974-12-07T12:15:19.000Z,255.68199,255.97799,0
1974-12-07T12:51:22.000Z,255.71199,256.00799,0
1974-12-07T13:05:50.000Z,255.74198,256.03798,0
1974-12-07T14:04:00.000Z,255.68199,255.97799,0
1974-12-07T15:01:53.000Z,255.68199,255.97799,0
1974-12-07T15:59:47.000Z,255.74198,256.03798,0
1974-12-07T16:57:40.000Z,255.74198,256.03798,0
1974-12-07T17:55:50.000Z,255.71199,256.00799,0
1974-12-07T18:53:43.000Z,255.74198,256.03798,0
1974-12-07T19:51:37.000Z,255.68199,255.97799,0
1974-12-07T20:49:30.000Z,255.74198,256.03798,0
1974-12-07T21:47:40.000Z,255.71199,256.00799,0
1974-12-07T22:45:33.000Z,255.71199,256.00799,0
1974-12-07T23:43:27.000Z,255.74198,256.03798,0
1974-12-08T00:41:20.000Z,255.71199,256.00799,0
1974-12-08T01:39:30.000Z,255.74198,256.03798,0
1974-12-08T02:37:23.000Z,255.71199,256.00799,0
1974-12-08T03:35:17.000Z,255.71199,256.00799,0
1974-12-08T04:33:10.000Z,255.71199,256.00799,0
1974-12-08T05:31:20.000Z,255.74198,256.03798,0
1974-12-08T06:29:13.000Z,255.71199,256.00799,0
1974-12-08T07:27:07.000Z,255.74198,256.03798,0
1974-12-08T08:25:00.000Z,255.71199,256.00799,0
1974-12-08T09:08:42.000Z,255.74198,256.03798,0
1974-12-08T09:44:44.000Z,255.71199,256.00799,0
1974-12-08T10:28:26.000Z,255.74198,256.03798,0
1974-12-08T10:35:32.000Z,255.74198,256.03798,0
1974-12-08T10:50:00.000Z,255.74198,256.03798,0
1974-12-08T11:47:54.000Z,255.68199,255.97799,0
1974-12-08T12:46:03.000Z,255.71199,256.00799,0
1974-12-08T13:43:57.000Z,255.71199,256.00799,0
1974-12-08T14:41:50.000Z,255.74198,256.03798,0
1974-12-08T15:39:44.000Z,255.71199,256.00799,0
1974-12-08T16:37:53.000Z,255.71199,256.00799,0
1974-12-08T17:35:47.000Z,255.74198,256.03798,0
1974-12-08T18:33:40.000Z,255.74198,256.03798,0
1974-12-08T19:31:34.000Z,255.74198,256.03798,0
1974-12-08T20:29:43.000Z,255.74198,256.03798,0
1974-12-08T21:27:37.000Z,255.70198,255.99798,0
1974-12-08T22:25:30.000Z,255.74198,256.03798,0
1974-12-08T23:59:43.000Z,255.662,255.958,0
1974-12-09T00:57:36.000Z,255.74198,256.03798,0
1974-12-09T01:55:46.000Z,255.74198,256.03798,0
1974-12-09T02:53:39.000Z,255.74198,256.03798,0
1974-12-09T03:51:33.000Z,255.74198,256.03798,0
1974-12-09T04:49:42.000Z,255.74198,256.03798,0
1974-12-09T05:47:36.000Z,255.70198,255.99798,0
1974-12-09T06:45:29.000Z,255.76197,256.05797,0
1974-12-09T07:43:23.000Z,255.74198,256.03798,0
1974-12-09T08:41:32.000Z,255.70198,255.99798,0
1974-12-09T09:32:04.000Z,255.74198,256.03798,0
1974-12-09T10:30:13.000Z,255.76197,256.05797,0
1974-12-09T11:28:07.000Z,255.74198,256.03798,0
1974-12-09T12:26:00.000Z,255.70198,255.99798,0
1974-12-09T13:23:54.000Z,255.73197,256.02797,0
1974-12-09T14:22:03.000Z,255.722,256.018,0
1974-12-09T15:32:30.000Z,255.73197,256.02797,0
1974-12-09T16:30:40.000Z,255.70198,255.99798,0
1974-12-09T17:28:34.000Z,255.73197,256.02797,0
1974-12-09T18:26:27.000Z,255.692,255.988,0
1974-12-09T19:24:20.000Z,255.76197,256.05797,0
1974-12-09T20:22:30.000Z,255.76197,256.05797,0
1974-12-09T21:20:24.000Z,255.73197,256.02797,0
1974-12-09T22:18:17.000Z,255.692,255.988,0
1974-12-09T23:16:10.000Z,255.73197,256.02797,0
1974-12-10T05:11:10.000Z,255.76197,256.05797,0
1974-12-10T06:09:19.000Z,255.73247,256.02747,0
1974-12-10T07:07:13.000Z,255.73197,256.02797,0
1974-12-10T08:05:06.000Z,255.76197,256.05797,0
1974-12-10T09:03:16.000Z,255.722,256.018,0
1974-12-10T10:01:09.000Z,255.6925,255.9875,0
1974-12-10T10:59:03.000Z,255.722,256.018,0
1974-12-10T11:56:56.000Z,255.76197,256.05797,0
1974-12-10T12:55:06.000Z,255.662,255.958,0
1974-12-10T13:52:59.000Z,255.73197,256.02797,0
1974-12-10T14:43:47.000Z,255.722,256.018,0
1974-12-10T15:41:40.000Z,255.722,256.018,0
1974-12-10T16:39:34.000Z,255.692,255.988,0
1974-12-10T17:37:27.000Z,255.722,256.018,0
1974-12-10T18:35:37.000Z,255.722,256.018,0
1974-12-10T19:33:30.000Z,255.722,256.018,0
1974-12-10T20:31:24.000Z,255.76197,256.05797,0
1974-12-10T21:29:17.000Z,255.692,255.988,0
1974-12-10T22:27:27.000Z,255.692,255.988,0
1974-12-10T23:25:20.000Z,255.7225,256.0175,0
1974-12-11T00:23:14.000Z,255.722,256.018,0
1974-12-11T01:21:07.000Z,255.722,256.018,0
1974-12-11T02:19:17.000Z,255.76197,256.05797,0
1974-12-11T03:17:10.000Z,255.7225,256.0175,0
1974-12-11T04:15:04.000Z,255.75199,256.04799,0
1974-12-11T05:20:20.000Z,255.722,256.018,0
1974-12-11T06:25:35.000Z,255.722,256.018,0
1974-12-11T07:23:29.000Z,255.722,256.018,0
1974-12-11T08:21:22.000Z,255.73197,256.02797,0
1974-12-11T09:19:32.000Z,255.722,256.018,0
1974-12-11T10:17:25.000Z,255.76197,256.05797,0
1974-12-11T11:15:19.000Z,255.722,256.018,0
1974-12-11T12:13:12.000Z,255.722,256.018,0
1974-12-11T13:11:22.000Z,255.722,256.018,0
1974-12-11T14:09:15.000Z,255.722,256.018,0
1974-12-11T15:07:09.000Z,255.722,256.018,0
1974-12-11T16:04:13.000Z,255.722,256.018,0
1974-12-11T17:02:06.000Z,255.722,256.018,0
1974-12-11T18:00:16.000Z,255.722,256.018,0
1974-12-11T18:58:10.000Z,255.722,256.018,0
1974-12-11T19:56:03.000Z,255.75199,256.04799,0
1974-12-11T20:53:56.000Z,255.75199,256.04799,0
1974-12-11T21:52:06.000Z,255.722,256.018,0
1974-12-11T22:50:00.000Z,255.7225,256.0175,0
1974-12-11T23:47:53.000Z,255.7225,256.0175,0
1974-12-12T00:45:46.000Z,255.75249,256.04749,0
1974-12-12T01:43:56.000Z,255.75249,256.04749,0
1974-12-12T07:31:33.000Z,255.722,256.018,0
1974-12-12T08:29:43.000Z,255.722,256.018,0
1974-12-12T09:27:36.000Z,255.75199,256.04799,0
1974-12-12T10:25:30.000Z,255.722,256.018,0
1974-12-12T11:23:23.000Z,255.722,256.018,0
1974-12-12T12:21:33.000Z,255.75249,256.04749,0
1974-12-12T13:19:26.000Z,255.75199,256.04799,0
1974-12-12T14:17:20.000Z,255.75199,256.04799,0
1974-12-12T15:15:13.000Z,255.722,256.018,0
1974-12-16T15:04:22.000Z,255.73247,256.02747,0
1974-12-16T16:45:40.000Z,255.73247,256.02747,0
1974-12-16T17:30:11.000Z,255.73197,256.02797,0
1974-12-16T18:28:04.000Z,255.77248,256.06748,0
1974-12-16T19:26:14.000Z,255.70198,255.99798,0
1974-12-16T20:24:07.000Z,255.74248,256.03748,0
1974-12-16T21:22:01.000Z,255.74248,256.03748,0
1974-12-16T22:19:54.000Z,255.74248,256.03748,0
1974-12-16T23:18:04.000Z,255.71249,256.00749,0
1974-12-17T00:01:29.000Z,255.70198,255.99798,0
1974-12-17T00:59:23.000Z,255.70248,255.99748,0
1974-12-17T01:57:16.000Z,255.73247,256.02747,0
1974-12-17T02:55:26.000Z,255.70248,255.99748,0
1974-12-17T03:53:19.000Z,255.77198,256.06798,0
1974-12-17T04:51:13.000Z,255.70248,255.99748,0
1974-12-17T05:49:06.000Z,255.77198,256.06798,0
1974-12-17T06:47:16.000Z,255.73197,256.02797,0
1974-12-17T07:45:09.000Z,255.77248,256.06748,0
1974-12-17T08:43:03.000Z,255.74248,256.03748,0
1974-12-17T09:40:56.000Z,255.77198,256.06798,0
1974-12-17T10:31:43.000Z,255.76197,256.05797,0
1974-12-17T11:29:37.000Z,255.73197,256.02797,0
1974-12-17T12:27:47.000Z,255.73247,256.02747,0
1974-12-17T13:25:40.000Z,255.77198,256.06798,0
1974-12-17T14:23:33.000Z,255.73247,256.02747,0
1974-12-17T15:21:27.000Z,255.70248,255.99748,0
1974-12-17T16:19:37.000Z,255.73247,256.02747,0
1974-12-17T17:17:30.000Z,255.7225,256.0175,0
1974-12-17T18:15:23.000Z,255.73247,256.02747,0
1974-12-17T19:13:17.000Z,255.73197,256.02797,0
1974-12-17T20:11:27.000Z,255.73247,256.02747,0
1974-12-17T21:09:20.000Z,255.76247,256.05747,0
1974-12-17T22:07:13.000Z,255.73247,256.02747,0
1974-12-17T23:05:07.000Z,255.73247,256.02747,0
1974-12-18T00:03:17.000Z,255.73247,256.02747,0
1974-12-18T01:01:10.000Z,255.73247,256.02747,0
1974-12-18T01:59:03.000Z,255.73247,256.02747,0
1974-12-18T02:57:13.000Z,255.73247,256.02747,0
1974-12-18T03:55:07.000Z,255.77248,256.06748,0
1974-12-18T04:53:00.000Z,255.73247,256.02747,0
1974-12-18T05:50:54.000Z,255.73247,256.02747,0
1974-12-18T06:49:03.000Z,255.73247,256.02747,0
1974-12-18T07:46:57.000Z,255.73247,256.02747,0
1974-12-18T08:44:50.000Z,255.73247,256.02747,0
1974-12-18T09:42:44.000Z,255.73247,256.02747,0
1974-12-18T10:47:59.000Z,255.7225,256.0175,0
1974-12-18T10:55:22.000Z,255.73247,256.02747,0
1974-12-18T11:53:15.000Z,255.73247,256.02747,0
1974-12-18T12:51:08.000Z,255.73247,256.02747,0
1974-12-18T13:49:02.000Z,255.73247,256.02747,0
1974-12-18T14:47:12.000Z,255.73247,256.02747,0
1974-12-18T15:45:05.000Z,255.73247,256.02747,0
1974-12-18T16:42:59.000Z,255.70248,255.99748,0
1974-12-18T17:41:08.000Z,255.77248,256.06748,0
1974-12-18T18:39:02.000Z,255.70198,255.99798,0
1974-12-18T19:36:55.000Z,255.70248,255.99748,0
1974-12-18T20:34:49.000Z,255.71249,256.00749,0
1974-12-18T21:11:08.000Z,255.75249,256.04749,0
1974-12-18T22:09:01.000Z,255.74248,256.03748,0
1974-12-18T22:52:26.000Z,255.71249,256.00749,0
1974-12-18T23:50:36.000Z,255.70248,255.99748,0
1974-12-19T00:48:29.000Z,255.7225,256.0175,0
1974-12-19T01:46:23.000Z,255.73247,256.02747,0
1974-12-19T02:44:16.000Z,255.75199,256.04799,0
1974-12-19T03:42:26.000Z,255.75199,256.04799,0
1974-12-19T04:47:42.000Z,255.76247,256.05747,0
1974-12-19T05:45:35.000Z,255.692,255.988,0
1974-12-19T06:43:28.000Z,255.73247,256.02747,0
1974-12-19T07:41:22.000Z,255.76197,256.05797,0
1974-12-19T08:39:32.000Z,255.692,255.988,0
1974-12-19T09:37:25.000Z,255.73197,256.02797,0
1974-12-19T10:35:18.000Z,255.73247,256.02747,0
1974-12-19T11:33:12.000Z,255.73197,256.02797,0
1974-12-19T12:31:22.000Z,255.73197,256.02797,0
1974-12-19T13:29:15.000Z,255.73197,256.02797,0
1974-12-19T14:27:08.000Z,255.70198,255.99798,0
1974-12-19T15:25:02.000Z,255.70198,255.99798,0
1974-12-19T16:23:12.000Z,255.74248,256.03748,0
1974-12-19T17:21:05.000Z,255.71249,256.00749,0
1974-12-19T18:18:59.000Z,255.67248,255.96748,0
1974-12-19T19:24:14.000Z,255.67248,255.96748,0
1974-12-19T19:31:37.000Z,255.70248,255.99748,0
1974-12-19T21:05:33.000Z,255.67248,255.96748,0
1974-12-19T22:03:43.000Z,255.67248,255.96748,0
1974-12-19T23:01:36.000Z,255.71249,256.00749,0
1974-12-19T23:59:29.000Z,255.71249,256.00749,0
1974-12-20T00:57:39.000Z,255.71249,256.00749,0
1974-12-20T01:55:33.000Z,255.74248,256.03748,0
1974-12-20T02:53:26.000Z,255.74248,256.03748,0
1974-12-20T03:51:19.000Z,255.67248,255.96748,0
1974-12-20T04:49:29.000Z,255.74248,256.03748,0
1974-12-20T05:47:23.000Z,255.74248,256.03748,0
1974-12-20T06:45:16.000Z,255.71249,256.00749,0
1974-12-20T07:43:09.000Z,255.71249,256.00749,0
1974-12-20T08:41:19.000Z,255.74248,256.03748,0
1974-12-20T09:39:13.000Z,255.74248,256.03748,0
1974-12-20T10:37:06.000Z,255.71249,256.00749,0
1974-12-20T11:34:59.000Z,255.74248,256.03748,0
1974-12-20T12:33:09.000Z,255.77248,256.06748,0
1974-12-20T13:31:03.000Z,255.77248,256.06748,0
1974-12-20T14:28:56.000Z,255.71249,256.00749,0
1974-12-20T15:53:19.000Z,255.74248,256.03748,0
1974-12-20T16:51:12.000Z,255.74248,256.03748,0
1974-12-20T17:49:05.000Z,255.77248,256.06748,0
1974-12-20T18:46:59.000Z,255.74248,256.03748,0
1974-12-20T19:45:09.000Z,255.74248,256.03748,0
1974-12-20T20:43:02.000Z,255.74248,256.03748,0
1974-12-20T21:40:55.000Z,255.74248,256.03748,0
1974-12-20T22:38:49.000Z,255.74248,256.03748,0
1974-12-20T23:36:59.000Z,255.74248,256.03748,0
1974-12-21T00:05:55.000Z,255.74248,256.03748,0
1974-12-21T01:03:49.000Z,255.74248,256.03748,0
1974-12-21T02:01:42.000Z,255.74248,256.03748,0
1974-12-21T02:52:30.000Z,255.74248,256.03748,0
1974-12-21T03:57:45.000Z,255.77248,256.06748,0
1974-12-21T04:55:39.000Z,255.77248,256.06748,0
1974-12-21T05:46:26.000Z,255.74248,256.03748,0
1974-12-21T06:22:45.000Z,255.77248,256.06748,0
1974-12-21T06:58:48.000Z,255.74248,256.03748,0
1974-12-21T07:27:45.000Z,255.74248,256.03748,0
1974-12-21T07:49:35.000Z,255.77248,256.06748,0
1974-12-21T08:11:26.000Z,255.74248,256.03748,0
1974-12-21T09:09:20.000Z,255.77248,256.06748,0
1974-12-21T10:07:13.000Z,255.77248,256.06748,0
1974-12-21T11:05:06.000Z,255.74248,256.03748,0
1974-12-21T12:03:16.000Z,255.77248,256.06748,0
1974-12-21T13:01:10.000Z,255.71249,256.00749,0
1974-12-21T13:59:03.000Z,255.74248,256.03748,0
1974-12-21T14:56:56.000Z,255.71249,256.00749,0
1974-12-21T15:55:06.000Z,255.74248,256.03748,0
1974-12-21T16:53:00.000Z,255.71249,256.00749,0
1974-12-21T17:50:53.000Z,255.71249,256.00749,0
1974-12-21T18:48:46.000Z,255.71249,256.00749,0
1974-12-21T19:46:56.000Z,255.71249,256.00749,0
1974-12-21T20:44:50.000Z,255.77248,256.06748,0
1974-12-21T21:42:43.000Z,255.71249,256.00749,0
1974-12-21T22:40:53.000Z,255.71249,256.00749,0
1974-12-21T23:38:46.000Z,255.74248,256.03748,0
1974-12-22T00:36:40.000Z,255.71249,256.00749,0
1974-12-22T01:34:33.000Z,255.71249,256.00749,0
1974-12-22T02:32:43.000Z,255.71249,256.00749,0
1974-12-22T03:30:36.000Z,255.71249,256.00749,0
1974-12-22T04:28:30.000Z,255.71249,256.00749,0
1974-12-22T05:26:23.000Z,255.71249,256.00749,0
1974-12-22T06:24:33.000Z,255.77248,256.06748,0
1974-12-22T07:22:26.000Z,255.71199,256.00799,0
1974-12-22T08:20:20.000Z,255.71249,256.00749,0
1974-12-22T09:18:13.000Z,255.71249,256.00749,0
1974-12-22T10:16:23.000Z,255.74248,256.03748,0
1974-12-22T10:59:48.000Z,255.74298,256.03698,0
1974-12-22T11:57:41.000Z,255.74248,256.03748,0
1974-12-22T12:55:35.000Z,255.71249,256.00749,0
1974-12-22T13:53:45.000Z,255.74248,256.03748,0
1974-12-22T14:51:38.000Z,255.71249,256.00749,0
1974-12-22T15:49:31.000Z,255.71249,256.00749,0
1974-12-22T16:47:25.000Z,255.74248,256.03748,0
1974-12-22T17:45:35.000Z,255.74298,256.03698,0
1974-12-22T18:43:28.000Z,255.74248,256.03748,0
1974-12-22T19:41:21.000Z,255.74298,256.03698,0
1974-12-22T20:39:31.000Z,255.74248,256.03748,0
1974-12-22T21:37:25.000Z,255.74298,256.03698,0
1974-12-22T22:13:27.000Z,255.71249,256.00749,0
1974-12-22T22:42:40.000Z,255.74298,256.03698,0
1974-12-22T23:40:34.000Z,255.77248,256.06748,0
1974-12-23T00:38:27.000Z,255.78299,256.07699,0
1974-12-23T01:36:21.000Z,255.71249,256.00749,0
1974-12-23T02:34:30.000Z,255.71249,256.00749,0
1974-12-23T03:32:24.000Z,255.71299,256.00699,0
1974-12-23T04:30:17.000Z,255.74298,256.03698,0
1974-12-23T05:28:11.000Z,255.77298,256.06698,0
1974-12-23T06:26:20.000Z,255.74248,256.03748,0
1974-12-23T07:24:14.000Z,255.74298,256.03698,0
1974-12-23T08:22:07.000Z,255.77298,256.06698,0
1974-12-23T09:20:01.000Z,255.74298,256.03698,0
1974-12-23T09:41:51.000Z,255.71249,256.00749,0
1974-12-23T10:10:48.000Z,255.74298,256.03698,0
1974-12-23T11:08:41.000Z,255.74248,256.03748,0
1974-12-23T12:06:51.000Z,255.78249,256.07749,0
1974-12-23T13:04:45.000Z,255.74248,256.03748,0
1974-12-23T14:02:38.000Z,255.77298,256.06698,0
1974-12-23T14:17:06.000Z,255.77248,256.06748,0
1974-12-23T15:15:16.000Z,255.77298,256.06698,0
1974-12-23T16:13:10.000Z,255.74248,256.03748,0
1974-12-23T17:11:03.000Z,255.77298,256.06698,0
1974-12-23T18:08:56.000Z,255.77298,256.06698,0
1974-12-23T19:07:06.000Z,255.74348,256.03648,0
1974-12-23T20:18:39.000Z,255.74298,256.03698,0
1974-12-23T21:16:32.000Z,255.71299,256.00699,0
1974-12-23T22:14:26.000Z,255.74298,256.03698,0
1974-12-23T23:12:19.000Z,255.71299,256.00699,0
1974-12-24T00:10:29.000Z,255.77298,256.06698,0
1974-12-24T01:08:22.000Z,255.74298,256.03698,0
1974-12-24T02:06:16.000Z,255.77298,256.06698,0
1974-12-24T03:04:25.000Z,255.74298,256.03698,0
1974-12-24T04:02:19.000Z,255.74298,256.03698,0
1974-12-24T04:53:06.000Z,255.78249,256.07749,0
1974-12-24T05:00:12.000Z,255.74298,256.03698,0
1974-12-24T05:58:06.000Z,255.77298,256.06698,0
1974-12-24T06:56:15.000Z,255.74298,256.03698,0
1974-12-24T08:01:15.000Z,255.77298,256.06698,0
1974-12-24T08:23:06.000Z,255.74348,256.03648,0
1974-12-24T08:44:56.000Z,255.77248,256.06748,0
1974-12-24T09:42:50.000Z,255.74298,256.03698,0
1974-12-24T10:40:43.000Z,255.74298,256.03698,0
1974-12-24T11:38:36.000Z,255.74298,256.03698,0
1974-12-24T12:36:46.000Z,255.77248,256.06748,0
1974-12-24T13:34:40.000Z,255.74248,256.03748,0
1974-12-24T14:32:33.000Z,255.74298,256.03698,0
1974-12-24T15:30:27.000Z,255.74298,256.03698,0
1974-12-24T16:28:36.000Z,255.77298,256.06698,0
1974-12-24T17:26:30.000Z,255.81299,256.10699,0
1974-12-24T18:24:23.000Z,255.77298,256.06698,0
1974-12-24T19:22:33.000Z,255.77248,256.06748,0
1974-12-24T20:20:26.000Z,255.77298,256.06698,0
1974-12-24T21:18:20.000Z,255.74298,256.03698,0
1974-12-24T22:16:13.000Z,255.74298,256.03698,0
1974-12-24T23:14:23.000Z,255.77298,256.06698,0
1974-12-25T00:04:54.000Z,255.77298,256.06698,0
1974-12-25T01:03:04.000Z,255.74298,256.03698,0
1974-12-25T02:00:57.000Z,255.74298,256.03698,0
1974-12-25T02:58:51.000Z,255.77298,256.06698,0
1974-12-25T03:56:44.000Z,255.74298,256.03698,0
1974-12-25T04:54:54.000Z,255.74298,256.03698,0
1974-12-25T05:52:47.000Z,255.74298,256.03698,0
1974-12-25T06:50:41.000Z,255.74298,256.03698,0
1974-12-25T07:48:34.000Z,255.77298,256.06698,0
1974-12-25T08:46:44.000Z,255.77298,256.06698,0
1974-12-25T09:44:37.000Z,255.77298,256.06698,0
1974-12-25T10:42:31.000Z,255.74248,256.03748,0
1974-12-25T11:40:24.000Z,255.80248,256.09748,0
1974-12-25T12:38:34.000Z,255.77298,256.06698,0
1974-12-25T13:36:27.000Z,255.77298,256.06698,0
1974-12-25T14:41:43.000Z,255.74298,256.03698,0
1974-12-25T16:14:50.000Z,255.77298,256.06698,0
1974-12-25T17:13:00.000Z,255.70298,255.99698,0
1974-12-25T18:10:53.000Z,255.74298,256.03698,0
1974-12-25T19:08:47.000Z,255.73297,256.02697,0
1974-12-25T20:06:40.000Z,255.80298,256.09698,0
1974-12-25T21:04:50.000Z,255.77248,256.06748,0
1974-12-25T22:02:43.000Z,255.77298,256.06698,0
1974-12-25T23:00:37.000Z,255.77298,256.06698,0
1974-12-25T23:58:46.000Z,255.77298,256.06698,0
1974-12-26T00:56:40.000Z,255.77298,256.06698,0
1974-12-26T01:54:33.000Z,255.80198,256.09798,0
1974-12-26T02:52:27.000Z,255.77248,256.06748,0
1974-12-26T03:50:36.000Z,255.77298,256.06698,0
1974-12-26T04:48:30.000Z,255.73297,256.02697,0
1974-12-26T05:46:23.000Z,255.80298,256.09698,0
1974-12-26T06:44:17.000Z,255.77298,256.06698,0
1974-12-26T07:42:26.000Z,255.80298,256.09698,0
1974-12-26T08:40:20.000Z,255.77298,256.06698,0
1974-12-26T09:38:13.000Z,255.80298,256.09698,0
1974-12-26T10:36:07.000Z,255.77298,256.06698,0
1974-12-26T11:34:16.000Z,255.77298,256.06698,0
1974-12-26T12:32:10.000Z,255.77298,256.06698,0
1974-12-26T13:30:03.000Z,255.80298,256.09698,0
1974-12-26T14:28:13.000Z,255.77298,256.06698,0
1974-12-26T15:26:06.000Z,255.80298,256.09698,0
1974-12-26T16:24:00.000Z,255.80298,256.09698,0
1974-12-26T17:21:53.000Z,255.77298,256.06698,0
1974-12-26T17:36:22.000Z,255.80298,256.09698,0
1974-12-26T18:34:31.000Z,255.77298,256.06698,0
1974-12-26T19:32:25.000Z,255.80298,256.09698,0
1974-12-26T20:30:18.000Z,255.80348,256.09648,0
1974-12-26T21:28:12.000Z,255.77298,256.06698,0
1974-12-26T22:26:21.000Z,255.77298,256.06698,0
1974-12-26T23:24:15.000Z,255.77298,256.06698,0
1974-12-27T00:22:08.000Z,255.80298,256.09698,0
1974-12-27T01:20:18.000Z,255.80298,256.09698,0
1974-12-27T02:18:11.000Z,255.77298,256.06698,0
1974-12-27T03:16:05.000Z,255.80298,256.09698,0
1974-12-27T04:06:52.000Z,255.77298,256.06698,0
1974-12-27T05:04:46.000Z,255.77298,256.06698,0
1974-12-27T06:02:39.000Z,255.77298,256.06698,0
1974-12-27T07:07:55.000Z,255.74298,256.03698,0
1974-12-27T08:05:48.000Z,255.74298,256.03698,0
1974-12-27T09:03:58.000Z,255.74298,256.03698,0
1974-12-27T10:01:51.000Z,255.74298,256.03698,0
1974-12-27T10:59:45.000Z,255.74298,256.03698,0
1974-12-27T11:57:38.000Z,255.74298,256.03698,0
1974-12-27T13:11:06.000Z,255.74298,256.03698,0
1974-12-27T14:08:59.000Z,255.74298,256.03698,0
1974-12-27T15:14:15.000Z,255.74298,256.03698,0
1974-12-27T16:12:08.000Z,255.74298,256.03698,0
1974-12-27T17:10:18.000Z,255.77298,256.06698,0
1974-12-27T18:08:11.000Z,255.74298,256.03698,0
1974-12-27T19:06:05.000Z,255.77348,256.06648,0
1974-12-27T20:03:58.000Z,255.74348,256.03648,0
1974-12-27T21:02:08.000Z,255.74298,256.03698,0
1974-12-27T22:00:01.000Z,255.74298,256.03698,0
1974-12-27T22:57:55.000Z,255.77298,256.06698,0
1974-12-27T23:56:05.000Z,255.71299,256.00699,0
1974-12-28T00:53:58.000Z,255.74298,256.03698,0
1974-12-28T01:51:51.000Z,255.74298,256.03698,0
1974-12-28T02:49:45.000Z,255.74348,256.03648,0
1974-12-28T03:47:55.000Z,255.77298,256.06698,0
1974-12-28T04:45:48.000Z,255.74298,256.03698,0
1974-12-28T05:43:41.000Z,255.74298,256.03698,0
1974-12-28T06:41:35.000Z,255.77298,256.06698,0
1974-12-28T07:39:45.000Z,255.77298,256.06698,0
1974-12-28T08:37:38.000Z,255.77348,256.06648,0
1974-12-28T09:35:31.000Z,255.74348,256.03648,0
1974-12-28T10:33:25.000Z,255.74298,256.03698,0
1974-12-28T11:38:41.000Z,255.74298,256.03698,0
1974-12-28T12:36:50.000Z,255.74298,256.03698,0
1974-12-28T13:34:44.000Z,255.74348,256.03648,0
1974-12-28T14:32:37.000Z,255.74348,256.03648,0
1974-12-28T15:30:31.000Z,255.77298,256.06698,0
1974-12-28T16:28:40.000Z,255.74348,256.03648,0
1974-12-28T17:26:34.000Z,255.74298,256.03698,0
1974-12-28T18:24:27.000Z,255.74348,256.03648,0
1974-12-28T19:22:21.000Z,255.77348,256.06648,0
1974-12-28T20:20:30.000Z,255.74298,256.03698,0
1974-12-28T21:18:24.000Z,255.77298,256.06698,0
1974-12-28T22:16:17.000Z,255.77298,256.06698,0
1974-12-28T23:14:11.000Z,255.74298,256.03698,0
1974-12-29T00:04:58.000Z,255.77298,256.06698,0
1974-12-29T01:02:51.000Z,255.70298,255.99698,0
1974-12-29T02:01:01.000Z,255.74298,256.03698,0
1974-12-29T02:58:55.000Z,255.74348,256.03648,0
1974-12-29T03:56:48.000Z,255.74298,256.03698,0
1974-12-29T04:54:58.000Z,255.77298,256.06698,0
1974-12-29T05:52:51.000Z,255.77298,256.06698,0
1974-12-29T06:50:45.000Z,255.71299,256.00699,0
1974-12-29T07:48:38.000Z,255.77298,256.06698,0
1974-12-29T08:46:48.000Z,255.74298,256.03698,0
1974-12-29T09:44:41.000Z,255.77298,256.06698,0
1974-12-29T10:42:35.000Z,255.77348,256.06648,0
1974-12-29T11:40:28.000Z,255.74348,256.03648,0
1974-12-29T12:38:38.000Z,255.74298,256.03698,0
1974-12-29T13:36:31.000Z,255.74298,256.03698,0
1974-12-29T14:34:25.000Z,255.74298,256.03698,0
1974-12-29T15:25:12.000Z,255.74298,256.03698,0
1974-12-29T16:23:06.000Z,255.77298,256.06698,0
1974-12-29T17:20:59.000Z,255.77298,256.06698,0
1974-12-29T18:19:09.000Z,255.74348,256.03648,0
1974-12-29T19:17:02.000Z,255.77298,256.06698,0
1974-12-29T20:14:56.000Z,255.77348,256.06648,0
1974-12-29T21:12:49.000Z,255.74298,256.03698,0
1974-12-29T22:10:59.000Z,255.74348,256.03648,0
1974-12-29T23:08:52.000Z,255.74348,256.03648,0
1974-12-30T00:06:46.000Z,255.74298,256.03698,0
1974-12-30T01:04:55.000Z,255.77298,256.06698,0
1974-12-30T02:02:49.000Z,255.74348,256.03648,0
1974-12-30T03:00:42.000Z,255.74298,256.03698,0
1974-12-30T03:58:36.000Z,255.77298,256.06698,0
1974-12-30T04:56:45.000Z,255.74348,256.03648,0
1974-12-30T05:54:39.000Z,255.74298,256.03698,0
1974-12-30T06:52:32.000Z,255.74298,256.03698,0
1974-12-30T07:50:26.000Z,255.74298,256.03698,0
1974-12-30T08:48:35.000Z,255.77298,256.06698,0
1974-12-30T09:46:29.000Z,255.74348,256.03648,0
1974-12-30T10:44:22.000Z,255.74348,256.03648,0
1974-12-30T11:42:16.000Z,255.74348,256.03648,0
1974-12-30T12:40:25.000Z,255.74348,256.03648,0
1974-12-30T13:38:19.000Z,255.74298,256.03698,0
1974-12-30T14:36:12.000Z,255.74298,256.03698,0
1974-12-30T16:08:46.000Z,255.74348,256.03648,0
1974-12-30T17:06:40.000Z,255.74298,256.03698,0
1974-12-30T18:04:33.000Z,255.71299,256.00699,0
1974-12-30T18:26:24.000Z,255.74298,256.03698,0
1974-12-30T19:24:17.000Z,255.74348,256.03648,0
1974-12-30T20:22:11.000Z,255.74348,256.03648,0
1974-12-30T21:20:04.000Z,255.74348,256.03648,0
1974-12-30T22:18:14.000Z,255.74348,256.03648,0
1974-12-30T23:16:07.000Z,255.74298,256.03698,0
1974-12-31T00:14:01.000Z,255.74298,256.03698,0
1974-12-31T01:12:11.000Z,255.74348,256.03648,0
1974-12-31T02:10:04.000Z,255.74348,256.03648,0
1974-12-31T03:07:57.000Z,255.74298,256.03698,0
1974-12-31T04:05:51.000Z,255.74348,256.03648,0
1974-12-31T05:04:01.000Z,255.74348,256.03648,0
1974-12-31T06:01:54.000Z,255.74348,256.03648,0
1974-12-31T06:59:47.000Z,255.74298,256.03698,0
1974-12-31T07:57:41.000Z,255.74348,256.03648,0
1974-12-31T08:55:51.000Z,255.74298,256.03698,0
1974-12-31T09:53:44.000Z,255.74348,256.03648,0
1974-12-31T10:51:37.000Z,255.74348,256.03648,0
1974-12-31T11:49:31.000Z,255.74348,256.03648,0
1974-12-31T12:47:41.000Z,255.71349,256.00649,0
1974-12-31T13:45:34.000Z,255.74348,256.03648,0
1974-12-31T14:43:27.000Z,255.74348,256.03648,0
1974-12-31T15:41:21.000Z,255.74348,256.03648,0
1974-12-31T16:39:31.000Z,255.74298,256.03698,0
1974-12-31T17:37:24.000Z,255.74398,256.03598,0
1974-12-31T18:35:17.000Z,255.71349,256.00649,0
1974-12-31T19:33:27.000Z,255.74348,256.03648,0
1974-12-31T20:31:21.000Z,255.71349,256.00649,0
1974-12-31T21:29:14.000Z,255.77348,256.06648,0
1974-12-31T21:51:05.000Z,255.71349,256.00649,0
1974-12-31T21:58:11.000Z,255.71349,256.00649,0
