Time,TG21A,TG21B,flags
1973-02-01T00:38:10.000Z,256.01495,256.38495,0
1973-02-01T01:36:03.000Z,256.08496,256.45496,0
1973-02-01T02:34:05.000Z,256.04498,256.41498,0
1973-02-01T03:31:58.000Z,256.01495,256.38495,0
1973-02-01T04:45:17.000Z,256.09497,256.46497,0
1973-02-01T05:43:19.000Z,256.08496,256.45496,0
1973-02-01T06:41:20.000Z,256.05499,256.42499,0
1973-02-01T07:39:14.000Z,256.09497,256.46497,0
1973-02-01T08:37:15.000Z,256.05499,256.42499,0
1973-02-01T09:35:09.000Z,256.05499,256.42499,0
1973-02-01T10:33:10.000Z,256.05499,256.42499,0
1973-02-01T11:31:04.000Z,256.08496,256.45496,0
1973-02-01T12:29:05.000Z,256.09497,256.46497,0
1973-02-01T13:26:59.000Z,256.08496,256.45496,0
1973-02-01T14:25:00.000Z,256.04548,256.41448,0
1973-02-01T15:22:54.000Z,256.05499,256.42499,0
1973-02-01T16:20:55.000Z,256.04498,256.41498,0
1973-02-01T17:18:49.000Z,256.05499,256.42499,0
1973-02-01T18:16:50.000Z,256.04498,256.41498,0
1973-02-01T19:14:44.000Z,256.04548,256.41448,0
1973-02-01T20:12:45.000Z,256.04498,256.41498,0
1973-02-01T21:10:39.000Z,256.08496,256.45496,0
1973-02-01T22:08:40.000Z,256.08496,256.45496,0
1973-02-01T23:06:34.000Z,256.05499,256.42499,0
1973-02-02T00:04:36.000Z,256.01545,256.38445,0
1973-02-02T01:02:29.000Z,256.08546,256.45446,0
1973-02-02T02:00:31.000Z,256.08496,256.45496,0
1973-02-02T03:56:26.000Z,256.04498,256.41498,0
1973-02-02T04:54:27.000Z,256.04548,256.41448,0
1973-02-02T05:52:21.000Z,256.04548,256.41448,0
1973-02-02T06:50:22.000Z,256.04548,256.41448,0
1973-02-02T07:48:16.000Z,256.04498,256.41498,0
1973-02-02T08:46:17.000Z,256.04498,256.41498,0
1973-02-02T09:44:11.000Z,256.01545,256.38445,0
1973-02-02T10:42:12.000Z,256.04498,256.41498,0
1973-02-02T11:40:06.000Z,256.04498,256.41498,0
1973-02-02T12:38:07.000Z,256.04498,256.41498,0
1973-02-02T13:36:01.000Z,256.04548,256.41448,0
1973-02-02T14:34:02.000Z,256.04548,256.41448,0
1973-02-02T15:31:56.000Z,256.04548,256.41448,0
1973-02-02T16:29:57.000Z,256.04548,256.41448,0
1973-02-02T17:27:51.000Z,256.01545,256.38445,0
1973-02-02T18:25:52.000Z,256.04548,256.41448,0
1973-02-02T19:23:46.000Z,256.04548,256.41448,0
1973-02-02T20:21:47.000Z,256.08496,256.45496,0
1973-02-02T21:19:41.000Z,256.08546,256.45446,0
1973-02-02T22:17:42.000Z,256.04498,256.41498,0
1973-02-02T23:15:36.000Z,256.04548,256.41448,0
1973-02-03T00:13:37.000Z,256.05499,256.42499,0
1973-02-03T01:11:39.000Z,256.04498,256.41498,0
1973-02-03T02:52:08.000Z,256.04548,256.41448,0
1973-02-03T04:11:52.000Z,256.04498,256.41498,0
1973-02-03T04:55:17.000Z,256.08496,256.45496,0
1973-02-03T05:53:11.000Z,256.04548,256.41448,0
1973-02-03T06:51:12.000Z,256.11499,256.48499,0
1973-02-03T07:05:41.000Z,256.01545,256.38445,0
1973-02-03T08:03:42.000Z,256.04498,256.41498,0
1973-02-03T09:01:36.000Z,256.04548,256.41448,0
1973-02-03T09:59:37.000Z,256.04548,256.41448,0
1973-02-03T10:57:31.000Z,256.04548,256.41448,0
1973-02-03T11:55:32.000Z,256.04548,256.41448,0
1973-02-03T12:53:26.000Z,256.04548,256.41448,0
1973-02-03T13:51:27.000Z,256.04548,256.41448,0
1973-02-03T14:49:21.000Z,256.04548,256.41448,0
1973-02-03T15:47:22.000Z,256.04498,256.41498,0
1973-02-03T16:45:16.000Z,256.04548,256.41448,0
1973-02-03T17:43:17.000Z,256.07545,256.44445,0
1973-02-03T18:19:28.000Z,256.04548,256.41448,0
1973-02-03T19:17:30.000Z,256.10498,256.47498,0
1973-02-03T20:15:23.000Z,256.04548,256.41448,0
1973-02-03T21:13:25.000Z,256.04548,256.41448,0
1973-02-03T22:11:18.000Z,256.04548,256.41448,0
1973-02-03T23:09:20.000Z,256.04548,256.41448,0
1973-02-03T23:52:45.000Z,256.07545,256.44445,0
1973-02-04T00:14:27.000Z,256.04548,256.41448,0
1973-02-04T00:29:04.000Z,256.07495,256.44495,0
1973-02-04T01:05:15.000Z,256.08546,256.45446,0
1973-02-04T01:26:57.000Z,256.04548,256.41448,0
1973-02-04T02:24:59.000Z,256.07545,256.44445,0
1973-02-04T03:22:52.000Z,256.04548,256.41448,0
1973-02-04T04:20:54.000Z,256.07545,256.44445,0
1973-02-04T05:18:47.000Z,256.04548,256.41448,0
1973-02-04T06:16:49.000Z,256.04548,256.41448,0
1973-02-04T07:14:42.000Z,256.04548,256.41448,0
1973-02-04T08:12:44.000Z,256.04548,256.41448,0
1973-02-04T09:10:37.000Z,256.07495,256.44495,0
1973-02-04T10:08:39.000Z,256.07545,256.44445,0
1973-02-04T11:06:32.000Z,256.04498,256.41498,0
1973-02-04T12:04:34.000Z,256.07545,256.44445,0
1973-02-04T13:02:27.000Z,256.04498,256.41498,0
1973-02-04T14:00:29.000Z,256.07495,256.44495,0
1973-02-04T14:58:22.000Z,256.07495,256.44495,0
1973-02-04T15:56:24.000Z,256.07495,256.44495,0
1973-02-04T16:54:17.000Z,256.065,256.435,0
1973-02-04T17:52:19.000Z,256.10498,256.47498,0
1973-02-04T18:50:12.000Z,256.10548,256.47448,0
1973-02-04T19:48:14.000Z,256.00494,256.37494,0
1973-02-04T20:46:07.000Z,256.04498,256.41498,0
1973-02-04T21:44:09.000Z,256.04498,256.41498,0
1973-02-04T22:42:11.000Z,256.07495,256.44495,0
1973-02-04T23:40:04.000Z,256.04548,256.41448,0
1973-02-05T00:38:06.000Z,256.03497,256.40497,0
1973-02-05T01:35:59.000Z,256.03497,256.40497,0
1973-02-05T02:34:01.000Z,256.10498,256.47498,0
1973-02-05T03:31:54.000Z,256.07545,256.44445,0
1973-02-05T04:29:56.000Z,256.10498,256.47498,0
1973-02-05T05:27:49.000Z,256.10498,256.47498,0
1973-02-05T06:25:51.000Z,256.07495,256.44495,0
1973-02-05T07:23:44.000Z,256.07545,256.44445,0
1973-02-05T07:52:49.000Z,256.07495,256.44495,0
1973-02-05T08:21:46.000Z,256.03497,256.40497,0
1973-02-05T08:36:14.000Z,256.10498,256.47498,0
1973-02-05T09:34:07.000Z,256.07495,256.44495,0
1973-02-05T10:32:09.000Z,256.03497,256.40497,0
1973-02-05T10:53:52.000Z,256.07495,256.44495,0
1973-02-05T11:51:53.000Z,256.10498,256.47498,0
1973-02-05T12:49:47.000Z,256.10498,256.47498,0
1973-02-05T13:47:48.000Z,256.065,256.435,0
1973-02-05T14:45:42.000Z,256.07495,256.44495,0
1973-02-05T15:43:43.000Z,256.10548,256.47448,0
1973-02-05T16:41:37.000Z,256.07545,256.44445,0
1973-02-05T17:17:56.000Z,256.10498,256.47498,0
1973-02-05T18:15:49.000Z,256.07495,256.44495,0
1973-02-05T19:13:51.000Z,256.07545,256.44445,0
1973-02-05T20:11:44.000Z,256.10548,256.47448,0
1973-02-05T21:09:46.000Z,256.03497,256.40497,0
1973-02-05T22:07:39.000Z,256.03497,256.40497,0
1973-02-05T23:05:41.000Z,256.10548,256.47448,0
1973-02-06T00:03:34.000Z,256.065,256.435,0
1973-02-06T01:01:36.000Z,256.03497,256.40497,0
1973-02-06T01:59:29.000Z,256.02496,256.39496,0
1973-02-06T04:11:47.000Z,256.10498,256.47498,0
1973-02-06T05:09:41.000Z,256.03547,256.40447,0
1973-02-06T06:07:42.000Z,256.10498,256.47498,0
1973-02-06T07:05:36.000Z,256.07545,256.44445,0
1973-02-06T07:41:55.000Z,256.07495,256.44495,0
1973-02-06T08:39:48.000Z,256.03497,256.40497,0
1973-02-06T09:37:50.000Z,256.10498,256.47498,0
1973-02-06T10:35:43.000Z,256.10498,256.47498,0
1973-02-06T11:33:45.000Z,256.04498,256.41498,0
1973-02-06T12:31:38.000Z,256.10498,256.47498,0
1973-02-06T13:29:40.000Z,256.03547,256.40447,0
1973-02-06T14:05:51.000Z,256.10498,256.47498,0
1973-02-06T14:20:19.000Z,256.00544,256.37444,0
1973-02-06T15:18:20.000Z,256.065,256.435,0
1973-02-06T16:01:46.000Z,256.065,256.435,0
1973-02-06T16:59:47.000Z,256.03497,256.40497,0
1973-02-06T18:12:17.000Z,256.03497,256.40497,0
1973-02-06T19:02:56.000Z,255.99499,256.36499,0
1973-02-06T20:00:50.000Z,256.03497,256.40497,0
1973-02-06T20:58:51.000Z,256.065,256.435,0
1973-02-06T21:56:45.000Z,256.065,256.435,0
1973-02-06T22:54:46.000Z,256.065,256.435,0
1973-02-06T23:52:40.000Z,256.07495,256.44495,0
1973-02-07T00:50:41.000Z,256.07495,256.44495,0
1973-02-07T01:48:35.000Z,256.065,256.435,0
1973-02-07T02:46:36.000Z,256.065,256.435,0
1973-02-07T03:44:30.000Z,256.065,256.435,0
1973-02-07T04:42:31.000Z,256.10498,256.47498,0
1973-02-07T05:40:33.000Z,256.065,256.435,0
1973-02-07T06:38:26.000Z,256.02496,256.39496,0
1973-02-07T07:36:28.000Z,256.065,256.435,0
1973-02-07T08:34:21.000Z,256.065,256.435,0
1973-02-07T09:32:23.000Z,256.02496,256.39496,0
1973-02-07T10:30:16.000Z,256.02496,256.39496,0
1973-02-07T11:28:18.000Z,256.02496,256.39496,0
1973-02-07T12:26:11.000Z,256.065,256.435,0
1973-02-07T13:24:13.000Z,256.065,256.435,0
1973-02-07T14:22:06.000Z,256.02496,256.39496,0
1973-02-07T15:20:08.000Z,256.03497,256.40497,0
1973-02-07T16:18:01.000Z,256.03497,256.40497,0
1973-02-07T17:16:03.000Z,256.065,256.435,0
1973-02-07T18:13:56.000Z,256.00494,256.37494,0
1973-02-07T19:11:58.000Z,256.04498,256.41498,0
1973-02-07T20:09:51.000Z,256.065,256.435,0
1973-02-07T21:07:53.000Z,256.01495,256.38495,0
1973-02-07T22:05:46.000Z,256.03497,256.40497,0
1973-02-07T23:03:48.000Z,256.05499,256.42499,0
1973-02-08T00:01:41.000Z,256.065,256.435,0
1973-02-08T00:59:43.000Z,256.04498,256.41498,0
1973-02-08T01:57:45.000Z,256.05499,256.42499,0
1973-02-08T02:55:38.000Z,256.065,256.435,0
1973-02-08T03:31:49.000Z,256.065,256.435,0
1973-02-08T04:29:51.000Z,256.03497,256.40497,0
1973-02-08T05:53:08.000Z,256.01495,256.38495,0
1973-02-08T07:00:10.000Z,256.07495,256.44495,0
1973-02-08T07:58:12.000Z,256.04498,256.41498,0
1973-02-08T08:56:05.000Z,256.04498,256.41498,0
1973-02-08T09:54:07.000Z,256.04498,256.41498,0
1973-02-08T10:52:00.000Z,256.08496,256.45496,0
1973-02-08T12:04:30.000Z,256.09497,256.46497,0
1973-02-08T12:33:27.000Z,256.05499,256.42499,0
1973-02-08T13:31:28.000Z,256.09497,256.46497,0
1973-02-08T14:29:22.000Z,256.02496,256.39496,0
1973-02-08T15:20:09.000Z,256.09497,256.46497,0
1973-02-08T16:18:02.000Z,256.065,256.435,0
1973-02-08T17:16:04.000Z,256.05499,256.42499,0
1973-02-08T18:13:57.000Z,256.065,256.435,0
1973-02-08T19:11:59.000Z,256.02496,256.39496,0
1973-02-08T20:09:52.000Z,256.05499,256.42499,0
1973-02-08T21:07:54.000Z,256.02496,256.39496,0
1973-02-08T22:05:47.000Z,256.02496,256.39496,0
1973-02-08T23:03:49.000Z,256.10498,256.47498,0
1973-02-09T00:01:42.000Z,256.0645,256.4355,0
1973-02-09T00:59:44.000Z,256.03497,256.40497,0
1973-02-09T01:57:37.000Z,256.065,256.435,0
1973-02-09T02:19:28.000Z,256.065,256.435,0
1973-02-09T03:17:22.000Z,256.02496,256.39496,0
1973-02-09T04:15:23.000Z,256.03497,256.40497,0
1973-02-09T05:13:17.000Z,256.065,256.435,0
1973-02-09T06:11:18.000Z,256.065,256.435,0
1973-02-09T07:09:12.000Z,256.065,256.435,0
1973-02-09T08:07:13.000Z,255.99499,256.36499,0
1973-02-09T09:05:07.000Z,256.065,256.435,0
1973-02-09T10:03:08.000Z,256.07495,256.44495,0
1973-02-09T11:01:02.000Z,256.065,256.435,0
1973-02-09T11:37:21.000Z,256.07495,256.44495,0
1973-02-09T12:06:09.000Z,256.07495,256.44495,0
1973-02-09T12:13:23.000Z,256.07495,256.44495,0
1973-02-09T12:56:57.000Z,256.03497,256.40497,0
1973-02-09T13:54:58.000Z,256.03497,256.40497,0
1973-02-09T14:52:52.000Z,256.07495,256.44495,0
1973-02-09T15:50:53.000Z,256.03497,256.40497,0
1973-02-09T16:48:47.000Z,256.03497,256.40497,0
1973-02-09T17:46:48.000Z,256.07495,256.44495,0
1973-02-09T18:44:42.000Z,256.03497,256.40497,0
1973-02-09T19:42:43.000Z,256.03497,256.40497,0
1973-02-09T20:40:45.000Z,256.07495,256.44495,0
1973-02-09T20:55:13.000Z,256.11499,256.48499,0
1973-02-09T21:53:07.000Z,256.07495,256.44495,0
1973-02-09T22:51:08.000Z,256.07495,256.44495,0
1973-02-09T23:49:02.000Z,256.08496,256.45496,0
1973-02-10T00:10:44.000Z,256.07495,256.44495,0
1973-02-10T01:08:46.000Z,256.07495,256.44495,0
1973-02-10T02:00:22.000Z,256.07495,256.44495,0
1973-02-10T02:43:47.000Z,256.07495,256.44495,0
1973-02-10T03:05:38.000Z,256.01495,256.38495,0
1973-02-10T04:03:32.000Z,256.04498,256.41498,0
1973-02-10T05:01:33.000Z,256.07495,256.44495,0
1973-02-10T05:59:27.000Z,256.04498,256.41498,0
1973-02-10T06:57:28.000Z,256.07495,256.44495,0
1973-02-10T07:55:22.000Z,256.07495,256.44495,0
1973-02-10T08:53:23.000Z,256.11499,256.48499,0
1973-02-10T09:51:17.000Z,256.03497,256.40497,0
1973-02-10T10:49:18.000Z,256.03497,256.40497,0
1973-02-10T11:47:12.000Z,256.04498,256.41498,0
1973-02-10T12:45:13.000Z,256.03497,256.40497,0
1973-02-10T13:28:38.000Z,256.03497,256.40497,0
1973-02-10T13:50:21.000Z,256.03497,256.40497,0
1973-02-10T14:48:22.000Z,256.11499,256.48499,0
1973-02-10T15:46:24.000Z,256.03497,256.40497,0
1973-02-10T16:44:17.000Z,256.10498,256.47498,0
1973-02-10T17:42:19.000Z,256.07495,256.44495,0
1973-02-10T18:40:12.000Z,256.07495,256.44495,0
1973-02-10T19:38:14.000Z,256.04498,256.41498,0
1973-02-10T20:36:07.000Z,256.04448,256.41548,0
1973-02-10T21:34:09.000Z,256.00494,256.37494,0
1973-02-10T22:32:02.000Z,256.07445,256.44545,0
1973-02-10T23:30:04.000Z,256.03447,256.40547,0
1973-02-11T00:27:57.000Z,256.04448,256.41548,0
1973-02-11T01:25:59.000Z,256.04498,256.41498,0
1973-02-11T02:23:52.000Z,256.07445,256.44545,0
1973-02-11T03:21:54.000Z,256.07495,256.44495,0
1973-02-11T04:19:47.000Z,256.04498,256.41498,0
1973-02-11T05:17:49.000Z,256.04498,256.41498,0
1973-02-11T06:15:42.000Z,256.07495,256.44495,0
1973-02-11T07:13:44.000Z,256.04498,256.41498,0
1973-02-11T08:11:46.000Z,256.04498,256.41498,0
1973-02-11T09:09:39.000Z,256.03497,256.40497,0
1973-02-11T09:38:36.000Z,256.07445,256.44545,0
1973-02-11T10:36:37.000Z,256.07495,256.44495,0
1973-02-11T11:34:31.000Z,256.07495,256.44495,0
1973-02-11T12:32:32.000Z,256.07495,256.44495,0
1973-02-11T13:30:26.000Z,256.07445,256.44545,0
1973-02-11T14:28:27.000Z,256.11499,256.48499,0
1973-02-11T15:19:07.000Z,256.07445,256.44545,0
1973-02-11T16:17:08.000Z,256.07495,256.44495,0
1973-02-11T17:15:10.000Z,256.07445,256.44545,0
1973-02-11T18:13:03.000Z,256.07445,256.44545,0
1973-02-11T19:11:05.000Z,256.07495,256.44495,0
1973-02-11T20:08:58.000Z,256.07445,256.44545,0
1973-02-11T21:07:00.000Z,256.07445,256.44545,0
1973-02-11T22:04:53.000Z,256.04498,256.41498,0
1973-02-11T22:55:41.000Z,256.03447,256.40547,0
1973-02-11T23:53:34.000Z,256.03447,256.40547,0
1973-02-12T00:51:36.000Z,256.07495,256.44495,0
1973-02-12T01:49:29.000Z,256.07445,256.44545,0
1973-02-12T02:47:31.000Z,256.03497,256.40497,0
1973-02-12T03:45:24.000Z,256.11449,256.48549,0
1973-02-12T04:43:26.000Z,256.07445,256.44545,0
1973-02-12T05:41:19.000Z,256.07445,256.44545,0
1973-02-12T06:39:21.000Z,256.14446,256.51546,0
1973-02-12T07:37:14.000Z,256.07445,256.44545,0
1973-02-12T08:35:16.000Z,256.11449,256.48549,0
1973-02-12T09:33:17.000Z,256.0645,256.4355,0
1973-02-12T09:40:31.000Z,256.0645,256.4355,0
1973-02-12T09:55:00.000Z,256.10448,256.47548,0
1973-02-12T10:52:53.000Z,256.10448,256.47548,0
1973-02-12T11:50:55.000Z,256.0645,256.4355,0
1973-02-12T12:48:48.000Z,256.0645,256.4355,0
1973-02-12T13:46:50.000Z,256.14446,256.51546,0
1973-02-12T14:44:43.000Z,256.10448,256.47548,0
1973-02-12T15:59:57.000Z,256.0645,256.4355,0
1973-02-12T16:21:40.000Z,256.07445,256.44545,0
1973-02-12T16:43:22.000Z,256.03497,256.40497,0
1973-02-12T17:41:24.000Z,256.10448,256.47548,0
1973-02-12T18:39:17.000Z,256.07445,256.44545,0
1973-02-12T19:37:19.000Z,256.0645,256.4355,0
1973-02-12T20:35:20.000Z,256.0645,256.4355,0
1973-02-12T21:33:14.000Z,256.14446,256.51546,0
1973-02-12T22:31:15.000Z,256.07445,256.44545,0
1973-02-12T23:36:23.000Z,256.07445,256.44545,0
1973-02-13T00:34:24.000Z,256.10448,256.47548,0
1973-02-13T01:32:18.000Z,256.10448,256.47548,0
1973-02-13T02:30:19.000Z,256.10448,256.47548,0
1973-02-13T03:28:13.000Z,256.0645,256.4355,0
1973-02-13T04:26:14.000Z,256.0645,256.4355,0
1973-02-13T05:24:08.000Z,256.10448,256.47548,0
1973-02-13T06:22:09.000Z,256.10448,256.47548,0
1973-02-13T07:20:11.000Z,256.0645,256.4355,0
1973-02-13T08:18:04.000Z,256.10448,256.47548,0
1973-02-13T09:16:06.000Z,256.10448,256.47548,0
1973-02-13T10:13:59.000Z,256.07445,256.44545,0
1973-02-13T11:12:01.000Z,256.10448,256.47548,0
1973-02-13T12:09:54.000Z,256.0645,256.4355,0
1973-02-13T13:07:56.000Z,256.10448,256.47548,0
1973-02-13T14:05:49.000Z,256.0645,256.4355,0
1973-02-13T15:03:51.000Z,256.10448,256.47548,0
1973-02-13T16:01:44.000Z,256.07445,256.44545,0
1973-02-13T16:59:46.000Z,256.10448,256.47548,0
1973-02-13T17:57:40.000Z,256.0645,256.4355,0
1973-02-13T18:55:41.000Z,256.0645,256.4355,0
1973-02-13T19:53:35.000Z,256.10498,256.47498,0
1973-02-13T20:51:36.000Z,256.10398,256.47598,0
1973-02-13T21:49:38.000Z,256.0645,256.4355,0
1973-02-13T22:47:31.000Z,256.09447,256.46547,0
1973-02-13T23:45:33.000Z,256.10448,256.47548,0
1973-02-14T00:43:26.000Z,256.10398,256.47598,0
1973-02-14T01:41:28.000Z,256.0645,256.4355,0
1973-02-14T03:01:04.000Z,256.09447,256.46547,0
1973-02-14T03:59:05.000Z,256.065,256.435,0
1973-02-14T04:57:07.000Z,256.10448,256.47548,0
1973-02-14T05:55:00.000Z,256.0645,256.4355,0
1973-02-14T06:53:02.000Z,256.07445,256.44545,0
1973-02-14T07:50:55.000Z,256.13395,256.50595,0
1973-02-14T08:48:57.000Z,256.10448,256.47548,0
1973-02-14T09:46:50.000Z,256.09447,256.46547,0
1973-02-14T10:44:52.000Z,256.10448,256.47548,0
1973-02-14T11:42:45.000Z,256.13445,256.50545,0
1973-02-14T12:40:47.000Z,256.09447,256.46547,0
1973-02-14T13:38:40.000Z,256.0645,256.4355,0
1973-02-14T14:36:42.000Z,256.10498,256.47498,0
1973-02-14T15:34:35.000Z,256.10448,256.47548,0
1973-02-14T16:32:37.000Z,256.0645,256.4355,0
1973-02-14T17:30:39.000Z,256.10448,256.47548,0
1973-02-14T18:28:32.000Z,256.10448,256.47548,0
1973-02-14T19:26:34.000Z,256.10398,256.47598,0
1973-02-14T20:24:27.000Z,256.10448,256.47548,0
1973-02-14T21:22:29.000Z,256.0645,256.4355,0
1973-02-14T22:20:22.000Z,256.10448,256.47548,0
1973-02-14T23:18:24.000Z,256.10448,256.47548,0
1973-02-14T23:40:06.000Z,256.0645,256.4355,0
1973-02-15T00:45:22.000Z,256.0645,256.4355,0
1973-02-15T01:45:59.000Z,256.10448,256.47548,0
1973-02-15T02:44:01.000Z,256.10448,256.47548,0
1973-02-15T03:41:54.000Z,256.10448,256.47548,0
1973-02-15T04:39:56.000Z,256.13445,256.50545,0
1973-02-15T05:37:49.000Z,256.10448,256.47548,0
1973-02-15T06:35:51.000Z,256.10448,256.47548,0
1973-02-15T07:33:44.000Z,256.10448,256.47548,0
1973-02-15T08:31:46.000Z,256.10448,256.47548,0
1973-02-15T09:29:39.000Z,256.13445,256.50545,0
1973-02-15T10:27:41.000Z,256.10448,256.47548,0
1973-02-15T11:25:34.000Z,256.10448,256.47548,0
1973-02-15T12:23:36.000Z,256.10448,256.47548,0
1973-02-15T13:21:29.000Z,256.10448,256.47548,0
1973-02-15T14:19:31.000Z,256.0645,256.4355,0
1973-02-15T15:17:32.000Z,256.0645,256.4355,0
1973-02-15T16:15:26.000Z,256.0645,256.4355,0
1973-02-15T17:13:27.000Z,256.09447,256.46547,0
1973-02-15T18:11:21.000Z,256.10448,256.47548,0
1973-02-15T19:09:22.000Z,256.10398,256.47598,0
1973-02-15T20:07:16.000Z,256.10398,256.47598,0
1973-02-15T21:05:17.000Z,256.13445,256.50545,0
1973-02-15T22:03:11.000Z,256.10448,256.47548,0
1973-02-15T23:01:12.000Z,256.13395,256.50595,0
1973-02-15T23:59:06.000Z,256.10448,256.47548,0
1973-02-16T02:02:15.000Z,256.10448,256.47548,0
1973-02-16T03:00:17.000Z,256.13445,256.50545,0
1973-02-16T03:58:18.000Z,256.10398,256.47598,0
1973-02-16T04:56:12.000Z,256.10398,256.47598,0
1973-02-16T05:54:13.000Z,256.064,256.436,0
1973-02-16T06:52:07.000Z,256.0645,256.4355,0
1973-02-16T07:50:08.000Z,256.0645,256.4355,0
1973-02-16T08:48:02.000Z,256.0645,256.4355,0
1973-02-16T09:46:03.000Z,256.0645,256.4355,0
1973-02-16T10:43:57.000Z,256.10398,256.47598,0
1973-02-16T11:27:30.000Z,256.10398,256.47598,0
1973-02-16T12:25:23.000Z,256.0645,256.4355,0
1973-02-16T13:23:25.000Z,256.10398,256.47598,0
1973-02-16T13:30:39.000Z,256.10398,256.47598,0
1973-02-16T14:28:32.000Z,256.0645,256.4355,0
1973-02-16T15:26:34.000Z,256.0645,256.4355,0
1973-02-16T16:24:27.000Z,256.0645,256.4355,0
1973-02-16T17:22:29.000Z,256.0645,256.4355,0
1973-02-16T18:20:31.000Z,256.10448,256.47548,0
1973-02-16T19:59:13.000Z,256.0645,256.4355,0
1973-02-16T20:57:07.000Z,256.07445,256.44545,0
1973-02-16T21:33:18.000Z,256.07445,256.44545,0
1973-02-16T22:31:19.000Z,256.07395,256.44595,0
1973-02-16T23:29:21.000Z,256.07395,256.44595,0
1973-02-17T00:27:14.000Z,256.0645,256.4355,0
1973-02-17T01:25:16.000Z,256.07395,256.44595,0
1973-02-17T02:23:09.000Z,256.10398,256.47598,0
1973-02-17T03:21:11.000Z,256.03447,256.40547,0
1973-02-17T04:19:04.000Z,256.03447,256.40547,0
1973-02-17T05:17:06.000Z,256.07445,256.44545,0
1973-02-17T06:14:59.000Z,256.07445,256.44545,0
1973-02-17T07:13:01.000Z,256.07395,256.44595,0
1973-02-17T08:10:54.000Z,256.07395,256.44595,0
1973-02-17T09:08:56.000Z,256.07395,256.44595,0
1973-02-17T10:06:49.000Z,256.07395,256.44595,0
1973-02-17T11:04:51.000Z,256.10398,256.47598,0
1973-02-17T12:02:53.000Z,256.10398,256.47598,0
1973-02-17T13:00:46.000Z,256.07395,256.44595,0
1973-02-17T13:58:48.000Z,256.10398,256.47598,0
1973-02-17T14:56:41.000Z,256.14396,256.51596,0
1973-02-17T15:54:43.000Z,256.14396,256.51596,0
1973-02-17T16:52:36.000Z,256.10398,256.47598,0
1973-02-17T17:50:38.000Z,256.10398,256.47598,0
1973-02-17T18:48:31.000Z,256.0645,256.4355,0
1973-02-17T19:46:33.000Z,256.07445,256.44545,0
1973-02-17T20:44:26.000Z,256.10398,256.47598,0
1973-02-17T21:42:28.000Z,256.10398,256.47598,0
1973-02-17T22:40:21.000Z,256.10398,256.47598,0
1973-02-17T23:38:23.000Z,256.10398,256.47598,0
1973-02-18T00:36:24.000Z,256.07395,256.44595,0
1973-02-18T01:34:18.000Z,256.07395,256.44595,0
1973-02-18T02:32:19.000Z,256.07395,256.44595,0
1973-02-18T03:01:16.000Z,256.07395,256.44595,0
1973-02-18T03:59:09.000Z,256.07395,256.44595,0
1973-02-18T04:57:11.000Z,256.07395,256.44595,0
1973-02-18T05:55:04.000Z,256.07395,256.44595,0
1973-02-18T06:53:06.000Z,256.07395,256.44595,0
1973-02-18T07:51:08.000Z,256.10398,256.47598,0
1973-02-18T08:49:01.000Z,256.07395,256.44595,0
1973-02-18T09:17:58.000Z,256.07395,256.44595,0
1973-02-18T10:15:59.000Z,256.07395,256.44595,0
1973-02-18T11:21:07.000Z,256.10398,256.47598,0
1973-02-18T12:19:08.000Z,256.07395,256.44595,0
1973-02-18T13:17:10.000Z,256.07445,256.44545,0
1973-02-18T14:15:03.000Z,256.10398,256.47598,0
1973-02-18T15:13:05.000Z,256.07445,256.44545,0
1973-02-18T16:10:58.000Z,256.07395,256.44595,0
1973-02-18T17:09:00.000Z,256.07395,256.44595,0
1973-02-18T18:06:53.000Z,256.07395,256.44595,0
1973-02-18T19:04:55.000Z,256.07395,256.44595,0
1973-02-18T20:02:48.000Z,256.07395,256.44595,0
1973-02-18T21:00:50.000Z,256.07395,256.44595,0
1973-02-18T21:58:44.000Z,256.07395,256.44595,0
1973-02-18T22:56:45.000Z,256.07395,256.44595,0
1973-02-18T23:54:39.000Z,256.07395,256.44595,0
1973-02-19T00:52:40.000Z,256.04398,256.41598,0
1973-02-19T01:50:42.000Z,256.07395,256.44595,0
1973-02-19T02:55:49.000Z,256.07395,256.44595,0
1973-02-19T03:53:51.000Z,256.04398,256.41598,0
1973-02-19T04:51:44.000Z,256.03397,256.40597,0
1973-02-19T05:49:46.000Z,256.04398,256.41598,0
1973-02-19T06:47:39.000Z,256.04398,256.41598,0
1973-02-19T07:23:58.000Z,256.00394,256.37594,0
1973-02-19T08:21:52.000Z,256.04398,256.41598,0
1973-02-19T09:19:53.000Z,256.03397,256.40597,0
1973-02-19T10:17:47.000Z,256.08396,256.45596,0
1973-02-19T11:15:48.000Z,256.07395,256.44595,0
1973-02-19T12:13:42.000Z,256.04398,256.41598,0
1973-02-19T13:11:43.000Z,256.00394,256.37594,0
1973-02-19T14:09:37.000Z,256.03397,256.40597,0
1973-02-19T15:07:38.000Z,256.03397,256.40597,0
1973-02-19T16:05:32.000Z,256.07395,256.44595,0
1973-02-19T17:03:33.000Z,256.03397,256.40597,0
1973-02-19T18:01:27.000Z,256.07395,256.44595,0
1973-02-19T18:59:28.000Z,256.03397,256.40597,0
1973-02-19T19:57:30.000Z,256.07395,256.44595,0
1973-02-19T20:55:23.000Z,256.08396,256.45596,0
1973-02-19T21:53:25.000Z,256.03397,256.40597,0
1973-02-19T22:51:18.000Z,256.10398,256.47598,0
1973-02-19T23:49:20.000Z,256.04398,256.41598,0
1973-02-20T00:47:13.000Z,256.10398,256.47598,0
1973-02-20T01:45:15.000Z,256.10398,256.47598,0
1973-02-20T02:43:17.000Z,256.07395,256.44595,0
1973-02-20T02:57:37.000Z,256.03397,256.40597,0
1973-02-20T03:55:38.000Z,256.03397,256.40597,0
1973-02-20T04:53:32.000Z,256.10398,256.47598,0
1973-02-20T05:51:33.000Z,256.04398,256.41598,0
1973-02-20T06:27:44.000Z,256.03397,256.40597,0
1973-02-20T07:25:46.000Z,256.07395,256.44595,0
1973-02-20T08:23:39.000Z,255.99399,256.36599,0
1973-02-20T09:21:41.000Z,256.10398,256.47598,0
1973-02-20T10:19:34.000Z,256.064,256.436,0
1973-02-20T11:17:36.000Z,256.064,256.436,0
1973-02-20T12:15:38.000Z,256.11399,256.48599,0
1973-02-20T13:13:31.000Z,256.07395,256.44595,0
1973-02-20T14:11:33.000Z,256.03397,256.40597,0
1973-02-20T15:09:26.000Z,256.03397,256.40597,0
1973-02-20T16:07:28.000Z,256.03397,256.40597,0
1973-02-20T17:05:21.000Z,255.99399,256.36599,0
1973-02-20T18:03:23.000Z,256.02396,256.39596,0
1973-02-20T19:01:16.000Z,256.07395,256.44595,0
1973-02-20T19:59:18.000Z,256.07395,256.44595,0
1973-02-20T20:57:11.000Z,256.03397,256.40597,0
1973-02-20T21:55:13.000Z,256.07395,256.44595,0
1973-02-20T22:53:06.000Z,256.03397,256.40597,0
1973-02-20T23:36:39.000Z,256.07395,256.44595,0
1973-02-21T00:34:33.000Z,256.07395,256.44595,0
1973-02-21T01:32:34.000Z,256.07395,256.44595,0
1973-02-21T02:30:28.000Z,256.07395,256.44595,0
1973-02-21T03:28:29.000Z,256.07395,256.44595,0
1973-02-21T04:26:23.000Z,256.03397,256.40597,0
1973-02-21T05:24:24.000Z,256.07395,256.44595,0
1973-02-21T06:22:18.000Z,256.10398,256.47598,0
1973-02-21T07:20:19.000Z,256.10398,256.47598,0
1973-02-21T08:10:58.000Z,256.07395,256.44595,0
1973-02-21T09:09:00.000Z,256.064,256.436,0
1973-02-21T10:06:53.000Z,256.10348,256.47648,0
1973-02-21T11:04:55.000Z,256.10348,256.47648,0
1973-02-21T12:02:57.000Z,256.03397,256.40597,0
1973-02-21T13:00:50.000Z,256.02346,256.39646,0
1973-02-21T13:58:52.000Z,256.03397,256.40597,0
1973-02-21T14:56:45.000Z,256.03397,256.40597,0
1973-02-21T15:54:47.000Z,256.09397,256.46597,0
1973-02-21T16:52:40.000Z,255.99349,256.36649,0
1973-02-21T17:50:42.000Z,256.02346,256.39646,0
1973-02-21T18:48:35.000Z,256.05349,256.42649,0
1973-02-21T19:46:37.000Z,256.05349,256.42649,0
1973-02-21T20:44:30.000Z,256.09347,256.46647,0
1973-02-21T21:42:32.000Z,256.01345,256.38645,0
1973-02-21T22:40:25.000Z,256.01345,256.38645,0
1973-02-21T23:38:27.000Z,256.05349,256.42649,0
1973-02-22T00:14:38.000Z,256.01345,256.38645,0
1973-02-22T02:07:49.000Z,256.01345,256.38645,0
1973-02-22T05:30:42.000Z,256.07345,256.44645,0
1973-02-22T05:37:56.000Z,256.04348,256.41648,0
1973-02-22T06:35:58.000Z,256.04348,256.41648,0
1973-02-22T07:33:51.000Z,256.07345,256.44645,0
1973-02-22T08:31:53.000Z,256.07345,256.44645,0
1973-02-22T09:29:46.000Z,256.04348,256.41648,0
1973-02-22T10:27:48.000Z,256.05349,256.42649,0
1973-02-22T11:25:41.000Z,256.00344,256.37644,0
1973-02-22T12:23:43.000Z,256.02346,256.39646,0
1973-02-22T13:21:36.000Z,256.0635,256.4365,0
1973-02-22T14:19:38.000Z,256.04348,256.41648,0
1973-02-22T15:17:31.000Z,256.04348,256.41648,0
1973-02-22T16:15:33.000Z,256.00344,256.37644,0
1973-02-22T17:13:35.000Z,255.99349,256.36649,0
1973-02-22T18:11:28.000Z,256.09347,256.46647,0
1973-02-22T19:09:30.000Z,256.08346,256.45646,0
1973-02-22T20:07:23.000Z,256.04348,256.41648,0
1973-02-22T21:05:25.000Z,256.03347,256.40647,0
1973-02-22T22:03:18.000Z,256.03347,256.40647,0
1973-02-22T23:01:20.000Z,256.03347,256.40647,0
1973-02-22T23:59:13.000Z,256.03347,256.40647,0
1973-02-23T00:57:15.000Z,256.03347,256.40647,0
1973-02-23T01:55:08.000Z,256.0635,256.4365,0
1973-02-23T02:53:10.000Z,256.0635,256.4365,0
1973-02-23T03:51:03.000Z,256.02346,256.39646,0
1973-02-23T04:49:05.000Z,256.05349,256.42649,0
1973-02-23T05:46:58.000Z,255.99349,256.36649,0
1973-02-23T06:45:00.000Z,256.05349,256.42649,0
1973-02-23T07:42:53.000Z,256.05349,256.42649,0
1973-02-23T08:33:40.000Z,256.02346,256.39646,0
1973-02-23T09:31:34.000Z,256.05349,256.42649,0
1973-02-23T10:29:35.000Z,256.02346,256.39646,0
1973-02-23T11:27:29.000Z,256.02346,256.39646,0
1973-02-23T12:25:30.000Z,256.04348,256.41648,0
1973-02-23T13:23:24.000Z,256.08346,256.45646,0
1973-02-23T14:21:17.000Z,256.05349,256.42649,0
1973-02-23T15:19:02.000Z,256.05349,256.42649,0
1973-02-23T16:24:02.000Z,256.04348,256.41648,0
1973-02-23T16:31:16.000Z,256.04348,256.41648,0
1973-02-23T17:29:01.000Z,256.04348,256.41648,0
1973-02-23T17:37:05.000Z,256.04348,256.41648,0
1973-02-23T18:34:58.000Z,256.04348,256.41648,0
1973-02-23T19:33:00.000Z,256.04348,256.41648,0
1973-02-23T20:30:53.000Z,256.04348,256.41648,0
1973-02-23T21:28:55.000Z,256.04348,256.41648,0
1973-02-23T22:26:48.000Z,256.04348,256.41648,0
1973-02-23T23:24:50.000Z,256.07345,256.44645,0
1973-02-24T00:22:43.000Z,255.96346,256.33646,0
1973-02-24T01:20:45.000Z,256.00344,256.37644,0
1973-02-24T02:18:38.000Z,256.03347,256.40647,0
1973-02-24T03:31:08.000Z,256.03347,256.40647,0
1973-02-24T04:21:55.000Z,256.03347,256.40647,0
1973-02-24T05:19:49.000Z,256.0635,256.4365,0
1973-02-24T05:34:17.000Z,255.99349,256.36649,0
1973-02-24T06:32:19.000Z,256.02346,256.39646,0
1973-02-24T07:30:12.000Z,255.99349,256.36649,0
1973-02-24T08:28:14.000Z,256.02346,256.39646,0
1973-02-24T09:26:07.000Z,256.0635,256.4365,0
1973-02-24T10:24:09.000Z,256.063,256.437,0
1973-02-24T11:22:02.000Z,256.02346,256.39646,0
1973-02-24T11:43:53.000Z,256.02346,256.39646,0
1973-02-24T12:41:46.000Z,256.05349,256.42649,0
1973-02-24T13:39:48.000Z,256.02346,256.39646,0
1973-02-24T14:37:41.000Z,256.0635,256.4365,0
1973-02-24T15:13:52.000Z,256.02346,256.39646,0
1973-02-24T16:11:54.000Z,256.02346,256.39646,0
1973-02-24T17:09:55.000Z,256.05349,256.42649,0
1973-02-24T17:24:24.000Z,256.0635,256.4365,0
1973-02-24T18:22:17.000Z,256.02296,256.39696,0
1973-02-24T19:20:19.000Z,256.02296,256.39696,0
1973-02-24T20:18:12.000Z,256.08346,256.45646,0
1973-02-24T21:16:14.000Z,256.01345,256.38645,0
1973-02-24T22:14:07.000Z,256.02296,256.39696,0
1973-02-24T23:12:09.000Z,255.98348,256.35648,0
1973-02-25T00:10:02.000Z,256.08296,256.45696,0
1973-02-25T01:08:04.000Z,256.05299,256.42699,0
1973-02-25T01:37:00.000Z,256.05299,256.42699,0
1973-02-25T02:13:11.000Z,256.04348,256.41648,0
1973-02-25T02:42:16.000Z,256.04298,256.41698,0
1973-02-25T03:40:10.000Z,256.04348,256.41648,0
1973-02-25T04:38:11.000Z,256.08296,256.45696,0
1973-02-25T05:36:05.000Z,256.04348,256.41648,0
1973-02-25T06:34:06.000Z,256.01295,256.38695,0
1973-02-25T07:32:00.000Z,256.04298,256.41698,0
1973-02-25T08:30:01.000Z,256.01345,256.38645,0
1973-02-25T09:27:55.000Z,256.01345,256.38645,0
1973-02-25T10:25:56.000Z,256.04298,256.41698,0
1973-02-25T11:23:50.000Z,256.01345,256.38645,0
1973-02-25T12:21:51.000Z,256.04298,256.41698,0
1973-02-25T12:58:02.000Z,256.04298,256.41698,0
1973-02-25T13:56:04.000Z,256.04298,256.41698,0
1973-02-25T14:53:57.000Z,256.04298,256.41698,0
1973-02-25T15:51:59.000Z,256.04298,256.41698,0
1973-02-25T16:49:52.000Z,256.04298,256.41698,0
1973-02-25T17:47:54.000Z,256.01295,256.38695,0
1973-02-25T18:45:47.000Z,256.04298,256.41698,0
1973-02-25T19:43:49.000Z,256.01295,256.38695,0
1973-02-25T20:41:42.000Z,256.04298,256.41698,0
1973-02-25T21:39:44.000Z,256.04298,256.41698,0
1973-02-25T22:37:37.000Z,256.04298,256.41698,0
1973-02-25T23:35:39.000Z,256.01295,256.38695,0
1973-02-26T00:33:40.000Z,256.04298,256.41698,0
1973-02-26T01:31:34.000Z,256.04298,256.41698,0
1973-02-26T02:29:35.000Z,256.01295,256.38695,0
1973-02-26T02:58:32.000Z,256.01295,256.38695,0
1973-02-26T03:56:26.000Z,256.01295,256.38695,0
1973-02-26T04:54:27.000Z,256.04298,256.41698,0
1973-02-26T05:52:21.000Z,256.07295,256.44695,0
1973-02-26T06:50:22.000Z,256.04298,256.41698,0
1973-02-26T07:48:16.000Z,256.04298,256.41698,0
1973-02-26T08:46:17.000Z,256.04298,256.41698,0
1973-02-26T09:44:19.000Z,256.04298,256.41698,0
1973-02-26T10:42:12.000Z,256.04298,256.41698,0
1973-02-26T11:40:14.000Z,256.01295,256.38695,0
1973-02-26T12:38:07.000Z,256.01295,256.38695,0
1973-02-26T13:36:01.000Z,256.063,256.437,0
1973-02-26T14:33:54.000Z,256.04298,256.41698,0
1973-02-26T15:31:56.000Z,256.03297,256.40697,0
1973-02-26T16:29:57.000Z,256.063,256.437,0
1973-02-26T17:27:59.000Z,256.063,256.437,0
1973-02-26T18:25:52.000Z,256.063,256.437,0
1973-02-26T20:19:03.000Z,256.063,256.437,0
1973-02-26T21:17:05.000Z,256.063,256.437,0
1973-02-26T22:14:58.000Z,256.063,256.437,0
1973-02-26T23:13:00.000Z,256.063,256.437,0
1973-02-27T00:10:53.000Z,256.04298,256.41698,0
1973-02-27T01:08:55.000Z,256.063,256.437,0
1973-02-27T02:06:57.000Z,256.063,256.437,0
1973-02-27T03:04:50.000Z,256.03297,256.40697,0
1973-02-27T04:02:52.000Z,256.063,256.437,0
1973-02-27T05:00:45.000Z,256.063,256.437,0
1973-02-27T05:58:47.000Z,256.063,256.437,0
1973-02-27T06:56:40.000Z,256.063,256.437,0
1973-02-27T07:54:42.000Z,256.03297,256.40697,0
1973-02-27T08:52:35.000Z,256.02296,256.39696,0
1973-02-27T09:50:37.000Z,256.03297,256.40697,0
1973-02-27T10:48:30.000Z,256.063,256.437,0
1973-02-27T11:46:32.000Z,256.03297,256.40697,0
1973-02-27T12:44:25.000Z,256.03297,256.40697,0
1973-02-27T13:27:58.000Z,256.02296,256.39696,0
1973-02-27T14:25:52.000Z,256.02296,256.39696,0
1973-02-27T15:23:53.000Z,256.063,256.437,0
1973-02-27T16:21:47.000Z,256.063,256.437,0
1973-02-27T17:19:48.000Z,256.02296,256.39696,0
1973-02-27T18:17:42.000Z,256.063,256.437,0
1973-02-27T19:15:43.000Z,256.03297,256.40697,0
1973-02-27T20:13:37.000Z,256.03297,256.40697,0
1973-02-27T21:11:38.000Z,256.063,256.437,0
1973-02-27T22:09:32.000Z,256.063,256.437,0
1973-02-27T23:07:33.000Z,256.02296,256.39696,0
1973-02-28T00:05:27.000Z,256.09297,256.46697,0
1973-02-28T01:03:28.000Z,256.09297,256.46697,0
1973-02-28T02:01:22.000Z,256.063,256.437,0
1973-02-28T02:59:23.000Z,256.063,256.437,0
1973-02-28T03:57:17.000Z,256.063,256.437,0
1973-02-28T04:55:18.000Z,256.02296,256.39696,0
1973-02-28T05:53:20.000Z,256.03297,256.40697,0
1973-02-28T06:51:13.000Z,255.99299,256.36699,0
1973-02-28T07:49:15.000Z,256.063,256.437,0
1973-02-28T08:47:08.000Z,256.063,256.437,0
1973-02-28T09:45:10.000Z,256.063,256.437,0
1973-02-28T11:18:25.000Z,255.98248,256.35748,0
1973-02-28T12:30:55.000Z,256.09247,256.46747,0
1973-02-28T13:28:48.000Z,256.063,256.437,0
1973-02-28T14:26:50.000Z,256.05299,256.42699,0
1973-02-28T15:24:43.000Z,256.063,256.437,0
1973-02-28T16:22:45.000Z,256.063,256.437,0
1973-02-28T17:20:38.000Z,256.02296,256.39696,0
1973-02-28T18:18:40.000Z,256.05299,256.42699,0
1973-02-28T19:16:33.000Z,256.09297,256.46697,0
1973-02-28T20:14:35.000Z,256.063,256.437,0
1973-02-28T21:12:28.000Z,256.09297,256.46697,0
1973-02-28T22:10:30.000Z,256.05299,256.42699,0
1973-02-28T23:08:23.000Z,256.05299,256.42699,0
1973-03-01T00:06:25.000Z,256.063,256.437,0
1973-03-01T01:04:18.000Z,256.063,256.437,0
1973-03-01T02:02:20.000Z,256.05249,256.42749,0
1973-03-01T03:00:13.000Z,256.05299,256.42699,0
1973-03-01T03:58:15.000Z,256.09297,256.46697,0
1973-03-01T04:56:08.000Z,256.05299,256.42699,0
1973-03-01T05:54:10.000Z,256.05249,256.42749,0
1973-03-01T06:52:04.000Z,256.09297,256.46697,0
1973-03-01T07:50:05.000Z,256.09297,256.46697,0
1973-03-01T08:47:59.000Z,256.09247,256.46747,0
1973-03-01T09:46:00.000Z,256.01245,256.38745,0
1973-03-01T10:44:02.000Z,256.01295,256.38695,0
1973-03-01T11:41:55.000Z,256.01245,256.38745,0
1973-03-01T12:39:57.000Z,256.05249,256.42749,0
1973-03-01T13:37:50.000Z,256.05249,256.42749,0
1973-03-01T14:35:52.000Z,256.01245,256.38745,0
1973-03-01T15:33:45.000Z,256.02246,256.39746,0
1973-03-01T16:31:47.000Z,256.05249,256.42749,0
1973-03-01T17:29:40.000Z,256.01245,256.38745,0
1973-03-01T18:27:42.000Z,256.01245,256.38745,0
1973-03-01T19:25:35.000Z,256.01245,256.38745,0
1973-03-01T20:23:37.000Z,256.08246,256.45746,0
1973-03-01T21:21:30.000Z,256.05249,256.42749,0
1973-03-01T22:19:32.000Z,256.01245,256.38745,0
1973-03-01T23:17:25.000Z,256.01245,256.38745,0
1973-03-02T00:15:27.000Z,256.05249,256.42749,0
1973-03-02T01:13:20.000Z,256.01245,256.38745,0
1973-03-02T02:11:22.000Z,256.01245,256.38745,0
1973-03-02T05:05:10.000Z,256.05249,256.42749,0
1973-03-02T06:10:26.000Z,256.01245,256.38745,0
1973-03-02T07:08:28.000Z,256.05249,256.42749,0
1973-03-02T08:06:21.000Z,256.01245,256.38745,0
1973-03-02T09:04:23.000Z,256.01245,256.38745,0
1973-03-02T10:02:16.000Z,256.05249,256.42749,0
1973-03-02T11:00:18.000Z,256.05249,256.42749,0
1973-03-02T12:05:25.000Z,256.04248,256.41748,0
1973-03-02T13:03:27.000Z,256.04248,256.41748,0
1973-03-02T14:01:20.000Z,256.01245,256.38745,0
1973-03-02T14:47:37.000Z,256.01245,256.38745,0
1973-03-02T15:16:34.000Z,256.01245,256.38745,0
1973-03-02T16:14:27.000Z,256.01245,256.38745,0
1973-03-02T17:12:29.000Z,256.01245,256.38745,0
1973-03-02T18:10:22.000Z,256.05249,256.42749,0
1973-03-02T19:08:24.000Z,256.04248,256.41748,0
1973-03-02T20:06:17.000Z,256.01245,256.38745,0
1973-03-02T21:04:19.000Z,256.00244,256.37744,0
1973-03-02T22:02:21.000Z,256.01245,256.38745,0
1973-03-02T23:00:14.000Z,256.01245,256.38745,0
1973-03-02T23:58:16.000Z,256.08246,256.45746,0
1973-03-03T00:56:09.000Z,256.00244,256.37744,0
1973-03-03T01:54:11.000Z,256.04248,256.41748,0
1973-03-03T02:52:04.000Z,256.04248,256.41748,0
1973-03-03T03:50:06.000Z,256.01245,256.38745,0
1973-03-03T04:47:59.000Z,256.04248,256.41748,0
1973-03-03T05:46:01.000Z,256.01245,256.38745,0
1973-03-03T06:43:54.000Z,256.04248,256.41748,0
1973-03-03T07:34:41.000Z,256.04248,256.41748,0
1973-03-03T08:32:35.000Z,256.04248,256.41748,0
1973-03-03T09:30:36.000Z,256.01245,256.38745,0
1973-03-03T10:28:30.000Z,256.05249,256.42749,0
1973-03-03T11:26:31.000Z,256.04248,256.41748,0
1973-03-03T12:24:25.000Z,256.04248,256.41748,0
1973-03-03T13:22:26.000Z,256.04248,256.41748,0
1973-03-03T14:20:20.000Z,256.00244,256.37744,0
1973-03-03T15:18:21.000Z,256.04248,256.41748,0
1973-03-03T16:16:15.000Z,256.04248,256.41748,0
1973-03-03T17:14:16.000Z,256.07245,256.44745,0
1973-03-03T18:12:10.000Z,256.04248,256.41748,0
1973-03-03T19:10:12.000Z,256.08246,256.45746,0
1973-03-03T20:15:27.000Z,256.04248,256.41748,0
1973-03-03T21:13:21.000Z,256.04248,256.41748,0
1973-03-03T22:11:22.000Z,256.00244,256.37744,0
1973-03-03T23:09:16.000Z,256.04248,256.41748,0
1973-03-04T00:07:17.000Z,256.04248,256.41748,0
1973-03-04T01:05:11.000Z,256.04248,256.41748,0
1973-03-04T02:03:12.000Z,256.04248,256.41748,0
1973-03-04T03:01:06.000Z,256.08246,256.45746,0
1973-03-04T03:58:59.000Z,256.01245,256.38745,0
1973-03-04T04:56:53.000Z,256.07245,256.44745,0
1973-03-04T05:54:38.000Z,256.03247,256.40747,0
1973-03-04T06:52:31.000Z,256.04248,256.41748,0
1973-03-04T07:21:52.000Z,256.04198,256.41798,0
1973-03-04T07:43:35.000Z,256.07245,256.44745,0
1973-03-04T08:12:23.000Z,256.04248,256.41748,0
1973-03-04T08:41:20.000Z,256.04248,256.41748,0
1973-03-04T08:55:49.000Z,256.07195,256.44795,0
1973-03-04T09:24:37.000Z,256.04248,256.41748,0
1973-03-04T09:31:51.000Z,256.04248,256.41748,0
1973-03-04T10:36:51.000Z,256.07245,256.44745,0
1973-03-04T10:44:05.000Z,256.04248,256.41748,0
1973-03-04T11:48:56.000Z,256.00244,256.37744,0
1973-03-04T11:56:10.000Z,256.04198,256.41798,0
1973-03-04T12:10:39.000Z,256.04248,256.41748,0
1973-03-04T12:53:55.000Z,256.01245,256.38745,0
1973-03-04T13:08:24.000Z,256.04198,256.41798,0
1973-03-04T13:17:00.000Z,256.04248,256.41748,0
1973-03-04T14:15:01.000Z,256.07245,256.44745,0
1973-03-04T15:13:03.000Z,256.04248,256.41748,0
1973-03-04T16:11:05.000Z,256.07195,256.44795,0
1973-03-04T16:39:53.000Z,256.07245,256.44745,0
1973-03-04T17:37:55.000Z,256.07195,256.44795,0
1973-03-04T18:35:56.000Z,256.04198,256.41798,0
1973-03-04T19:33:58.000Z,256.04198,256.41798,0
1973-03-04T20:32:00.000Z,256.04248,256.41748,0
1973-03-04T20:53:26.000Z,256.07245,256.44745,0
1973-03-04T21:51:19.000Z,256.00244,256.37744,0
1973-03-04T22:49:04.000Z,256.00244,256.37744,0
1973-03-04T23:47:14.000Z,256.04248,256.41748,0
1973-03-05T00:45:16.000Z,256.00244,256.37744,0
1973-03-05T01:43:09.000Z,256.0625,256.4375,0
1973-03-05T02:41:11.000Z,256.07195,256.44795,0
1973-03-05T03:39:12.000Z,256.00244,256.37744,0
1973-03-05T04:37:06.000Z,256.07195,256.44795,0
1973-03-05T05:35:07.000Z,256.07195,256.44795,0
1973-03-05T06:33:01.000Z,256.04248,256.41748,0
1973-03-05T07:31:02.000Z,256.04198,256.41798,0
1973-03-05T08:28:56.000Z,256.04198,256.41798,0
1973-03-05T09:26:57.000Z,256.04248,256.41748,0
1973-03-05T10:24:51.000Z,256.04198,256.41798,0
1973-03-05T11:22:52.000Z,256.07195,256.44795,0
1973-03-05T12:20:46.000Z,256.03247,256.40747,0
1973-03-05T13:18:47.000Z,256.00244,256.37744,0
1973-03-05T14:16:41.000Z,256.07195,256.44795,0
1973-03-05T16:43:27.000Z,256.07195,256.44795,0
1973-03-05T17:41:21.000Z,256.04198,256.41798,0
1973-03-05T17:55:57.000Z,256.04198,256.41798,0
1973-03-05T18:53:51.000Z,256.03247,256.40747,0
1973-03-05T19:51:52.000Z,256.00244,256.37744,0
1973-03-05T20:49:46.000Z,256.04198,256.41798,0
1973-03-05T21:47:47.000Z,256.04248,256.41748,0
1973-03-05T22:09:30.000Z,256.04248,256.41748,0
1973-03-05T23:07:23.000Z,256.062,256.438,0
1973-03-06T00:05:25.000Z,256.07195,256.44795,0
1973-03-06T01:03:18.000Z,255.99249,256.36749,0
1973-03-06T02:01:20.000Z,256.062,256.438,0
1973-03-06T02:59:13.000Z,256.04198,256.41798,0
1973-03-06T03:57:15.000Z,256.10198,256.47798,0
1973-03-06T04:55:08.000Z,256.03197,256.40797,0
1973-03-06T05:53:10.000Z,256.07195,256.44795,0
1973-03-06T06:51:11.000Z,256.03197,256.40797,0
1973-03-06T07:49:05.000Z,256.03247,256.40747,0
1973-03-06T08:47:06.000Z,256.062,256.438,0
1973-03-06T09:45:00.000Z,256.07195,256.44795,0
1973-03-06T10:43:01.000Z,256.07195,256.44795,0
1973-03-06T11:40:55.000Z,256.07195,256.44795,0
1973-03-06T12:38:56.000Z,255.99249,256.36749,0
1973-03-06T13:36:50.000Z,256.03197,256.40797,0
1973-03-06T14:34:51.000Z,256.03197,256.40797,0
1973-03-06T15:32:45.000Z,256.02246,256.39746,0
1973-03-06T16:30:46.000Z,256.03197,256.40797,0
1973-03-06T17:28:40.000Z,256.03197,256.40797,0
1973-03-06T18:26:41.000Z,256.07195,256.44795,0
1973-03-06T19:24:35.000Z,256.07195,256.44795,0
1973-03-06T20:22:36.000Z,256.03197,256.40797,0
1973-03-06T21:20:30.000Z,256.062,256.438,0
1973-03-06T22:18:31.000Z,256.062,256.438,0
1973-03-06T23:16:25.000Z,256.07195,256.44795,0
1973-03-07T00:14:26.000Z,256.03197,256.40797,0
1973-03-07T01:12:20.000Z,256.02196,256.39796,0
1973-03-07T02:10:21.000Z,256.10198,256.47798,0
1973-03-07T03:08:15.000Z,255.99199,256.36799,0
1973-03-07T04:06:16.000Z,255.99249,256.36749,0
1973-03-07T05:04:18.000Z,256.00194,256.37794,0
1973-03-07T06:02:11.000Z,256.062,256.438,0
1973-03-07T07:00:13.000Z,256.062,256.438,0
1973-03-07T07:58:06.000Z,256.10198,256.47798,0
1973-03-07T08:56:08.000Z,256.062,256.438,0
1973-03-07T09:54:01.000Z,255.99199,256.36799,0
1973-03-07T10:52:03.000Z,256.03197,256.40797,0
1973-03-07T11:49:56.000Z,256.02196,256.39796,0
1973-03-07T12:47:58.000Z,256.02196,256.39796,0
1973-03-07T13:45:51.000Z,256.02196,256.39796,0
1973-03-07T14:38:25.000Z,256.03197,256.40797,0
1973-03-07T15:36:19.000Z,255.99199,256.36799,0
1973-03-07T16:19:52.000Z,256.07195,256.44795,0
1973-03-07T17:17:37.000Z,256.03197,256.40797,0
1973-03-07T18:15:47.000Z,256.03197,256.40797,0
1973-03-07T19:13:40.000Z,256.062,256.438,0
1973-03-07T20:11:42.000Z,256.062,256.438,0
1973-03-07T21:09:44.000Z,256.062,256.438,0
1973-03-07T22:07:37.000Z,256.062,256.438,0
1973-03-07T22:36:34.000Z,256.02196,256.39796,0
1973-03-07T22:51:02.000Z,256.062,256.438,0
1973-03-07T23:49:04.000Z,256.02196,256.39796,0
1973-03-08T00:46:57.000Z,256.062,256.438,0
1973-03-08T01:44:59.000Z,256.062,256.438,0
1973-03-08T02:43:00.000Z,256.02196,256.39796,0
1973-03-08T03:40:54.000Z,256.02196,256.39796,0
1973-03-08T04:38:55.000Z,256.02196,256.39796,0
1973-03-08T05:36:49.000Z,256.062,256.438,0
1973-03-08T06:34:50.000Z,256.02196,256.39796,0
1973-03-08T07:32:44.000Z,256.062,256.438,0
1973-03-08T08:30:45.000Z,256.02196,256.39796,0
1973-03-08T09:28:31.000Z,256.07195,256.44795,0
1973-03-08T10:26:24.000Z,256.10148,256.47848,0
1973-03-08T11:24:17.000Z,256.03197,256.40797,0
1973-03-08T12:22:03.000Z,256.02196,256.39796,0
1973-03-08T13:19:56.000Z,256.03197,256.40797,0
1973-03-08T14:17:49.000Z,255.99199,256.36799,0
1973-03-08T15:15:35.000Z,256.02196,256.39796,0
1973-03-08T16:13:28.000Z,256.09197,256.46797,0
1973-03-08T16:57:50.000Z,256.062,256.438,0
1973-03-08T17:55:52.000Z,256.062,256.438,0
1973-03-08T18:53:45.000Z,255.99199,256.36799,0
1973-03-08T19:51:47.000Z,256.062,256.438,0
1973-03-08T20:49:40.000Z,256.062,256.438,0
1973-03-08T21:47:34.000Z,256.03197,256.40797,0
1973-03-08T22:45:35.000Z,256.062,256.438,0
1973-03-08T23:43:29.000Z,255.99199,256.36799,0
1973-03-09T00:41:22.000Z,256.062,256.438,0
1973-03-09T01:39:24.000Z,255.99199,256.36799,0
1973-03-09T02:37:25.000Z,256.02196,256.39796,0
1973-03-09T03:35:27.000Z,256.02196,256.39796,0
1973-03-09T04:33:20.000Z,256.02196,256.39796,0
1973-03-09T05:31:22.000Z,256.062,256.438,0
1973-03-09T06:29:24.000Z,256.02196,256.39796,0
1973-03-09T07:27:17.000Z,256.02196,256.39796,0
1973-03-09T08:25:19.000Z,256.04148,256.41848,0
1973-03-09T09:23:12.000Z,256.062,256.438,0
1973-03-09T10:21:14.000Z,256.07195,256.44795,0
1973-03-09T11:19:07.000Z,256.05149,256.42849,0
1973-03-09T12:17:09.000Z,256.00194,256.37794,0
1973-03-09T13:15:02.000Z,255.99199,256.36799,0
1973-03-09T14:13:04.000Z,256.04198,256.41798,0
1973-03-09T15:10:57.000Z,256.05199,256.42799,0
1973-03-09T16:08:59.000Z,256.02196,256.39796,0
1973-03-09T17:06:52.000Z,256.02196,256.39796,0
1973-03-09T18:04:54.000Z,256.0615,256.4385,0
1973-03-09T19:02:47.000Z,256.00194,256.37794,0
1973-03-09T20:20:45.000Z,256.03197,256.40797,0
1973-03-09T21:18:38.000Z,256.07145,256.44845,0
1973-03-09T22:16:40.000Z,256.04148,256.41848,0
1973-03-09T23:21:47.000Z,256.01145,256.38845,0
1973-03-10T00:19:49.000Z,256.04148,256.41848,0
1973-03-10T01:17:42.000Z,256.04148,256.41848,0
1973-03-10T02:15:44.000Z,256.04148,256.41848,0
1973-03-10T02:37:26.000Z,256.05199,256.42799,0
1973-03-10T02:59:09.000Z,256.05199,256.42799,0
1973-03-10T03:56:54.000Z,256.0615,256.4385,0
1973-03-10T04:54:39.000Z,256.02146,256.39846,0
1973-03-10T05:52:16.000Z,256.02146,256.39846,0
1973-03-10T06:50:02.000Z,256.05149,256.42849,0
1973-03-10T07:47:47.000Z,256.05149,256.42849,0
1973-03-10T08:38:10.000Z,256.02146,256.39846,0
1973-03-10T08:47:02.000Z,256.02146,256.39846,0
1973-03-10T09:44:56.000Z,256.02146,256.39846,0
1973-03-10T10:42:57.000Z,256.02146,256.39846,0
1973-03-10T11:40:51.000Z,256.0615,256.4385,0
1973-03-10T12:38:52.000Z,256.02146,256.39846,0
1973-03-10T13:36:46.000Z,256.03147,256.40847,0
1973-03-10T14:34:47.000Z,256.02146,256.39846,0
1973-03-10T15:32:41.000Z,255.99149,256.36849,0
1973-03-10T16:30:42.000Z,256.03197,256.40797,0
1973-03-10T17:28:36.000Z,255.99149,256.36849,0
1973-03-10T18:26:37.000Z,256.03197,256.40797,0
1973-03-10T19:24:31.000Z,255.99149,256.36849,0
1973-03-10T20:22:32.000Z,256.02146,256.39846,0
1973-03-10T21:13:11.000Z,256.02146,256.39846,0
1973-03-10T22:11:13.000Z,256.02146,256.39846,0
1973-03-10T23:09:06.000Z,256.02146,256.39846,0
1973-03-11T00:07:08.000Z,256.02146,256.39846,0
1973-03-11T01:05:01.000Z,256.02146,256.39846,0
1973-03-11T02:10:17.000Z,256.03147,256.40847,0
1973-03-11T03:08:19.000Z,256.07145,256.44845,0
1973-03-11T04:06:12.000Z,256.03147,256.40847,0
1973-03-11T05:04:14.000Z,256.03197,256.40797,0
1973-03-11T06:02:07.000Z,256.03147,256.40847,0
1973-03-11T07:00:09.000Z,256.03147,256.40847,0
1973-03-11T07:58:02.000Z,256.03147,256.40847,0
1973-03-11T08:56:04.000Z,256.03147,256.40847,0
1973-03-11T09:53:57.000Z,256.07145,256.44845,0
1973-03-11T10:51:59.000Z,256.04148,256.41848,0
1973-03-11T11:49:52.000Z,256.07145,256.44845,0
1973-03-11T12:47:54.000Z,256.04148,256.41848,0
1973-03-11T13:45:47.000Z,256.07195,256.44795,0
1973-03-11T14:43:49.000Z,256.03147,256.40847,0
1973-03-11T15:41:42.000Z,256.07145,256.44845,0
1973-03-11T16:39:44.000Z,256.03147,256.40847,0
1973-03-11T17:37:37.000Z,256.07195,256.44795,0
1973-03-11T18:35:39.000Z,256.03147,256.40847,0
1973-03-11T19:33:32.000Z,256.07145,256.44845,0
1973-03-11T20:31:34.000Z,256.03147,256.40847,0
1973-03-11T21:36:50.000Z,256.03147,256.40847,0
1973-03-11T21:44:04.000Z,256.03147,256.40847,0
1973-03-11T22:41:57.000Z,256.03147,256.40847,0
1973-03-11T23:39:59.000Z,256.03147,256.40847,0
1973-03-12T00:16:10.000Z,256.03147,256.40847,0
1973-03-12T01:14:11.000Z,256.03147,256.40847,0
1973-03-12T02:26:33.000Z,256.03147,256.40847,0
1973-03-12T03:24:35.000Z,256.03147,256.40847,0
1973-03-12T04:22:20.000Z,256.03147,256.40847,0
1973-03-12T05:20:05.000Z,256.03197,256.40797,0
1973-03-12T06:17:59.000Z,256.0615,256.4385,0
1973-03-12T07:16:17.000Z,256.03147,256.40847,0
1973-03-12T08:14:02.000Z,256.10148,256.47848,0
1973-03-12T09:11:47.000Z,256.04148,256.41848,0
1973-03-12T09:47:50.000Z,256.03147,256.40847,0
1973-03-12T10:45:35.000Z,256.03147,256.40847,0
1973-03-12T11:54:07.000Z,255.99199,256.36799,0
1973-03-12T12:51:52.000Z,256.03147,256.40847,0
1973-03-12T13:00:37.000Z,256.04148,256.41848,0
1973-03-12T13:58:30.000Z,256.03147,256.40847,0
1973-03-12T14:56:32.000Z,256.03147,256.40847,0
1973-03-12T15:54:25.000Z,256.10148,256.47848,0
1973-03-12T16:52:27.000Z,256.04148,256.41848,0
1973-03-12T17:50:20.000Z,256.0615,256.4385,0
1973-03-12T18:48:22.000Z,256.00144,256.37844,0
1973-03-12T19:46:15.000Z,256.00144,256.37844,0
1973-03-12T20:07:58.000Z,256.03147,256.40847,0
1973-03-12T21:13:14.000Z,256.03147,256.40847,0
1973-03-12T21:34:56.000Z,256.03147,256.40847,0
1973-03-12T22:04:01.000Z,256.07145,256.44845,0
1973-03-12T23:01:54.000Z,256.00144,256.37844,0
1973-03-12T23:16:23.000Z,256.03147,256.40847,0
1973-03-13T00:14:24.000Z,256.07145,256.44845,0
1973-03-13T01:12:18.000Z,256.07145,256.44845,0
1973-03-13T02:10:19.000Z,256.07145,256.44845,0
1973-03-13T03:08:13.000Z,256.03147,256.40847,0
1973-03-13T03:29:55.000Z,256.03147,256.40847,0
1973-03-13T04:27:57.000Z,256.03147,256.40847,0
1973-03-13T05:25:58.000Z,256.03147,256.40847,0
1973-03-13T06:23:52.000Z,256.03147,256.40847,0
1973-03-13T07:21:53.000Z,256.0615,256.4385,0
1973-03-13T08:19:47.000Z,256.03147,256.40847,0
1973-03-13T09:17:48.000Z,256.03147,256.40847,0
1973-03-13T09:39:31.000Z,256.00144,256.37844,0
1973-03-13T10:37:24.000Z,256.0615,256.4385,0
1973-03-13T11:35:26.000Z,256.03147,256.40847,0
1973-03-13T12:33:28.000Z,256.0615,256.4385,0
1973-03-13T13:31:21.000Z,256.0615,256.4385,0
1973-03-13T14:29:14.000Z,256.03147,256.40847,0
1973-03-13T15:27:00.000Z,256.0615,256.4385,0
1973-03-13T16:24:45.000Z,256.0615,256.4385,0
1973-03-13T16:54:14.000Z,256.10148,256.47848,0
1973-03-13T17:52:08.000Z,256.07145,256.44845,0
1973-03-13T18:50:09.000Z,256.0615,256.4385,0
1973-03-13T19:48:11.000Z,256.02146,256.39846,0
1973-03-13T20:46:04.000Z,256.03147,256.40847,0
1973-03-13T21:44:06.000Z,256.0615,256.4385,0
1973-03-13T22:41:59.000Z,256.00144,256.37844,0
1973-03-13T23:25:33.000Z,256.0615,256.4385,0
1973-03-13T23:47:15.000Z,256.0615,256.4385,0
1973-03-14T00:45:09.000Z,256.03147,256.40847,0
1973-03-14T01:43:10.000Z,256.0615,256.4385,0
1973-03-14T02:41:04.000Z,256.0615,256.4385,0
1973-03-14T02:55:32.000Z,256.0615,256.4385,0
1973-03-14T03:53:33.000Z,256.0615,256.4385,0
1973-03-14T04:22:30.000Z,256.0615,256.4385,0
1973-03-14T05:20:32.000Z,256.0615,256.4385,0
1973-03-14T06:18:25.000Z,256.0615,256.4385,0
1973-03-14T07:16:27.000Z,256.0615,256.4385,0
1973-03-14T08:14:20.000Z,256.10148,256.47848,0
1973-03-14T09:12:22.000Z,256.0615,256.4385,0
1973-03-14T10:10:15.000Z,256.0615,256.4385,0
1973-03-14T11:08:17.000Z,256.03147,256.40847,0
1973-03-14T12:06:18.000Z,256.03147,256.40847,0
1973-03-14T13:04:12.000Z,256.03147,256.40847,0
1973-03-14T14:02:13.000Z,256.062,256.438,0
1973-03-14T15:00:07.000Z,256.0615,256.4385,0
1973-03-14T15:58:08.000Z,256.0615,256.4385,0
1973-03-14T16:56:02.000Z,256.03147,256.40847,0
1973-03-14T17:54:03.000Z,256.10148,256.47848,0
1973-03-14T18:51:57.000Z,256.0615,256.4385,0
1973-03-14T19:49:58.000Z,256.0615,256.4385,0
1973-03-14T20:47:52.000Z,256.0615,256.4385,0
1973-03-14T21:45:53.000Z,256.0615,256.4385,0
1973-03-14T22:43:47.000Z,256.0615,256.4385,0
1973-03-14T23:41:48.000Z,256.0615,256.4385,0
1973-03-15T00:39:50.000Z,256.09147,256.46847,0
1973-03-15T01:08:47.000Z,256.0615,256.4385,0
1973-03-15T02:06:40.000Z,256.0615,256.4385,0
1973-03-15T03:04:42.000Z,256.0615,256.4385,0
1973-03-15T04:02:35.000Z,256.0615,256.4385,0
1973-03-15T05:00:37.000Z,256.0615,256.4385,0
1973-03-15T06:19:24.000Z,256.0615,256.4385,0
1973-03-15T07:17:25.000Z,256.0615,256.4385,0
1973-03-15T08:22:33.000Z,256.0615,256.4385,0
1973-03-15T09:20:34.000Z,256.0615,256.4385,0
1973-03-15T10:18:28.000Z,256.0615,256.4385,0
1973-03-15T11:16:29.000Z,256.03147,256.40847,0
1973-03-15T12:14:23.000Z,256.0615,256.4385,0
1973-03-15T13:12:24.000Z,256.0615,256.4385,0
1973-03-15T14:10:18.000Z,256.0615,256.4385,0
1973-03-15T15:01:05.000Z,256.0615,256.4385,0
1973-03-15T15:58:59.000Z,256.0615,256.4385,0
1973-03-15T16:57:00.000Z,256.0615,256.4385,0
1973-03-15T17:54:54.000Z,256.10148,256.47848,0
1973-03-15T18:52:55.000Z,256.10148,256.47848,0
1973-03-15T19:50:57.000Z,256.02146,256.39846,0
1973-03-15T20:48:50.000Z,256.0615,256.4385,0
1973-03-15T21:46:52.000Z,256.09147,256.46847,0
1973-03-15T22:44:45.000Z,256.0615,256.4385,0
1973-03-15T23:42:47.000Z,256.0615,256.4385,0
1973-03-16T00:40:40.000Z,256.03147,256.40847,0
1973-03-16T02:43:49.000Z,256.0615,256.4385,0
1973-03-16T03:41:51.000Z,256.02146,256.39846,0
1973-03-16T04:39:44.000Z,256.09147,256.46847,0
1973-03-16T05:37:46.000Z,256.09097,256.46897,0
1973-03-16T06:35:48.000Z,256.13095,256.50895,0
1973-03-16T07:33:41.000Z,256.09147,256.46847,0
1973-03-16T08:31:43.000Z,256.0615,256.4385,0
1973-03-16T09:29:36.000Z,256.0615,256.4385,0
1973-03-16T10:27:38.000Z,256.09147,256.46847,0
1973-03-16T11:25:31.000Z,256.061,256.439,0
1973-03-16T12:23:33.000Z,256.0615,256.4385,0
1973-03-16T13:21:26.000Z,256.061,256.439,0
1973-03-16T14:19:28.000Z,256.13145,256.50845,0
1973-03-16T15:17:21.000Z,256.10148,256.47848,0
1973-03-16T16:15:23.000Z,256.10098,256.47898,0
1973-03-16T17:13:16.000Z,256.061,256.439,0
1973-03-16T18:11:18.000Z,256.10148,256.47848,0
1973-03-16T19:09:19.000Z,256.10148,256.47848,0
1973-03-16T20:07:13.000Z,256.0615,256.4385,0
1973-03-16T21:05:14.000Z,256.10098,256.47898,0
1973-03-16T22:03:08.000Z,256.13145,256.50845,0
1973-03-16T23:01:09.000Z,256.0615,256.4385,0
1973-03-16T23:59:03.000Z,256.0615,256.4385,0
1973-03-17T00:57:04.000Z,256.09147,256.46847,0
1973-03-17T01:54:58.000Z,256.061,256.439,0
1973-03-17T03:20:10.000Z,256.05099,256.42899,0
1973-03-17T03:34:38.000Z,256.061,256.439,0
1973-03-17T04:32:31.000Z,256.13145,256.50845,0
1973-03-17T05:30:33.000Z,256.061,256.439,0
1973-03-17T06:28:34.000Z,256.10148,256.47848,0
1973-03-17T07:26:28.000Z,256.0615,256.4385,0
1973-03-17T08:24:29.000Z,256.09097,256.46897,0
1973-03-17T09:22:23.000Z,256.0615,256.4385,0
1973-03-17T10:20:24.000Z,256.09097,256.46897,0
1973-03-17T11:18:18.000Z,256.061,256.439,0
1973-03-17T12:16:20.000Z,256.0615,256.4385,0
1973-03-17T13:14:13.000Z,256.061,256.439,0
1973-03-17T14:12:15.000Z,256.061,256.439,0
1973-03-17T15:10:08.000Z,256.0615,256.4385,0
1973-03-17T16:08:10.000Z,256.0615,256.4385,0
1973-03-17T17:06:03.000Z,256.0615,256.4385,0
1973-03-17T17:35:08.000Z,256.061,256.439,0
1973-03-17T18:33:01.000Z,256.10148,256.47848,0
1973-03-17T19:31:03.000Z,256.061,256.439,0
1973-03-17T20:28:56.000Z,256.0615,256.4385,0
1973-03-17T21:12:29.000Z,256.061,256.439,0
1973-03-17T21:41:26.000Z,256.10148,256.47848,0
1973-03-17T22:10:23.000Z,256.061,256.439,0
1973-03-17T23:15:39.000Z,256.0615,256.4385,0
1973-03-17T23:37:21.000Z,256.061,256.439,0
1973-03-18T00:35:23.000Z,256.0615,256.4385,0
1973-03-18T01:40:30.000Z,256.061,256.439,0
1973-03-18T02:38:32.000Z,256.0615,256.4385,0
1973-03-18T03:07:29.000Z,256.061,256.439,0
1973-03-18T04:05:30.000Z,256.09097,256.46897,0
1973-03-18T05:03:24.000Z,256.061,256.439,0
1973-03-18T06:01:25.000Z,256.0615,256.4385,0
1973-03-18T06:52:05.000Z,256.03097,256.40897,0
1973-03-18T06:59:19.000Z,256.10098,256.47898,0
1973-03-18T07:35:38.000Z,256.05099,256.42899,0
1973-03-18T08:11:49.000Z,256.061,256.439,0
1973-03-18T08:33:31.000Z,256.09097,256.46897,0
1973-03-18T09:31:16.000Z,256.10098,256.47898,0
1973-03-18T10:07:19.000Z,256.061,256.439,0
1973-03-18T11:05:37.000Z,256.061,256.439,0
1973-03-19T00:44:24.000Z,256.061,256.439,0
1973-03-19T01:42:26.000Z,256.10098,256.47898,0
1973-03-19T02:40:20.000Z,256.02096,256.39896,0
1973-03-19T03:02:02.000Z,256.061,256.439,0
1973-03-19T04:00:04.000Z,256.10098,256.47898,0
1973-03-19T04:57:57.000Z,256.07095,256.44895,0
1973-03-19T05:19:48.000Z,256.061,256.439,0
1973-03-19T05:41:30.000Z,256.061,256.439,0
1973-03-19T06:39:24.000Z,256.061,256.439,0
1973-03-19T07:37:25.000Z,256.07095,256.44895,0
1973-03-19T08:35:19.000Z,256.10098,256.47898,0
1973-03-19T09:18:52.000Z,256.10098,256.47898,0
1973-03-19T10:16:45.000Z,256.10098,256.47898,0
1973-03-19T11:14:47.000Z,256.04098,256.41898,0
1973-03-19T12:12:40.000Z,256.03097,256.40897,0
1973-03-19T13:10:42.000Z,256.10098,256.47898,0
1973-03-19T14:08:44.000Z,256.10098,256.47898,0
1973-03-19T15:36:23.000Z,256.07095,256.44895,0
1973-03-19T16:34:08.000Z,256.07095,256.44895,0
1973-03-19T17:31:53.000Z,256.07095,256.44895,0
1973-03-19T18:30:19.000Z,256.07095,256.44895,0
1973-03-19T19:06:22.000Z,256.03097,256.40897,0
1973-03-19T19:50:04.000Z,256.07095,256.44895,0
1973-03-19T20:48:05.000Z,256.07095,256.44895,0
1973-03-19T21:46:07.000Z,256.07095,256.44895,0
1973-03-19T22:44:08.000Z,256.10098,256.47898,0
1973-03-19T23:42:10.000Z,256.10098,256.47898,0
1973-03-20T00:40:12.000Z,256.03097,256.40897,0
1973-03-20T01:38:13.000Z,256.03097,256.40897,0
1973-03-20T02:36:07.000Z,256.07095,256.44895,0
1973-03-20T02:57:33.000Z,256.10098,256.47898,0
1973-03-20T03:55:34.000Z,256.10098,256.47898,0
1973-03-20T04:53:28.000Z,256.10098,256.47898,0
1973-03-20T05:51:29.000Z,256.061,256.439,0
1973-03-20T06:49:23.000Z,256.10098,256.47898,0
1973-03-20T07:47:24.000Z,256.03097,256.40897,0
1973-03-20T08:45:18.000Z,256.07095,256.44895,0
1973-03-20T09:43:19.000Z,256.07095,256.44895,0
1973-03-20T10:41:21.000Z,256.07095,256.44895,0
1973-03-20T11:39:14.000Z,256.07095,256.44895,0
1973-03-20T12:37:16.000Z,256.03097,256.40897,0
1973-03-20T13:35:09.000Z,256.03097,256.40897,0
1973-03-20T14:33:11.000Z,256.03097,256.40897,0
1973-03-20T15:31:04.000Z,256.03097,256.40897,0
1973-03-20T16:29:06.000Z,256.03097,256.40897,0
1973-03-20T17:26:59.000Z,256.07095,256.44895,0
1973-03-20T18:25:01.000Z,256.03097,256.40897,0
1973-03-20T19:22:54.000Z,256.03097,256.40897,0
1973-03-20T20:20:56.000Z,256.03097,256.40897,0
1973-03-20T21:18:58.000Z,256.07095,256.44895,0
1973-03-20T22:16:35.000Z,256.03097,256.40897,0
1973-03-20T23:14:20.000Z,256.03097,256.40897,0
1973-03-21T00:12:05.000Z,256.03097,256.40897,0
1973-03-21T01:09:50.000Z,256.07095,256.44895,0
1973-03-21T02:07:35.000Z,255.99099,256.36899,0
1973-03-21T02:50:52.000Z,256.03097,256.40897,0
1973-03-21T02:59:28.000Z,256.03097,256.40897,0
1973-03-21T03:57:22.000Z,256.03097,256.40897,0
1973-03-21T05:02:38.000Z,256.03097,256.40897,0
1973-03-21T05:31:34.000Z,256.061,256.439,0
1973-03-21T06:29:28.000Z,256.03097,256.40897,0
1973-03-21T07:27:29.000Z,256.03097,256.40897,0
1973-03-21T08:25:31.000Z,256.061,256.439,0
1973-03-21T09:01:42.000Z,256.03097,256.40897,0
1973-03-21T10:06:58.000Z,256.03097,256.40897,0
1973-03-21T10:14:12.000Z,256.03097,256.40897,0
1973-03-21T10:28:40.000Z,256.03097,256.40897,0
1973-03-21T11:26:34.000Z,256.07095,256.44895,0
1973-03-21T12:10:07.000Z,256.03097,256.40897,0
1973-03-21T13:08:00.000Z,256.03097,256.40897,0
1973-03-21T14:45:54.000Z,256.03097,256.40897,0
1973-03-21T15:36:33.000Z,256.03097,256.40897,0
1973-03-21T16:34:35.000Z,256.03097,256.40897,0
1973-03-21T17:18:00.000Z,256.03097,256.40897,0
1973-03-21T18:16:01.000Z,256.061,256.439,0
1973-03-21T19:13:55.000Z,256.061,256.439,0
1973-03-21T20:11:56.000Z,256.00094,256.37894,0
1973-03-21T21:09:58.000Z,256.061,256.439,0
1973-03-21T22:07:51.000Z,256.061,256.439,0
1973-03-21T23:12:59.000Z,256.03097,256.40897,0
1973-03-22T00:11:01.000Z,256.10098,256.47898,0
1973-03-22T01:08:54.000Z,256.10098,256.47898,0
1973-03-22T02:06:56.000Z,256.03097,256.40897,0
1973-03-22T02:57:35.000Z,256.03097,256.40897,0
1973-03-22T03:55:36.000Z,256.03097,256.40897,0
1973-03-22T04:53:30.000Z,256.03097,256.40897,0
1973-03-22T05:51:31.000Z,256.02096,256.39896,0
1973-03-22T06:49:25.000Z,256.061,256.439,0
1973-03-22T07:47:26.000Z,256.03097,256.40897,0
1973-03-22T08:45:20.000Z,256.03097,256.40897,0
1973-03-22T09:43:21.000Z,256.03097,256.40897,0
1973-03-22T10:41:15.000Z,256.07095,256.44895,0
1973-03-22T11:39:16.000Z,256.03097,256.40897,0
1973-03-22T12:37:10.000Z,256.03097,256.40897,0
1973-03-22T13:35:11.000Z,255.99099,256.36899,0
1973-03-22T14:33:13.000Z,256.03097,256.40897,0
1973-03-22T15:31:06.000Z,255.99099,256.36899,0
1973-03-22T16:29:08.000Z,256.07095,256.44895,0
1973-03-22T17:27:01.000Z,256.03097,256.40897,0
1973-03-22T18:25:03.000Z,256.03097,256.40897,0
1973-03-22T19:22:56.000Z,256.03097,256.40897,0
1973-03-22T20:13:44.000Z,255.99099,256.36899,0
1973-03-22T21:11:37.000Z,256.061,256.439,0
1973-03-22T21:33:20.000Z,256.061,256.439,0
1973-03-22T22:02:25.000Z,256.03097,256.40897,0
1973-03-22T23:00:18.000Z,256.061,256.439,0
1973-03-22T23:58:20.000Z,256.07095,256.44895,0
1973-03-23T00:56:13.000Z,256.03097,256.40897,0
1973-03-23T01:54:15.000Z,255.99099,256.36899,0
1973-03-23T02:52:08.000Z,256.02096,256.39896,0
1973-03-23T03:50:10.000Z,256.03097,256.40897,0
1973-03-23T04:48:03.000Z,256.03047,256.40947,0
1973-03-23T05:46:05.000Z,256.02096,256.39896,0
1973-03-23T06:43:58.000Z,256.02096,256.39896,0
1973-03-23T07:42:00.000Z,256.02046,256.39946,0
1973-03-23T08:39:53.000Z,256.05049,256.42949,0
1973-03-23T09:37:55.000Z,256.05049,256.42949,0
1973-03-23T10:35:48.000Z,256.01045,256.38945,0
1973-03-23T11:33:50.000Z,256.01045,256.38945,0
1973-03-23T12:31:43.000Z,256.01045,256.38945,0
1973-03-23T13:29:45.000Z,256.01095,256.38895,0
1973-03-23T14:27:38.000Z,256.04048,256.41948,0
1973-03-23T15:25:40.000Z,256.04048,256.41948,0
1973-03-23T16:23:41.000Z,256.04048,256.41948,0
1973-03-23T17:21:35.000Z,256.04048,256.41948,0
1973-03-23T18:19:36.000Z,256.01095,256.38895,0
1973-03-23T19:17:30.000Z,256.07045,256.44945,0
1973-03-23T20:15:31.000Z,256.01045,256.38945,0
1973-03-23T21:13:25.000Z,256.04048,256.41948,0
1973-03-23T22:11:26.000Z,256.03047,256.40947,0
1973-03-23T22:47:37.000Z,256.04098,256.41898,0
1973-03-24T01:30:39.000Z,256.04048,256.41948,0
1973-03-24T02:28:40.000Z,256.00094,256.37894,0
1973-03-24T03:26:34.000Z,256.09047,256.46947,0
1973-03-24T04:24:35.000Z,256.04048,256.41948,0
1973-03-24T05:22:29.000Z,256.00044,256.37944,0
1973-03-24T06:20:30.000Z,256.03047,256.40947,0
1973-03-24T07:18:24.000Z,256.0605,256.4395,0
1973-03-24T08:16:25.000Z,256.01045,256.38945,0
1973-03-24T09:14:19.000Z,256.04048,256.41948,0
1973-03-24T10:12:20.000Z,256.07045,256.44945,0
1973-03-24T11:10:14.000Z,256.03097,256.40897,0
1973-03-24T12:08:15.000Z,256.03047,256.40947,0
1973-03-24T13:06:09.000Z,256.03097,256.40897,0
1973-03-24T14:04:10.000Z,256.03047,256.40947,0
1973-03-24T15:02:04.000Z,256.02046,256.39946,0
1973-03-24T16:00:05.000Z,256.02046,256.39946,0
1973-03-24T16:57:59.000Z,256.05049,256.42949,0
1973-03-24T17:56:00.000Z,256.05049,256.42949,0
1973-03-24T18:53:54.000Z,256.05049,256.42949,0
1973-03-24T19:08:30.000Z,256.05049,256.42949,0
1973-03-24T20:06:24.000Z,256.05049,256.42949,0
1973-03-24T21:04:25.000Z,256.02046,256.39946,0
1973-03-24T22:02:19.000Z,256.02046,256.39946,0
1973-03-24T23:00:20.000Z,256.05049,256.42949,0
1973-03-24T23:58:14.000Z,256.05049,256.42949,0
1973-03-25T00:56:15.000Z,256.11049,256.48949,0
1973-03-25T01:54:09.000Z,255.98048,256.35948,0
1973-03-25T02:52:10.000Z,256.04048,256.41948,0
1973-03-25T03:50:04.000Z,256.01045,256.38945,0
1973-03-25T04:48:05.000Z,256.01045,256.38945,0
1973-03-25T05:45:59.000Z,256.04048,256.41948,0
1973-03-25T06:44:00.000Z,256.04048,256.41948,0
1973-03-25T07:41:54.000Z,256.04048,256.41948,0
1973-03-25T08:39:55.000Z,256.00044,256.37944,0
1973-03-25T09:08:52.000Z,256.00044,256.37944,0
1973-03-25T10:06:53.000Z,256.07045,256.44945,0
1973-03-25T11:04:55.000Z,256.04048,256.41948,0
1973-03-25T12:02:57.000Z,256.07045,256.44945,0
1973-03-25T13:00:58.000Z,256.00044,256.37944,0
1973-03-25T13:58:44.000Z,256.00044,256.37944,0
1973-03-25T14:56:37.000Z,255.99049,256.36949,0
1973-03-25T15:54:22.000Z,256.03047,256.40947,0
1973-03-25T16:52:07.000Z,256.07045,256.44945,0
1973-03-25T17:49:53.000Z,256.10048,256.47948,0
1973-03-25T18:47:38.000Z,256.0605,256.4395,0
1973-03-25T19:45:31.000Z,256.0605,256.4395,0
1973-03-25T20:28:48.000Z,256.0605,256.4395,0
1973-03-25T20:37:08.000Z,256.0605,256.4395,0
1973-03-25T21:35:01.000Z,256.02046,256.39946,0
1973-03-25T22:32:46.000Z,256.02046,256.39946,0
1973-03-25T23:30:40.000Z,256.0605,256.4395,0
1973-03-26T00:28:25.000Z,256.02046,256.39946,0
1973-03-26T00:35:39.000Z,256.01045,256.38945,0
1973-03-26T00:43:34.000Z,256.02046,256.39946,0
1973-03-26T01:41:28.000Z,256.02046,256.39946,0
1973-03-26T02:39:29.000Z,256.02046,256.39946,0
1973-03-26T03:01:12.000Z,256.02046,256.39946,0
1973-03-26T03:59:05.000Z,256.05049,256.42949,0
1973-03-26T04:57:07.000Z,256.05049,256.42949,0
1973-03-26T05:55:00.000Z,256.02046,256.39946,0
1973-03-26T06:53:02.000Z,256.02046,256.39946,0
1973-03-26T07:51:03.000Z,256.05049,256.42949,0
1973-03-26T08:48:57.000Z,256.02046,256.39946,0
1973-03-26T09:46:58.000Z,256.08046,256.45946,0
1973-03-26T10:44:52.000Z,256.05049,256.42949,0
1973-03-26T11:42:53.000Z,256.01045,256.38945,0
1973-03-26T12:40:47.000Z,256.05049,256.42949,0
1973-03-26T13:38:48.000Z,256.01045,256.38945,0
1973-03-26T14:36:42.000Z,256.05049,256.42949,0
1973-03-26T15:34:44.000Z,256.04048,256.41948,0
1973-03-26T16:32:37.000Z,256.04048,256.41948,0
1973-03-26T17:30:39.000Z,256.01045,256.38945,0
1973-03-26T18:28:32.000Z,256.01045,256.38945,0
1973-03-26T19:26:34.000Z,256.01045,256.38945,0
1973-03-26T20:24:27.000Z,256.04048,256.41948,0
1973-03-26T21:22:29.000Z,256.04048,256.41948,0
1973-03-26T22:20:22.000Z,256.04048,256.41948,0
1973-03-26T23:18:15.000Z,256.04048,256.41948,0
1973-03-27T01:17:19.000Z,256.01045,256.38945,0
1973-03-27T02:08:39.000Z,256.08046,256.45946,0
1973-03-27T03:06:32.000Z,256.04048,256.41948,0
1973-03-27T04:04:34.000Z,256.01045,256.38945,0
1973-03-27T05:02:27.000Z,256.04048,256.41948,0
1973-03-27T06:07:43.000Z,256.08046,256.45946,0
1973-03-27T06:14:57.000Z,256.01045,256.38945,0
1973-03-27T07:12:59.000Z,256.04048,256.41948,0
1973-03-27T08:18:07.000Z,256.01045,256.38945,0
1973-03-27T08:25:21.000Z,256.01045,256.38945,0
1973-03-27T09:23:22.000Z,256.01045,256.38945,0
1973-03-27T10:21:24.000Z,256.01045,256.38945,0
1973-03-27T11:19:25.000Z,256.01045,256.38945,0
1973-03-27T12:17:27.000Z,256.04048,256.41948,0
1973-03-27T13:15:29.000Z,256.04048,256.41948,0
1973-03-27T14:13:14.000Z,256.04048,256.41948,0
1973-03-27T15:11:16.000Z,256.04048,256.41948,0
1973-03-27T16:09:17.000Z,256.04048,256.41948,0
1973-03-27T17:07:19.000Z,256.0605,256.4395,0
1973-03-27T17:36:15.000Z,256.04048,256.41948,0
1973-03-27T17:50:27.000Z,256.01045,256.38945,0
1973-03-27T18:48:29.000Z,256.04048,256.41948,0
1973-03-27T19:46:22.000Z,256.00044,256.37944,0
1973-03-27T20:44:24.000Z,256.04048,256.41948,0
1973-03-27T21:13:21.000Z,256.04048,256.41948,0
1973-03-27T22:11:22.000Z,256.03047,256.40947,0
1973-03-27T23:09:16.000Z,256.0605,256.4395,0
1973-03-28T00:07:17.000Z,256.00044,256.37944,0
1973-03-28T01:05:11.000Z,256.03047,256.40947,0
1973-03-28T02:03:12.000Z,256.03047,256.40947,0
1973-03-28T02:10:26.000Z,256.03047,256.40947,0
1973-03-28T02:32:09.000Z,256.0605,256.4395,0
1973-03-28T03:29:54.000Z,256.0605,256.4395,0
1973-03-28T04:27:39.000Z,256.03047,256.40947,0
1973-03-28T05:26:06.000Z,256.02997,256.40997,0
1973-03-28T06:09:31.000Z,256.02997,256.40997,0
1973-03-28T07:07:32.000Z,256.00044,256.37944,0
1973-03-28T07:50:57.000Z,256.03047,256.40947,0
1973-03-28T08:56:13.000Z,256.0605,256.4395,0
1973-03-28T09:54:07.000Z,256.02997,256.40997,0
1973-03-28T10:52:08.000Z,256.02997,256.40997,0
1973-03-28T11:50:10.000Z,256.02997,256.40997,0
1973-03-28T12:48:03.000Z,256.02997,256.40997,0
1973-03-28T13:46:05.000Z,256.02997,256.40997,0
1973-03-28T14:44:06.000Z,256.02997,256.40997,0
1973-03-28T15:42:08.000Z,256.02997,256.40997,0
1973-03-28T16:40:10.000Z,256.02997,256.40997,0
1973-03-28T17:35:11.000Z,256.0605,256.4395,0
1973-03-28T18:17:14.000Z,256.02997,256.40997,0
1973-03-28T18:25:50.000Z,256.02997,256.40997,0
1973-03-28T19:23:44.000Z,255.99049,256.36949,0
1973-03-28T20:21:45.000Z,256.0605,256.4395,0
1973-03-28T21:19:39.000Z,256.03047,256.40947,0
1973-03-28T22:17:24.000Z,256.02997,256.40997,0
1973-03-28T23:15:09.000Z,256.06,256.44,0
1973-03-29T00:12:46.000Z,256.02997,256.40997,0
1973-03-29T01:10:31.000Z,256.06,256.44,0
1973-03-29T02:08:16.000Z,256.06,256.44,0
1973-03-29T02:51:33.000Z,256.02997,256.40997,0
1973-03-29T03:00:09.000Z,256.02046,256.39946,0
1973-03-29T03:36:28.000Z,255.99049,256.36949,0
1973-03-29T04:34:05.000Z,255.99049,256.36949,0
1973-03-29T05:03:02.000Z,256.02997,256.40997,0
1973-03-29T05:10:41.000Z,256.06,256.44,0
1973-03-29T06:08:34.000Z,256.02997,256.40997,0
1973-03-29T07:06:36.000Z,256.06,256.44,0
1973-03-29T08:04:29.000Z,256.01996,256.39996,0
1973-03-29T09:02:31.000Z,256.04999,256.42999,0
1973-03-29T10:00:24.000Z,256.02997,256.40997,0
1973-03-29T10:58:26.000Z,256.02046,256.39946,0
1973-03-29T11:56:19.000Z,256.02046,256.39946,0
1973-03-29T12:54:21.000Z,256.05049,256.42949,0
1973-03-29T13:52:14.000Z,256.04999,256.42999,0
1973-03-29T14:50:16.000Z,256.02046,256.39946,0
1973-03-29T15:55:32.000Z,256.01996,256.39996,0
1973-03-29T16:53:33.000Z,256.01045,256.38945,0
1973-03-29T17:51:35.000Z,256.08997,256.46997,0
1973-03-29T18:49:37.000Z,256.01996,256.39996,0
1973-03-29T19:47:14.000Z,256.02046,256.39946,0
1973-03-29T20:44:59.000Z,256.01996,256.39996,0
1973-03-29T21:42:44.000Z,256.02046,256.39946,0
1973-03-29T22:40:29.000Z,256.06,256.44,0
1973-03-29T23:38:14.000Z,256.02046,256.39946,0
1973-03-30T00:36:08.000Z,256.04999,256.42999,0
1973-03-30T01:19:25.000Z,255.98048,256.35948,0
1973-03-30T01:27:53.000Z,255.98048,256.35948,0
1973-03-30T02:54:43.000Z,256.04999,256.42999,0
1973-03-30T03:52:44.000Z,256.05049,256.42949,0
1973-03-30T04:50:38.000Z,256.04999,256.42999,0
1973-03-30T05:48:39.000Z,256.04999,256.42999,0
1973-03-30T06:46:41.000Z,255.98048,256.35948,0
1973-03-30T07:30:06.000Z,256.02046,256.39946,0
1973-03-30T08:27:59.000Z,256.02046,256.39946,0
1973-03-30T09:26:01.000Z,256.01996,256.39996,0
1973-03-30T10:23:54.000Z,256.01045,256.38945,0
1973-03-30T11:21:56.000Z,256.05049,256.42949,0
1973-03-30T12:19:58.000Z,256.04999,256.42999,0
1973-03-30T13:17:51.000Z,256.05049,256.42949,0
1973-03-30T14:44:00.000Z,256.01045,256.38945,0
1973-03-30T15:42:02.000Z,256.01045,256.38945,0
1973-03-30T16:40:03.000Z,256.04999,256.42999,0
1973-03-30T17:37:49.000Z,256.04999,256.42999,0
1973-03-30T18:35:42.000Z,256.05049,256.42949,0
1973-03-30T19:33:44.000Z,256.01045,256.38945,0
1973-03-30T20:31:37.000Z,256.05049,256.42949,0
1973-03-30T21:29:39.000Z,255.98048,256.35948,0
1973-03-30T22:27:32.000Z,256.01045,256.38945,0
1973-03-30T23:25:34.000Z,256.01045,256.38945,0
1973-03-31T00:01:44.000Z,256.05049,256.42949,0
1973-03-31T00:59:46.000Z,256.01045,256.38945,0
1973-03-31T01:57:40.000Z,256.00995,256.38995,0
1973-03-31T02:55:41.000Z,256.05049,256.42949,0
1973-03-31T03:53:43.000Z,256.01045,256.38945,0
1973-03-31T04:51:36.000Z,256.01045,256.38945,0
1973-03-31T05:49:38.000Z,256.00995,256.38995,0
1973-03-31T06:47:31.000Z,256.01045,256.38945,0
1973-03-31T07:45:33.000Z,256.01045,256.38945,0
1973-03-31T08:43:34.000Z,256.05049,256.42949,0
1973-03-31T09:41:36.000Z,256.04999,256.42999,0
1973-03-31T10:39:38.000Z,256.01045,256.38945,0
1973-03-31T11:37:39.000Z,256.00995,256.38995,0
1973-03-31T12:21:04.000Z,256.00995,256.38995,0
1973-03-31T12:35:16.000Z,256.00995,256.38995,0
1973-03-31T13:33:18.000Z,255.96997,256.34997,0
1973-03-31T14:31:11.000Z,256.05049,256.42949,0
1973-03-31T15:29:13.000Z,255.96997,256.34997,0
1973-03-31T16:27:06.000Z,256.00995,256.38995,0
1973-03-31T17:25:08.000Z,256.03998,256.41998,0
1973-03-31T18:23:01.000Z,256.00995,256.38995,0
1973-03-31T19:20:55.000Z,256.00995,256.38995,0
1973-03-31T20:18:48.000Z,256.00995,256.38995,0
1973-03-31T21:16:33.000Z,255.99994,256.37994,0
1973-03-31T22:14:27.000Z,256.03998,256.41998,0
1973-03-31T23:12:20.000Z,256.03998,256.41998,0
1973-04-01T00:10:13.000Z,256.00995,256.38995,0
1973-04-01T01:08:40.000Z,256.00995,256.38995,0
1973-04-01T02:06:25.000Z,256.07996,256.45996,0
1973-04-01T02:20:45.000Z,256.03998,256.41998,0
1973-04-01T03:19:11.000Z,256.00995,256.38995,0
1973-04-01T04:17:13.000Z,256.00995,256.38995,0
1973-04-01T05:15:06.000Z,256.03998,256.41998,0
1973-04-01T06:13:00.000Z,256.03998,256.41998,0
1973-04-01T07:10:45.000Z,256.04999,256.42999,0
1973-04-01T08:08:30.000Z,256.03998,256.41998,0
1973-04-01T08:37:27.000Z,255.96997,256.34997,0
1973-04-01T09:35:12.000Z,256.00995,256.38995,0
1973-04-01T09:43:07.000Z,256.00995,256.38995,0
1973-04-01T10:41:09.000Z,256.00995,256.38995,0
1973-04-01T11:39:10.000Z,255.99994,256.37994,0
1973-04-01T12:37:04.000Z,255.99994,256.37994,0
1973-04-01T13:35:05.000Z,255.99994,256.37994,0
1973-04-01T14:32:59.000Z,256.03998,256.41998,0
1973-04-01T15:31:00.000Z,255.99994,256.37994,0
1973-04-01T16:28:54.000Z,255.99994,256.37994,0
1973-04-01T17:26:55.000Z,256.00995,256.38995,0
1973-04-01T18:24:49.000Z,256.06995,256.44995,0
1973-04-01T19:22:50.000Z,256.06995,256.44995,0
1973-04-01T20:20:44.000Z,256.06995,256.44995,0
1973-04-01T21:18:45.000Z,256.00995,256.38995,0
1973-04-01T22:16:39.000Z,256.03998,256.41998,0
1973-04-01T23:14:40.000Z,256.03998,256.41998,0
1973-04-02T00:12:34.000Z,256.06995,256.44995,0
1973-04-02T01:17:49.000Z,256.02997,256.40997,0
1973-04-02T02:15:43.000Z,256.03998,256.41998,0
1973-04-02T03:13:44.000Z,256.06995,256.44995,0
1973-04-02T04:11:46.000Z,256.03998,256.41998,0
1973-04-02T05:09:40.000Z,256.03998,256.41998,0
1973-04-02T06:07:41.000Z,256.06995,256.44995,0
1973-04-02T07:05:35.000Z,256.02997,256.40997,0
1973-04-02T08:10:50.000Z,256.03998,256.41998,0
1973-04-02T08:32:33.000Z,255.99994,256.37994,0
1973-04-02T09:30:26.000Z,256.02997,256.40997,0
1973-04-02T10:28:28.000Z,256.03998,256.41998,0
1973-04-02T11:26:21.000Z,255.98999,256.36999,0
1973-04-02T12:24:23.000Z,256.02997,256.40997,0
1973-04-02T13:22:16.000Z,256.06995,256.44995,0
1973-04-02T14:47:28.000Z,256.03998,256.41998,0
1973-04-02T15:01:56.000Z,256.03998,256.41998,0
1973-04-02T15:59:58.000Z,256.03998,256.41998,0
1973-04-02T16:57:51.000Z,256.03998,256.41998,0
1973-04-02T17:55:45.000Z,256.03998,256.41998,0
1973-04-02T18:24:42.000Z,256.03998,256.41998,0
1973-04-02T19:22:27.000Z,256.03998,256.41998,0
1973-04-02T19:59:02.000Z,256.04999,256.42999,0
1973-04-02T20:56:56.000Z,256.06995,256.44995,0
1973-04-02T21:54:57.000Z,256.03998,256.41998,0
1973-04-02T22:45:36.000Z,256.06995,256.44995,0
1973-04-02T23:43:38.000Z,256.06995,256.44995,0
1973-04-03T00:41:31.000Z,256.03998,256.41998,0
1973-04-03T01:39:33.000Z,256.03998,256.41998,0
1973-04-03T02:37:26.000Z,255.98999,256.36999,0
1973-04-03T02:59:17.000Z,256.03998,256.41998,0
1973-04-03T03:57:11.000Z,256.06995,256.44995,0
1973-04-03T04:55:12.000Z,256.03998,256.41998,0
1973-04-03T05:31:23.000Z,256.06995,256.44995,0
1973-04-03T06:29:16.000Z,256.03998,256.41998,0
1973-04-03T07:27:18.000Z,256.02997,256.40997,0
1973-04-03T07:41:46.000Z,256.06995,256.44995,0
1973-04-03T08:39:48.000Z,256.03998,256.41998,0
1973-04-03T09:37:41.000Z,255.99994,256.37994,0
1973-04-03T10:35:43.000Z,256.02997,256.40997,0
1973-04-03T11:33:36.000Z,256.03998,256.41998,0
1973-04-03T12:24:24.000Z,256.06995,256.44995,0
1973-04-03T14:20:19.000Z,256.02997,256.40997,0
1973-04-03T14:49:16.000Z,256.02997,256.40997,0
1973-04-03T15:47:17.000Z,256.03998,256.41998,0
1973-04-03T16:45:11.000Z,256.03998,256.41998,0
1973-04-03T17:43:12.000Z,256.03998,256.41998,0
1973-04-03T18:41:06.000Z,256.06995,256.44995,0
1973-04-03T19:39:07.000Z,256.02997,256.40997,0
1973-04-03T20:37:01.000Z,256.06995,256.44995,0
1973-04-03T21:13:11.000Z,256.06995,256.44995,0
1973-04-03T21:35:02.000Z,256.03998,256.41998,0
1973-04-03T22:32:56.000Z,256.03998,256.41998,0
1973-04-03T23:30:57.000Z,256.03998,256.41998,0
1973-04-04T00:29:48.000Z,255.99994,256.37994,0
1973-04-04T01:27:41.000Z,256.02997,256.40997,0
1973-04-04T02:25:43.000Z,256.06995,256.44995,0
1973-04-04T03:23:36.000Z,256.02997,256.40997,0
1973-04-04T04:21:38.000Z,256.02997,256.40997,0
1973-04-04T05:19:31.000Z,256.03998,256.41998,0
1973-04-04T06:17:33.000Z,256.02997,256.40997,0
1973-04-04T07:15:35.000Z,256.06995,256.44995,0
1973-04-04T08:13:28.000Z,256.02997,256.40997,0
1973-04-04T09:11:30.000Z,256.02997,256.40997,0
1973-04-04T10:02:09.000Z,255.98999,256.36999,0
1973-04-04T11:00:10.000Z,255.98999,256.36999,0
1973-04-04T11:58:04.000Z,256.02997,256.40997,0
1973-04-04T12:55:57.000Z,256.02997,256.40997,0
1973-04-04T13:53:42.000Z,256.02997,256.40997,0
1973-04-04T14:58:42.000Z,255.99994,256.37994,0
1973-04-04T16:10:55.000Z,256.02997,256.40997,0
1973-04-04T17:08:41.000Z,256.03948,256.42048,0
1973-04-04T18:06:26.000Z,256.02997,256.40997,0
1973-04-04T18:43:50.000Z,256.06995,256.44995,0
1973-04-04T19:41:44.000Z,255.98999,256.36999,0
1973-04-04T20:39:45.000Z,256.06995,256.44995,0
1973-04-04T21:37:39.000Z,255.98999,256.36999,0
1973-04-04T23:33:34.000Z,256.02997,256.40997,0
1973-04-05T00:31:35.000Z,255.98999,256.36999,0
1973-04-05T00:46:04.000Z,255.98999,256.36999,0
1973-04-05T01:44:05.000Z,256.02997,256.40997,0
1973-04-05T02:41:59.000Z,256.02997,256.40997,0
1973-04-05T03:40:00.000Z,255.98999,256.36999,0
1973-04-05T04:37:54.000Z,256.06,256.44,0
1973-04-05T05:35:55.000Z,256.02997,256.40997,0
1973-04-05T06:33:49.000Z,255.98999,256.36999,0
1973-04-05T07:31:50.000Z,255.98999,256.36999,0
1973-04-05T08:29:44.000Z,256.02997,256.40997,0
1973-04-05T09:27:45.000Z,256.01996,256.39996,0
1973-04-05T10:25:39.000Z,256.01996,256.39996,0
1973-04-05T11:23:40.000Z,256.06,256.44,0
1973-04-05T12:21:34.000Z,256.01996,256.39996,0
1973-04-05T13:19:35.000Z,256.06,256.44,0
1973-04-05T14:17:29.000Z,256.06,256.44,0
1973-04-05T15:15:30.000Z,256.02997,256.40997,0
1973-04-05T16:13:24.000Z,256.06,256.44,0
1973-04-05T17:11:25.000Z,256.01996,256.39996,0
1973-04-05T18:09:19.000Z,256.01996,256.39996,0
1973-04-05T19:07:20.000Z,256.01996,256.39996,0
1973-04-05T20:05:14.000Z,256.06,256.44,0
1973-04-05T21:03:16.000Z,256.06,256.44,0
1973-04-05T22:01:09.000Z,256.01946,256.40046,0
1973-04-05T22:59:11.000Z,256.02997,256.40997,0
1973-04-05T23:57:12.000Z,256.01996,256.39996,0
1973-04-06T01:16:48.000Z,255.98949,256.37049,0
1973-04-06T02:14:50.000Z,256.01996,256.39996,0
1973-04-06T03:12:43.000Z,256.01996,256.39996,0
1973-04-06T04:10:45.000Z,256.0595,256.4405,0
1973-04-06T05:08:38.000Z,256.01946,256.40046,0
1973-04-06T06:06:40.000Z,256.01996,256.39996,0
1973-04-06T07:04:33.000Z,256.01996,256.39996,0
1973-04-06T08:02:35.000Z,256.01946,256.40046,0
1973-04-06T09:00:28.000Z,256.01996,256.39996,0
1973-04-06T09:58:30.000Z,256.01946,256.40046,0
1973-04-06T10:56:23.000Z,255.98949,256.37049,0
1973-04-06T11:54:25.000Z,256.01996,256.39996,0
1973-04-06T12:52:26.000Z,256.01946,256.40046,0
1973-04-06T13:50:20.000Z,256.06,256.44,0
1973-04-06T15:36:17.000Z,256.01996,256.39996,0
1973-04-06T16:34:18.000Z,256.01996,256.39996,0
1973-04-06T17:32:12.000Z,256.01996,256.39996,0
1973-04-06T18:30:13.000Z,256.06,256.44,0
1973-04-06T19:28:15.000Z,256.01996,256.39996,0
1973-04-06T20:26:16.000Z,256.0595,256.4405,0
1973-04-06T21:24:18.000Z,256.01946,256.40046,0
1973-04-06T22:22:20.000Z,256.01946,256.40046,0
1973-04-06T23:20:21.000Z,256.01946,256.40046,0
1973-04-07T00:17:50.000Z,256.01946,256.40046,0
1973-04-07T01:15:35.000Z,256.04999,256.42999,0
1973-04-07T02:13:53.000Z,256.01996,256.39996,0
1973-04-07T02:57:18.000Z,256.01946,256.40046,0
1973-04-07T03:55:20.000Z,256.01946,256.40046,0
1973-04-07T04:53:13.000Z,256.04949,256.43049,0
1973-04-07T05:51:15.000Z,256.01946,256.40046,0
1973-04-07T06:49:08.000Z,256.01996,256.39996,0
1973-04-07T07:47:10.000Z,256.04999,256.42999,0
1973-04-07T08:45:03.000Z,256.04949,256.43049,0
1973-04-07T09:43:05.000Z,256.01946,256.40046,0
1973-04-07T10:40:58.000Z,256.01946,256.40046,0
1973-04-07T11:39:00.000Z,256.01946,256.40046,0
1973-04-07T12:07:57.000Z,256.01946,256.40046,0
1973-04-07T12:22:25.000Z,256.01946,256.40046,0
1973-04-07T13:20:27.000Z,256.01946,256.40046,0
1973-04-07T14:18:20.000Z,256.01946,256.40046,0
1973-04-07T15:16:22.000Z,256.01946,256.40046,0
1973-04-07T16:14:15.000Z,256.01946,256.40046,0
1973-04-07T17:12:17.000Z,256.01946,256.40046,0
1973-04-07T18:10:18.000Z,256.01946,256.40046,0
1973-04-07T19:08:12.000Z,256.01946,256.40046,0
1973-04-07T20:06:13.000Z,256.01946,256.40046,0
1973-04-07T20:20:42.000Z,256.01946,256.40046,0
1973-04-07T21:18:35.000Z,255.98949,256.37049,0
1973-04-07T22:16:37.000Z,255.97998,256.35998,0
1973-04-07T23:14:30.000Z,256.03948,256.42048,0
1973-04-08T00:12:32.000Z,256.04949,256.43049,0
1973-04-08T01:10:25.000Z,255.99944,256.38044,0
1973-04-08T02:08:27.000Z,256.04949,256.43049,0
1973-04-08T03:06:20.000Z,256.06,256.44,0
1973-04-08T04:04:22.000Z,256.04999,256.42999,0
1973-04-08T05:02:15.000Z,256.04949,256.43049,0
1973-04-08T06:00:17.000Z,256.04949,256.43049,0
1973-04-08T06:36:28.000Z,256.04949,256.43049,0
1973-04-08T07:34:21.000Z,256.01946,256.40046,0
1973-04-08T08:32:06.000Z,256.00995,256.38995,0
1973-04-08T09:30:00.000Z,256.02997,256.40997,0
1973-04-08T10:27:53.000Z,256.03948,256.42048,0
1973-04-08T11:25:46.000Z,256.00945,256.39045,0
1973-04-08T12:09:03.000Z,256.00945,256.39045,0
1973-04-08T12:16:58.000Z,256.03948,256.42048,0
1973-04-08T13:15:00.000Z,256.03948,256.42048,0
1973-04-08T14:12:53.000Z,256.00995,256.38995,0
1973-04-08T15:10:55.000Z,256.00995,256.38995,0
1973-04-08T16:08:48.000Z,256.01996,256.39996,0
1973-04-08T17:06:50.000Z,256.00945,256.39045,0
1973-04-08T17:50:15.000Z,256.01996,256.39996,0
1973-04-08T18:48:17.000Z,256.01996,256.39996,0
1973-04-08T19:46:10.000Z,256.01946,256.40046,0
1973-04-08T20:44:04.000Z,256.04949,256.43049,0
1973-04-08T21:34:35.000Z,255.97998,256.35998,0
1973-04-08T21:42:05.000Z,256.00945,256.39045,0
1973-04-08T22:40:07.000Z,256.04949,256.43049,0
1973-04-08T23:38:08.000Z,256.01946,256.40046,0
1973-04-09T00:36:02.000Z,256.01946,256.40046,0
1973-04-09T01:34:03.000Z,256.01946,256.40046,0
1973-04-09T02:31:57.000Z,256.01946,256.40046,0
1973-04-09T03:29:58.000Z,255.98999,256.36999,0
1973-04-09T04:27:52.000Z,256.01946,256.40046,0
1973-04-09T05:25:53.000Z,256.0595,256.4405,0
1973-04-09T06:23:47.000Z,256.01946,256.40046,0
1973-04-09T07:21:40.000Z,256.0595,256.4405,0
1973-04-09T07:43:14.000Z,256.01946,256.40046,0
1973-04-09T07:50:45.000Z,256.01946,256.40046,0
1973-04-09T08:48:47.000Z,256.01946,256.40046,0
1973-04-09T09:46:40.000Z,255.98999,256.36999,0
1973-04-09T10:47:17.000Z,256.01946,256.40046,0
1973-04-09T11:45:19.000Z,256.01946,256.40046,0
1973-04-09T12:43:20.000Z,256.09948,256.48048,0
1973-04-09T13:41:14.000Z,256.0595,256.4405,0
1973-04-09T14:39:16.000Z,256.0595,256.4405,0
1973-04-09T15:37:09.000Z,256.02947,256.41047,0
1973-04-09T16:35:11.000Z,256.02947,256.41047,0
1973-04-09T17:32:56.000Z,256.0595,256.4405,0
1973-04-09T18:30:41.000Z,256.02947,256.41047,0
1973-04-09T19:06:44.000Z,256.02947,256.41047,0
1973-04-09T20:05:18.000Z,256.02947,256.41047,0
1973-04-09T21:03:11.000Z,256.02947,256.41047,0
1973-04-09T22:01:13.000Z,256.02947,256.41047,0
1973-04-09T22:59:06.000Z,256.02997,256.40997,0
1973-04-09T23:57:08.000Z,255.99944,256.38044,0
1973-04-10T00:55:01.000Z,256.02947,256.41047,0
1973-04-10T01:53:03.000Z,256.02947,256.41047,0
1973-04-10T02:50:56.000Z,256.06945,256.45045,0
1973-04-10T03:48:58.000Z,256.02947,256.41047,0
1973-04-10T04:46:51.000Z,256.03948,256.42048,0
1973-04-10T05:52:07.000Z,256.02947,256.41047,0
1973-04-10T06:50:01.000Z,256.06945,256.45045,0
1973-04-10T07:48:02.000Z,256.06945,256.45045,0
1973-04-10T08:45:56.000Z,256.02947,256.41047,0
1973-04-10T09:43:57.000Z,256.02947,256.41047,0
1973-04-10T10:41:59.000Z,256.02947,256.41047,0
1973-04-10T11:39:52.000Z,256.02947,256.41047,0
1973-04-10T11:54:21.000Z,256.02947,256.41047,0
1973-04-10T12:16:03.000Z,256.02947,256.41047,0
1973-04-10T13:14:05.000Z,256.02947,256.41047,0
1973-04-10T14:11:58.000Z,256.02947,256.41047,0
1973-04-10T15:10:00.000Z,256.02947,256.41047,0
1973-04-10T16:08:01.000Z,256.02947,256.41047,0
1973-04-10T17:05:55.000Z,255.98999,256.36999,0
1973-04-10T18:03:56.000Z,256.02947,256.41047,0
1973-04-10T19:01:50.000Z,256.0595,256.4405,0
1973-04-10T19:59:51.000Z,256.0595,256.4405,0
1973-04-10T20:57:45.000Z,256.02947,256.41047,0
1973-04-10T21:55:46.000Z,256.01996,256.39996,0
1973-04-10T22:53:40.000Z,256.02947,256.41047,0
1973-04-10T23:51:41.000Z,256.0595,256.4405,0
1973-04-11T00:49:35.000Z,256.02947,256.41047,0
1973-04-11T01:47:28.000Z,255.98949,256.37049,0
1973-04-11T02:45:30.000Z,256.02997,256.40997,0
1973-04-11T02:59:58.000Z,256.01946,256.40046,0
1973-04-11T03:58:00.000Z,256.02947,256.41047,0
1973-04-11T04:55:53.000Z,256.0595,256.4405,0
1973-04-11T05:53:55.000Z,256.02947,256.41047,0
1973-04-11T06:51:56.000Z,255.98949,256.37049,0
1973-04-11T07:49:50.000Z,256.06945,256.45045,0
1973-04-11T08:47:51.000Z,256.02947,256.41047,0
1973-04-11T09:45:45.000Z,255.98999,256.36999,0
1973-04-11T11:04:32.000Z,256.01946,256.40046,0
1973-04-11T12:02:33.000Z,256.02947,256.41047,0
1973-04-11T13:00:18.000Z,256.02947,256.41047,0
1973-04-11T13:58:04.000Z,255.98949,256.37049,0
1973-04-11T14:34:39.000Z,256.02947,256.41047,0
1973-04-11T15:32:41.000Z,256.02947,256.41047,0
1973-04-11T16:30:34.000Z,256.02947,256.41047,0
1973-04-11T17:06:53.000Z,256.02947,256.41047,0
1973-04-11T17:21:21.000Z,256.0595,256.4405,0
1973-04-11T18:19:15.000Z,256.02947,256.41047,0
1973-04-11T19:17:16.000Z,256.02947,256.41047,0
1973-04-11T20:15:10.000Z,256.02947,256.41047,0
1973-04-11T21:13:11.000Z,256.02947,256.41047,0
1973-04-11T22:11:05.000Z,256.02947,256.41047,0
1973-04-11T23:09:06.000Z,255.99944,256.38044,0
1973-04-12T00:07:00.000Z,256.0595,256.4405,0
1973-04-12T01:05:01.000Z,255.98949,256.37049,0
1973-04-12T02:02:55.000Z,256.0595,256.4405,0
1973-04-12T03:00:56.000Z,256.0595,256.4405,0
1973-04-12T03:58:58.000Z,256.0595,256.4405,0
1973-04-12T04:56:52.000Z,256.02947,256.41047,0
1973-04-12T05:54:53.000Z,256.02947,256.41047,0
1973-04-12T06:52:47.000Z,256.0595,256.4405,0
1973-04-12T07:58:02.000Z,256.02947,256.41047,0
1973-04-12T08:55:56.000Z,256.02947,256.41047,0
1973-04-12T09:53:57.000Z,256.02947,256.41047,0
1973-04-12T10:51:51.000Z,256.02947,256.41047,0
1973-04-12T11:49:52.000Z,256.02947,256.41047,0
1973-04-12T12:47:46.000Z,256.02947,256.41047,0
1973-04-12T13:45:47.000Z,256.08947,256.47047,0
1973-04-12T14:43:41.000Z,256.02947,256.41047,0
1973-04-12T16:03:25.000Z,256.0595,256.4405,0
1973-04-12T16:25:07.000Z,256.0595,256.4405,0
1973-04-12T17:23:09.000Z,256.0595,256.4405,0
1973-04-12T17:59:20.000Z,256.0595,256.4405,0
1973-04-12T19:04:36.000Z,256.0595,256.4405,0
1973-04-12T20:02:29.000Z,256.06,256.44,0
1973-04-12T21:00:31.000Z,256.0595,256.4405,0
1973-04-12T21:29:27.000Z,256.0595,256.4405,0
1973-04-12T21:58:32.000Z,256.02947,256.41047,0
1973-04-12T22:56:26.000Z,256.06,256.44,0
1973-04-12T23:10:54.000Z,256.0595,256.4405,0
1973-04-12T23:32:37.000Z,256.08947,256.47047,0
1973-04-13T00:30:38.000Z,256.02947,256.41047,0
1973-04-13T01:06:49.000Z,256.0595,256.4405,0
1973-04-13T02:04:51.000Z,256.02947,256.41047,0
1973-04-13T03:02:44.000Z,256.0595,256.4405,0
1973-04-13T04:00:46.000Z,256.0595,256.4405,0
1973-04-13T04:58:39.000Z,256.0595,256.4405,0
1973-04-13T05:56:41.000Z,256.0595,256.4405,0
1973-04-13T06:54:34.000Z,256.02947,256.41047,0
1973-04-13T07:52:36.000Z,256.0595,256.4405,0
1973-04-13T08:14:18.000Z,256.0595,256.4405,0
1973-04-13T09:12:03.000Z,256.01996,256.39996,0
1973-04-13T10:10:13.000Z,256.0595,256.4405,0
1973-04-13T11:08:15.000Z,256.01946,256.40046,0
1973-04-13T12:06:08.000Z,256.0595,256.4405,0
1973-04-13T13:04:10.000Z,256.0595,256.4405,0
1973-04-13T14:49:18.000Z,256.0595,256.4405,0
1973-04-13T15:47:11.000Z,256.0595,256.4405,0
1973-04-13T16:52:19.000Z,256.13996,256.51996,0
1973-04-13T17:50:20.000Z,256.0595,256.4405,0
1973-04-13T18:48:22.000Z,256.0595,256.4405,0
1973-04-13T19:46:15.000Z,256.0595,256.4405,0
1973-04-13T20:37:03.000Z,256.02997,256.40997,0
1973-04-13T20:58:45.000Z,256.0595,256.4405,0
1973-04-13T21:56:39.000Z,256.12895,256.51095,0
1973-04-13T22:54:40.000Z,256.0595,256.4405,0
1973-04-13T23:52:34.000Z,256.06,256.44,0
1973-04-14T00:50:35.000Z,256.0595,256.4405,0
1973-04-14T01:48:29.000Z,256.06,256.44,0
1973-04-14T02:46:30.000Z,256.08997,256.46997,0
1973-04-14T03:44:32.000Z,256.0595,256.4405,0
1973-04-14T04:42:25.000Z,256.0595,256.4405,0
1973-04-14T05:40:27.000Z,256.0595,256.4405,0
1973-04-14T06:02:09.000Z,256.0595,256.4405,0
1973-04-14T07:00:03.000Z,256.01946,256.40046,0
1973-04-14T07:58:04.000Z,256.08947,256.47047,0
1973-04-14T08:55:58.000Z,256.09948,256.48048,0
1973-04-14T09:53:59.000Z,256.0595,256.4405,0
1973-04-14T10:51:53.000Z,256.01946,256.40046,0
1973-04-14T11:49:54.000Z,256.04949,256.43049,0
1973-04-14T12:47:56.000Z,256.0595,256.4405,0
1973-04-14T13:45:49.000Z,256.08947,256.47047,0
1973-04-14T14:14:46.000Z,256.0595,256.4405,0
1973-04-14T15:12:48.000Z,256.09948,256.48048,0
1973-04-14T16:10:41.000Z,256.04949,256.43049,0
1973-04-14T17:08:43.000Z,256.08947,256.47047,0
1973-04-14T18:06:44.000Z,256.08947,256.47047,0
1973-04-14T19:04:38.000Z,256.0595,256.4405,0
1973-04-14T20:02:39.000Z,256.0595,256.4405,0
1973-04-14T21:00:33.000Z,256.08947,256.47047,0
1973-04-14T21:58:34.000Z,256.12945,256.51045,0
1973-04-14T22:56:28.000Z,256.12945,256.51045,0
1973-04-14T23:54:29.000Z,256.0595,256.4405,0
1973-04-15T00:52:23.000Z,256.09948,256.48048,0
1973-04-15T01:50:24.000Z,256.09948,256.48048,0
1973-04-15T02:55:32.000Z,256.09948,256.48048,0
1973-04-15T03:53:33.000Z,256.0595,256.4405,0
1973-04-15T04:51:27.000Z,256.02947,256.41047,0
1973-04-15T05:49:28.000Z,256.0595,256.4405,0
1973-04-15T06:47:30.000Z,256.09948,256.48048,0
1973-04-15T07:45:24.000Z,256.01946,256.40046,0
1973-04-15T08:43:25.000Z,256.04949,256.43049,0
1973-04-15T09:41:19.000Z,256.0595,256.4405,0
1973-04-15T10:39:20.000Z,256.0595,256.4405,0
1973-04-15T11:37:14.000Z,256.01946,256.40046,0
1973-04-15T12:35:15.000Z,256.0595,256.4405,0
1973-04-15T13:33:09.000Z,256.0595,256.4405,0
1973-04-15T14:31:10.000Z,256.0595,256.4405,0
1973-04-15T15:29:04.000Z,256.0595,256.4405,0
1973-04-15T16:19:51.000Z,256.0595,256.4405,0
1973-04-15T16:41:33.000Z,256.0595,256.4405,0
1973-04-15T17:39:35.000Z,256.09948,256.48048,0
1973-04-15T18:30:14.000Z,256.0595,256.4405,0
1973-04-15T18:37:28.000Z,256.0595,256.4405,0
1973-04-15T19:35:30.000Z,256.0595,256.4405,0
1973-04-15T20:33:24.000Z,256.01946,256.40046,0
1973-04-15T21:02:20.000Z,256.0595,256.4405,0
1973-04-15T22:00:22.000Z,256.0595,256.4405,0
1973-04-15T22:58:23.000Z,256.0595,256.4405,0
1973-04-15T23:56:17.000Z,256.0595,256.4405,0
1973-04-16T00:54:18.000Z,256.0595,256.4405,0
1973-04-16T01:08:47.000Z,256.0595,256.4405,0
1973-04-16T01:30:29.000Z,256.0595,256.4405,0
1973-04-16T02:28:23.000Z,256.0595,256.4405,0
1973-04-16T03:26:24.000Z,256.0595,256.4405,0
1973-04-16T04:24:26.000Z,256.0595,256.4405,0
1973-04-16T04:53:23.000Z,256.0595,256.4405,0
1973-04-16T05:51:16.000Z,256.09948,256.48048,0
1973-04-16T06:49:18.000Z,256.0595,256.4405,0
1973-04-16T07:39:57.000Z,256.0595,256.4405,0
1973-04-16T07:47:11.000Z,256.12945,256.51045,0
1973-04-16T08:45:13.000Z,256.0595,256.4405,0
1973-04-16T09:43:14.000Z,256.06945,256.45045,0
1973-04-16T10:41:08.000Z,256.0595,256.4405,0
1973-04-16T12:25:18.000Z,256.0595,256.4405,0
1973-04-16T13:23:12.000Z,256.0595,256.4405,0
1973-04-16T14:21:13.000Z,256.0595,256.4405,0
1973-04-16T15:19:15.000Z,256.0595,256.4405,0
1973-04-16T16:17:08.000Z,256.09948,256.48048,0
1973-04-16T17:15:10.000Z,256.0595,256.4405,0
1973-04-16T18:13:03.000Z,256.0595,256.4405,0
1973-04-16T18:56:36.000Z,256.09948,256.48048,0
1973-04-16T19:25:33.000Z,256.0595,256.4405,0
1973-04-16T19:54:30.000Z,256.09948,256.48048,0
1973-04-16T20:52:31.000Z,256.09948,256.48048,0
1973-04-16T20:59:46.000Z,256.0595,256.4405,0
1973-04-16T21:14:14.000Z,256.0595,256.4405,0
1973-04-16T21:35:56.000Z,256.08947,256.47047,0
1973-04-16T21:57:39.000Z,256.06945,256.45045,0
1973-04-16T22:19:30.000Z,256.0595,256.4405,0
1973-04-16T22:41:12.000Z,256.08947,256.47047,0
1973-04-16T22:48:26.000Z,256.0595,256.4405,0
1973-04-16T22:55:41.000Z,256.09948,256.48048,0
1973-04-16T23:32:00.000Z,256.0595,256.4405,0
1973-04-17T00:29:53.000Z,256.08947,256.47047,0
1973-04-17T01:20:40.000Z,256.0595,256.4405,0
1973-04-17T01:49:37.000Z,256.0595,256.4405,0
1973-04-17T02:33:02.000Z,256.0595,256.4405,0
1973-04-17T03:30:56.000Z,256.0595,256.4405,0
1973-04-17T04:28:57.000Z,256.02947,256.41047,0
1973-04-17T05:26:51.000Z,256.0595,256.4405,0
1973-04-17T06:24:52.000Z,256.0595,256.4405,0
1973-04-17T06:32:06.000Z,256.0595,256.4405,0
1973-04-17T07:30:08.000Z,256.08947,256.47047,0
1973-04-17T08:28:01.000Z,256.0595,256.4405,0
1973-04-17T09:26:03.000Z,256.0595,256.4405,0
1973-04-17T10:09:28.000Z,256.06945,256.45045,0
1973-04-17T10:23:56.000Z,256.09948,256.48048,0
1973-04-17T10:31:11.000Z,256.08947,256.47047,0
1973-04-17T11:29:12.000Z,256.0595,256.4405,0
1973-04-17T12:27:06.000Z,256.0595,256.4405,0
1973-04-17T13:25:07.000Z,256.09948,256.48048,0
1973-04-17T13:54:04.000Z,256.09948,256.48048,0
1973-04-17T14:52:06.000Z,256.06945,256.45045,0
1973-04-17T15:49:59.000Z,256.0595,256.4405,0
1973-04-17T16:48:01.000Z,256.09948,256.48048,0
1973-04-17T17:45:54.000Z,256.0595,256.4405,0
1973-04-17T18:43:56.000Z,256.09948,256.48048,0
1973-04-17T19:12:52.000Z,256.09948,256.48048,0
1973-04-17T20:10:54.000Z,256.0595,256.4405,0
1973-04-17T21:01:33.000Z,256.02947,256.41047,0
1973-04-17T21:59:35.000Z,256.09948,256.48048,0
1973-04-17T22:57:28.000Z,256.06945,256.45045,0
1973-04-17T23:55:30.000Z,256.02947,256.41047,0
1973-04-18T00:53:23.000Z,256.02947,256.41047,0
1973-04-18T01:51:25.000Z,256.02947,256.41047,0
1973-04-18T02:49:18.000Z,256.06945,256.45045,0
1973-04-18T03:47:20.000Z,256.06995,256.44995,0
1973-04-18T05:21:32.000Z,256.06945,256.45045,0
1973-04-18T05:43:15.000Z,255.98949,256.37049,0
1973-04-18T06:12:11.000Z,256.06945,256.45045,0
1973-04-18T06:41:08.000Z,256.06945,256.45045,0
1973-04-18T07:02:59.000Z,255.98949,256.37049,0
1973-04-18T07:31:56.000Z,256.02947,256.41047,0
1973-04-18T08:00:52.000Z,256.06945,256.45045,0
1973-04-18T08:22:35.000Z,256.06945,256.45045,0
1973-04-18T08:37:03.000Z,256.10949,256.49049,0
1973-04-18T09:27:51.000Z,256.06945,256.45045,0
1973-04-18T09:49:33.000Z,256.02947,256.41047,0
1973-04-18T10:56:35.000Z,256.06945,256.45045,0
1973-04-18T11:40:00.000Z,256.06945,256.45045,0
1973-04-18T12:16:20.000Z,256.09948,256.48048,0
1973-04-18T13:14:13.000Z,256.0595,256.4405,0
1973-04-18T14:12:15.000Z,256.09948,256.48048,0
1973-04-18T15:10:08.000Z,256.02947,256.41047,0
1973-04-18T16:08:10.000Z,256.06945,256.45045,0
1973-04-18T17:06:03.000Z,256.09948,256.48048,0
1973-04-18T17:56:50.000Z,256.0595,256.4405,0
1973-04-18T18:54:44.000Z,256.0595,256.4405,0
1973-04-18T19:52:45.000Z,256.0595,256.4405,0
1973-04-18T20:50:39.000Z,256.06945,256.45045,0
1973-04-18T21:48:40.000Z,256.02947,256.41047,0
1973-04-18T22:46:42.000Z,255.99944,256.38044,0
1973-04-18T23:44:35.000Z,256.02947,256.41047,0
1973-04-19T00:42:37.000Z,256.02947,256.41047,0
1973-04-19T01:40:30.000Z,256.02947,256.41047,0
1973-04-19T02:38:32.000Z,256.02947,256.41047,0
1973-04-19T03:00:15.000Z,256.02947,256.41047,0
1973-04-19T03:58:08.000Z,256.02947,256.41047,0
1973-04-19T04:56:10.000Z,256.02947,256.41047,0
1973-04-19T05:54:03.000Z,256.02947,256.41047,0
1973-04-19T06:52:05.000Z,256.02947,256.41047,0
1973-04-19T07:50:06.000Z,255.99944,256.38044,0
1973-04-19T08:48:00.000Z,256.02947,256.41047,0
1973-04-19T09:46:01.000Z,255.99944,256.38044,0
1973-04-19T10:43:55.000Z,256.02947,256.41047,0
1973-04-19T11:41:56.000Z,255.99944,256.38044,0
1973-04-19T12:39:50.000Z,255.99994,256.37994,0
1973-04-19T13:37:51.000Z,255.99944,256.38044,0
1973-04-19T14:35:45.000Z,256.03948,256.42048,0
1973-04-19T15:33:46.000Z,255.99944,256.38044,0
1973-04-19T16:31:40.000Z,255.99944,256.38044,0
1973-04-19T17:29:41.000Z,256.02947,256.41047,0
1973-04-19T18:27:35.000Z,256.02947,256.41047,0
1973-04-19T19:18:22.000Z,255.99944,256.38044,0
1973-04-19T20:16:15.000Z,256.03948,256.42048,0
1973-04-19T21:14:17.000Z,256.02947,256.41047,0
1973-04-19T21:43:14.000Z,255.99944,256.38044,0
1973-04-19T21:57:42.000Z,256.03948,256.42048,0
1973-04-19T22:55:44.000Z,256.02947,256.41047,0
1973-04-19T23:53:37.000Z,256.02947,256.41047,0
1973-04-20T00:51:39.000Z,256.02947,256.41047,0
1973-04-20T01:35:04.000Z,255.98949,256.37049,0
1973-04-20T02:33:05.000Z,256.0595,256.4405,0
1973-04-20T03:30:59.000Z,256.09948,256.48048,0
1973-04-20T04:29:00.000Z,256.01946,256.40046,0
1973-04-20T05:26:54.000Z,256.01946,256.40046,0
1973-04-20T06:24:55.000Z,255.99944,256.38044,0
1973-04-20T07:22:57.000Z,256.02947,256.41047,0
1973-04-20T08:20:50.000Z,256.02947,256.41047,0
1973-04-20T10:24:00.000Z,256.06945,256.45045,0
1973-04-20T11:49:11.000Z,256.0595,256.4405,0
1973-04-20T12:32:36.000Z,256.02947,256.41047,0
1973-04-20T13:30:38.000Z,256.02947,256.41047,0
1973-04-20T14:28:31.000Z,256.02947,256.41047,0
1973-04-20T15:26:33.000Z,256.02947,256.41047,0
1973-04-20T16:24:26.000Z,256.02947,256.41047,0
1973-04-20T17:22:28.000Z,256.01946,256.40046,0
1973-04-20T18:20:21.000Z,256.02947,256.41047,0
1973-04-20T19:18:23.000Z,256.0595,256.4405,0
1973-04-20T20:16:16.000Z,256.02947,256.41047,0
1973-04-20T21:14:18.000Z,256.02947,256.41047,0
1973-04-20T22:12:11.000Z,255.98949,256.37049,0
1973-04-20T23:10:13.000Z,256.02947,256.41047,0
1973-04-21T00:08:06.000Z,255.99944,256.38044,0
1973-04-21T02:54:49.000Z,256.02947,256.41047,0
1973-04-21T03:52:42.000Z,256.02947,256.41047,0
1973-04-21T04:50:44.000Z,256.02947,256.41047,0
1973-04-21T05:48:45.000Z,255.98949,256.37049,0
1973-04-21T06:46:39.000Z,255.99944,256.38044,0
1973-04-21T07:44:40.000Z,256.06945,256.45045,0
1973-04-21T08:42:34.000Z,256.0595,256.4405,0
1973-04-21T09:40:36.000Z,255.99944,256.38044,0
1973-04-21T10:38:29.000Z,256.02947,256.41047,0
1973-04-21T11:36:31.000Z,256.02947,256.41047,0
1973-04-21T12:34:24.000Z,256.02947,256.41047,0
1973-04-21T13:32:26.000Z,256.02947,256.41047,0
1973-04-21T14:30:19.000Z,255.98999,256.36999,0
1973-04-21T15:28:21.000Z,255.98949,256.37049,0
1973-04-21T16:26:14.000Z,256.02947,256.41047,0
1973-04-21T17:24:16.000Z,256.02947,256.41047,0
1973-04-21T18:22:09.000Z,256.01946,256.40046,0
1973-04-21T19:20:11.000Z,256.01946,256.40046,0
1973-04-21T20:18:04.000Z,256.00945,256.39045,0
1973-04-21T21:16:06.000Z,256.04949,256.43049,0
1973-04-21T22:13:59.000Z,256.04949,256.43049,0
1973-04-21T23:12:01.000Z,256.00945,256.39045,0
1973-04-22T00:10:02.000Z,256.00945,256.39045,0
1973-04-22T01:07:56.000Z,256.07946,256.46046,0
1973-04-22T02:05:57.000Z,256.03948,256.42048,0
1973-04-22T03:03:51.000Z,256.03948,256.42048,0
1973-04-22T04:01:52.000Z,256.03948,256.42048,0
1973-04-22T04:59:46.000Z,256.03948,256.42048,0
1973-04-22T05:57:47.000Z,256.03948,256.42048,0
1973-04-22T06:26:44.000Z,255.99944,256.38044,0
1973-04-22T07:24:37.000Z,256.00945,256.39045,0
1973-04-22T08:22:39.000Z,255.96947,256.35047,0
1973-04-22T09:20:40.000Z,256.00945,256.39045,0
1973-04-22T10:18:34.000Z,256.06945,256.45045,0
1973-04-22T11:16:36.000Z,255.99944,256.38044,0
1973-04-22T12:14:29.000Z,256.0595,256.4405,0
1973-04-22T13:12:31.000Z,256.00945,256.39045,0
1973-04-22T14:10:24.000Z,256.02947,256.41047,0
1973-04-22T16:13:33.000Z,256.00945,256.39045,0
1973-04-22T17:11:35.000Z,256.02947,256.41047,0
1973-04-22T18:09:28.000Z,256.02947,256.41047,0
1973-04-22T19:07:30.000Z,256.0595,256.4405,0
1973-04-22T20:05:23.000Z,255.97948,256.36048,0
1973-04-22T20:20:00.000Z,256.00945,256.39045,0
1973-04-22T21:17:53.000Z,256.00945,256.39045,0
1973-04-22T22:15:55.000Z,256.03948,256.42048,0
1973-04-22T23:13:48.000Z,255.98949,256.37049,0
1973-04-23T00:11:50.000Z,255.98949,256.37049,0
1973-04-23T01:09:43.000Z,256.06945,256.45045,0
1973-04-23T02:58:24.000Z,256.01946,256.40046,0
1973-04-23T03:56:26.000Z,256.01946,256.40046,0
1973-04-23T04:54:19.000Z,256.01946,256.40046,0
1973-04-23T05:52:21.000Z,256.04949,256.43049,0
1973-04-23T06:50:14.000Z,256.01946,256.40046,0
1973-04-23T07:48:16.000Z,255.98949,256.37049,0
1973-04-23T08:53:23.000Z,256.01946,256.40046,0
1973-04-23T10:05:53.000Z,256.00945,256.39045,0
1973-04-23T11:03:55.000Z,256.01946,256.40046,0
1973-04-23T12:01:48.000Z,256.00945,256.39045,0
1973-04-23T12:59:50.000Z,256.00945,256.39045,0
1973-04-23T13:57:43.000Z,256.00945,256.39045,0
1973-04-23T14:55:45.000Z,256.00945,256.39045,0
1973-04-23T15:53:38.000Z,256.03948,256.42048,0
1973-04-23T16:51:40.000Z,256.03948,256.42048,0
1973-04-23T17:49:33.000Z,256.03948,256.42048,0
1973-04-23T18:59:19.000Z,256.06945,256.45045,0
1973-04-23T20:04:35.000Z,256.03948,256.42048,0
1973-04-23T21:02:28.000Z,255.99944,256.38044,0
1973-04-23T22:00:30.000Z,255.99944,256.38044,0
1973-04-23T22:58:23.000Z,255.99944,256.38044,0
1973-04-23T23:56:25.000Z,255.98949,256.37049,0
1973-04-24T00:54:18.000Z,255.95946,256.34046,0
1973-04-24T01:52:20.000Z,255.98949,256.37049,0
1973-04-24T02:50:13.000Z,255.98949,256.37049,0
1973-04-24T03:48:15.000Z,256.0595,256.4405,0
1973-04-24T04:24:26.000Z,256.01946,256.40046,0
1973-04-24T05:22:28.000Z,256.01946,256.40046,0
1973-04-24T06:20:21.000Z,256.0595,256.4405,0
1973-04-24T07:18:23.000Z,256.01946,256.40046,0
1973-04-24T08:16:16.000Z,256.0595,256.4405,0
1973-04-24T09:14:18.000Z,256.01946,256.40046,0
1973-04-24T10:12:11.000Z,256.01946,256.40046,0
1973-04-24T11:10:13.000Z,256.01946,256.40046,0
1973-04-24T12:08:06.000Z,255.98949,256.37049,0
1973-04-24T13:20:36.000Z,256.01946,256.40046,0
1973-04-24T14:18:37.000Z,256.01946,256.40046,0
1973-04-24T15:16:39.000Z,256.01946,256.40046,0
1973-04-24T16:14:41.000Z,256.01946,256.40046,0
1973-04-24T17:12:42.000Z,255.97948,256.36048,0
1973-04-24T18:10:44.000Z,256.01946,256.40046,0
1973-04-24T18:39:24.000Z,256.00945,256.39045,0
1973-04-24T19:37:09.000Z,256.04949,256.43049,0
1973-04-24T20:34:55.000Z,255.94945,256.33045,0
1973-04-24T21:32:40.000Z,256.03948,256.42048,0
1973-04-24T22:30:17.000Z,256.03948,256.42048,0
1973-04-24T23:28:02.000Z,256.00945,256.39045,0
1973-04-25T00:25:47.000Z,256.00945,256.39045,0
1973-04-25T01:03:20.000Z,256.04949,256.43049,0
1973-04-25T02:01:22.000Z,256.00945,256.39045,0
1973-04-25T03:06:29.000Z,256.00945,256.39045,0
1973-04-25T04:04:31.000Z,256.03948,256.42048,0
1973-04-25T05:02:24.000Z,256.03948,256.42048,0
1973-04-25T06:00:26.000Z,256.07946,256.46046,0
1973-04-25T06:58:19.000Z,256.00945,256.39045,0
1973-04-25T07:56:21.000Z,256.03948,256.42048,0
1973-04-25T08:54:23.000Z,256.00945,256.39045,0
1973-04-25T09:52:16.000Z,256.03948,256.42048,0
1973-04-25T10:50:18.000Z,256.00945,256.39045,0
1973-04-25T11:48:11.000Z,256.00945,256.39045,0
1973-04-25T12:46:13.000Z,256.00945,256.39045,0
1973-04-25T13:29:38.000Z,256.00945,256.39045,0
1973-04-25T14:27:39.000Z,256.00945,256.39045,0
1973-04-25T15:25:33.000Z,256.00945,256.39045,0
1973-04-25T16:23:34.000Z,256.00945,256.39045,0
1973-04-25T17:21:28.000Z,256.03948,256.42048,0
1973-04-25T18:19:29.000Z,256.00945,256.39045,0
1973-04-25T18:35:28.000Z,256.03948,256.42048,0
1973-04-25T19:33:05.000Z,256.03948,256.42048,0
1973-04-25T20:30:42.000Z,256.00945,256.39045,0
1973-04-25T21:28:19.000Z,256.00945,256.39045,0
1973-04-25T22:25:56.000Z,256.00945,256.39045,0
1973-04-25T23:23:33.000Z,256.00945,256.39045,0
1973-04-26T00:14:28.000Z,256.03948,256.42048,0
1973-04-26T01:12:22.000Z,256.00945,256.39045,0
1973-04-26T02:10:23.000Z,256.03948,256.42048,0
1973-04-26T03:08:17.000Z,256.03948,256.42048,0
1973-04-26T04:06:18.000Z,256.00945,256.39045,0
1973-04-26T05:04:12.000Z,256.0595,256.4405,0
1973-04-26T06:02:13.000Z,256.0595,256.4405,0
1973-04-26T07:00:07.000Z,256.0595,256.4405,0
1973-04-26T07:58:08.000Z,256.0595,256.4405,0
1973-04-26T08:56:10.000Z,256.02947,256.41047,0
1973-04-26T09:54:03.000Z,256.02947,256.41047,0
1973-04-26T10:44:51.000Z,256.02947,256.41047,0
1973-04-26T11:21:02.000Z,256.02947,256.41047,0
1973-04-26T12:11:41.000Z,256.02947,256.41047,0
1973-04-26T12:33:24.000Z,256.02947,256.41047,0
1973-04-26T13:31:25.000Z,256.0595,256.4405,0
1973-04-26T14:29:27.000Z,256.02947,256.41047,0
1973-04-26T15:27:20.000Z,256.02947,256.41047,0
1973-04-26T16:25:22.000Z,256.02947,256.41047,0
1973-04-26T16:54:18.000Z,256.02947,256.41047,0
1973-04-26T17:52:12.000Z,256.02947,256.41047,0
1973-04-26T18:35:37.000Z,256.02947,256.41047,0
1973-04-26T19:33:14.000Z,256.02947,256.41047,0
1973-04-26T20:30:51.000Z,256.02947,256.41047,0
1973-04-26T21:28:28.000Z,256.02947,256.41047,0
1973-04-26T22:26:05.000Z,256.02947,256.41047,0
1973-04-26T23:23:42.000Z,256.0595,256.4405,0
1973-04-26T23:40:05.000Z,256.02947,256.41047,0
1973-04-27T00:37:58.000Z,256.02947,256.41047,0
1973-04-27T01:36:00.000Z,256.02947,256.41047,0
1973-04-27T02:33:53.000Z,256.02947,256.41047,0
1973-04-27T02:55:36.000Z,256.02947,256.41047,0
1973-04-27T03:53:38.000Z,256.02947,256.41047,0
1973-04-27T04:15:20.000Z,256.02947,256.41047,0
1973-04-27T05:05:59.000Z,256.02947,256.41047,0
1973-04-27T06:04:01.000Z,255.98949,256.37049,0
1973-04-27T07:02:03.000Z,256.02947,256.41047,0
1973-04-27T07:59:56.000Z,256.02947,256.41047,0
1973-04-27T08:57:58.000Z,255.98949,256.37049,0
1973-04-27T10:03:05.000Z,256.02947,256.41047,0
1973-04-27T10:10:19.000Z,255.98949,256.37049,0
1973-04-27T10:17:33.000Z,255.98949,256.37049,0
1973-04-27T11:22:49.000Z,256.02947,256.41047,0
1973-04-27T12:35:19.000Z,255.98949,256.37049,0
1973-04-27T13:33:13.000Z,256.01946,256.40046,0
1973-04-27T14:29:20.000Z,256.02947,256.41047,0
1973-04-27T15:27:21.000Z,256.02947,256.41047,0
1973-04-27T16:25:15.000Z,256.02947,256.41047,0
1973-04-27T17:23:16.000Z,255.98949,256.37049,0
1973-04-27T18:21:10.000Z,255.98949,256.37049,0
1973-04-27T19:19:11.000Z,256.01946,256.40046,0
1973-04-27T20:17:05.000Z,256.01946,256.40046,0
1973-04-27T21:15:06.000Z,256.01946,256.40046,0
1973-04-27T22:13:00.000Z,256.04949,256.43049,0
1973-04-27T23:11:01.000Z,256.0595,256.4405,0
1973-04-28T00:09:03.000Z,256.04949,256.43049,0
1973-04-28T01:06:56.000Z,256.04949,256.43049,0
1973-04-28T01:57:44.000Z,256.04949,256.43049,0
1973-04-28T02:55:37.000Z,255.97948,256.36048,0
1973-04-28T03:53:39.000Z,255.97948,256.36048,0
1973-04-28T04:51:32.000Z,256.04949,256.43049,0
1973-04-28T05:49:34.000Z,256.01946,256.40046,0
1973-04-28T06:47:27.000Z,256.04949,256.43049,0
1973-04-28T07:45:29.000Z,256.04949,256.43049,0
1973-04-28T08:43:22.000Z,256.00945,256.39045,0
1973-04-28T09:19:33.000Z,256.01946,256.40046,0
1973-04-28T09:55:52.000Z,256.04949,256.43049,0
1973-04-28T10:24:49.000Z,256.04949,256.43049,0
1973-04-28T11:01:00.000Z,256.04949,256.43049,0
1973-04-28T11:30:04.000Z,255.98949,256.37049,0
1973-04-28T12:27:58.000Z,256.04949,256.43049,0
1973-04-28T13:25:59.000Z,256.04949,256.43049,0
1973-04-28T14:23:53.000Z,256.00945,256.39045,0
1973-04-28T15:21:54.000Z,255.98949,256.37049,0
1973-04-28T16:19:48.000Z,256.04949,256.43049,0
1973-04-28T17:17:49.000Z,255.97948,256.36048,0
1973-04-28T18:15:43.000Z,256.01946,256.40046,0
1973-04-28T19:13:44.000Z,256.04949,256.43049,0
1973-04-28T20:11:38.000Z,256.08947,256.47047,0
1973-04-28T21:09:40.000Z,256.00945,256.39045,0
1973-04-28T22:07:33.000Z,256.00945,256.39045,0
1973-04-28T23:05:35.000Z,256.04949,256.43049,0
1973-04-29T00:03:28.000Z,256.04949,256.43049,0
1973-04-29T01:01:30.000Z,256.04949,256.43049,0
1973-04-29T01:59:31.000Z,256.00945,256.39045,0
1973-04-29T02:57:25.000Z,256.04949,256.43049,0
1973-04-29T03:40:50.000Z,256.04949,256.43049,0
1973-04-29T04:38:51.000Z,256.00945,256.39045,0
1973-04-29T05:36:45.000Z,256.00945,256.39045,0
1973-04-29T06:34:46.000Z,256.00945,256.39045,0
1973-04-29T07:32:48.000Z,256.00945,256.39045,0
1973-04-29T08:30:41.000Z,256.00945,256.39045,0
1973-04-29T08:52:24.000Z,256.00945,256.39045,0
1973-04-29T09:50:25.000Z,256.00945,256.39045,0
1973-04-29T10:48:19.000Z,256.00945,256.39045,0
1973-04-29T11:17:24.000Z,255.96947,256.35047,0
1973-04-29T11:53:35.000Z,256.04949,256.43049,0
1973-04-29T12:51:28.000Z,256.04949,256.43049,0
1973-04-29T13:49:30.000Z,256.04949,256.43049,0
1973-04-29T14:47:23.000Z,256.03948,256.42048,0
1973-04-29T15:45:16.000Z,256.00945,256.39045,0
1973-04-29T16:43:18.000Z,256.07946,256.46046,0
1973-04-29T17:41:11.000Z,256.00945,256.39045,0
1973-04-29T18:39:13.000Z,256.00945,256.39045,0
1973-04-29T19:37:15.000Z,256.00945,256.39045,0
1973-04-29T20:35:16.000Z,256.00945,256.39045,0
1973-04-29T21:33:10.000Z,256.07946,256.46046,0
1973-04-29T22:31:11.000Z,256.07946,256.46046,0
1973-04-29T23:29:05.000Z,256.00945,256.39045,0
1973-04-30T00:27:06.000Z,256.00945,256.39045,0
1973-04-30T01:25:00.000Z,256.03948,256.42048,0
1973-04-30T02:23:01.000Z,256.03948,256.42048,0
1973-04-30T03:20:55.000Z,256.04949,256.43049,0
1973-04-30T04:18:56.000Z,256.00945,256.39045,0
1973-04-30T05:16:50.000Z,256.00945,256.39045,0
1973-04-30T06:14:51.000Z,256.07946,256.46046,0
1973-04-30T07:12:45.000Z,256.03948,256.42048,0
1973-04-30T08:10:46.000Z,256.03948,256.42048,0
1973-04-30T09:08:40.000Z,256.00945,256.39045,0
1973-04-30T10:06:41.000Z,256.00945,256.39045,0
1973-04-30T11:04:35.000Z,256.00945,256.39045,0
1973-04-30T12:02:36.000Z,256.00945,256.39045,0
1973-04-30T13:00:30.000Z,256.03948,256.42048,0
1973-04-30T14:03:51.000Z,256.03948,256.42048,0
1973-04-30T15:01:52.000Z,256.03948,256.42048,0
1973-04-30T15:59:54.000Z,256.06945,256.45045,0
1973-04-30T16:57:47.000Z,256.00945,256.39045,0
1973-04-30T17:55:49.000Z,256.00945,256.39045,0
1973-04-30T18:53:42.000Z,256.00945,256.39045,0
1973-04-30T19:51:44.000Z,256.00945,256.39045,0
1973-04-30T20:49:37.000Z,256.03948,256.42048,0
1973-04-30T21:47:39.000Z,256.00945,256.39045,0
1973-04-30T22:45:32.000Z,256.03948,256.42048,0
1973-04-30T23:43:34.000Z,255.99944,256.38044,0
1973-05-01T00:41:36.000Z,256.03948,256.42048,0
1973-05-01T01:39:29.000Z,256.03948,256.42048,0
1973-05-01T02:37:31.000Z,256.03948,256.42048,0
1973-05-01T02:59:13.000Z,256.00945,256.39045,0
1973-05-01T03:57:06.000Z,256.00945,256.39045,0
1973-05-01T04:55:08.000Z,256.03948,256.42048,0
1973-05-01T05:53:01.000Z,256.03948,256.42048,0
1973-05-01T06:51:03.000Z,255.96947,256.35047,0
1973-05-01T07:48:56.000Z,256.03948,256.42048,0
1973-05-01T08:46:58.000Z,256.02947,256.41047,0
1973-05-01T09:44:52.000Z,256.02947,256.41047,0
1973-05-01T10:42:53.000Z,256.02947,256.41047,0
1973-05-01T11:40:47.000Z,256.03948,256.42048,0
1973-05-01T12:38:48.000Z,255.99944,256.38044,0
1973-05-01T13:36:42.000Z,256.03948,256.42048,0
1973-05-01T14:34:43.000Z,256.03948,256.42048,0
1973-05-01T15:32:45.000Z,256.03948,256.42048,0
1973-05-01T16:30:38.000Z,256.03948,256.42048,0
1973-05-01T17:28:40.000Z,256.03948,256.42048,0
1973-05-01T18:26:33.000Z,255.99944,256.38044,0
1973-05-01T19:24:35.000Z,256.02947,256.41047,0
1973-05-01T19:31:49.000Z,256.03948,256.42048,0
1973-05-01T19:39:03.000Z,256.03948,256.42048,0
1973-05-01T20:36:56.000Z,256.03948,256.42048,0
1973-05-01T21:34:58.000Z,256.02947,256.41047,0
1973-05-01T22:32:52.000Z,256.03948,256.42048,0
1973-05-01T23:30:53.000Z,255.99944,256.38044,0
1973-05-02T00:28:47.000Z,256.03948,256.42048,0
1973-05-02T01:26:48.000Z,256.03948,256.42048,0
1973-05-02T02:24:42.000Z,255.99944,256.38044,0
1973-05-02T03:22:43.000Z,256.06945,256.45045,0
1973-05-02T04:20:45.000Z,256.03948,256.42048,0
1973-05-02T05:18:38.000Z,256.06945,256.45045,0
1973-05-02T06:16:40.000Z,256.03948,256.42048,0
1973-05-02T07:14:33.000Z,256.03948,256.42048,0
1973-05-02T08:12:35.000Z,256.03948,256.42048,0
1973-05-02T08:27:03.000Z,256.02947,256.41047,0
1973-05-02T08:41:31.000Z,255.99944,256.38044,0
1973-05-02T09:39:33.000Z,255.99944,256.38044,0
1973-05-02T10:37:26.000Z,256.03948,256.42048,0
1973-05-02T11:35:28.000Z,256.06945,256.45045,0
1973-05-02T12:33:30.000Z,255.99944,256.38044,0
1973-05-02T13:09:32.000Z,256.06945,256.45045,0
1973-05-02T14:24:46.000Z,256.06945,256.45045,0
1973-05-02T15:00:57.000Z,255.99944,256.38044,0
1973-05-02T15:08:11.000Z,255.99944,256.38044,0
1973-05-02T16:06:13.000Z,256.03948,256.42048,0
1973-05-02T17:04:06.000Z,256.02947,256.41047,0
1973-05-02T18:02:08.000Z,256.03948,256.42048,0
1973-05-02T19:00:01.000Z,256.03948,256.42048,0
1973-05-02T19:58:03.000Z,256.06945,256.45045,0
1973-05-02T20:55:56.000Z,256.03948,256.42048,0
1973-05-02T21:53:58.000Z,255.99944,256.38044,0
1973-05-02T22:51:51.000Z,256.06945,256.45045,0
1973-05-02T23:49:53.000Z,256.06945,256.45045,0
1973-05-03T00:47:46.000Z,256.02947,256.41047,0
1973-05-03T01:45:48.000Z,256.03948,256.42048,0
1973-05-03T02:43:49.000Z,255.99944,256.38044,0
1973-05-03T03:41:43.000Z,256.02947,256.41047,0
1973-05-03T04:39:44.000Z,256.02947,256.41047,0
1973-05-03T05:37:38.000Z,256.02947,256.41047,0
1973-05-03T05:59:20.000Z,256.06945,256.45045,0
1973-05-03T06:57:14.000Z,256.02947,256.41047,0
1973-05-03T07:55:15.000Z,255.98949,256.37049,0
1973-05-03T08:53:17.000Z,256.06945,256.45045,0
1973-05-03T09:51:10.000Z,255.99944,256.38044,0
1973-05-03T10:49:12.000Z,256.02947,256.41047,0
1973-05-03T11:39:51.000Z,255.98949,256.37049,0
1973-05-03T12:23:24.000Z,255.98949,256.37049,0
1973-05-03T13:21:18.000Z,256.06945,256.45045,0
1973-05-03T14:19:19.000Z,256.02947,256.41047,0
1973-05-03T15:17:13.000Z,256.02947,256.41047,0
1973-05-03T16:15:14.000Z,256.02947,256.41047,0
1973-05-03T17:13:08.000Z,256.02947,256.41047,0
1973-05-03T18:11:09.000Z,255.98949,256.37049,0
1973-05-03T19:09:03.000Z,255.98949,256.37049,0
1973-05-03T20:07:04.000Z,256.02947,256.41047,0
1973-05-03T21:04:58.000Z,256.03948,256.42048,0
1973-05-03T22:03:00.000Z,255.98949,256.37049,0
1973-05-03T23:00:53.000Z,255.98949,256.37049,0
1973-05-03T23:58:55.000Z,255.98949,256.37049,0
1973-05-04T00:56:56.000Z,255.96947,256.35047,0
1973-05-04T01:54:50.000Z,255.99944,256.38044,0
1973-05-04T02:52:51.000Z,255.98949,256.37049,0
1973-05-04T03:50:45.000Z,256.02947,256.41047,0
1973-05-04T04:48:46.000Z,256.02947,256.41047,0
1973-05-04T05:46:40.000Z,256.02947,256.41047,0
1973-05-04T06:44:41.000Z,256.02947,256.41047,0
1973-05-04T07:42:35.000Z,256.0595,256.4405,0
1973-05-04T08:40:36.000Z,256.0595,256.4405,0
1973-05-04T08:55:04.000Z,255.99944,256.38044,0
1973-05-04T09:52:58.000Z,256.02947,256.41047,0
1973-05-04T10:51:00.000Z,256.0595,256.4405,0
1973-05-04T11:48:53.000Z,256.02947,256.41047,0
1973-05-04T12:46:55.000Z,255.98949,256.37049,0
1973-05-04T14:44:36.000Z,256.01946,256.40046,0
1973-05-04T15:42:38.000Z,255.98949,256.37049,0
1973-05-04T16:40:31.000Z,256.02947,256.41047,0
1973-05-04T17:38:33.000Z,255.98949,256.37049,0
1973-05-04T18:36:26.000Z,255.98949,256.37049,0
1973-05-04T19:34:28.000Z,256.02947,256.41047,0
1973-05-04T20:39:35.000Z,255.99944,256.38044,0
1973-05-04T20:46:58.000Z,255.98949,256.37049,0
1973-05-04T21:44:51.000Z,256.02947,256.41047,0
1973-05-04T22:42:53.000Z,255.98949,256.37049,0
1973-05-04T23:40:46.000Z,256.08947,256.47047,0
1973-05-05T00:38:48.000Z,255.98949,256.37049,0
1973-05-05T01:36:41.000Z,255.98949,256.37049,0
1973-05-05T02:34:43.000Z,256.02947,256.41047,0
1973-05-05T02:56:25.000Z,256.02947,256.41047,0
1973-05-05T03:54:19.000Z,256.02947,256.41047,0
1973-05-05T04:52:20.000Z,256.01946,256.40046,0
1973-05-05T05:50:14.000Z,256.0595,256.4405,0
1973-05-05T06:48:15.000Z,256.01946,256.40046,0
1973-05-05T07:46:09.000Z,256.01946,256.40046,0
1973-05-05T08:44:10.000Z,256.01946,256.40046,0
1973-05-05T09:42:12.000Z,256.01946,256.40046,0
1973-05-05T10:40:05.000Z,256.01946,256.40046,0
1973-05-05T11:45:21.000Z,256.06945,256.45045,0
1973-05-05T12:43:14.000Z,256.0595,256.4405,0
1973-05-05T13:41:16.000Z,256.01946,256.40046,0
1973-05-05T14:39:09.000Z,256.01946,256.40046,0
1973-05-05T15:37:11.000Z,256.0595,256.4405,0
1973-05-05T16:35:04.000Z,256.09948,256.48048,0
1973-05-05T17:33:06.000Z,256.0595,256.4405,0
1973-05-05T18:30:59.000Z,256.06945,256.45045,0
1973-05-05T19:29:01.000Z,255.98949,256.37049,0
1973-05-05T20:26:54.000Z,255.98949,256.37049,0
1973-05-05T21:24:56.000Z,256.01946,256.40046,0
1973-05-05T22:22:49.000Z,256.01946,256.40046,0
1973-05-05T23:42:34.000Z,256.02947,256.41047,0
1973-05-06T00:33:21.000Z,255.98949,256.37049,0
1973-05-06T01:31:14.000Z,256.01946,256.40046,0
1973-05-06T02:29:16.000Z,256.01946,256.40046,0
1973-05-06T03:27:09.000Z,255.98949,256.37049,0
1973-05-06T04:25:03.000Z,255.98949,256.37049,0
1973-05-06T04:32:25.000Z,255.98949,256.37049,0
1973-05-06T05:30:19.000Z,256.01946,256.40046,0
1973-05-06T06:28:20.000Z,256.01946,256.40046,0
1973-05-06T07:26:14.000Z,256.01946,256.40046,0
1973-05-06T08:24:15.000Z,256.01946,256.40046,0
1973-05-06T09:22:09.000Z,256.02947,256.41047,0
1973-05-06T10:20:10.000Z,256.01946,256.40046,0
1973-05-06T11:18:04.000Z,255.98949,256.37049,0
1973-05-06T12:16:05.000Z,256.01946,256.40046,0
1973-05-06T13:13:59.000Z,256.01946,256.40046,0
1973-05-06T14:12:00.000Z,256.02947,256.41047,0
1973-05-06T15:09:54.000Z,255.98949,256.37049,0
1973-05-06T16:07:55.000Z,256.02947,256.41047,0
1973-05-06T17:05:57.000Z,256.02947,256.41047,0
1973-05-06T18:03:50.000Z,255.98949,256.37049,0
1973-05-06T19:01:52.000Z,256.02947,256.41047,0
1973-05-06T19:59:45.000Z,255.98949,256.37049,0
1973-05-06T20:57:47.000Z,256.02947,256.41047,0
1973-05-06T21:55:40.000Z,256.01946,256.40046,0
1973-05-06T22:53:42.000Z,256.01946,256.40046,0
1973-05-06T23:51:35.000Z,256.01946,256.40046,0
1973-05-07T00:49:37.000Z,256.01946,256.40046,0
1973-05-07T01:47:30.000Z,255.98949,256.37049,0
1973-05-07T02:45:32.000Z,256.01946,256.40046,0
1973-05-07T03:43:25.000Z,256.01946,256.40046,0
1973-05-07T04:41:27.000Z,256.01946,256.40046,0
1973-05-07T05:39:20.000Z,256.01946,256.40046,0
1973-05-07T06:37:22.000Z,256.01946,256.40046,0
1973-05-07T07:35:15.000Z,256.02947,256.41047,0
1973-05-07T08:33:17.000Z,255.98949,256.37049,0
1973-05-07T09:31:10.000Z,255.99944,256.38044,0
1973-05-07T10:29:12.000Z,256.04949,256.43049,0
1973-05-07T11:27:05.000Z,255.99944,256.38044,0
1973-05-07T12:25:07.000Z,256.00945,256.39045,0
1973-05-07T13:23:00.000Z,255.99944,256.38044,0
1973-05-07T14:13:48.000Z,256.04949,256.43049,0
1973-05-07T15:11:41.000Z,256.0595,256.4405,0
1973-05-07T16:09:43.000Z,255.99944,256.38044,0
1973-05-07T17:07:44.000Z,256.01946,256.40046,0
1973-05-07T18:33:45.000Z,256.00995,256.38995,0
1973-05-07T19:31:39.000Z,256.0595,256.4405,0
1973-05-07T20:29:40.000Z,255.99944,256.38044,0
1973-05-07T21:27:34.000Z,256.0595,256.4405,0
1973-05-07T22:40:04.000Z,255.99944,256.38044,0
1973-05-07T23:37:57.000Z,255.97948,256.36048,0
1973-05-08T00:35:59.000Z,256.03948,256.42048,0
1973-05-08T01:33:52.000Z,256.03948,256.42048,0
1973-05-08T02:31:54.000Z,255.97948,256.36048,0
1973-05-08T03:37:09.000Z,256.00945,256.39045,0
1973-05-08T04:35:03.000Z,256.00945,256.39045,0
1973-05-08T05:33:04.000Z,256.00945,256.39045,0
1973-05-08T06:30:58.000Z,256.00945,256.39045,0
1973-05-08T07:28:59.000Z,256.04949,256.43049,0
1973-05-08T08:26:53.000Z,256.00945,256.39045,0
1973-05-08T09:24:54.000Z,256.00945,256.39045,0
1973-05-08T10:22:48.000Z,256.04949,256.43049,0
1973-05-08T11:20:49.000Z,256.03948,256.42048,0
1973-05-08T12:18:43.000Z,256.04949,256.43049,0
1973-05-08T13:16:44.000Z,256.00945,256.39045,0
1973-05-08T14:14:38.000Z,256.04949,256.43049,0
1973-05-08T15:05:25.000Z,256.04949,256.43049,0
1973-05-08T16:03:19.000Z,256.0595,256.4405,0
1973-05-08T17:01:20.000Z,256.04949,256.43049,0
1973-05-08T17:59:14.000Z,256.0595,256.4405,0
1973-05-08T18:57:15.000Z,255.97998,256.35998,0
1973-05-08T19:55:09.000Z,256.01946,256.40046,0
1973-05-08T20:53:10.000Z,255.98949,256.37049,0
1973-05-08T21:51:12.000Z,256.01946,256.40046,0
1973-05-08T22:49:05.000Z,256.01946,256.40046,0
1973-05-08T23:03:34.000Z,255.98999,256.36999,0
1973-05-09T00:01:35.000Z,256.01946,256.40046,0
1973-05-09T00:59:29.000Z,256.01946,256.40046,0
1973-05-09T01:57:30.000Z,256.0595,256.4405,0
1973-05-09T02:55:24.000Z,256.01946,256.40046,0
1973-05-09T03:53:25.000Z,255.98999,256.36999,0
1973-05-09T04:51:19.000Z,256.01946,256.40046,0
1973-05-09T05:20:24.000Z,256.01946,256.40046,0
1973-05-09T06:18:17.000Z,256.0595,256.4405,0
1973-05-09T06:40:00.000Z,256.01946,256.40046,0
1973-05-09T07:38:01.000Z,256.0595,256.4405,0
1973-05-09T08:35:55.000Z,256.02947,256.41047,0
1973-05-09T09:33:56.000Z,256.02947,256.41047,0
1973-05-09T10:31:50.000Z,256.02947,256.41047,0
1973-05-09T11:00:46.000Z,255.98949,256.37049,0
1973-05-09T11:22:37.000Z,256.02947,256.41047,0
1973-05-09T12:20:30.000Z,256.06945,256.45045,0
1973-05-09T13:38:28.000Z,256.02947,256.41047,0
1973-05-09T14:36:21.000Z,256.06945,256.45045,0
1973-05-09T15:34:23.000Z,256.06945,256.45045,0
1973-05-09T16:32:16.000Z,256.02947,256.41047,0
1973-05-09T17:08:36.000Z,256.03948,256.42048,0
1973-05-09T18:06:29.000Z,256.06995,256.44995,0
1973-05-09T19:04:31.000Z,256.06995,256.44995,0
1973-05-09T20:02:24.000Z,256.06945,256.45045,0
1973-05-09T21:00:17.000Z,256.02947,256.41047,0
1973-05-09T21:58:11.000Z,256.06995,256.44995,0
1973-05-09T22:56:04.000Z,256.06945,256.45045,0
1973-05-09T23:32:15.000Z,256.02997,256.40997,0
1973-05-09T23:39:46.000Z,255.98999,256.36999,0
1973-05-10T00:01:36.000Z,256.02997,256.40997,0
1973-05-10T06:18:18.000Z,256.02947,256.41047,0
1973-05-10T07:16:03.000Z,256.02997,256.40997,0
1973-05-10T08:13:48.000Z,256.02997,256.40997,0
1973-05-10T09:11:34.000Z,256.02997,256.40997,0
1973-05-10T10:09:11.000Z,256.08997,256.46997,0
1973-05-10T11:06:48.000Z,256.02997,256.40997,0
1973-05-10T12:04:33.000Z,255.98949,256.37049,0
1973-05-10T13:02:10.000Z,256.02997,256.40997,0
1973-05-10T13:59:47.000Z,256.01996,256.39996,0
1973-05-10T14:28:36.000Z,256.01996,256.39996,0
1973-05-10T14:38:17.000Z,255.98999,256.36999,0
1973-05-10T15:36:11.000Z,256.02997,256.40997,0
1973-05-10T16:34:12.000Z,255.98949,256.37049,0
1973-05-10T17:32:06.000Z,256.02947,256.41047,0
1973-05-10T18:30:07.000Z,256.02997,256.40997,0
1973-05-10T19:28:01.000Z,256.02947,256.41047,0
1973-05-10T20:26:02.000Z,256.02997,256.40997,0
1973-05-10T21:23:56.000Z,255.98999,256.36999,0
1973-05-10T22:21:57.000Z,256.02947,256.41047,0
1973-05-10T23:12:36.000Z,256.02947,256.41047,0
1973-05-11T00:10:38.000Z,256.0595,256.4405,0
1973-05-11T01:08:31.000Z,256.02997,256.40997,0
1973-05-11T01:44:50.000Z,256.02947,256.41047,0
1973-05-11T02:42:44.000Z,255.98999,256.36999,0
1973-05-11T03:18:55.000Z,255.98949,256.37049,0
1973-05-11T04:16:56.000Z,256.06995,256.44995,0
1973-05-11T05:14:50.000Z,256.02997,256.40997,0
1973-05-11T05:51:09.000Z,255.98999,256.36999,0
1973-05-11T06:49:02.000Z,255.98999,256.36999,0
1973-05-11T07:47:04.000Z,255.98999,256.36999,0
1973-05-11T08:44:57.000Z,256.02997,256.40997,0
1973-05-11T09:28:31.000Z,256.06,256.44,0
1973-05-11T10:26:24.000Z,256.01996,256.39996,0
1973-05-11T11:24:26.000Z,256.01996,256.39996,0
1973-05-11T12:22:19.000Z,256.06,256.44,0
1973-05-11T14:17:25.000Z,256.01996,256.39996,0
1973-05-11T15:15:18.000Z,256.09948,256.48048,0
1973-05-11T16:13:20.000Z,255.98999,256.36999,0
1973-05-11T17:11:13.000Z,255.98999,256.36999,0
1973-05-11T18:16:29.000Z,255.98999,256.36999,0
1973-05-11T19:14:31.000Z,256.02997,256.40997,0
1973-05-11T20:12:24.000Z,256.02947,256.41047,0
1973-05-11T21:10:26.000Z,256.01996,256.39996,0
1973-05-11T22:08:19.000Z,256.0595,256.4405,0
1973-05-11T23:20:49.000Z,256.06945,256.45045,0
1973-05-12T00:18:42.000Z,256.0595,256.4405,0
1973-05-12T00:47:47.000Z,256.06,256.44,0
1973-05-12T01:45:41.000Z,256.06,256.44,0
1973-05-12T02:43:42.000Z,256.06,256.44,0
1973-05-12T03:19:53.000Z,256.06,256.44,0
1973-05-12T03:56:04.000Z,256.06,256.44,0
1973-05-12T04:46:51.000Z,256.06,256.44,0
1973-05-12T05:44:45.000Z,256.09998,256.47998,0
1973-05-12T06:42:46.000Z,256.06,256.44,0
1973-05-12T07:11:43.000Z,256.01996,256.39996,0
1973-05-12T08:09:45.000Z,256.06,256.44,0
1973-05-12T09:07:38.000Z,256.06,256.44,0
1973-05-12T10:05:40.000Z,256.0595,256.4405,0
1973-05-12T10:49:05.000Z,256.01996,256.39996,0
1973-05-12T11:47:06.000Z,256.09948,256.48048,0
1973-05-12T12:45:00.000Z,256.08997,256.46997,0
1973-05-12T13:43:01.000Z,256.08997,256.46997,0
1973-05-12T14:40:55.000Z,256.02997,256.40997,0
1973-05-12T15:38:56.000Z,256.04999,256.42999,0
1973-05-12T16:36:50.000Z,256.02997,256.40997,0
1973-05-12T17:34:51.000Z,256.06,256.44,0
1973-05-12T18:32:53.000Z,256.02997,256.40997,0
1973-05-12T19:30:46.000Z,256.02997,256.40997,0
1973-05-12T20:28:48.000Z,256.01996,256.39996,0
1973-05-12T21:26:41.000Z,256.08997,256.46997,0
1973-05-12T22:24:43.000Z,256.06,256.44,0
1973-05-12T23:22:36.000Z,256.06,256.44,0
1973-05-13T00:06:10.000Z,256.09998,256.47998,0
1973-05-13T01:04:03.000Z,256.06,256.44,0
1973-05-13T01:33:00.000Z,256.01996,256.39996,0
1973-05-13T02:31:01.000Z,256.01996,256.39996,0
1973-05-13T04:26:56.000Z,256.02997,256.40997,0
1973-05-13T04:55:53.000Z,256.06,256.44,0
1973-05-13T05:46:41.000Z,256.0595,256.4405,0
1973-05-13T06:44:34.000Z,256.02947,256.41047,0
1973-05-13T07:06:25.000Z,256.06,256.44,0
1973-05-13T08:04:18.000Z,256.06,256.44,0
1973-05-13T09:02:20.000Z,256.02997,256.40997,0
1973-05-13T10:00:13.000Z,256.02997,256.40997,0
1973-05-13T10:58:15.000Z,256.059,256.441,0
1973-05-13T11:56:08.000Z,256.06995,256.44995,0
1973-05-13T12:54:10.000Z,256.06,256.44,0
1973-05-13T13:52:03.000Z,256.09998,256.47998,0
1973-05-13T14:57:19.000Z,256.09998,256.47998,0
1973-05-13T15:55:12.000Z,256.06,256.44,0
1973-05-13T16:53:14.000Z,256.01996,256.39996,0
1973-05-13T17:51:07.000Z,256.06995,256.44995,0
1973-05-13T18:49:09.000Z,256.06995,256.44995,0
1973-05-13T19:47:11.000Z,256.09998,256.47998,0
1973-05-13T20:45:04.000Z,256.09998,256.47998,0
1973-05-13T21:43:06.000Z,256.06,256.44,0
1973-05-13T22:40:59.000Z,256.06995,256.44995,0
1973-05-13T23:39:01.000Z,256.09998,256.47998,0
1973-05-14T00:36:54.000Z,256.06,256.44,0
1973-05-14T01:20:27.000Z,256.09998,256.47998,0
1973-05-14T01:56:38.000Z,256.09998,256.47998,0
1973-05-14T03:01:54.000Z,256.09948,256.48048,0
1973-05-14T03:09:08.000Z,256.09998,256.47998,0
1973-05-14T03:59:47.000Z,256.09998,256.47998,0
1973-05-14T04:35:58.000Z,256.09998,256.47998,0
1973-05-14T05:12:17.000Z,256.06,256.44,0
1973-05-14T06:10:11.000Z,256.06995,256.44995,0
1973-05-14T07:08:12.000Z,256.06995,256.44995,0
1973-05-14T08:06:06.000Z,256.06,256.44,0
1973-05-14T09:18:36.000Z,256.08997,256.46997,0
1973-05-14T10:16:37.000Z,256.06,256.44,0
1973-05-14T11:14:31.000Z,256.06,256.44,0
1973-05-14T12:12:32.000Z,256.12995,256.50995,0
1973-05-14T13:10:26.000Z,256.02997,256.40997,0
1973-05-14T14:08:27.000Z,256.06,256.44,0
1973-05-14T15:06:21.000Z,256.06995,256.44995,0
1973-05-14T16:04:22.000Z,256.08997,256.46997,0
1973-05-14T17:02:16.000Z,256.06,256.44,0
1973-05-14T17:24:06.000Z,256.06,256.44,0
1973-05-14T17:45:49.000Z,256.02997,256.40997,0
1973-05-14T18:43:42.000Z,256.06995,256.44995,0
1973-05-14T19:27:16.000Z,256.09998,256.47998,0
1973-05-14T20:25:09.000Z,256.02997,256.40997,0
1973-05-14T21:01:28.000Z,256.09998,256.47998,0
1973-05-14T21:59:21.000Z,256.06,256.44,0
1973-05-14T22:21:04.000Z,256.02997,256.40997,0
1973-05-14T23:11:51.000Z,256.09998,256.47998,0
1973-05-14T23:55:16.000Z,256.06,256.44,0
1973-05-15T00:09:45.000Z,256.06,256.44,0
1973-05-15T01:07:46.000Z,256.06,256.44,0
1973-05-15T02:05:40.000Z,256.06,256.44,0
1973-05-15T03:03:41.000Z,256.06,256.44,0
1973-05-15T04:08:57.000Z,256.06,256.44,0
1973-05-15T04:30:40.000Z,256.06,256.44,0
1973-05-15T04:59:36.000Z,256.06,256.44,0
1973-05-15T05:06:51.000Z,256.06,256.44,0
1973-05-15T05:43:01.000Z,256.06,256.44,0
1973-05-15T06:26:35.000Z,256.06,256.44,0
1973-05-15T07:31:42.000Z,256.06,256.44,0
1973-05-15T08:22:30.000Z,256.06,256.44,0
1973-05-15T09:20:23.000Z,256.09998,256.47998,0
1973-05-15T09:56:42.000Z,256.09998,256.47998,0
1973-05-15T10:11:11.000Z,256.06,256.44,0
1973-05-15T11:09:04.000Z,256.09998,256.47998,0
1973-05-15T12:07:06.000Z,256.06,256.44,0
1973-05-15T13:04:59.000Z,256.06,256.44,0
1973-05-15T14:03:01.000Z,256.06,256.44,0
1973-05-15T14:31:57.000Z,256.09998,256.47998,0
1973-05-15T15:29:59.000Z,256.06,256.44,0
1973-05-15T16:27:52.000Z,256.06,256.44,0
1973-05-15T17:25:54.000Z,256.06,256.44,0
1973-05-15T18:23:47.000Z,256.06,256.44,0
1973-05-15T19:21:49.000Z,256.09998,256.47998,0
1973-05-15T20:26:56.000Z,256.01996,256.39996,0
1973-05-15T21:24:50.000Z,256.09998,256.47998,0
1973-05-15T22:08:31.000Z,256.09998,256.47998,0
1973-05-15T23:06:25.000Z,256.06,256.44,0
1973-05-16T00:04:26.000Z,256.06,256.44,0
1973-05-16T01:02:20.000Z,256.06995,256.44995,0
1973-05-16T02:00:21.000Z,256.09998,256.47998,0
1973-05-16T02:58:15.000Z,256.06,256.44,0
1973-05-16T03:56:16.000Z,256.09998,256.47998,0
1973-05-16T04:54:10.000Z,256.06995,256.44995,0
1973-05-16T05:30:29.000Z,256.09998,256.47998,0
1973-05-16T06:28:22.000Z,256.06995,256.44995,0
1973-05-16T07:33:38.000Z,256.09998,256.47998,0
1973-05-16T08:31:31.000Z,256.02997,256.40997,0
1973-05-16T09:29:33.000Z,256.09998,256.47998,0
1973-05-16T10:05:44.000Z,256.02997,256.40997,0
1973-05-16T10:56:31.000Z,256.06995,256.44995,0
1973-05-16T11:54:25.000Z,256.07045,256.44945,0
1973-05-16T12:52:26.000Z,256.06995,256.44995,0
1973-05-16T13:50:20.000Z,256.09998,256.47998,0
1973-05-16T14:48:21.000Z,256.06995,256.44995,0
1973-05-16T15:46:15.000Z,256.07045,256.44945,0
1973-05-16T16:44:16.000Z,256.09998,256.47998,0
1973-05-16T17:42:10.000Z,256.09998,256.47998,0
1973-05-16T18:40:11.000Z,256.02997,256.40997,0
1973-05-16T19:38:05.000Z,256.07045,256.44945,0
1973-05-16T20:36:06.000Z,256.03047,256.40947,0
1973-05-16T21:34:08.000Z,256.09998,256.47998,0
1973-05-16T22:39:16.000Z,256.09998,256.47998,0
1973-05-16T23:37:17.000Z,256.06995,256.44995,0
1973-05-17T00:35:11.000Z,256.09998,256.47998,0
1973-05-17T01:33:12.000Z,256.06,256.44,0
1973-05-17T02:31:06.000Z,256.10999,256.48999,0
1973-05-17T03:00:10.000Z,256.10048,256.47948,0
1973-05-17T03:58:04.000Z,256.09998,256.47998,0
1973-05-17T04:56:05.000Z,256.10048,256.47948,0
1973-05-17T05:53:59.000Z,256.07045,256.44945,0
1973-05-17T06:52:00.000Z,256.06,256.44,0
1973-05-17T07:49:54.000Z,256.10048,256.47948,0
1973-05-17T08:47:55.000Z,256.0605,256.4395,0
1973-05-17T09:45:49.000Z,256.0605,256.4395,0
1973-05-17T10:43:50.000Z,256.06,256.44,0
1973-05-17T11:41:44.000Z,256.02997,256.40997,0
1973-05-17T12:39:45.000Z,256.06,256.44,0
1973-05-17T13:37:39.000Z,256.0605,256.4395,0
1973-05-17T14:35:40.000Z,256.06995,256.44995,0
1973-05-17T15:33:34.000Z,256.03047,256.40947,0
1973-05-17T16:31:35.000Z,256.02997,256.40997,0
1973-05-17T17:29:37.000Z,256.09998,256.47998,0
1973-05-17T18:27:30.000Z,256.06,256.44,0
1973-05-17T19:25:32.000Z,256.03047,256.40947,0
1973-05-17T20:23:25.000Z,256.03047,256.40947,0
1973-05-17T21:21:27.000Z,256.03047,256.40947,0
1973-05-17T22:19:20.000Z,256.02997,256.40997,0
1973-05-17T23:17:22.000Z,256.06,256.44,0
1973-05-18T00:15:16.000Z,256.02997,256.40997,0
1973-05-18T01:13:17.000Z,256.03047,256.40947,0
1973-05-18T02:11:11.000Z,256.0605,256.4395,0
1973-05-18T03:09:12.000Z,256.03047,256.40947,0
1973-05-18T04:07:06.000Z,256.03047,256.40947,0
1973-05-18T05:05:07.000Z,256.0605,256.4395,0
1973-05-18T06:03:09.000Z,256.06,256.44,0
1973-05-18T07:01:02.000Z,256.03047,256.40947,0
1973-05-18T07:59:04.000Z,256.03047,256.40947,0
1973-05-18T08:56:57.000Z,256.02997,256.40997,0
1973-05-18T09:54:59.000Z,256.03047,256.40947,0
1973-05-18T10:55:36.000Z,256.03047,256.40947,0
1973-05-18T11:46:23.000Z,256.03047,256.40947,0
1973-05-18T12:44:17.000Z,256.03047,256.40947,0
1973-05-18T13:42:18.000Z,256.03047,256.40947,0
1973-05-18T14:40:12.000Z,256.03047,256.40947,0
1973-05-18T15:38:13.000Z,256.03047,256.40947,0
1973-05-18T16:36:07.000Z,256.03047,256.40947,0
1973-05-18T17:34:08.000Z,256.0605,256.4395,0
1973-05-18T18:32:02.000Z,256.03047,256.40947,0
1973-05-18T19:30:03.000Z,256.02997,256.40997,0
1973-05-18T20:27:57.000Z,256.03047,256.40947,0
1973-05-18T21:25:58.000Z,256.03047,256.40947,0
1973-05-18T22:23:52.000Z,256.03047,256.40947,0
1973-05-18T23:21:53.000Z,256.03047,256.40947,0
1973-05-19T00:19:47.000Z,256.03047,256.40947,0
1973-05-19T01:17:48.000Z,255.99049,256.36949,0
1973-05-19T02:15:50.000Z,255.99049,256.36949,0
1973-05-19T03:06:29.000Z,256.03047,256.40947,0
1973-05-19T04:04:31.000Z,256.07045,256.44945,0
1973-05-19T05:02:24.000Z,256.02046,256.39946,0
1973-05-19T06:00:26.000Z,255.99049,256.36949,0
1973-05-19T06:58:19.000Z,256.07045,256.44945,0
1973-05-19T07:56:21.000Z,256.03047,256.40947,0
1973-05-19T08:47:00.000Z,255.99049,256.36949,0
1973-05-19T09:45:02.000Z,256.03047,256.40947,0
1973-05-19T10:42:55.000Z,256.0605,256.4395,0
1973-05-19T11:40:57.000Z,256.10048,256.47948,0
1973-05-19T12:38:50.000Z,256.0605,256.4395,0
1973-05-19T13:36:52.000Z,256.03047,256.40947,0
1973-05-19T14:34:45.000Z,256.02046,256.39946,0
1973-05-19T15:32:47.000Z,256.02046,256.39946,0
1973-05-19T16:30:40.000Z,255.99049,256.36949,0
1973-05-19T17:28:42.000Z,256.03047,256.40947,0
1973-05-19T18:26:35.000Z,256.03047,256.40947,0
1973-05-19T19:02:54.000Z,255.99049,256.36949,0
1973-05-19T19:46:19.000Z,256.0605,256.4395,0
1973-05-19T20:44:21.000Z,255.99049,256.36949,0
1973-05-19T21:42:14.000Z,255.99049,256.36949,0
1973-05-19T22:33:02.000Z,256.03047,256.40947,0
1973-05-19T23:30:55.000Z,256.02046,256.39946,0
1973-05-20T00:28:57.000Z,255.99049,256.36949,0
1973-05-20T01:26:50.000Z,256.03047,256.40947,0
1973-05-20T02:24:52.000Z,256.03047,256.40947,0
1973-05-20T03:22:45.000Z,256.03047,256.40947,0
1973-05-20T03:51:50.000Z,256.0605,256.4395,0
1973-05-20T04:49:43.000Z,256.03047,256.40947,0
1973-05-20T05:40:31.000Z,256.0605,256.4395,0
1973-05-20T06:02:13.000Z,256.03047,256.40947,0
1973-05-20T06:38:24.000Z,256.03047,256.40947,0
1973-05-20T07:36:26.000Z,256.03047,256.40947,0
1973-05-20T08:34:19.000Z,256.0605,256.4395,0
1973-05-20T08:48:48.000Z,256.0605,256.4395,0
1973-05-20T09:46:49.000Z,256.03047,256.40947,0
1973-05-20T10:44:43.000Z,256.03047,256.40947,0
1973-05-20T11:42:44.000Z,256.03047,256.40947,0
1973-05-20T12:40:38.000Z,256.0605,256.4395,0
1973-05-20T13:38:39.000Z,256.03047,256.40947,0
1973-05-20T14:36:33.000Z,256.03047,256.40947,0
1973-05-20T15:34:34.000Z,256.03047,256.40947,0
1973-05-20T16:32:28.000Z,256.03047,256.40947,0
1973-05-20T17:30:29.000Z,256.03047,256.40947,0
1973-05-20T18:28:23.000Z,256.03047,256.40947,0
1973-05-20T19:26:24.000Z,256.02046,256.39946,0
1973-05-20T20:24:26.000Z,256.03047,256.40947,0
1973-05-20T21:22:19.000Z,255.99049,256.36949,0
1973-05-20T22:20:21.000Z,256.03047,256.40947,0
1973-05-20T23:18:14.000Z,256.02046,256.39946,0
1973-05-21T00:16:16.000Z,256.02046,256.39946,0
1973-05-21T00:45:13.000Z,256.0605,256.4395,0
1973-05-21T01:43:06.000Z,256.0605,256.4395,0
1973-05-21T02:41:08.000Z,256.03047,256.40947,0
1973-05-21T02:55:36.000Z,256.0605,256.4395,0
1973-05-21T03:53:38.000Z,256.02046,256.39946,0
1973-05-21T04:51:31.000Z,255.98048,256.35948,0
1973-05-21T05:49:33.000Z,256.02046,256.39946,0
1973-05-21T06:47:26.000Z,255.98048,256.35948,0
1973-05-21T07:45:28.000Z,256.01045,256.38945,0
1973-05-21T08:57:00.000Z,256.01045,256.38945,0
1973-05-21T09:54:54.000Z,256.01045,256.38945,0
1973-05-21T10:52:55.000Z,256.08046,256.45946,0
1973-05-21T11:50:49.000Z,256.04048,256.41948,0
1973-05-21T12:48:50.000Z,256.04048,256.41948,0
1973-05-21T13:46:44.000Z,256.04048,256.41948,0
1973-05-21T14:44:45.000Z,256.04048,256.41948,0
1973-05-21T15:42:39.000Z,256.01045,256.38945,0
1973-05-21T16:40:40.000Z,256.04048,256.41948,0
1973-05-21T17:38:34.000Z,256.04048,256.41948,0
1973-05-21T18:36:35.000Z,256.04048,256.41948,0
1973-05-21T19:34:37.000Z,256.04048,256.41948,0
1973-05-21T20:32:30.000Z,256.07045,256.44945,0
1973-05-21T21:23:09.000Z,256.04048,256.41948,0
1973-05-21T22:28:25.000Z,255.99049,256.36949,0
1973-05-21T23:26:27.000Z,256.00044,256.37944,0
1973-05-22T00:24:20.000Z,256.00044,256.37944,0
1973-05-22T01:22:22.000Z,256.02046,256.39946,0
1973-05-22T02:20:15.000Z,256.01045,256.38945,0
1973-05-22T03:18:17.000Z,256.02046,256.39946,0
1973-05-22T04:30:39.000Z,256.07045,256.44945,0
1973-05-22T05:28:40.000Z,256.00044,256.37944,0
1973-05-22T06:33:48.000Z,256.02046,256.39946,0
1973-05-22T07:31:49.000Z,256.02046,256.39946,0
1973-05-22T08:29:51.000Z,256.04048,256.41948,0
1973-05-22T09:27:44.000Z,256.00094,256.37894,0
1973-05-22T10:25:46.000Z,256.00044,256.37944,0
1973-05-22T11:23:39.000Z,256.00044,256.37944,0
1973-05-22T12:21:41.000Z,256.00044,256.37944,0
1973-05-22T13:19:34.000Z,256.061,256.439,0
1973-05-22T14:17:36.000Z,256.0605,256.4395,0
1973-05-22T15:15:29.000Z,256.02046,256.39946,0
1973-05-22T16:13:31.000Z,256.02046,256.39946,0
1973-05-22T17:11:24.000Z,256.05049,256.42949,0
1973-05-22T18:09:26.000Z,256.05049,256.42949,0
1973-05-22T19:07:19.000Z,255.98048,256.35948,0
1973-05-22T20:05:21.000Z,256.02046,256.39946,0
1973-05-22T21:03:14.000Z,256.05049,256.42949,0
1973-05-22T22:01:16.000Z,255.98048,256.35948,0
1973-05-22T22:44:41.000Z,256.05049,256.42949,0
1973-05-22T22:59:09.000Z,256.01045,256.38945,0
1973-05-22T23:57:11.000Z,256.01045,256.38945,0
1973-05-23T00:55:04.000Z,256.01045,256.38945,0
1973-05-23T01:53:06.000Z,256.01045,256.38945,0
1973-05-23T02:51:08.000Z,256.01045,256.38945,0
1973-05-23T03:56:15.000Z,256.01045,256.38945,0
1973-05-23T04:54:17.000Z,256.01045,256.38945,0
1973-05-23T05:52:10.000Z,256.01045,256.38945,0
1973-05-23T06:50:12.000Z,256.04048,256.41948,0
1973-05-23T07:48:05.000Z,256.04048,256.41948,0
1973-05-23T08:46:07.000Z,256.07045,256.44945,0
1973-05-23T09:45:55.000Z,256.03047,256.40947,0
1973-05-23T10:43:48.000Z,256.07045,256.44945,0
1973-05-23T11:41:50.000Z,256.00044,256.37944,0
1973-05-23T12:39:43.000Z,256.07045,256.44945,0
1973-05-23T13:37:45.000Z,256.03047,256.40947,0
1973-05-23T14:35:38.000Z,256.0605,256.4395,0
1973-05-23T15:33:40.000Z,255.99049,256.36949,0
1973-05-23T16:31:33.000Z,256.03047,256.40947,0
1973-05-23T17:29:35.000Z,256.03047,256.40947,0
1973-05-23T18:27:28.000Z,256.02046,256.39946,0
1973-05-23T19:25:30.000Z,256.03047,256.40947,0
1973-05-23T20:23:23.000Z,255.99049,256.36949,0
1973-05-23T21:21:25.000Z,256.05099,256.42899,0
1973-05-23T22:19:18.000Z,256.02096,256.39896,0
1973-05-23T23:17:20.000Z,256.02096,256.39896,0
1973-05-24T00:15:13.000Z,256.02046,256.39946,0
1973-05-24T01:13:15.000Z,256.02046,256.39946,0
1973-05-24T02:11:08.000Z,256.0605,256.4395,0
1973-05-24T03:09:10.000Z,256.09047,256.46947,0
1973-05-24T04:07:12.000Z,256.01045,256.38945,0
1973-05-24T05:05:05.000Z,256.05049,256.42949,0
1973-05-24T06:03:07.000Z,256.01045,256.38945,0
1973-05-24T07:01:00.000Z,256.01095,256.38895,0
1973-05-24T07:59:02.000Z,256.05049,256.42949,0
1973-05-24T08:56:55.000Z,256.05049,256.42949,0
1973-05-24T09:54:57.000Z,256.01045,256.38945,0
1973-05-24T10:52:50.000Z,256.05099,256.42899,0
1973-05-24T11:50:52.000Z,256.01045,256.38945,0
1973-05-24T12:48:45.000Z,256.01095,256.38895,0
1973-05-24T13:46:47.000Z,256.01045,256.38945,0
1973-05-24T14:44:40.000Z,256.01045,256.38945,0
1973-05-24T15:42:42.000Z,256.05049,256.42949,0
1973-05-24T16:40:35.000Z,256.01095,256.38895,0
1973-05-24T17:38:37.000Z,256.01045,256.38945,0
1973-05-24T18:36:30.000Z,256.04098,256.41898,0
1973-05-24T19:34:32.000Z,255.98048,256.35948,0
1973-05-24T20:32:25.000Z,256.01045,256.38945,0
1973-05-24T21:30:27.000Z,256.04048,256.41948,0
1973-05-24T22:28:20.000Z,255.98048,256.35948,0
1973-05-24T23:26:22.000Z,256.01045,256.38945,0
1973-05-25T00:24:23.000Z,255.98048,256.35948,0
1973-05-25T01:22:17.000Z,256.01045,256.38945,0
1973-05-25T02:20:18.000Z,256.04098,256.41898,0
1973-05-25T02:56:29.000Z,256.04048,256.41948,0
1973-05-25T03:54:23.000Z,256.01045,256.38945,0
1973-05-25T05:18:37.000Z,256.04098,256.41898,0
1973-05-25T06:16:39.000Z,256.04048,256.41948,0
1973-05-25T07:14:32.000Z,256.04098,256.41898,0
1973-05-25T08:12:34.000Z,256.04098,256.41898,0
1973-05-25T09:10:27.000Z,256.04048,256.41948,0
1973-05-25T10:15:43.000Z,256.04048,256.41948,0
1973-05-25T11:13:44.000Z,256.04048,256.41948,0
1973-05-25T11:21:56.000Z,256.04048,256.41948,0
1973-05-25T12:19:49.000Z,256.00094,256.37894,0
1973-05-25T13:17:51.000Z,256.00044,256.37944,0
1973-05-25T13:53:05.000Z,256.04098,256.41898,0
1973-05-25T14:50:58.000Z,256.061,256.439,0
1973-05-25T15:49:00.000Z,256.04098,256.41898,0
1973-05-25T16:47:01.000Z,256.04048,256.41948,0
1973-05-25T17:44:55.000Z,256.00044,256.37944,0
1973-05-25T18:42:56.000Z,256.04098,256.41898,0
1973-05-25T19:19:07.000Z,256.04098,256.41898,0
1973-05-25T20:17:00.000Z,256.04098,256.41898,0
1973-05-25T21:15:02.000Z,256.061,256.439,0
1973-05-25T22:12:55.000Z,256.00044,256.37944,0
1973-05-25T23:10:57.000Z,256.04098,256.41898,0
1973-05-26T00:08:59.000Z,256.04048,256.41948,0
1973-05-26T01:06:52.000Z,256.00094,256.37894,0
1973-05-26T02:04:54.000Z,256.02096,256.39896,0
1973-05-26T03:02:47.000Z,256.0605,256.4395,0
1973-05-26T04:00:49.000Z,256.03097,256.40897,0
1973-05-26T04:58:42.000Z,255.99099,256.36899,0
1973-05-26T05:56:44.000Z,256.061,256.439,0
1973-05-26T06:54:37.000Z,256.061,256.439,0
1973-05-26T07:52:39.000Z,256.061,256.439,0
1973-05-26T08:50:32.000Z,255.99099,256.36899,0
1973-05-26T09:48:34.000Z,256.03097,256.40897,0
1973-05-26T10:46:27.000Z,256.061,256.439,0
1973-05-26T11:44:29.000Z,256.061,256.439,0
1973-05-26T12:42:22.000Z,256.03097,256.40897,0
1973-05-26T13:40:24.000Z,256.03097,256.40897,0
1973-05-26T14:38:17.000Z,256.03097,256.40897,0
1973-05-26T15:36:19.000Z,256.061,256.439,0
1973-05-26T16:34:12.000Z,255.99099,256.36899,0
1973-05-26T17:32:14.000Z,255.99099,256.36899,0
1973-05-26T18:30:07.000Z,256.03047,256.40947,0
1973-05-26T19:28:09.000Z,255.99099,256.36899,0
1973-05-26T20:26:02.000Z,255.99099,256.36899,0
1973-05-26T21:24:04.000Z,256.03097,256.40897,0
1973-05-26T22:22:05.000Z,256.061,256.439,0
1973-05-26T23:19:59.000Z,255.99099,256.36899,0
1973-05-27T00:18:00.000Z,255.99099,256.36899,0
1973-05-27T01:15:54.000Z,256.03097,256.40897,0
1973-05-27T01:23:08.000Z,255.99099,256.36899,0
1973-05-27T01:37:36.000Z,256.061,256.439,0
1973-05-27T02:35:38.000Z,255.99099,256.36899,0
1973-05-27T03:04:35.000Z,256.02096,256.39896,0
1973-05-27T03:11:49.000Z,256.061,256.439,0
1973-05-27T04:09:50.000Z,255.99099,256.36899,0
1973-05-27T05:07:44.000Z,256.02096,256.39896,0
1973-05-27T06:05:45.000Z,255.99099,256.36899,0
1973-05-27T07:03:39.000Z,256.02096,256.39896,0
1973-05-27T07:39:58.000Z,256.061,256.439,0
1973-05-27T08:37:51.000Z,256.02096,256.39896,0
1973-05-27T09:50:21.000Z,256.05099,256.42899,0
1973-05-27T10:48:15.000Z,256.02096,256.39896,0
1973-05-27T11:46:16.000Z,256.02096,256.39896,0
1973-05-27T12:44:10.000Z,256.05099,256.42899,0
1973-05-27T14:03:54.000Z,256.05099,256.42899,0
1973-05-27T15:01:55.000Z,255.99099,256.36899,0
1973-05-27T15:45:20.000Z,256.02096,256.39896,0
1973-05-27T16:43:14.000Z,256.02096,256.39896,0
1973-05-27T17:41:15.000Z,256.02096,256.39896,0
1973-05-27T18:39:17.000Z,256.02096,256.39896,0
1973-05-27T19:37:10.000Z,256.05099,256.42899,0
1973-05-27T20:35:12.000Z,256.05099,256.42899,0
1973-05-27T21:33:05.000Z,256.05099,256.42899,0
1973-05-27T22:31:07.000Z,256.05099,256.42899,0
1973-05-27T23:29:00.000Z,256.05099,256.42899,0
1973-05-28T00:27:02.000Z,256.05099,256.42899,0
1973-05-28T01:24:55.000Z,256.05099,256.42899,0
1973-05-28T02:22:57.000Z,256.061,256.439,0
1973-05-28T03:20:50.000Z,256.01095,256.38895,0
1973-05-28T04:18:52.000Z,256.02096,256.39896,0
1973-05-28T05:31:14.000Z,256.05099,256.42899,0
1973-05-28T06:36:30.000Z,256.05099,256.42899,0
1973-05-28T06:43:44.000Z,256.05099,256.42899,0
1973-05-28T07:41:45.000Z,256.05099,256.42899,0
1973-05-28T08:39:39.000Z,255.98098,256.35898,0
1973-05-28T09:01:21.000Z,256.05099,256.42899,0
1973-05-28T09:59:23.000Z,256.05099,256.42899,0
1973-05-28T10:57:16.000Z,256.05099,256.42899,0
1973-05-28T11:55:18.000Z,256.05099,256.42899,0
1973-05-28T12:53:11.000Z,256.02096,256.39896,0
1973-05-28T13:51:13.000Z,256.01095,256.38895,0
1973-05-28T14:49:06.000Z,256.05099,256.42899,0
1973-05-28T15:47:08.000Z,256.05099,256.42899,0
1973-05-28T16:45:01.000Z,256.05099,256.42899,0
1973-05-28T17:43:03.000Z,256.01095,256.38895,0
1973-05-28T18:41:05.000Z,256.05099,256.42899,0
1973-05-28T19:38:58.000Z,256.00094,256.37894,0
1973-05-28T20:37:00.000Z,256.01095,256.38895,0
1973-05-28T21:42:07.000Z,256.05099,256.42899,0
1973-05-28T22:40:09.000Z,256.02096,256.39896,0
1973-05-28T23:38:02.000Z,256.05099,256.42899,0
1973-05-29T00:36:04.000Z,256.05099,256.42899,0
1973-05-29T01:33:57.000Z,256.05099,256.42899,0
1973-05-29T01:55:40.000Z,256.05099,256.42899,0
1973-05-29T03:00:55.000Z,256.02096,256.39896,0
1973-05-29T03:58:57.000Z,256.05099,256.42899,0
1973-05-29T05:17:44.000Z,256.01095,256.38895,0
1973-05-29T06:15:37.000Z,256.01095,256.38895,0
1973-05-29T07:13:39.000Z,256.01095,256.38895,0
1973-05-29T08:11:32.000Z,256.01095,256.38895,0
1973-05-29T09:09:34.000Z,256.05099,256.42899,0
1973-05-29T10:07:27.000Z,256.05099,256.42899,0
1973-05-29T11:05:29.000Z,256.05099,256.42899,0
1973-05-29T12:03:22.000Z,256.01145,256.38845,0
1973-05-29T13:01:24.000Z,256.05099,256.42899,0
1973-05-29T13:59:17.000Z,256.05099,256.42899,0
1973-05-29T14:57:19.000Z,256.01095,256.38895,0
1973-05-29T15:55:12.000Z,256.05099,256.42899,0
1973-05-29T16:53:14.000Z,256.05099,256.42899,0
1973-05-29T17:51:07.000Z,256.01095,256.38895,0
1973-05-29T18:49:09.000Z,256.05099,256.42899,0
1973-05-29T19:47:02.000Z,256.01095,256.38895,0
1973-05-29T20:45:04.000Z,256.00094,256.37894,0
1973-05-29T21:43:06.000Z,256.01095,256.38895,0
1973-05-29T22:40:59.000Z,256.01095,256.38895,0
1973-05-29T23:39:01.000Z,256.01095,256.38895,0
1973-05-30T00:36:54.000Z,256.04098,256.41898,0
1973-05-30T01:34:56.000Z,256.00094,256.37894,0
1973-05-30T02:32:49.000Z,256.00094,256.37894,0
1973-05-30T03:30:51.000Z,256.04098,256.41898,0
1973-05-30T03:59:39.000Z,256.04098,256.41898,0
1973-05-30T04:07:01.000Z,256.00144,256.37844,0
1973-05-30T05:05:03.000Z,256.01095,256.38895,0
1973-05-30T06:02:56.000Z,256.00094,256.37894,0
1973-05-30T07:00:58.000Z,256.04098,256.41898,0
1973-05-30T07:58:51.000Z,256.00144,256.37844,0
1973-05-30T09:04:07.000Z,255.97097,256.34897,0
1973-05-30T10:02:01.000Z,256.00094,256.37894,0
1973-05-30T11:00:02.000Z,256.00094,256.37894,0
1973-05-30T11:57:56.000Z,256.00094,256.37894,0
1973-05-30T13:16:42.000Z,256.00094,256.37894,0
1973-05-30T14:14:44.000Z,255.97147,256.34847,0
1973-05-30T15:12:37.000Z,256.04098,256.41898,0
1973-05-30T16:10:39.000Z,256.00144,256.37844,0
1973-05-30T17:08:32.000Z,256.00144,256.37844,0
1973-05-30T18:06:34.000Z,256.00144,256.37844,0
1973-05-30T19:04:27.000Z,256.00144,256.37844,0
1973-05-30T20:02:29.000Z,256.07095,256.44895,0
1973-05-30T21:00:31.000Z,256.00144,256.37844,0
1973-05-30T21:58:24.000Z,256.04098,256.41898,0
1973-05-30T22:56:26.000Z,256.00144,256.37844,0
1973-05-30T23:54:19.000Z,256.00144,256.37844,0
1973-05-31T00:52:21.000Z,256.00094,256.37894,0
1973-05-31T01:50:14.000Z,256.00144,256.37844,0
1973-05-31T02:48:16.000Z,256.04148,256.41848,0
1973-05-31T03:17:12.000Z,256.04098,256.41898,0
1973-05-31T04:14:58.000Z,256.00094,256.37894,0
1973-05-31T04:22:12.000Z,256.00144,256.37844,0
1973-05-31T04:29:42.000Z,256.00144,256.37844,0
1973-05-31T05:27:36.000Z,256.04148,256.41848,0
1973-05-31T06:25:37.000Z,256.00144,256.37844,0
1973-05-31T07:23:31.000Z,256.00144,256.37844,0
1973-05-31T08:21:32.000Z,256.00144,256.37844,0
1973-05-31T09:19:26.000Z,256.00144,256.37844,0
1973-05-31T10:17:27.000Z,256.00144,256.37844,0
1973-05-31T11:15:21.000Z,256.07145,256.44845,0
1973-05-31T12:13:22.000Z,256.00144,256.37844,0
1973-05-31T13:11:16.000Z,256.00094,256.37894,0
1973-05-31T14:09:17.000Z,256.00144,256.37844,0
1973-05-31T15:07:11.000Z,256.03147,256.40847,0
1973-05-31T16:05:12.000Z,256.00144,256.37844,0
1973-05-31T17:03:06.000Z,255.97147,256.34847,0
1973-05-31T18:01:07.000Z,256.00144,256.37844,0
1973-05-31T18:59:01.000Z,256.00144,256.37844,0
1973-05-31T19:57:02.000Z,256.00144,256.37844,0
1973-05-31T20:54:56.000Z,256.00144,256.37844,0
1973-05-31T21:52:57.000Z,256.00144,256.37844,0
1973-05-31T22:50:59.000Z,256.04148,256.41848,0
1973-05-31T23:41:38.000Z,256.00144,256.37844,0
1973-06-01T00:39:32.000Z,256.00144,256.37844,0
1973-06-01T01:37:33.000Z,256.03147,256.40847,0
1973-06-01T02:35:35.000Z,256.03147,256.40847,0
1973-06-01T03:33:28.000Z,256.00144,256.37844,0
1973-06-01T04:31:30.000Z,256.00144,256.37844,0
1973-06-01T05:29:23.000Z,256.03147,256.40847,0
1973-06-01T06:27:25.000Z,256.00144,256.37844,0
1973-06-01T07:25:10.000Z,256.00144,256.37844,0
1973-06-01T08:23:20.000Z,256.03147,256.40847,0
1973-06-01T09:21:13.000Z,256.03147,256.40847,0
1973-06-01T10:19:15.000Z,256.03147,256.40847,0
1973-06-01T11:17:08.000Z,256.03147,256.40847,0
1973-06-01T12:15:10.000Z,256.03147,256.40847,0
1973-06-01T12:44:07.000Z,256.03147,256.40847,0
1973-06-01T13:42:08.000Z,255.99149,256.36849,0
1973-06-01T14:40:02.000Z,256.03147,256.40847,0
1973-06-01T15:08:58.000Z,256.03147,256.40847,0
1973-06-01T16:07:00.000Z,256.03147,256.40847,0
1973-06-01T17:04:53.000Z,256.03147,256.40847,0
1973-06-01T18:02:55.000Z,256.03147,256.40847,0
1973-06-01T19:00:48.000Z,256.03147,256.40847,0
1973-06-01T19:58:50.000Z,256.03147,256.40847,0
1973-06-01T20:56:43.000Z,256.0615,256.4385,0
1973-06-02T00:06:55.000Z,256.03147,256.40847,0
1973-06-02T01:04:56.000Z,256.03147,256.40847,0
1973-06-02T02:02:50.000Z,256.03147,256.40847,0
1973-06-02T03:00:51.000Z,256.03147,256.40847,0
1973-06-02T03:58:53.000Z,256.03147,256.40847,0
1973-06-02T04:56:46.000Z,256.02146,256.39846,0
1973-06-02T05:54:48.000Z,256.02146,256.39846,0
1973-06-02T06:52:41.000Z,256.02146,256.39846,0
1973-06-02T07:50:43.000Z,256.02146,256.39846,0
1973-06-02T08:48:36.000Z,256.03147,256.40847,0
1973-06-02T09:46:38.000Z,256.03147,256.40847,0
1973-06-02T10:44:31.000Z,256.03147,256.40847,0
1973-06-02T11:42:33.000Z,256.03147,256.40847,0
1973-06-02T12:25:58.000Z,256.02146,256.39846,0
1973-06-02T13:24:00.000Z,255.99149,256.36849,0
1973-06-02T14:29:07.000Z,255.99149,256.36849,0
1973-06-02T15:27:09.000Z,256.03147,256.40847,0
1973-06-02T16:25:02.000Z,256.03147,256.40847,0
1973-06-02T17:23:04.000Z,256.03147,256.40847,0
1973-06-02T18:06:29.000Z,256.0615,256.4385,0
1973-06-02T19:04:31.000Z,256.03147,256.40847,0
1973-06-02T20:02:24.000Z,256.0615,256.4385,0
1973-06-02T21:00:26.000Z,256.03147,256.40847,0
1973-06-02T21:14:54.000Z,256.03147,256.40847,0
1973-06-02T22:12:47.000Z,256.0615,256.4385,0
1973-06-02T23:10:49.000Z,256.02146,256.39846,0
1973-06-03T00:01:28.000Z,256.02146,256.39846,0
1973-06-03T00:59:30.000Z,256.02146,256.39846,0
1973-06-03T01:57:23.000Z,256.03147,256.40847,0
1973-06-03T02:55:25.000Z,256.02146,256.39846,0
1973-06-03T03:53:18.000Z,256.0615,256.4385,0
1973-06-03T04:51:20.000Z,255.96146,256.33846,0
1973-06-03T05:49:21.000Z,255.99149,256.36849,0
1973-06-03T06:47:15.000Z,256.0615,256.4385,0
1973-06-03T07:45:16.000Z,256.03147,256.40847,0
1973-06-03T08:43:10.000Z,256.03147,256.40847,0
1973-06-03T09:41:11.000Z,255.99149,256.36849,0
1973-06-03T10:39:05.000Z,255.99149,256.36849,0
1973-06-03T11:37:06.000Z,255.99199,256.36799,0
1973-06-03T12:35:00.000Z,255.99149,256.36849,0
1973-06-03T13:33:01.000Z,256.03147,256.40847,0
1973-06-03T14:30:55.000Z,255.99149,256.36849,0
1973-06-03T15:28:56.000Z,255.99149,256.36849,0
1973-06-03T15:43:25.000Z,256.02146,256.39846,0
1973-06-03T16:41:18.000Z,256.02146,256.39846,0
1973-06-03T17:39:20.000Z,255.99149,256.36849,0
1973-06-03T18:37:13.000Z,256.02146,256.39846,0
1973-06-03T19:35:15.000Z,255.99149,256.36849,0
1973-06-03T20:33:08.000Z,255.99149,256.36849,0
1973-06-03T21:31:10.000Z,255.99149,256.36849,0
1973-06-03T22:29:11.000Z,255.99149,256.36849,0
1973-06-03T23:27:05.000Z,256.02146,256.39846,0
1973-06-04T00:25:06.000Z,256.02196,256.39796,0
1973-06-04T01:15:46.000Z,255.99149,256.36849,0
1973-06-04T02:13:47.000Z,255.99149,256.36849,0
1973-06-04T03:11:41.000Z,255.99149,256.36849,0
1973-06-04T04:09:42.000Z,256.02146,256.39846,0
1973-06-04T05:07:36.000Z,255.99149,256.36849,0
1973-06-04T05:29:18.000Z,256.02196,256.39796,0
1973-06-04T06:27:20.000Z,255.99149,256.36849,0
1973-06-04T07:25:13.000Z,256.02146,256.39846,0
1973-06-04T08:23:15.000Z,256.02146,256.39846,0
1973-06-04T09:21:08.000Z,256.03197,256.40797,0
1973-06-04T10:19:10.000Z,255.99199,256.36799,0
1973-06-04T10:48:06.000Z,255.99149,256.36849,0
1973-06-04T11:51:36.000Z,256.05149,256.42849,0
1973-06-04T12:49:29.000Z,255.99199,256.36799,0
1973-06-04T13:47:31.000Z,256.02146,256.39846,0
1973-06-04T14:45:24.000Z,256.03197,256.40797,0
1973-06-04T15:14:21.000Z,255.99199,256.36799,0
1973-06-04T15:36:12.000Z,256.05199,256.42799,0
1973-06-04T16:34:05.000Z,256.03147,256.40847,0
1973-06-04T17:32:07.000Z,255.99199,256.36799,0
1973-06-04T18:30:00.000Z,256.02196,256.39796,0
1973-06-04T19:28:02.000Z,255.99199,256.36799,0
1973-06-04T20:25:55.000Z,256.03197,256.40797,0
1973-06-04T21:23:57.000Z,256.05199,256.42799,0
1973-06-04T22:29:04.000Z,256.03147,256.40847,0
1973-06-04T23:27:06.000Z,256.03197,256.40797,0
1973-06-04T23:56:02.000Z,256.02196,256.39796,0
1973-06-05T00:54:04.000Z,256.0615,256.4385,0
1973-06-05T01:51:57.000Z,256.02196,256.39796,0
1973-06-05T02:49:59.000Z,256.062,256.438,0
1973-06-05T03:47:52.000Z,255.99199,256.36799,0
1973-06-05T04:45:54.000Z,255.99199,256.36799,0
1973-06-05T05:43:48.000Z,255.99199,256.36799,0
1973-06-05T06:41:49.000Z,256.03197,256.40797,0
1973-06-05T07:39:43.000Z,256.02146,256.39846,0
1973-06-05T08:37:44.000Z,256.02196,256.39796,0
1973-06-05T09:35:38.000Z,256.02196,256.39796,0
1973-06-05T10:33:39.000Z,255.99199,256.36799,0
1973-06-05T11:31:33.000Z,255.99199,256.36799,0
1973-06-05T12:29:34.000Z,255.99199,256.36799,0
1973-06-05T13:27:28.000Z,255.99199,256.36799,0
1973-06-05T14:39:57.000Z,256.03197,256.40797,0
1973-06-05T14:47:12.000Z,256.09197,256.46797,0
1973-06-05T15:08:54.000Z,255.99199,256.36799,0
1973-06-05T16:06:56.000Z,256.02196,256.39796,0
1973-06-05T17:04:49.000Z,255.99199,256.36799,0
1973-06-05T17:19:18.000Z,256.02196,256.39796,0
1973-06-05T18:17:19.000Z,256.02196,256.39796,0
1973-06-05T19:15:21.000Z,256.02196,256.39796,0
1973-06-05T20:13:14.000Z,255.99199,256.36799,0
1973-06-05T21:11:16.000Z,255.99199,256.36799,0
1973-06-05T22:09:09.000Z,255.97197,256.34797,0
1973-06-05T23:07:11.000Z,256.04198,256.41798,0
1973-06-06T00:05:04.000Z,256.01195,256.38795,0
1973-06-06T01:03:06.000Z,256.00194,256.37794,0
1973-06-06T02:00:59.000Z,256.08196,256.45796,0
1973-06-06T02:39:05.000Z,256.01195,256.38795,0
1973-06-06T02:59:01.000Z,256.05199,256.42799,0
1973-06-06T03:56:54.000Z,256.03197,256.40797,0
1973-06-06T04:54:56.000Z,256.04198,256.41798,0
1973-06-06T05:52:49.000Z,256.01195,256.38795,0
1973-06-06T06:50:51.000Z,256.05199,256.42799,0
1973-06-06T07:48:44.000Z,256.02196,256.39796,0
1973-06-06T08:43:13.000Z,256.04198,256.41798,0
1973-06-06T08:54:00.000Z,255.98198,256.35798,0
1973-06-06T09:51:53.000Z,256.07195,256.44795,0
1973-06-06T10:49:55.000Z,256.00194,256.37794,0
1973-06-06T11:47:57.000Z,256.07195,256.44795,0
1973-06-06T12:45:50.000Z,256.04198,256.41798,0
1973-06-06T13:43:52.000Z,256.01195,256.38795,0
1973-06-06T14:41:45.000Z,256.04198,256.41798,0
1973-06-06T16:15:57.000Z,256.04198,256.41798,0
1973-06-06T17:13:51.000Z,256.01195,256.38795,0
1973-06-06T18:11:52.000Z,256.01195,256.38795,0
1973-06-06T19:09:54.000Z,256.01195,256.38795,0
1973-06-06T20:07:48.000Z,256.01195,256.38795,0
1973-06-06T21:05:49.000Z,256.01195,256.38795,0
1973-06-06T21:56:28.000Z,256.01195,256.38795,0
1973-06-06T22:54:30.000Z,255.98198,256.35798,0
1973-06-06T23:37:55.000Z,256.01195,256.38795,0
1973-06-06T23:59:38.000Z,255.98198,256.35798,0
1973-06-07T00:14:06.000Z,256.05199,256.42799,0
1973-06-07T00:43:11.000Z,256.01195,256.38795,0
1973-06-07T01:12:07.000Z,256.01195,256.38795,0
1973-06-07T02:10:01.000Z,256.01195,256.38795,0
1973-06-07T02:39:06.000Z,256.01195,256.38795,0
1973-06-07T03:29:45.000Z,256.05199,256.42799,0
1973-06-07T04:05:56.000Z,256.05199,256.42799,0
1973-06-07T04:27:47.000Z,256.01245,256.38745,0
1973-06-07T05:25:40.000Z,256.01195,256.38795,0
1973-06-07T06:23:42.000Z,256.05199,256.42799,0
1973-06-07T07:21:35.000Z,256.01195,256.38795,0
1973-06-07T08:19:37.000Z,256.02196,256.39796,0
1973-06-07T09:17:30.000Z,256.01195,256.38795,0
1973-06-07T10:15:32.000Z,256.01195,256.38795,0
1973-06-07T11:13:25.000Z,256.01195,256.38795,0
1973-06-07T12:11:27.000Z,256.03197,256.40797,0
1973-06-07T12:54:52.000Z,256.05199,256.42799,0
1973-06-07T13:52:53.000Z,256.02196,256.39796,0
1973-06-07T14:58:01.000Z,256.02196,256.39796,0
1973-06-07T15:56:02.000Z,256.02196,256.39796,0
1973-06-07T16:53:56.000Z,256.02196,256.39796,0
1973-06-07T17:51:57.000Z,256.02246,256.39746,0
1973-06-07T18:49:51.000Z,256.02196,256.39796,0
1973-06-07T19:47:52.000Z,256.02196,256.39796,0
1973-06-07T20:45:46.000Z,256.062,256.438,0
1973-06-07T21:43:48.000Z,255.99199,256.36799,0
1973-06-07T22:41:49.000Z,256.0625,256.4375,0
1973-06-07T23:39:43.000Z,256.00194,256.37794,0
1973-06-08T00:08:39.000Z,256.03247,256.40747,0
1973-06-08T00:52:12.000Z,256.00244,256.37744,0
1973-06-08T01:13:55.000Z,256.062,256.438,0
1973-06-08T01:42:52.000Z,256.03247,256.40747,0
1973-06-08T01:57:20.000Z,256.03197,256.40797,0
1973-06-08T02:11:48.000Z,256.00244,256.37744,0
1973-06-08T02:33:39.000Z,255.99249,256.36749,0
1973-06-08T02:40:53.000Z,256.03247,256.40747,0
1973-06-08T03:02:36.000Z,255.99249,256.36749,0
1973-06-08T03:31:33.000Z,256.00194,256.37794,0
1973-06-08T04:15:06.000Z,256.03197,256.40797,0
1973-06-08T04:36:48.000Z,256.04198,256.41798,0
1973-06-08T05:12:59.000Z,256.062,256.438,0
1973-06-08T05:27:28.000Z,256.062,256.438,0
1973-06-08T05:34:42.000Z,256.04248,256.41748,0
1973-06-08T05:49:10.000Z,255.99249,256.36749,0
1973-06-08T06:47:12.000Z,256.04198,256.41798,0
1973-06-08T07:45:05.000Z,256.04248,256.41748,0
1973-06-08T08:43:07.000Z,256.02196,256.39796,0
1973-06-08T09:41:00.000Z,256.03247,256.40747,0
1973-06-08T10:39:02.000Z,256.07245,256.44745,0
1973-06-08T11:37:03.000Z,256.00244,256.37744,0
1973-06-08T12:20:28.000Z,256.0625,256.4375,0
1973-06-08T13:18:22.000Z,256.03247,256.40747,0
1973-06-08T14:16:23.000Z,256.03247,256.40747,0
1973-06-08T15:14:25.000Z,255.99249,256.36749,0
1973-06-08T16:12:18.000Z,255.99249,256.36749,0
1973-06-08T17:10:20.000Z,256.02246,256.39746,0
1973-06-08T18:08:13.000Z,256.02246,256.39746,0
1973-06-08T19:43:23.000Z,256.03247,256.40747,0
1973-06-08T20:34:02.000Z,256.03247,256.40747,0
1973-06-08T21:32:04.000Z,256.03247,256.40747,0
1973-06-08T22:29:57.000Z,256.03247,256.40747,0
1973-06-08T23:27:59.000Z,256.03247,256.40747,0
1973-06-09T00:25:52.000Z,256.03247,256.40747,0
1973-06-09T01:23:54.000Z,256.09247,256.46747,0
1973-06-09T02:21:47.000Z,256.03247,256.40747,0
1973-06-09T03:19:49.000Z,256.03247,256.40747,0
1973-06-09T04:17:42.000Z,256.03247,256.40747,0
1973-06-09T05:15:44.000Z,256.03247,256.40747,0
1973-06-09T06:13:37.000Z,256.0625,256.4375,0
1973-06-09T07:11:39.000Z,256.03247,256.40747,0
1973-06-09T08:09:32.000Z,255.99249,256.36749,0
1973-06-09T09:07:34.000Z,256.03247,256.40747,0
1973-06-09T10:05:27.000Z,256.03247,256.40747,0
1973-06-09T11:03:29.000Z,256.03247,256.40747,0
1973-06-09T11:25:12.000Z,256.0625,256.4375,0
1973-06-09T12:23:13.000Z,256.03247,256.40747,0
1973-06-09T13:06:38.000Z,256.0625,256.4375,0
1973-06-09T13:42:49.000Z,256.03247,256.40747,0
1973-06-09T13:57:26.000Z,256.03247,256.40747,0
1973-06-09T14:33:37.000Z,256.02246,256.39746,0
1973-06-09T14:55:19.000Z,256.03247,256.40747,0
1973-06-09T15:46:07.000Z,256.02246,256.39746,0
1973-06-09T16:00:35.000Z,256.03247,256.40747,0
1973-06-09T16:58:28.000Z,256.03247,256.40747,0
1973-06-09T17:56:30.000Z,256.02246,256.39746,0
1973-06-09T18:54:23.000Z,256.02246,256.39746,0
1973-06-09T19:52:25.000Z,256.0625,256.4375,0
1973-06-09T20:50:18.000Z,256.00244,256.37744,0
1973-06-09T21:48:20.000Z,256.0625,256.4375,0
1973-06-09T22:46:13.000Z,256.0625,256.4375,0
1973-06-09T23:08:04.000Z,256.0625,256.4375,0
1973-06-09T23:15:18.000Z,256.02246,256.39746,0
1973-06-09T23:58:43.000Z,255.99249,256.36749,0
1973-06-10T00:56:45.000Z,255.99249,256.36749,0
1973-06-10T01:54:38.000Z,256.02246,256.39746,0
1973-06-10T02:23:35.000Z,255.99249,256.36749,0
1973-06-10T02:59:54.000Z,256.03247,256.40747,0
1973-06-10T03:57:47.000Z,256.07245,256.44745,0
1973-06-10T04:55:49.000Z,255.99249,256.36749,0
1973-06-10T05:53:42.000Z,255.99249,256.36749,0
1973-06-10T06:51:44.000Z,256.0625,256.4375,0
1973-06-10T07:57:00.000Z,255.99249,256.36749,0
1973-06-10T08:04:14.000Z,256.0625,256.4375,0
1973-06-10T09:02:07.000Z,255.99249,256.36749,0
1973-06-10T10:00:09.000Z,256.03247,256.40747,0
1973-06-10T10:58:02.000Z,256.0625,256.4375,0
1973-06-10T11:56:04.000Z,256.02296,256.39696,0
1973-06-10T12:53:57.000Z,256.10248,256.47748,0
1973-06-10T13:51:59.000Z,256.0625,256.4375,0
1973-06-10T14:49:52.000Z,256.10248,256.47748,0
1973-06-10T15:33:26.000Z,256.0625,256.4375,0
1973-06-10T16:02:22.000Z,256.063,256.437,0
1973-06-10T17:00:24.000Z,256.062,256.438,0
1973-06-10T17:58:17.000Z,256.02246,256.39746,0
1973-06-10T18:49:05.000Z,256.09247,256.46747,0
1973-06-10T19:46:58.000Z,256.05249,256.42749,0
1973-06-10T20:45:00.000Z,256.09247,256.46747,0
1973-06-10T21:42:53.000Z,255.99249,256.36749,0
1973-06-10T22:40:55.000Z,256.03297,256.40697,0
1973-06-10T23:38:48.000Z,256.10248,256.47748,0
1973-06-11T00:36:50.000Z,256.07245,256.44745,0
1973-06-11T01:34:43.000Z,256.03197,256.40797,0
1973-06-11T02:32:45.000Z,255.98348,256.35648,0
1973-06-11T03:30:38.000Z,256.02246,256.39746,0
1973-06-11T04:28:40.000Z,256.02296,256.39696,0
1973-06-11T05:26:33.000Z,256.07245,256.44745,0
1973-06-11T06:24:35.000Z,256.02296,256.39696,0
1973-06-11T07:22:28.000Z,256.063,256.437,0
1973-06-11T08:20:30.000Z,256.07245,256.44745,0
1973-06-11T09:13:53.000Z,256.063,256.437,0
1973-06-11T09:57:26.000Z,256.0625,256.4375,0
1973-06-11T10:55:20.000Z,256.063,256.437,0
1973-06-11T11:46:07.000Z,256.09297,256.46697,0
1973-06-11T12:44:00.000Z,256.063,256.437,0
1973-06-11T13:34:48.000Z,256.09247,256.46747,0
1973-06-11T13:49:16.000Z,256.063,256.437,0
1973-06-11T14:54:32.000Z,256.062,256.438,0
1973-06-11T15:52:25.000Z,256.063,256.437,0
1973-06-11T16:50:27.000Z,256.063,256.437,0
1973-06-11T17:48:20.000Z,256.063,256.437,0
1973-06-11T18:46:22.000Z,256.03297,256.40697,0
1973-06-11T19:44:15.000Z,256.09297,256.46697,0
1973-06-11T20:42:17.000Z,256.09247,256.46747,0
1973-06-11T21:40:10.000Z,256.05299,256.42699,0
1973-06-11T22:38:12.000Z,256.09247,256.46747,0
1973-06-11T22:52:40.000Z,256.13295,256.50695,0
1973-06-11T23:50:34.000Z,256.063,256.437,0
1973-06-12T00:48:35.000Z,256.02246,256.39746,0
1973-06-12T01:46:37.000Z,256.10298,256.47698,0
1973-06-12T02:44:30.000Z,256.063,256.437,0
1973-06-12T03:42:32.000Z,256.063,256.437,0
1973-06-12T04:40:25.000Z,256.063,256.437,0
1973-06-12T05:38:27.000Z,256.03297,256.40697,0
1973-06-12T06:36:20.000Z,256.063,256.437,0
1973-06-12T07:34:22.000Z,256.063,256.437,0
1973-06-12T08:32:15.000Z,256.063,256.437,0
1973-06-12T09:30:17.000Z,256.09297,256.46697,0
1973-06-12T10:28:10.000Z,256.09297,256.46697,0
1973-06-12T11:26:12.000Z,256.063,256.437,0
1973-06-12T11:33:26.000Z,256.063,256.437,0
1973-06-12T12:16:51.000Z,256.05299,256.42699,0
1973-06-12T12:53:10.000Z,256.063,256.437,0
1973-06-12T13:51:04.000Z,256.09297,256.46697,0
1973-06-12T14:56:20.000Z,256.063,256.437,0
1973-06-12T15:54:13.000Z,256.09297,256.46697,0
1973-06-12T17:13:57.000Z,256.09297,256.46697,0
1973-06-12T18:11:59.000Z,256.13295,256.50695,0
1973-06-12T19:09:52.000Z,256.09297,256.46697,0
1973-06-12T20:07:54.000Z,256.02296,256.39696,0
1973-06-12T21:05:47.000Z,256.09297,256.46697,0
1973-06-12T22:03:49.000Z,256.09297,256.46697,0
1973-06-12T23:01:42.000Z,256.063,256.437,0
1973-06-12T23:23:33.000Z,256.09297,256.46697,0
1973-06-13T00:21:26.000Z,256.09297,256.46697,0
1973-06-13T01:19:28.000Z,256.09297,256.46697,0
1973-06-13T02:17:21.000Z,256.063,256.437,0
1973-06-13T03:15:23.000Z,256.09297,256.46697,0
1973-06-13T03:44:20.000Z,256.063,256.437,0
1973-06-13T04:42:21.000Z,256.063,256.437,0
1973-06-13T05:40:15.000Z,256.063,256.437,0
1973-06-13T06:38:16.000Z,256.063,256.437,0
1973-06-13T07:36:10.000Z,256.063,256.437,0
1973-06-13T08:05:06.000Z,256.063,256.437,0
1973-06-13T08:34:11.000Z,256.09297,256.46697,0
1973-06-13T09:32:05.000Z,256.063,256.437,0
1973-06-13T10:30:06.000Z,256.09297,256.46697,0
1973-06-13T11:28:00.000Z,256.063,256.437,0
1973-06-13T12:26:01.000Z,256.063,256.437,0
1973-06-13T13:02:12.000Z,256.02296,256.39696,0
1973-06-13T14:00:14.000Z,256.10298,256.47698,0
1973-06-13T14:58:07.000Z,256.063,256.437,0
1973-06-13T15:56:09.000Z,256.02296,256.39696,0
1973-06-13T16:54:02.000Z,256.063,256.437,0
1973-06-13T17:52:04.000Z,256.063,256.437,0
1973-06-13T18:49:57.000Z,256.063,256.437,0
1973-06-13T19:47:59.000Z,256.063,256.437,0
1973-06-13T20:45:52.000Z,256.063,256.437,0
1973-06-13T21:43:54.000Z,256.063,256.437,0
1973-06-13T22:12:50.000Z,256.02296,256.39696,0
1973-06-13T23:10:52.000Z,256.10298,256.47698,0
1973-06-14T00:08:45.000Z,256.063,256.437,0
1973-06-14T01:06:47.000Z,256.063,256.437,0
1973-06-14T02:04:40.000Z,256.063,256.437,0
1973-06-14T02:55:28.000Z,256.063,256.437,0
1973-06-14T03:53:21.000Z,256.13295,256.50695,0
1973-06-14T04:07:50.000Z,256.05299,256.42699,0
1973-06-14T05:05:51.000Z,256.09297,256.46697,0
1973-06-14T06:03:53.000Z,256.063,256.437,0
1973-06-14T07:01:46.000Z,256.02296,256.39696,0
1973-06-14T07:59:48.000Z,256.02296,256.39696,0
1973-06-14T08:57:41.000Z,256.10298,256.47698,0
1973-06-14T09:55:43.000Z,256.0635,256.4365,0
1973-06-14T10:53:36.000Z,256.063,256.437,0
1973-06-14T11:51:38.000Z,256.063,256.437,0
1973-06-14T12:49:31.000Z,256.02296,256.39696,0
1973-06-14T13:47:33.000Z,256.063,256.437,0
1973-06-14T14:45:26.000Z,256.063,256.437,0
1973-06-14T15:43:28.000Z,256.063,256.437,0
1973-06-14T16:34:07.000Z,256.10348,256.47648,0
1973-06-14T17:32:09.000Z,256.0635,256.4365,0
1973-06-14T18:30:02.000Z,256.0635,256.4365,0
1973-06-14T19:28:04.000Z,256.09347,256.46647,0
1973-06-14T20:26:05.000Z,256.05349,256.42649,0
1973-06-14T21:23:59.000Z,256.02346,256.39646,0
1973-06-14T22:50:57.000Z,256.0635,256.4365,0
1973-06-14T23:48:50.000Z,256.10348,256.47648,0
1973-06-15T00:46:52.000Z,256.03347,256.40647,0
1973-06-15T01:15:49.000Z,256.0635,256.4365,0
1973-06-15T02:13:50.000Z,256.0635,256.4365,0
1973-06-15T03:11:44.000Z,256.09297,256.46697,0
1973-06-15T04:16:59.000Z,256.03347,256.40647,0
1973-06-15T05:14:53.000Z,256.03347,256.40647,0
1973-06-15T05:29:21.000Z,256.0635,256.4365,0
1973-06-15T05:36:44.000Z,256.09297,256.46697,0
1973-06-15T06:34:37.000Z,256.03347,256.40647,0
1973-06-15T07:32:39.000Z,256.02346,256.39646,0
1973-06-15T08:30:32.000Z,256.09347,256.46647,0
1973-06-15T09:28:34.000Z,256.0635,256.4365,0
1973-06-15T10:26:27.000Z,256.0635,256.4365,0
1973-06-15T11:24:29.000Z,256.0635,256.4365,0
1973-06-15T12:22:22.000Z,256.0635,256.4365,0
1973-06-15T13:20:24.000Z,256.0635,256.4365,0
1973-06-15T13:34:52.000Z,256.0635,256.4365,0
1973-06-15T14:32:54.000Z,256.0635,256.4365,0
1973-06-15T15:30:47.000Z,256.0635,256.4365,0
1973-06-15T16:28:49.000Z,256.0635,256.4365,0
1973-06-15T17:26:42.000Z,256.0635,256.4365,0
1973-06-15T18:24:44.000Z,256.0635,256.4365,0
1973-06-15T19:38:03.000Z,256.0635,256.4365,0
1973-06-15T20:36:04.000Z,256.0635,256.4365,0
1973-06-15T21:33:58.000Z,256.0635,256.4365,0
1973-06-15T22:31:59.000Z,256.0635,256.4365,0
1973-06-15T23:22:39.000Z,256.0635,256.4365,0
1973-06-15T23:37:07.000Z,256.0635,256.4365,0
1973-06-15T23:51:35.000Z,256.0635,256.4365,0
1973-06-16T00:49:37.000Z,256.0635,256.4365,0
1973-06-16T01:47:30.000Z,256.0635,256.4365,0
1973-06-16T02:45:32.000Z,256.0635,256.4365,0
1973-06-16T03:07:14.000Z,256.10348,256.47648,0
1973-06-16T03:21:43.000Z,256.0635,256.4365,0
1973-06-16T03:43:33.000Z,256.0635,256.4365,0
1973-06-16T04:41:27.000Z,256.03347,256.40647,0
1973-06-16T05:39:28.000Z,256.0635,256.4365,0
1973-06-16T06:37:22.000Z,256.0635,256.4365,0
1973-06-16T07:35:23.000Z,256.03347,256.40647,0
1973-06-16T08:33:17.000Z,256.03347,256.40647,0
1973-06-16T09:31:18.000Z,256.03347,256.40647,0
1973-06-16T10:29:12.000Z,256.03347,256.40647,0
1973-06-16T11:27:13.000Z,256.0635,256.4365,0
1973-06-16T12:25:07.000Z,256.10348,256.47648,0
1973-06-16T13:23:08.000Z,256.10348,256.47648,0
1973-06-16T14:21:02.000Z,256.0635,256.4365,0
1973-06-16T14:50:07.000Z,256.03347,256.40647,0
1973-06-16T15:48:00.000Z,256.10348,256.47648,0
1973-06-16T16:46:02.000Z,256.03347,256.40647,0
1973-06-16T17:43:55.000Z,256.02346,256.39646,0
1973-06-16T18:41:57.000Z,256.03347,256.40647,0
1973-06-16T19:39:50.000Z,256.03347,256.40647,0
1973-06-16T20:37:52.000Z,256.0635,256.4365,0
1973-06-16T21:35:45.000Z,256.03347,256.40647,0
1973-06-16T22:33:47.000Z,256.02346,256.39646,0
1973-06-16T23:31:40.000Z,256.03347,256.40647,0
1973-06-17T00:29:42.000Z,256.02346,256.39646,0
1973-06-17T01:27:43.000Z,256.03347,256.40647,0
1973-06-17T02:25:37.000Z,256.03347,256.40647,0
1973-06-17T03:23:38.000Z,255.99349,256.36649,0
1973-06-17T04:21:32.000Z,256.00344,256.37644,0
1973-06-17T05:19:33.000Z,255.99349,256.36649,0
1973-06-17T06:17:27.000Z,256.00344,256.37644,0
1973-06-17T06:24:41.000Z,256.03397,256.40597,0
1973-06-17T06:39:09.000Z,256.03347,256.40647,0
1973-06-17T07:37:11.000Z,256.03347,256.40647,0
1973-06-17T07:51:39.000Z,256.03397,256.40597,0
1973-06-17T08:49:41.000Z,256.03397,256.40597,0
1973-06-17T09:47:34.000Z,256.03397,256.40597,0
1973-06-17T10:45:36.000Z,256.03347,256.40647,0
1973-06-17T11:43:29.000Z,256.0635,256.4365,0
1973-06-17T12:41:31.000Z,255.99399,256.36599,0
1973-06-17T13:39:24.000Z,255.99399,256.36599,0
1973-06-17T14:37:26.000Z,256.03397,256.40597,0
1973-06-17T15:35:19.000Z,256.03347,256.40647,0
1973-06-17T16:33:21.000Z,256.0635,256.4365,0
1973-06-17T17:31:14.000Z,256.03397,256.40597,0
1973-06-17T18:29:16.000Z,256.0635,256.4365,0
1973-06-17T19:27:09.000Z,256.03347,256.40647,0
1973-06-17T20:25:11.000Z,256.0635,256.4365,0
1973-06-17T21:23:13.000Z,256.03347,256.40647,0
1973-06-17T22:21:06.000Z,255.99399,256.36599,0
1973-06-17T22:50:03.000Z,256.0635,256.4365,0
1973-06-17T23:48:04.000Z,256.03397,256.40597,0
1973-06-18T00:45:58.000Z,256.03347,256.40647,0
1973-06-18T01:43:59.000Z,256.03397,256.40597,0
1973-06-18T02:41:53.000Z,256.03397,256.40597,0
1973-06-18T02:56:29.000Z,256.03397,256.40597,0
1973-06-18T03:32:40.000Z,256.064,256.436,0
1973-06-18T04:30:34.000Z,256.10348,256.47648,0
1973-06-18T05:06:53.000Z,256.02396,256.39596,0
1973-06-18T06:04:46.000Z,256.03397,256.40597,0
1973-06-18T06:55:33.000Z,256.064,256.436,0
1973-06-18T07:31:44.000Z,255.99399,256.36599,0
1973-06-18T08:29:46.000Z,256.064,256.436,0
1973-06-18T08:51:28.000Z,256.02396,256.39596,0
1973-06-18T09:49:22.000Z,256.02396,256.39596,0
1973-06-18T10:47:23.000Z,256.0635,256.4365,0
1973-06-18T11:38:03.000Z,256.03397,256.40597,0
1973-06-18T12:36:04.000Z,256.02396,256.39596,0
1973-06-18T13:53:05.000Z,256.02396,256.39596,0
1973-06-18T14:00:19.000Z,256.02396,256.39596,0
1973-06-18T14:43:44.000Z,256.02396,256.39596,0
1973-06-18T15:41:45.000Z,256.02396,256.39596,0
1973-06-18T16:39:39.000Z,256.064,256.436,0
1973-06-18T17:37:40.000Z,256.00394,256.37594,0
1973-06-18T18:35:34.000Z,256.03397,256.40597,0
1973-06-18T19:33:35.000Z,256.02396,256.39596,0
1973-06-18T20:31:29.000Z,256.03397,256.40597,0
1973-06-18T21:29:30.000Z,255.99399,256.36599,0
1973-06-18T22:27:24.000Z,256.02396,256.39596,0
1973-06-18T23:25:25.000Z,256.03397,256.40597,0
1973-06-19T00:23:19.000Z,256.064,256.436,0
1973-06-19T01:21:20.000Z,256.0635,256.4365,0
1973-06-19T02:19:14.000Z,256.064,256.436,0
1973-06-19T03:17:15.000Z,256.03397,256.40597,0
1973-06-19T04:15:17.000Z,256.02396,256.39596,0
1973-06-19T05:13:10.000Z,256.07395,256.44595,0
1973-06-19T06:11:12.000Z,256.064,256.436,0
1973-06-19T07:09:05.000Z,256.064,256.436,0
1973-06-19T07:59:53.000Z,256.064,256.436,0
1973-06-19T08:57:46.000Z,256.02396,256.39596,0
1973-06-19T09:55:48.000Z,256.064,256.436,0
1973-06-19T10:53:41.000Z,256.02396,256.39596,0
1973-06-19T11:37:15.000Z,256.03397,256.40597,0
1973-06-19T12:35:08.000Z,256.02396,256.39596,0
1973-06-19T13:33:10.000Z,256.02396,256.39596,0
1973-06-19T14:31:03.000Z,256.02396,256.39596,0
1973-06-19T15:29:05.000Z,256.02396,256.39596,0
1973-06-19T16:26:58.000Z,256.05399,256.42599,0
1973-06-19T17:25:00.000Z,256.05399,256.42599,0
1973-06-19T18:22:53.000Z,256.01395,256.38595,0
1973-06-19T19:20:55.000Z,256.01395,256.38595,0
1973-06-19T19:57:05.000Z,256.01395,256.38595,0
1973-06-19T20:26:02.000Z,256.01395,256.38595,0
1973-06-19T20:47:53.000Z,256.01395,256.38595,0
1973-06-19T21:45:46.000Z,256.01395,256.38595,0
1973-06-19T22:00:15.000Z,256.01395,256.38595,0
1973-06-19T22:14:43.000Z,256.01395,256.38595,0
1973-06-19T23:12:45.000Z,256.01395,256.38595,0
1973-06-20T00:10:38.000Z,256.01395,256.38595,0
1973-06-20T00:46:57.000Z,256.01395,256.38595,0
1973-06-20T01:44:50.000Z,256.04398,256.41598,0
1973-06-20T02:42:52.000Z,256.04398,256.41598,0
1973-06-20T03:19:03.000Z,256.07395,256.44595,0
1973-06-20T04:17:05.000Z,256.07395,256.44595,0
1973-06-20T05:14:58.000Z,256.00394,256.37594,0
1973-06-20T06:13:00.000Z,256.04398,256.41598,0
1973-06-20T07:18:07.000Z,256.04398,256.41598,0
1973-06-20T08:16:09.000Z,256.00394,256.37594,0
1973-06-20T09:14:02.000Z,256.064,256.436,0
1973-06-20T10:12:04.000Z,256.02396,256.39596,0
1973-06-20T11:09:57.000Z,256.05399,256.42599,0
1973-06-20T12:07:59.000Z,256.01395,256.38595,0
1973-06-20T13:05:52.000Z,256.00394,256.37594,0
1973-06-20T14:03:54.000Z,256.01395,256.38595,0
1973-06-20T15:01:47.000Z,256.00394,256.37594,0
1973-06-20T15:59:49.000Z,256.03397,256.40597,0
1973-06-20T17:21:03.000Z,256.02396,256.39596,0
1973-06-20T18:19:13.000Z,256.01395,256.38595,0
1973-06-20T19:17:14.000Z,256.00394,256.37594,0
1973-06-20T20:15:16.000Z,255.96396,256.33596,0
1973-06-20T21:13:09.000Z,255.99399,256.36599,0
1973-06-20T22:11:11.000Z,255.99399,256.36599,0
1973-06-20T23:09:04.000Z,255.99399,256.36599,0
1973-06-21T00:07:06.000Z,256.02396,256.39596,0
1973-06-21T01:04:59.000Z,256.05399,256.42599,0
1973-06-21T02:03:01.000Z,256.02396,256.39596,0
1973-06-21T03:00:54.000Z,256.05399,256.42599,0
1973-06-21T03:58:56.000Z,256.08396,256.45596,0
1973-06-21T04:56:49.000Z,256.05399,256.42599,0
1973-06-21T05:54:51.000Z,255.98448,256.35548,0
1973-06-21T06:52:44.000Z,255.98448,256.35548,0
1973-06-21T07:50:46.000Z,256.05449,256.42549,0
1973-06-21T08:48:39.000Z,256.01395,256.38595,0
1973-06-21T09:46:41.000Z,256.04398,256.41598,0
1973-06-21T10:44:34.000Z,256.01395,256.38595,0
1973-06-21T11:42:36.000Z,256.01445,256.38545,0
1973-06-21T12:40:29.000Z,256.04448,256.41548,0
1973-06-21T13:38:31.000Z,256.04448,256.41548,0
1973-06-21T14:36:33.000Z,256.04448,256.41548,0
1973-06-21T15:34:26.000Z,256.07395,256.44595,0
1973-06-21T16:32:28.000Z,256.00444,256.37544,0
1973-06-21T17:30:21.000Z,256.04448,256.41548,0
1973-06-21T18:28:23.000Z,256.00444,256.37544,0
1973-06-21T19:26:16.000Z,255.96446,256.33546,0
1973-06-21T20:24:18.000Z,256.00444,256.37544,0
1973-06-21T21:22:11.000Z,256.10398,256.47598,0
1973-06-21T22:20:13.000Z,255.99449,256.36549,0
1973-06-21T23:18:06.000Z,256.02446,256.39546,0
1973-06-22T00:16:08.000Z,256.02446,256.39546,0
1973-06-22T01:14:01.000Z,256.02446,256.39546,0
1973-06-22T02:04:49.000Z,256.064,256.436,0
1973-06-22T02:55:28.000Z,256.02446,256.39546,0
1973-06-22T03:53:29.000Z,256.02446,256.39546,0
1973-06-22T04:51:23.000Z,256.02446,256.39546,0
1973-06-22T05:42:10.000Z,256.05449,256.42549,0
1973-06-22T06:40:04.000Z,256.02446,256.39546,0
1973-06-22T07:38:05.000Z,256.05449,256.42549,0
1973-06-22T08:35:59.000Z,256.02446,256.39546,0
1973-06-22T09:34:00.000Z,256.02446,256.39546,0
1973-06-22T10:02:57.000Z,256.05449,256.42549,0
1973-06-22T11:00:59.000Z,256.02446,256.39546,0
1973-06-22T11:58:52.000Z,255.95445,256.32545,0
1973-06-22T12:56:54.000Z,256.01445,256.38545,0
1973-06-22T13:54:47.000Z,256.05449,256.42549,0
1973-06-22T14:52:49.000Z,256.01445,256.38545,0
1973-06-22T15:50:42.000Z,255.98448,256.35548,0
1973-06-22T16:27:01.000Z,255.98448,256.35548,0
1973-06-22T17:24:54.000Z,255.98448,256.35548,0
1973-06-22T18:22:56.000Z,256.01445,256.38545,0
1973-06-22T19:49:46.000Z,256.04448,256.41548,0
1973-06-22T20:37:50.000Z,256.04448,256.41548,0
1973-06-22T20:52:18.000Z,256.04448,256.41548,0
1973-06-22T21:35:35.000Z,256.08446,256.45546,0
1973-06-22T22:33:45.000Z,255.98448,256.35548,0
1973-06-22T23:31:46.000Z,256.08446,256.45546,0
1973-06-23T00:29:40.000Z,256.04448,256.41548,0
1973-06-23T01:27:41.000Z,256.04448,256.41548,0
1973-06-23T02:32:49.000Z,256.01445,256.38545,0
1973-06-23T03:09:00.000Z,256.04448,256.41548,0
1973-06-23T03:38:05.000Z,256.01445,256.38545,0
1973-06-23T04:35:58.000Z,256.01445,256.38545,0
1973-06-23T06:02:56.000Z,256.01445,256.38545,0
1973-06-23T07:00:58.000Z,256.01445,256.38545,0
1973-06-23T07:51:37.000Z,256.01445,256.38545,0
1973-06-23T08:49:39.000Z,256.01445,256.38545,0
1973-06-23T10:16:29.000Z,255.98448,256.35548,0
1973-06-23T11:14:31.000Z,256.08446,256.45546,0
1973-06-23T12:12:24.000Z,256.04448,256.41548,0
1973-06-23T13:10:26.000Z,256.04448,256.41548,0
1973-06-23T13:53:51.000Z,256.04448,256.41548,0
1973-06-23T14:51:52.000Z,256.01445,256.38545,0
1973-06-23T15:49:46.000Z,256.04448,256.41548,0
1973-06-23T16:47:47.000Z,256.01445,256.38545,0
1973-06-23T17:45:41.000Z,256.01445,256.38545,0
1973-06-23T18:43:42.000Z,256.04448,256.41548,0
1973-06-23T19:41:36.000Z,256.04448,256.41548,0
1973-06-23T20:39:37.000Z,256.04448,256.41548,0
1973-06-23T21:37:31.000Z,256.00444,256.37544,0
1973-06-23T22:28:18.000Z,256.04448,256.41548,0
1973-06-24T02:56:19.000Z,256.04448,256.41548,0
1973-06-24T04:16:03.000Z,256.0645,256.4355,0
1973-06-24T04:45:00.000Z,256.0645,256.4355,0
1973-06-24T05:43:01.000Z,256.03447,256.40547,0
1973-06-24T06:40:55.000Z,256.04448,256.41548,0
1973-06-24T07:10:00.000Z,256.04448,256.41548,0
1973-06-24T07:46:11.000Z,256.03447,256.40547,0
1973-06-24T08:44:04.000Z,255.99449,256.36549,0
1973-06-24T09:42:06.000Z,256.04448,256.41548,0
1973-06-24T10:40:07.000Z,256.03447,256.40547,0
1973-06-24T11:38:01.000Z,256.03447,256.40547,0
1973-06-24T12:36:02.000Z,256.0645,256.4355,0
1973-06-24T13:33:56.000Z,256.0645,256.4355,0
1973-06-24T15:15:22.000Z,256.03447,256.40547,0
1973-06-24T16:13:24.000Z,256.03447,256.40547,0
1973-06-24T17:11:17.000Z,256.03447,256.40547,0
1973-06-24T17:54:42.000Z,256.02496,256.39496,0
1973-06-24T18:23:47.000Z,256.03497,256.40497,0
1973-06-24T19:21:41.000Z,256.03447,256.40547,0
1973-06-24T20:19:42.000Z,256.03447,256.40547,0
1973-06-24T21:17:36.000Z,256.0645,256.4355,0
1973-06-24T21:39:18.000Z,255.99499,256.36499,0
1973-06-24T22:37:20.000Z,256.0645,256.4355,0
1973-06-24T23:35:21.000Z,256.03447,256.40547,0
1973-06-25T00:33:15.000Z,256.03447,256.40547,0
1973-06-25T02:21:56.000Z,255.99499,256.36499,0
1973-06-25T02:50:52.000Z,255.99499,256.36499,0
1973-06-25T03:12:35.000Z,255.99499,256.36499,0
1973-06-25T05:15:52.000Z,256.03447,256.40547,0
1973-06-25T06:13:46.000Z,256.02496,256.39496,0
1973-06-25T07:11:39.000Z,256.02496,256.39496,0
1973-06-25T09:14:48.000Z,256.02496,256.39496,0
1973-06-25T10:05:36.000Z,256.03497,256.40497,0
1973-06-25T12:45:04.000Z,256.0645,256.4355,0
1973-06-25T12:52:18.000Z,256.0645,256.4355,0
1973-06-25T15:57:02.000Z,256.05449,256.42549,0
1973-06-25T16:54:55.000Z,256.02496,256.39496,0
1973-06-25T17:52:57.000Z,256.02496,256.39496,0
1973-06-25T19:48:52.000Z,255.99499,256.36499,0
1973-06-25T20:46:53.000Z,255.98498,256.35498,0
1973-06-25T21:44:47.000Z,256.065,256.435,0
1973-06-25T23:18:59.000Z,256.02496,256.39496,0
1973-06-26T00:16:53.000Z,256.05499,256.42499,0
1973-06-26T01:00:26.000Z,256.01495,256.38495,0
1973-06-26T02:56:13.000Z,256.02496,256.39496,0
1973-06-26T03:53:58.000Z,256.02496,256.39496,0
1973-06-26T04:30:01.000Z,256.02496,256.39496,0
1973-06-26T04:45:02.000Z,255.98498,256.35498,0
1973-06-26T05:42:55.000Z,256.02496,256.39496,0
1973-06-26T06:40:57.000Z,256.05449,256.42549,0
1973-06-26T07:38:50.000Z,256.05499,256.42499,0
1973-06-26T08:36:52.000Z,256.05499,256.42499,0
1973-06-26T09:42:08.000Z,256.02496,256.39496,0
1973-06-26T10:40:01.000Z,256.01495,256.38495,0
1973-06-26T11:38:03.000Z,256.02496,256.39496,0
1973-06-26T12:35:56.000Z,256.05499,256.42499,0
1973-06-26T13:33:58.000Z,256.02496,256.39496,0
1973-06-26T14:31:51.000Z,256.01495,256.38495,0
1973-06-26T15:37:07.000Z,256.01495,256.38495,0
1973-06-26T15:51:35.000Z,256.05499,256.42499,0
1973-06-26T16:49:29.000Z,256.05499,256.42499,0
1973-06-26T17:47:30.000Z,256.04498,256.41498,0
1973-06-26T18:45:24.000Z,256.01495,256.38495,0
1973-06-26T19:43:25.000Z,256.04498,256.41498,0
1973-06-26T20:41:19.000Z,256.01495,256.38495,0
1973-06-26T21:39:20.000Z,256.05499,256.42499,0
1973-06-26T22:37:22.000Z,256.01495,256.38495,0
1973-06-26T23:35:15.000Z,256.05499,256.42499,0
1973-06-27T00:33:17.000Z,256.01495,256.38495,0
1973-06-27T01:38:24.000Z,256.01495,256.38495,0
1973-06-27T02:36:26.000Z,256.01495,256.38495,0
1973-06-27T03:34:19.000Z,256.01495,256.38495,0
1973-06-27T04:10:39.000Z,256.01495,256.38495,0
1973-06-27T05:08:32.000Z,256.01495,256.38495,0
1973-06-27T06:06:34.000Z,255.97497,256.34497,0
1973-06-27T07:04:27.000Z,256.05499,256.42499,0
1973-06-27T08:02:29.000Z,255.97497,256.34497,0
1973-06-27T09:00:22.000Z,256.01495,256.38495,0
1973-06-27T09:51:09.000Z,256.05499,256.42499,0
1973-06-27T10:49:03.000Z,256.05549,256.42449,0
1973-06-27T11:47:04.000Z,256.05499,256.42499,0
1973-06-27T12:44:58.000Z,256.01495,256.38495,0
1973-06-27T13:34:48.000Z,256.01495,256.38495,0
1973-06-27T14:18:13.000Z,256.01495,256.38495,0
1973-06-27T15:16:15.000Z,256.04498,256.41498,0
1973-06-27T16:14:08.000Z,256.01495,256.38495,0
1973-06-27T17:12:10.000Z,256.01495,256.38495,0
1973-06-27T18:10:03.000Z,256.01495,256.38495,0
1973-06-27T19:08:05.000Z,256.01545,256.38445,0
1973-06-27T20:06:06.000Z,256.01495,256.38495,0
1973-06-27T21:04:00.000Z,256.00494,256.37494,0
1973-06-27T22:02:01.000Z,256.01495,256.38495,0
1973-06-27T22:59:55.000Z,256.01495,256.38495,0
1973-06-27T23:57:56.000Z,256.01545,256.38445,0
1973-06-28T00:55:50.000Z,256.08496,256.45496,0
1973-06-28T01:53:51.000Z,256.01545,256.38445,0
1973-06-28T02:15:34.000Z,255.97497,256.34497,0
1973-06-28T03:13:27.000Z,256.01495,256.38495,0
1973-06-28T04:11:29.000Z,255.97497,256.34497,0
1973-06-28T05:09:22.000Z,256.07495,256.44495,0
1973-06-28T05:45:41.000Z,256.04548,256.41448,0
1973-06-28T06:43:35.000Z,256.03547,256.40447,0
1973-06-28T07:05:17.000Z,256.03497,256.40497,0
1973-06-28T07:41:36.000Z,256.04498,256.41498,0
1973-06-28T07:56:05.000Z,256.04548,256.41448,0
1973-06-28T08:53:58.000Z,256.04548,256.41448,0
1973-06-28T09:52:00.000Z,256.01545,256.38445,0
1973-06-28T10:49:53.000Z,256.04548,256.41448,0
1973-06-28T11:47:55.000Z,256.01545,256.38445,0
1973-06-28T12:45:56.000Z,256.00544,256.37444,0
1973-06-28T13:43:50.000Z,256.04548,256.41448,0
1973-06-28T14:41:51.000Z,256.04548,256.41448,0
1973-06-28T15:39:45.000Z,256.04548,256.41448,0
1973-06-28T16:37:46.000Z,256.00544,256.37444,0
1973-06-28T17:35:40.000Z,256.00544,256.37444,0
1973-06-28T18:33:41.000Z,256.04548,256.41448,0
1973-06-28T19:31:35.000Z,256.04548,256.41448,0
1973-06-28T20:29:36.000Z,256.07545,256.44445,0
1973-06-28T21:27:30.000Z,256.04548,256.41448,0
1973-06-28T22:25:31.000Z,256.04548,256.41448,0
1973-06-28T23:23:25.000Z,256.03547,256.40447,0
1973-06-29T00:21:26.000Z,256.04548,256.41448,0
1973-06-29T01:19:20.000Z,256.04548,256.41448,0
1973-06-29T02:17:21.000Z,256.04548,256.41448,0
1973-06-29T03:15:15.000Z,256.04548,256.41448,0
1973-06-29T04:13:16.000Z,256.04548,256.41448,0
1973-06-29T05:11:10.000Z,256.07545,256.44445,0
1973-06-29T06:09:11.000Z,256.04548,256.41448,0
1973-06-29T07:07:05.000Z,256.03547,256.40447,0
1973-06-29T08:05:06.000Z,256.03547,256.40447,0
1973-06-29T09:03:08.000Z,256.03547,256.40447,0
1973-06-29T09:39:19.000Z,256.03547,256.40447,0
1973-06-29T10:37:12.000Z,256.00544,256.37444,0
1973-06-29T11:35:14.000Z,255.99549,256.36449,0
1973-06-29T12:33:07.000Z,256.07545,256.44445,0
1973-06-29T13:31:09.000Z,256.04548,256.41448,0
1973-06-29T14:41:44.000Z,256.00544,256.37444,0
1973-06-29T15:39:46.000Z,256.03547,256.40447,0
1973-06-29T16:37:39.000Z,256.03547,256.40447,0
1973-06-29T17:35:41.000Z,256.03547,256.40447,0
1973-06-29T18:33:34.000Z,255.99549,256.36449,0
1973-06-29T19:31:36.000Z,256.03547,256.40447,0
1973-06-29T20:07:46.000Z,256.03547,256.40447,0
1973-06-29T21:05:48.000Z,256.00544,256.37444,0
1973-06-29T22:03:41.000Z,256.00544,256.37444,0
1973-06-29T23:01:43.000Z,256.03547,256.40447,0
1973-06-29T23:59:36.000Z,255.99549,256.36449,0
1973-06-30T00:28:41.000Z,255.99549,256.36449,0
1973-06-30T01:26:35.000Z,256.03547,256.40447,0
1973-06-30T02:24:36.000Z,256.03547,256.40447,0
1973-06-30T03:00:47.000Z,256.03547,256.40447,0
1973-06-30T03:58:49.000Z,256.03547,256.40447,0
1973-06-30T04:27:46.000Z,255.97547,256.34447,0
1973-06-30T05:25:39.000Z,256.00544,256.37444,0
1973-06-30T06:23:41.000Z,256.03547,256.40447,0
1973-06-30T07:07:06.000Z,256.03547,256.40447,0
1973-06-30T08:05:07.000Z,255.99549,256.36449,0
1973-06-30T12:40:22.000Z,256.03547,256.40447,0
1973-06-30T13:09:19.000Z,256.03547,256.40447,0
1973-06-30T13:45:38.000Z,256.02546,256.39446,0
1973-06-30T14:43:32.000Z,256.02546,256.39446,0
1973-06-30T15:12:36.000Z,256.03547,256.40447,0
1973-06-30T16:10:30.000Z,256.0655,256.4345,0
1973-06-30T17:08:31.000Z,255.99549,256.36449,0
1973-06-30T18:06:25.000Z,255.99549,256.36449,0
1973-06-30T19:04:26.000Z,256.04548,256.41448,0
1973-06-30T20:02:20.000Z,256.07545,256.44445,0
1973-06-30T21:00:21.000Z,256.00544,256.37444,0
1973-06-30T21:58:15.000Z,255.99599,256.36399,0
1973-06-30T22:56:16.000Z,255.99599,256.36399,0
1973-06-30T23:54:10.000Z,256.03597,256.40397,0
1973-07-01T00:08:38.000Z,256.02596,256.39396,0
1973-07-01T01:06:40.000Z,256.03547,256.40447,0
1973-07-01T02:04:33.000Z,256.03597,256.40397,0
1973-07-01T03:02:35.000Z,256.03547,256.40447,0
1973-07-01T03:38:46.000Z,256.07595,256.44395,0
1973-07-01T04:36:47.000Z,255.99599,256.36399,0
1973-07-01T05:34:41.000Z,256.066,256.434,0
1973-07-01T06:39:56.000Z,256.00594,256.37394,0
1973-07-01T07:01:39.000Z,256.03597,256.40397,0
1973-07-01T07:16:07.000Z,255.99599,256.36399,0
1973-07-01T08:14:09.000Z,255.99599,256.36399,0
1973-07-01T09:12:02.000Z,256.03597,256.40397,0
1973-07-01T10:10:04.000Z,255.99599,256.36399,0
1973-07-01T11:07:57.000Z,255.99599,256.36399,0
1973-07-01T12:05:59.000Z,255.99599,256.36399,0
1973-07-01T13:03:52.000Z,256.00544,256.37444,0
1973-07-01T14:01:54.000Z,256.03597,256.40397,0
1973-07-01T14:59:47.000Z,255.99599,256.36399,0
1973-07-01T15:57:49.000Z,256.066,256.434,0
1973-07-01T16:55:51.000Z,256.03597,256.40397,0
1973-07-01T17:53:44.000Z,255.99599,256.36399,0
1973-07-01T18:51:46.000Z,255.99599,256.36399,0
1973-07-01T19:27:56.000Z,256.02596,256.39396,0
1973-07-01T23:12:32.000Z,256.02596,256.39396,0
1973-07-02T00:10:26.000Z,256.02596,256.39396,0
1973-07-02T01:08:27.000Z,256.02596,256.39396,0
1973-07-02T02:06:21.000Z,256.02596,256.39396,0
1973-07-02T03:04:22.000Z,256.02596,256.39396,0
1973-07-02T04:02:24.000Z,256.03597,256.40397,0
1973-07-02T05:00:17.000Z,255.99599,256.36399,0
1973-07-02T05:58:19.000Z,256.02596,256.39396,0
1973-07-02T06:56:12.000Z,256.066,256.434,0
1973-07-02T07:54:14.000Z,256.066,256.434,0
1973-07-02T08:52:07.000Z,256.03597,256.40397,0
1973-07-02T09:28:18.000Z,256.02596,256.39396,0
1973-07-02T10:26:20.000Z,255.99599,256.36399,0
1973-07-02T11:24:21.000Z,256.02596,256.39396,0
1973-07-02T12:22:15.000Z,256.00594,256.37394,0
1973-07-02T13:20:16.000Z,255.99599,256.36399,0
1973-07-02T14:18:10.000Z,256.02596,256.39396,0
1973-07-02T15:16:11.000Z,256.03597,256.40397,0
1973-07-02T16:14:05.000Z,256.03597,256.40397,0
1973-07-02T17:12:06.000Z,256.02596,256.39396,0
1973-07-02T18:10:00.000Z,256.03597,256.40397,0
1973-07-02T19:08:01.000Z,255.99599,256.36399,0
1973-07-02T20:05:55.000Z,256.066,256.434,0
1973-07-02T21:03:56.000Z,256.02596,256.39396,0
1973-07-02T22:23:32.000Z,256.02596,256.39396,0
1973-07-02T23:21:34.000Z,256.02596,256.39396,0
1973-07-02T23:43:17.000Z,255.99599,256.36399,0
1973-07-03T00:04:59.000Z,256.066,256.434,0
1973-07-03T00:59:19.000Z,256.05599,256.42399,0
1973-07-03T01:21:10.000Z,256.066,256.434,0
1973-07-03T01:57:21.000Z,256.02596,256.39396,0
1973-07-03T02:11:49.000Z,256.02596,256.39396,0
1973-07-03T03:09:51.000Z,256.02596,256.39396,0
1973-07-03T04:07:44.000Z,255.99599,256.36399,0
1973-07-03T05:05:46.000Z,255.99599,256.36399,0
1973-07-03T05:34:43.000Z,255.99599,256.36399,0
1973-07-03T06:32:36.000Z,256.00594,256.37394,0
1973-07-03T07:30:38.000Z,255.99599,256.36399,0
1973-07-03T08:28:31.000Z,255.99599,256.36399,0
1973-07-03T09:26:25.000Z,256.03597,256.40397,0
1973-07-03T10:24:10.000Z,256.02596,256.39396,0
1973-07-03T11:21:47.000Z,255.99599,256.36399,0
1973-07-03T11:50:35.000Z,256.03597,256.40397,0
1973-07-03T11:58:39.000Z,256.066,256.434,0
1973-07-03T12:42:12.000Z,256.02596,256.39396,0
1973-07-03T13:40:05.000Z,256.066,256.434,0
1973-07-03T14:38:07.000Z,256.02596,256.39396,0
1973-07-03T15:36:00.000Z,256.02596,256.39396,0
1973-07-03T16:34:02.000Z,256.03647,256.40347,0
1973-07-03T17:31:55.000Z,256.02646,256.39346,0
1973-07-03T18:29:57.000Z,256.02646,256.39346,0
1973-07-03T19:27:50.000Z,256.02596,256.39396,0
1973-07-03T20:25:52.000Z,256.02596,256.39396,0
1973-07-03T21:23:45.000Z,256.02646,256.39346,0
1973-07-03T22:21:47.000Z,256.02596,256.39396,0
1973-07-03T23:19:40.000Z,256.02646,256.39346,0
1973-07-03T23:41:31.000Z,255.99649,256.36349,0
1973-07-04T00:39:24.000Z,256.02646,256.39346,0
1973-07-04T01:37:26.000Z,256.02646,256.39346,0
1973-07-04T02:35:19.000Z,256.02646,256.39346,0
1973-07-04T02:57:02.000Z,256.02646,256.39346,0
1973-07-04T03:55:04.000Z,256.02646,256.39346,0
1973-07-04T04:52:57.000Z,256.02646,256.39346,0
1973-07-04T05:50:59.000Z,256.0665,256.4335,0
1973-07-04T06:12:41.000Z,256.02646,256.39346,0
1973-07-04T07:17:57.000Z,256.0665,256.4335,0
1973-07-04T08:15:50.000Z,256.02646,256.39346,0
1973-07-04T09:13:52.000Z,256.02646,256.39346,0
1973-07-04T10:11:45.000Z,256.10598,256.47398,0
1973-07-04T11:09:47.000Z,256.02646,256.39346,0
1973-07-04T12:07:40.000Z,256.02646,256.39346,0
1973-07-04T13:05:42.000Z,256.0665,256.4335,0
1973-07-04T14:03:35.000Z,256.02646,256.39346,0
1973-07-04T15:01:37.000Z,256.02646,256.39346,0
1973-07-04T15:59:30.000Z,256.02646,256.39346,0
1973-07-04T16:57:32.000Z,256.02646,256.39346,0
1973-07-04T17:55:34.000Z,256.02646,256.39346,0
1973-07-04T18:53:27.000Z,256.02646,256.39346,0
1973-07-04T19:51:29.000Z,256.02646,256.39346,0
1973-07-04T20:49:22.000Z,256.02646,256.39346,0
1973-07-04T21:03:50.000Z,256.02646,256.39346,0
1973-07-04T22:01:52.000Z,256.02646,256.39346,0
1973-07-04T22:59:45.000Z,256.02646,256.39346,0
1973-07-04T23:28:50.000Z,256.02646,256.39346,0
1973-07-05T00:26:44.000Z,256.02646,256.39346,0
1973-07-05T01:24:45.000Z,256.02646,256.39346,0
1973-07-05T02:22:39.000Z,256.05649,256.42349,0
1973-07-05T03:20:40.000Z,256.05649,256.42349,0
1973-07-05T04:18:34.000Z,256.02646,256.39346,0
1973-07-05T05:16:35.000Z,256.05649,256.42349,0
1973-07-05T05:31:04.000Z,256.02646,256.39346,0
1973-07-05T06:28:57.000Z,256.02646,256.39346,0
1973-07-05T06:50:48.000Z,256.02646,256.39346,0
1973-07-05T07:48:41.000Z,255.99649,256.36349,0
1973-07-05T08:46:43.000Z,256.03647,256.40347,0
1973-07-05T09:44:36.000Z,256.04648,256.41348,0
1973-07-05T10:42:38.000Z,256.00644,256.37344,0
1973-07-05T11:40:31.000Z,256.01645,256.38345,0
1973-07-05T12:38:33.000Z,256.07645,256.44345,0
1973-07-05T12:45:47.000Z,256.04648,256.41348,0
1973-07-05T12:53:01.000Z,256.04648,256.41348,0
1973-07-05T13:07:29.000Z,256.04648,256.41348,0
1973-07-05T13:36:26.000Z,256.01645,256.38345,0
1973-07-05T14:27:14.000Z,255.99649,256.36349,0
1973-07-05T15:03:24.000Z,256.02646,256.39346,0
1973-07-05T15:10:39.000Z,256.02646,256.39346,0
1973-07-05T15:54:04.000Z,256.03647,256.40347,0
1973-07-05T16:15:54.000Z,256.03647,256.40347,0
1973-07-05T17:29:14.000Z,256.04648,256.41348,0
1973-07-05T18:12:39.000Z,256.05649,256.42349,0
1973-07-05T18:48:58.000Z,256.02646,256.39346,0
1973-07-05T19:46:51.000Z,256.04648,256.41348,0
1973-07-05T20:08:34.000Z,256.0665,256.4335,0
1973-07-05T21:13:49.000Z,255.99649,256.36349,0
1973-07-05T21:21:04.000Z,256.03647,256.40347,0
1973-07-05T21:42:46.000Z,256.07645,256.44345,0
1973-07-05T22:04:29.000Z,256.03647,256.40347,0
1973-07-05T23:09:44.000Z,256.04648,256.41348,0
1973-07-05T23:53:09.000Z,256.04648,256.41348,0
1973-07-06T00:51:11.000Z,256.01645,256.38345,0
1973-07-06T01:49:04.000Z,256.08646,256.45346,0
1973-07-06T02:47:06.000Z,256.04648,256.41348,0
1973-07-06T03:45:08.000Z,256.01645,256.38345,0
1973-07-06T04:43:01.000Z,255.98648,256.35348,0
1973-07-06T05:41:03.000Z,256.01645,256.38345,0
1973-07-06T06:38:56.000Z,256.01645,256.38345,0
1973-07-06T06:53:24.000Z,256.02646,256.39346,0
1973-07-06T07:51:26.000Z,256.04648,256.41348,0
1973-07-06T08:20:23.000Z,256.04648,256.41348,0
1973-07-06T09:18:24.000Z,256.01645,256.38345,0
1973-07-06T10:16:18.000Z,256.02646,256.39346,0
1973-07-06T11:14:19.000Z,255.98698,256.35298,0
1973-07-06T12:12:13.000Z,256.01695,256.38295,0
1973-07-06T13:41:55.000Z,256.02696,256.39296,0
1973-07-06T14:39:48.000Z,256.02696,256.39296,0
1973-07-06T15:37:50.000Z,256.02696,256.39296,0
1973-07-06T16:35:43.000Z,256.02696,256.39296,0
1973-07-06T17:33:45.000Z,256.02696,256.39296,0
1973-07-06T18:31:38.000Z,256.067,256.433,0
1973-07-06T18:46:15.000Z,256.02696,256.39296,0
1973-07-06T19:44:08.000Z,255.98698,256.35298,0
1973-07-06T20:34:56.000Z,256.02696,256.39296,0
1973-07-06T21:11:07.000Z,256.02696,256.39296,0
1973-07-06T21:18:21.000Z,256.02646,256.39346,0
1973-07-06T21:54:32.000Z,256.02696,256.39296,0
1973-07-06T22:23:36.000Z,256.02696,256.39296,0
1973-07-06T22:45:19.000Z,256.02696,256.39296,0
1973-07-06T23:43:12.000Z,256.02696,256.39296,0
1973-07-07T00:04:55.000Z,256.02696,256.39296,0
1973-07-07T00:19:32.000Z,255.99699,256.36299,0
1973-07-07T00:41:14.000Z,256.02696,256.39296,0
1973-07-07T00:55:42.000Z,256.02696,256.39296,0
1973-07-07T02:00:58.000Z,256.02696,256.39296,0
1973-07-07T02:22:41.000Z,256.02696,256.39296,0
1973-07-07T02:44:23.000Z,256.02696,256.39296,0
1973-07-07T03:42:17.000Z,256.067,256.433,0
1973-07-07T04:40:18.000Z,256.067,256.433,0
1973-07-07T05:38:12.000Z,256.09697,256.46297,0
1973-07-07T06:36:13.000Z,256.02696,256.39296,0
1973-07-07T07:34:15.000Z,256.067,256.433,0
1973-07-07T08:32:08.000Z,256.03697,256.40297,0
1973-07-07T09:30:10.000Z,256.03697,256.40297,0
1973-07-07T10:28:03.000Z,256.03697,256.40297,0
1973-07-07T11:26:05.000Z,256.03697,256.40297,0
1973-07-07T12:23:58.000Z,256.03697,256.40297,0
1973-07-07T13:22:00.000Z,256.03697,256.40297,0
1973-07-07T14:19:53.000Z,256.03697,256.40297,0
1973-07-07T15:17:55.000Z,256.03697,256.40297,0
1973-07-07T16:15:48.000Z,256.07695,256.44295,0
1973-07-07T17:13:50.000Z,256.03697,256.40297,0
1973-07-07T18:11:43.000Z,256.03697,256.40297,0
1973-07-07T19:09:45.000Z,256.03697,256.40297,0
1973-07-07T20:07:38.000Z,256.03697,256.40297,0
1973-07-07T21:05:40.000Z,256.03697,256.40297,0
1973-07-07T22:03:33.000Z,256.03697,256.40297,0
1973-07-07T22:32:38.000Z,255.99699,256.36299,0
1973-07-07T22:47:07.000Z,256.03697,256.40297,0
1973-07-07T23:08:49.000Z,256.07695,256.44295,0
1973-07-08T00:06:51.000Z,256.03697,256.40297,0
1973-07-08T01:04:44.000Z,256.03697,256.40297,0
1973-07-08T02:02:46.000Z,256.067,256.433,0
1973-07-08T03:00:39.000Z,256.03697,256.40297,0
1973-07-08T03:22:22.000Z,256.03697,256.40297,0
1973-07-08T04:20:23.000Z,256.03697,256.40297,0
1973-07-08T04:42:06.000Z,256.067,256.433,0
1973-07-08T05:40:07.000Z,256.02696,256.39296,0
1973-07-08T06:38:01.000Z,256.02696,256.39296,0
1973-07-08T07:36:02.000Z,256.067,256.433,0
1973-07-08T08:26:42.000Z,256.067,256.433,0
1973-07-08T09:24:43.000Z,256.05699,256.42299,0
1973-07-08T10:22:37.000Z,256.067,256.433,0
1973-07-08T11:20:38.000Z,256.02696,256.39296,0
1973-07-08T11:56:49.000Z,256.02696,256.39296,0
1973-07-08T12:47:28.000Z,256.02696,256.39296,0
1973-07-08T13:45:30.000Z,256.02696,256.39296,0
1973-07-08T14:43:32.000Z,256.02696,256.39296,0
1973-07-08T15:41:25.000Z,256.067,256.433,0
1973-07-08T16:39:27.000Z,255.99699,256.36299,0
1973-07-08T17:37:20.000Z,256.02746,256.39246,0
1973-07-08T18:35:22.000Z,256.02746,256.39246,0
1973-07-08T19:33:15.000Z,256.02746,256.39246,0
1973-07-08T20:31:17.000Z,256.02746,256.39246,0
1973-07-08T21:29:10.000Z,256.02746,256.39246,0
1973-07-08T22:27:12.000Z,256.02746,256.39246,0
1973-07-08T23:25:05.000Z,256.02746,256.39246,0
1973-07-08T23:39:33.000Z,256.02746,256.39246,0
1973-07-08T23:54:10.000Z,256.10748,256.47248,0
1973-07-09T00:52:03.000Z,256.02746,256.39246,0
1973-07-09T01:42:51.000Z,256.02746,256.39246,0
1973-07-09T02:40:44.000Z,255.99749,256.36249,0
1973-07-09T03:38:46.000Z,255.95745,256.32245,0
1973-07-09T04:36:39.000Z,256.02746,256.39246,0
1973-07-09T05:34:41.000Z,255.99749,256.36249,0
1973-07-09T06:18:06.000Z,256.03747,256.40247,0
1973-07-09T07:16:07.000Z,255.99749,256.36249,0
1973-07-09T08:14:01.000Z,256.03747,256.40247,0
1973-07-09T09:12:02.000Z,255.99749,256.36249,0
1973-07-09T10:09:56.000Z,256.0675,256.4325,0
1973-07-09T11:07:57.000Z,256.0675,256.4325,0
1973-07-09T12:05:51.000Z,256.02746,256.39246,0
1973-07-09T13:03:52.000Z,256.0675,256.4325,0
1973-07-09T14:30:51.000Z,256.10748,256.47248,0
1973-07-09T15:28:44.000Z,256.0675,256.4325,0
1973-07-09T16:26:46.000Z,256.02746,256.39246,0
1973-07-09T17:24:39.000Z,256.02746,256.39246,0
1973-07-09T18:22:41.000Z,256.03747,256.40247,0
1973-07-09T19:20:34.000Z,256.03747,256.40247,0
1973-07-09T19:42:17.000Z,256.0675,256.4325,0
1973-07-09T20:40:18.000Z,256.05749,256.42249,0
1973-07-09T21:38:12.000Z,256.05749,256.42249,0
1973-07-09T22:36:13.000Z,256.02746,256.39246,0
1973-07-09T23:34:15.000Z,256.01745,256.38245,0
1973-07-10T00:32:08.000Z,256.05749,256.42249,0
1973-07-10T01:30:10.000Z,256.09747,256.46247,0
1973-07-10T01:59:07.000Z,256.09747,256.46247,0
1973-07-10T02:57:00.000Z,256.09747,256.46247,0
1973-07-10T03:55:02.000Z,256.05749,256.42249,0
1973-07-10T04:53:03.000Z,256.09747,256.46247,0
1973-07-10T05:50:57.000Z,256.09747,256.46247,0
1973-07-10T06:12:39.000Z,256.09747,256.46247,0
1973-07-10T07:10:41.000Z,256.02746,256.39246,0
1973-07-10T08:08:34.000Z,256.02746,256.39246,0
1973-07-10T09:06:36.000Z,256.0675,256.4325,0
1973-07-10T10:04:29.000Z,256.02746,256.39246,0
1973-07-10T11:02:31.000Z,256.0675,256.4325,0
1973-07-10T12:00:24.000Z,256.068,256.432,0
1973-07-10T12:58:26.000Z,256.0675,256.4325,0
1973-07-10T13:56:27.000Z,256.09697,256.46297,0
1973-07-10T14:54:21.000Z,256.05849,256.42149,0
1973-07-10T15:52:22.000Z,256.0675,256.4325,0
1973-07-10T16:50:16.000Z,256.05799,256.42199,0
1973-07-10T17:48:17.000Z,256.0675,256.4325,0
1973-07-10T18:46:11.000Z,256.0675,256.4325,0
1973-07-10T19:44:12.000Z,256.0675,256.4325,0
1973-07-10T20:42:06.000Z,256.09747,256.46247,0
1973-07-10T21:40:07.000Z,256.09847,256.46147,0
1973-07-10T22:38:01.000Z,256.068,256.432,0
1973-07-10T23:36:02.000Z,256.05749,256.42249,0
1973-07-11T00:33:56.000Z,256.09747,256.46247,0
1973-07-11T01:31:57.000Z,256.09797,256.46197,0
1973-07-11T02:29:51.000Z,256.05799,256.42199,0
1973-07-11T03:27:52.000Z,256.09797,256.46197,0
1973-07-11T04:25:54.000Z,256.09747,256.46247,0
1973-07-11T05:16:33.000Z,256.0675,256.4325,0
1973-07-11T05:52:44.000Z,256.068,256.432,0
1973-07-11T06:58:57.000Z,256.128,256.492,0
1973-07-11T07:35:08.000Z,256.068,256.432,0
1973-07-11T08:33:01.000Z,256.09747,256.46247,0
1973-07-11T09:31:03.000Z,256.09747,256.46247,0
1973-07-11T10:29:05.000Z,256.09797,256.46197,0
1973-07-11T11:26:58.000Z,256.05749,256.42249,0
1973-07-11T12:25:00.000Z,256.09747,256.46247,0
1973-07-11T13:22:53.000Z,256.05799,256.42199,0
1973-07-11T14:20:55.000Z,256.05749,256.42249,0
1973-07-11T15:18:48.000Z,256.068,256.432,0
1973-07-11T16:16:50.000Z,256.13795,256.50195,0
1973-07-11T17:14:43.000Z,256.09747,256.46247,0
1973-07-11T18:12:45.000Z,256.09747,256.46247,0
1973-07-11T19:10:38.000Z,256.09797,256.46197,0
1973-07-11T20:08:40.000Z,256.05799,256.42199,0
1973-07-11T21:06:33.000Z,256.0675,256.4325,0
1973-07-11T22:04:35.000Z,256.05799,256.42199,0
1973-07-11T22:55:14.000Z,256.13745,256.50245,0
1973-07-11T23:38:47.000Z,256.05799,256.42199,0
1973-07-12T00:36:41.000Z,256.02796,256.39196,0
1973-07-12T01:34:42.000Z,256.0675,256.4325,0
1973-07-12T02:54:26.000Z,256.08796,256.45196,0
1973-07-12T03:52:20.000Z,256.05799,256.42199,0
1973-07-12T04:50:21.000Z,256.02796,256.39196,0
1973-07-12T05:48:15.000Z,256.068,256.432,0
1973-07-12T06:46:16.000Z,256.068,256.432,0
1973-07-12T07:44:10.000Z,256.02796,256.39196,0
1973-07-12T08:42:11.000Z,256.05799,256.42199,0
1973-07-12T09:40:05.000Z,256.09797,256.46197,0
1973-07-12T10:38:06.000Z,256.05799,256.42199,0
1973-07-12T11:36:00.000Z,256.068,256.432,0
1973-07-12T12:34:01.000Z,256.09797,256.46197,0
1973-07-12T13:32:03.000Z,256.068,256.432,0
1973-07-12T14:29:56.000Z,256.068,256.432,0
1973-07-12T15:27:58.000Z,256.09797,256.46197,0
1973-07-12T16:25:51.000Z,256.05799,256.42199,0
1973-07-12T17:02:02.000Z,256.08746,256.45246,0
1973-07-12T18:00:04.000Z,256.068,256.432,0
1973-07-12T18:58:05.000Z,256.05799,256.42199,0
1973-07-12T19:55:59.000Z,256.09797,256.46197,0
1973-07-12T20:54:00.000Z,256.05799,256.42199,0
1973-07-12T21:51:54.000Z,256.09797,256.46197,0
1973-07-12T22:49:56.000Z,256.09797,256.46197,0
1973-07-12T23:47:49.000Z,256.09797,256.46197,0
1973-07-13T01:00:19.000Z,256.128,256.492,0
1973-07-13T01:58:12.000Z,256.09847,256.46147,0
1973-07-13T02:56:14.000Z,256.09797,256.46197,0
1973-07-13T03:54:15.000Z,256.09797,256.46197,0
1973-07-13T04:52:09.000Z,256.09797,256.46197,0
1973-07-13T05:50:10.000Z,256.09797,256.46197,0
1973-07-13T06:48:04.000Z,256.09797,256.46197,0
1973-07-13T07:46:05.000Z,256.09797,256.46197,0
1973-07-13T08:43:59.000Z,256.09847,256.46147,0
1973-07-13T09:42:00.000Z,256.068,256.432,0
1973-07-13T10:39:54.000Z,256.09797,256.46197,0
1973-07-13T11:37:56.000Z,256.068,256.432,0
1973-07-13T12:35:49.000Z,256.09847,256.46147,0
1973-07-13T13:33:51.000Z,256.09847,256.46147,0
1973-07-13T14:02:47.000Z,256.09847,256.46147,0
1973-07-13T15:00:49.000Z,256.09847,256.46147,0
1973-07-13T16:16:52.000Z,256.09847,256.46147,0
1973-07-14T13:03:00.000Z,256.02846,256.39146,0
1973-07-14T14:01:02.000Z,256.0685,256.4315,0
1973-07-15T12:50:28.000Z,256.03847,256.40147,0
1973-07-15T12:57:42.000Z,256.0685,256.4315,0
1973-07-15T13:55:35.000Z,256.069,256.431,0
1973-07-16T12:52:15.000Z,256.069,256.431,0
1973-07-16T13:50:08.000Z,256.069,256.431,0
1973-07-16T14:48:10.000Z,256.02896,256.39096,0
1973-07-17T12:54:03.000Z,256.05899,256.42099,0
1973-07-17T13:37:28.000Z,256.01895,256.38095,0
1973-07-17T14:35:29.000Z,256.0695,256.4305,0
1973-07-17T15:33:23.000Z,256.05949,256.42049,0
1973-07-17T15:55:13.000Z,256.0695,256.4305,0
1973-07-17T16:16:56.000Z,256.09947,256.46047,0
1973-07-17T16:53:07.000Z,256.02946,256.39046,0
1973-07-17T17:14:49.000Z,256.0695,256.4305,0
1973-07-17T18:12:51.000Z,256.05949,256.42049,0
1973-07-17T19:10:44.000Z,256.09897,256.46097,0
1973-07-17T20:08:46.000Z,256.05949,256.42049,0
1973-07-17T21:06:47.000Z,256.05949,256.42049,0
1973-07-17T22:04:41.000Z,256.09947,256.46047,0
1973-07-17T23:02:42.000Z,256.0695,256.4305,0
1973-07-18T00:00:36.000Z,256.05949,256.42049,0
1973-07-18T00:58:37.000Z,256.09947,256.46047,0
1973-07-18T01:56:31.000Z,256.0695,256.4305,0
1973-07-18T02:54:32.000Z,256.02946,256.39046,0
1973-07-18T03:52:26.000Z,256.03947,256.40047,0
1973-07-18T04:50:28.000Z,256.03947,256.40047,0
1973-07-18T05:48:21.000Z,256.02946,256.39046,0
1973-07-18T06:46:23.000Z,256.03947,256.40047,0
1973-07-18T07:44:16.000Z,256.0695,256.4305,0
1973-07-18T08:42:18.000Z,256.02946,256.39046,0
1973-07-18T09:40:11.000Z,256.03947,256.40047,0
1973-07-18T10:38:13.000Z,255.91948,256.28048,0
1973-07-18T11:36:06.000Z,256.09947,256.46047,0
1973-07-18T12:34:08.000Z,256.02946,256.39046,0
1973-07-18T13:41:10.000Z,256.05949,256.42049,0
1973-07-18T14:39:03.000Z,256.05949,256.42049,0
1973-07-18T15:37:05.000Z,256.05949,256.42049,0
1973-07-18T16:34:58.000Z,256.05949,256.42049,0
1973-07-18T17:33:00.000Z,256.05949,256.42049,0
1973-07-18T18:30:53.000Z,256.02946,256.39046,0
1973-07-18T19:28:55.000Z,256.02946,256.39046,0
1973-07-18T20:26:48.000Z,256.05949,256.42049,0
1973-07-18T20:55:53.000Z,256.05949,256.42049,0
1973-07-18T21:32:04.000Z,256.0695,256.4305,0
1973-07-18T21:53:47.000Z,256.05949,256.42049,0
1973-07-18T22:51:48.000Z,256.05949,256.42049,0
1973-07-18T23:49:42.000Z,256.09947,256.46047,0
1973-07-19T00:47:43.000Z,256.05949,256.42049,0
1973-07-19T01:45:37.000Z,256.01945,256.38045,0
1973-07-19T02:43:38.000Z,256.01945,256.38045,0
1973-07-19T03:41:32.000Z,256.04948,256.41048,0
1973-07-19T04:03:22.000Z,256.08946,256.45046,0
1973-07-19T05:01:16.000Z,256.04948,256.41048,0
1973-07-19T05:59:17.000Z,256.04948,256.41048,0
1973-07-19T06:57:11.000Z,256.07945,256.44045,0
1973-07-19T07:55:12.000Z,256.04948,256.41048,0
1973-07-19T08:53:06.000Z,256.01945,256.38045,0
1973-07-19T09:51:07.000Z,256.04948,256.41048,0
1973-07-19T10:49:01.000Z,256.01945,256.38045,0
1973-07-19T11:47:02.000Z,256.04948,256.41048,0
1973-07-19T12:44:56.000Z,256.01945,256.38045,0
1973-07-19T13:42:57.000Z,256.04948,256.41048,0
1973-07-19T14:40:51.000Z,256.04948,256.41048,0
1973-07-19T15:38:52.000Z,256.00944,256.37044,0
1973-07-19T16:29:32.000Z,256.07945,256.44045,0
1973-07-19T17:27:33.000Z,256.07945,256.44045,0
1973-07-19T18:25:27.000Z,256.07945,256.44045,0
1973-07-19T19:23:28.000Z,256.05949,256.42049,0
1973-07-19T20:21:22.000Z,256.02946,256.39046,0
1973-07-19T21:19:23.000Z,256.01945,256.38045,0
1973-07-19T22:24:39.000Z,256.05949,256.42049,0
1973-07-19T22:31:53.000Z,256.04948,256.41048,0
1973-07-19T23:37:01.000Z,256.03947,256.40047,0
1973-07-19T23:51:29.000Z,256.05949,256.42049,0
1973-07-20T00:06:06.000Z,256.05949,256.42049,0
1973-07-20T01:03:59.000Z,256.03947,256.40047,0
1973-07-20T02:02:01.000Z,255.99999,256.35999,0
1973-07-20T02:59:54.000Z,256.02996,256.38996,0
1973-07-20T03:57:56.000Z,256.05949,256.42049,0
1973-07-20T04:55:49.000Z,256.00944,256.37044,0
1973-07-20T05:53:51.000Z,256.03947,256.40047,0
1973-07-20T06:51:44.000Z,256.03947,256.40047,0
1973-07-20T07:49:46.000Z,256.02946,256.39046,0
1973-07-20T08:47:39.000Z,256.02946,256.39046,0
1973-07-20T09:45:41.000Z,255.99949,256.36049,0
1973-07-20T10:43:34.000Z,256.0695,256.4305,0
1973-07-20T11:41:36.000Z,255.99949,256.36049,0
1973-07-20T12:39:29.000Z,256.02996,256.38996,0
1973-07-20T13:38:28.000Z,256.05949,256.42049,0
1973-07-20T14:21:53.000Z,255.99949,256.36049,0
1973-07-20T14:29:07.000Z,256.02946,256.39046,0
1973-07-20T15:27:09.000Z,256.05999,256.41999,0
1973-07-20T16:25:02.000Z,256.05949,256.42049,0
1973-07-20T17:23:04.000Z,256.05949,256.42049,0
1973-07-20T18:20:57.000Z,256.01995,256.37995,0
1973-07-20T19:18:59.000Z,256.08946,256.45046,0
1973-07-20T20:16:52.000Z,255.97997,256.33997,0
1973-07-20T21:14:54.000Z,256.00994,256.36994,0
1973-07-20T22:12:47.000Z,256.01995,256.37995,0
1973-07-20T23:10:49.000Z,256.03997,256.39997,0
1973-07-21T00:08:42.000Z,255.97947,256.34047,0
1973-07-21T01:06:44.000Z,256.03997,256.39997,0
1973-07-21T02:04:37.000Z,256.03997,256.39997,0
1973-07-21T03:02:39.000Z,256.03997,256.39997,0
1973-07-21T04:00:32.000Z,256.03997,256.39997,0
1973-07-21T04:58:34.000Z,256.03997,256.39997,0
1973-07-21T05:56:27.000Z,256.03997,256.39997,0
1973-07-21T06:54:29.000Z,256.03997,256.39997,0
1973-07-21T07:52:22.000Z,256.07,256.43,0
1973-07-21T08:50:24.000Z,256.02996,256.38996,0
1973-07-21T09:48:17.000Z,256.02996,256.38996,0
1973-07-21T10:46:19.000Z,256.03997,256.39997,0
1973-07-21T11:44:21.000Z,256.03997,256.39997,0
1973-07-21T12:42:14.000Z,256.02996,256.38996,0
1973-07-21T13:11:11.000Z,256.02996,256.38996,0
1973-07-21T14:09:12.000Z,256.02996,256.38996,0
1973-07-21T15:07:06.000Z,256.02996,256.38996,0
1973-07-21T16:05:07.000Z,255.98998,256.34998,0
1973-07-21T16:41:18.000Z,256.05999,256.41999,0
1973-07-21T17:39:20.000Z,256.01995,256.37995,0
1973-07-21T18:37:13.000Z,256.05999,256.41999,0
1973-07-21T19:35:15.000Z,256.05999,256.41999,0
1973-07-21T20:33:08.000Z,256.01995,256.37995,0
1973-07-21T21:09:27.000Z,256.01995,256.37995,0
1973-07-21T22:07:21.000Z,256.01995,256.37995,0
1973-07-21T23:05:22.000Z,256.05999,256.41999,0
1973-07-22T00:03:16.000Z,256.01995,256.37995,0
1973-07-22T01:01:17.000Z,256.01995,256.37995,0
1973-07-22T01:59:11.000Z,256.04998,256.40998,0
1973-07-22T02:57:12.000Z,256.01995,256.37995,0
1973-07-22T03:55:06.000Z,256.04998,256.40998,0
1973-07-22T04:53:07.000Z,256.04998,256.40998,0
1973-07-22T05:51:01.000Z,256.04998,256.40998,0
1973-07-22T06:49:02.000Z,256.05999,256.41999,0
1973-07-22T07:46:56.000Z,256.04998,256.40998,0
1973-07-22T08:44:57.000Z,255.98998,256.34998,0
1973-07-22T09:42:51.000Z,256.04998,256.40998,0
1973-07-22T10:40:52.000Z,256.07995,256.43995,0
1973-07-22T11:38:46.000Z,256.04998,256.40998,0
1973-07-22T12:36:47.000Z,256.01995,256.37995,0
1973-07-22T13:34:49.000Z,256.07995,256.43995,0
1973-07-22T14:32:42.000Z,256.04998,256.40998,0
1973-07-22T15:30:44.000Z,256.04998,256.40998,0
1973-07-22T16:28:37.000Z,256.04998,256.40998,0
1973-07-22T17:26:39.000Z,256.04998,256.40998,0
1973-07-22T18:24:32.000Z,256.04998,256.40998,0
1973-07-22T19:22:34.000Z,256.04998,256.40998,0
1973-07-22T20:20:27.000Z,256.04998,256.40998,0
1973-07-22T21:32:57.000Z,256.04998,256.40998,0
1973-07-22T21:47:26.000Z,256.04998,256.40998,0
1973-07-22T22:45:27.000Z,256.04998,256.40998,0
1973-07-22T23:43:21.000Z,256.04998,256.40998,0
1973-07-23T00:41:22.000Z,256.04998,256.40998,0
1973-07-23T01:39:16.000Z,256.04998,256.40998,0
1973-07-23T02:37:17.000Z,256.00994,256.36994,0
1973-07-23T03:35:11.000Z,256.00994,256.36994,0
1973-07-23T04:33:12.000Z,256.04998,256.40998,0
1973-07-23T05:31:06.000Z,256.01044,256.36944,0
1973-07-23T06:29:07.000Z,256.04998,256.40998,0
1973-07-23T07:27:01.000Z,256.00994,256.36994,0
1973-07-23T08:25:02.000Z,256.03997,256.39997,0
1973-07-23T09:22:56.000Z,256.00994,256.36994,0
1973-07-23T10:20:57.000Z,256.04047,256.39947,0
1973-07-23T11:18:51.000Z,256.03997,256.39997,0
1973-07-23T17:31:59.000Z,256.01044,256.36944,0
1973-07-23T18:30:01.000Z,256.0705,256.4295,0
1973-07-23T19:27:54.000Z,256.0705,256.4295,0
1973-07-23T20:25:56.000Z,256.0705,256.4295,0
1973-07-23T21:23:49.000Z,256.0705,256.4295,0
1973-07-23T22:21:51.000Z,256.04047,256.39947,0
1973-07-23T23:19:44.000Z,256.0705,256.4295,0
1973-07-24T00:17:46.000Z,256.03046,256.38946,0
1973-07-24T00:53:57.000Z,256.0705,256.4295,0
1973-07-24T01:51:59.000Z,256.0705,256.4295,0
1973-07-24T02:57:06.000Z,256.0705,256.4295,0
1973-07-24T03:55:08.000Z,256.0705,256.4295,0
1973-07-24T04:53:01.000Z,256.00049,256.35949,0
1973-07-24T05:51:03.000Z,256.06049,256.41949,0
1973-07-24T06:48:56.000Z,256.0705,256.4295,0
1973-07-24T07:46:58.000Z,256.0705,256.4295,0
1973-07-24T08:44:51.000Z,256.0705,256.4295,0
1973-07-24T09:42:53.000Z,256.0705,256.4295,0
1973-07-24T10:40:46.000Z,256.03046,256.38946,0
1973-07-24T11:38:48.000Z,256.0705,256.4295,0
1973-07-24T12:36:49.000Z,256.0705,256.4295,0
1973-07-24T13:34:43.000Z,256.03046,256.38946,0
1973-07-24T14:32:44.000Z,256.03046,256.38946,0
1973-07-24T15:30:38.000Z,256.0705,256.4295,0
1973-07-24T16:28:39.000Z,256.03046,256.38946,0
1973-07-24T17:26:33.000Z,256.0705,256.4295,0
1973-07-24T18:24:34.000Z,256.03046,256.38946,0
1973-07-24T19:22:28.000Z,256.03046,256.38946,0
1973-07-24T20:20:29.000Z,256.03046,256.38946,0
1973-07-24T21:18:23.000Z,256.0705,256.4295,0
1973-07-24T22:16:24.000Z,256.03046,256.38946,0
1973-07-24T23:14:18.000Z,256.06049,256.41949,0
1973-07-25T00:12:19.000Z,256.03046,256.38946,0
1973-07-25T01:10:13.000Z,256.03046,256.38946,0
1973-07-25T02:08:14.000Z,256.0705,256.4295,0
1973-07-25T03:06:08.000Z,256.0705,256.4295,0
1973-07-25T04:04:09.000Z,256.03046,256.38946,0
1973-07-25T05:02:03.000Z,256.03046,256.38946,0
1973-07-25T06:00:04.000Z,256.0705,256.4295,0
1973-07-25T06:57:58.000Z,256.03046,256.38946,0
1973-07-25T07:55:59.000Z,256.06049,256.41949,0
1973-07-25T08:54:01.000Z,256.03096,256.38896,0
1973-07-25T09:51:54.000Z,256.09046,256.44946,0
1973-07-25T10:49:56.000Z,256.06049,256.41949,0
1973-07-25T11:47:49.000Z,256.03046,256.38946,0
1973-07-25T12:45:51.000Z,256.03046,256.38946,0
1973-07-25T13:43:44.000Z,256.03096,256.38896,0
1973-07-25T14:54:28.000Z,256.02095,256.37895,0
1973-07-25T15:08:56.000Z,256.03046,256.38946,0
1973-07-25T16:06:50.000Z,255.99098,256.34898,0
1973-07-25T17:04:51.000Z,256.02095,256.37895,0
1973-07-25T18:02:45.000Z,256.06049,256.41949,0
1973-07-25T19:00:46.000Z,256.03046,256.38946,0
1973-07-25T19:58:40.000Z,256.0705,256.4295,0
1973-07-25T20:56:41.000Z,256.03046,256.38946,0
1973-07-25T21:54:35.000Z,255.99098,256.34898,0
1973-07-25T22:52:36.000Z,256.02095,256.37895,0
1973-07-25T23:50:30.000Z,256.03096,256.38896,0
1973-07-26T00:48:31.000Z,256.02095,256.37895,0
1973-07-26T01:46:25.000Z,256.02095,256.37895,0
1973-07-26T02:44:26.000Z,255.99098,256.34898,0
1973-07-26T03:42:20.000Z,256.02095,256.37895,0
1973-07-26T04:40:21.000Z,256.05098,256.40898,0
1973-07-26T05:38:15.000Z,256.05048,256.40948,0
1973-07-26T06:43:30.000Z,256.05098,256.40898,0
1973-07-26T07:41:32.000Z,256.02095,256.37895,0
1973-07-26T08:39:25.000Z,256.02095,256.37895,0
1973-07-26T08:53:54.000Z,256.02095,256.37895,0
1973-07-26T09:51:55.000Z,256.05098,256.40898,0
1973-07-26T10:49:49.000Z,256.06049,256.41949,0
1973-07-26T11:47:50.000Z,256.06099,256.41899,0
1973-07-26T12:45:44.000Z,256.05098,256.40898,0
1973-07-26T13:43:45.000Z,256.05098,256.40898,0
1973-07-26T14:41:39.000Z,256.05098,256.40898,0
1973-07-26T15:39:40.000Z,256.02095,256.37895,0
1973-07-26T16:37:34.000Z,255.98097,256.33897,0
1973-07-26T17:35:35.000Z,256.09096,256.44896,0
1973-07-26T18:33:29.000Z,256.05098,256.40898,0
1973-07-26T19:31:30.000Z,256.05098,256.40898,0
1973-07-26T20:29:32.000Z,256.02095,256.37895,0
1973-07-26T21:27:25.000Z,256.05098,256.40898,0
1973-07-26T22:25:27.000Z,256.05098,256.40898,0
1973-07-26T23:23:20.000Z,255.98097,256.33897,0
1973-07-27T00:21:22.000Z,256.05098,256.40898,0
1973-07-27T01:19:16.000Z,256.05098,256.40898,0
1973-07-27T02:17:17.000Z,256.05098,256.40898,0
1973-07-27T03:15:11.000Z,256.05098,256.40898,0
1973-07-27T04:13:12.000Z,256.05098,256.40898,0
1973-07-27T05:11:06.000Z,256.01094,256.36894,0
1973-07-27T05:32:48.000Z,256.05098,256.40898,0
1973-07-27T06:30:50.000Z,256.01094,256.36894,0
1973-07-27T07:07:01.000Z,256.05098,256.40898,0
1973-07-27T07:57:48.000Z,256.01094,256.36894,0
1973-07-27T08:19:30.000Z,256.01094,256.36894,0
1973-07-27T08:55:41.000Z,256.01094,256.36894,0
1973-07-27T09:39:15.000Z,256.05098,256.40898,0
1973-07-27T09:46:29.000Z,256.05098,256.40898,0
1973-07-27T10:00:57.000Z,256.01144,256.36844,0
1973-07-27T10:29:54.000Z,256.01094,256.36894,0
1973-07-27T11:20:41.000Z,256.01094,256.36894,0
1973-07-27T11:35:10.000Z,256.05098,256.40898,0
1973-07-27T12:04:06.000Z,256.00099,256.35899,0
1973-07-27T12:11:20.000Z,256.01094,256.36894,0
1973-07-27T12:54:46.000Z,256.01094,256.36894,0
1973-07-27T13:16:36.000Z,256.05098,256.40898,0
1973-07-27T13:31:05.000Z,256.05098,256.40898,0
1973-07-27T14:07:16.000Z,256.01094,256.36894,0
1973-07-27T15:19:45.000Z,256.09096,256.44896,0
1973-07-27T16:45:46.000Z,256.05098,256.40898,0
1973-07-27T17:21:57.000Z,256.05098,256.40898,0
1973-07-27T18:19:59.000Z,256.05098,256.40898,0
1973-07-27T19:17:52.000Z,256.05098,256.40898,0
1973-07-27T20:08:40.000Z,256.05098,256.40898,0
1973-07-27T20:23:08.000Z,256.05148,256.40848,0
1973-07-27T20:44:51.000Z,256.09096,256.44896,0
1973-07-27T21:42:52.000Z,256.05148,256.40848,0
1973-07-27T22:40:46.000Z,256.02145,256.37845,0
1973-07-27T23:38:47.000Z,256.05098,256.40898,0
1973-07-28T00:36:41.000Z,256.01144,256.36844,0
1973-07-28T01:34:42.000Z,256.01144,256.36844,0
1973-07-28T03:01:32.000Z,256.01144,256.36844,0
1973-07-28T03:59:34.000Z,256.05098,256.40898,0
1973-07-28T04:57:27.000Z,256.01144,256.36844,0
1973-07-28T05:55:29.000Z,256.01144,256.36844,0
1973-07-28T06:53:31.000Z,256.05148,256.40848,0
1973-07-28T07:51:24.000Z,256.05148,256.40848,0
1973-07-28T08:49:26.000Z,256.05148,256.40848,0
1973-07-28T09:03:54.000Z,256.01144,256.36844,0
1973-07-28T09:18:22.000Z,256.01144,256.36844,0
1973-07-28T10:16:16.000Z,256.01144,256.36844,0
1973-07-28T11:14:17.000Z,256.05148,256.40848,0
1973-07-28T12:12:11.000Z,256.04147,256.39847,0
1973-07-28T13:10:12.000Z,256.00149,256.35849,0
1973-07-28T14:08:06.000Z,256.01144,256.36844,0
1973-07-28T15:06:07.000Z,256.01144,256.36844,0
1973-07-28T18:50:43.000Z,256.0715,256.4285,0
1973-07-28T19:48:45.000Z,256.01144,256.36844,0
1973-07-28T20:46:38.000Z,256.0715,256.4285,0
1973-07-28T21:29:47.000Z,256.04147,256.39847,0
1973-07-28T21:51:38.000Z,256.0715,256.4285,0
1973-07-28T21:59:08.000Z,256.0715,256.4285,0
1973-07-28T22:57:01.000Z,256.04147,256.39847,0
1973-07-28T23:55:03.000Z,256.00149,256.35849,0
1973-07-29T00:52:56.000Z,256.01144,256.36844,0
1973-07-29T01:50:58.000Z,256.04147,256.39847,0
1973-07-29T02:48:52.000Z,256.04147,256.39847,0
1973-07-29T03:46:53.000Z,256.00149,256.35849,0
1973-07-29T04:44:47.000Z,256.04147,256.39847,0
1973-07-29T05:28:20.000Z,256.05148,256.40848,0
1973-07-29T06:26:13.000Z,256.0715,256.4285,0
1973-07-29T07:24:15.000Z,256.04147,256.39847,0
1973-07-29T08:22:08.000Z,256.04147,256.39847,0
1973-07-29T09:20:10.000Z,256.00149,256.35849,0
1973-07-29T10:18:03.000Z,256.0715,256.4285,0
1973-07-29T11:16:05.000Z,256.01144,256.36844,0
1973-07-29T12:13:58.000Z,256.01144,256.36844,0
1973-07-29T13:12:00.000Z,256.04147,256.39847,0
1973-07-29T14:09:53.000Z,256.04147,256.39847,0
1973-07-29T15:07:55.000Z,256.04147,256.39847,0
1973-07-29T16:05:56.000Z,256.08145,256.43845,0
1973-07-29T17:03:50.000Z,256.00199,256.35799,0
1973-07-29T18:01:51.000Z,256.00199,256.35799,0
1973-07-29T18:59:45.000Z,256.04147,256.39847,0
1973-07-29T19:57:46.000Z,256.03146,256.38846,0
1973-07-29T20:55:40.000Z,256.04197,256.39797,0
1973-07-29T21:53:41.000Z,256.0715,256.4285,0
1973-07-29T22:51:35.000Z,256.0715,256.4285,0
1973-07-29T23:49:36.000Z,256.04147,256.39847,0
1973-07-30T00:47:30.000Z,256.0715,256.4285,0
1973-07-30T01:45:31.000Z,256.04147,256.39847,0
1973-07-30T02:43:25.000Z,256.04197,256.39797,0
1973-07-30T03:41:26.000Z,256.0715,256.4285,0
1973-07-30T04:39:20.000Z,256.04197,256.39797,0
1973-07-30T05:37:21.000Z,256.04197,256.39797,0
1973-07-30T06:35:15.000Z,256.072,256.428,0
1973-07-30T07:04:20.000Z,256.04197,256.39797,0
1973-07-30T08:02:13.000Z,256.04197,256.39797,0
1973-07-30T09:00:15.000Z,256.04197,256.39797,0
1973-07-30T09:58:08.000Z,256.04147,256.39847,0
1973-07-30T10:56:10.000Z,256.072,256.428,0
1973-07-30T12:44:51.000Z,256.072,256.428,0
1973-07-30T13:49:58.000Z,256.072,256.428,0
1973-07-30T15:07:56.000Z,256.03196,256.38796,0
1973-07-30T16:05:49.000Z,256.04197,256.39797,0
1973-07-30T17:03:51.000Z,256.072,256.428,0
1973-07-30T18:01:44.000Z,256.04197,256.39797,0
1973-07-30T18:59:46.000Z,256.0715,256.4285,0
1973-07-30T19:57:39.000Z,256.0715,256.4285,0
1973-07-30T20:55:41.000Z,256.04197,256.39797,0
1973-07-30T21:53:34.000Z,256.072,256.428,0
1973-07-30T22:51:36.000Z,256.00199,256.35799,0
1973-07-30T23:49:29.000Z,256.08145,256.43845,0
1973-07-31T00:47:31.000Z,256.072,256.428,0
1973-07-31T01:45:24.000Z,256.04197,256.39797,0
1973-07-31T02:43:26.000Z,256.03196,256.38796,0
1973-07-31T03:41:27.000Z,256.03196,256.38796,0
1973-07-31T04:39:21.000Z,256.072,256.428,0
1973-07-31T05:37:22.000Z,256.072,256.428,0
1973-07-31T06:35:16.000Z,256.072,256.428,0
1973-07-31T06:56:58.000Z,256.00199,256.35799,0
1973-07-31T07:11:27.000Z,256.072,256.428,0
1973-07-31T08:09:28.000Z,256.03196,256.38796,0
1973-07-31T09:07:22.000Z,256.03196,256.38796,0
1973-07-31T10:05:23.000Z,256.072,256.428,0
1973-07-31T11:10:39.000Z,256.072,256.428,0
1973-07-31T12:08:33.000Z,256.072,256.428,0
1973-07-31T12:23:01.000Z,256.072,256.428,0
1973-07-31T13:21:03.000Z,256.072,256.428,0
1973-07-31T14:18:56.000Z,256.03196,256.38796,0
1973-07-31T15:16:58.000Z,256.072,256.428,0
1973-07-31T16:14:51.000Z,256.072,256.428,0
1973-07-31T17:12:53.000Z,256.03196,256.38796,0
1973-07-31T18:10:46.000Z,256.072,256.428,0
1973-07-31T19:08:48.000Z,256.03196,256.38796,0
1973-07-31T19:59:27.000Z,256.03196,256.38796,0
1973-07-31T20:57:28.000Z,256.03196,256.38796,0
1973-07-31T21:55:22.000Z,256.03196,256.38796,0
1973-07-31T22:53:23.000Z,256.072,256.428,0
1973-07-31T23:51:17.000Z,256.03196,256.38796,0
1973-08-01T00:49:18.000Z,256.00199,256.35799,0
1973-08-01T01:47:20.000Z,256.072,256.428,0
1973-08-01T02:45:13.000Z,256.03196,256.38796,0
1973-08-01T02:59:42.000Z,256.03196,256.38796,0
1973-08-01T04:04:58.000Z,256.06199,256.41799,0
1973-08-01T05:02:51.000Z,256.03196,256.38796,0
1973-08-01T05:46:24.000Z,256.00199,256.35799,0
1973-08-01T06:44:18.000Z,256.03246,256.38746,0
1973-08-01T07:42:11.000Z,256.0725,256.4275,0
1973-08-01T08:40:13.000Z,256.00249,256.35749,0
1973-08-01T09:38:06.000Z,256.06199,256.41799,0
1973-08-01T10:35:59.000Z,256.03196,256.38796,0
1973-08-01T11:12:18.000Z,256.06199,256.41799,0
1973-08-01T12:10:12.000Z,256.00249,256.35749,0
1973-08-01T13:22:50.000Z,256.00199,256.35799,0
1973-08-01T14:13:29.000Z,256.00249,256.35749,0
1973-08-01T14:35:12.000Z,256.03246,256.38746,0
1973-08-01T16:12:08.000Z,256.00199,256.35799,0
1973-08-01T16:48:27.000Z,256.03246,256.38746,0
1973-08-01T17:53:35.000Z,256.03246,256.38746,0
1973-08-01T18:44:22.000Z,256.03196,256.38796,0
1973-08-01T19:42:16.000Z,256.03246,256.38746,0
1973-08-01T20:54:46.000Z,256.03246,256.38746,0
1973-08-01T21:45:25.000Z,256.06249,256.41749,0
1973-08-01T22:43:26.000Z,256.072,256.428,0
1973-08-01T23:34:06.000Z,256.072,256.428,0
1973-08-02T00:24:53.000Z,256.06199,256.41799,0
1973-08-02T01:22:46.000Z,256.03246,256.38746,0
1973-08-02T02:13:34.000Z,256.03246,256.38746,0
1973-08-02T03:11:27.000Z,256.03246,256.38746,0
1973-08-02T04:09:29.000Z,256.03246,256.38746,0
1973-08-02T05:07:22.000Z,256.03246,256.38746,0
1973-08-02T06:05:24.000Z,256.03246,256.38746,0
1973-08-02T07:03:17.000Z,256.02245,256.37745,0
1973-08-02T08:01:19.000Z,256.06249,256.41749,0
1973-08-02T08:59:12.000Z,256.10247,256.45747,0
1973-08-02T09:57:14.000Z,256.0725,256.4275,0
1973-08-02T10:55:07.000Z,256.06249,256.41749,0
1973-08-02T11:53:09.000Z,256.00249,256.35749,0
1973-08-02T12:51:02.000Z,256.03246,256.38746,0
1973-08-02T13:27:21.000Z,256.03246,256.38746,0
1973-08-02T14:25:15.000Z,256.03246,256.38746,0
1973-08-02T15:23:16.000Z,256.06249,256.41749,0
1973-08-02T15:44:59.000Z,256.0725,256.4275,0
1973-08-02T16:42:52.000Z,256.03246,256.38746,0
1973-08-02T17:40:54.000Z,256.00249,256.35749,0
1973-08-02T18:38:56.000Z,256.06249,256.41749,0
1973-08-02T19:36:49.000Z,256.00249,256.35749,0
1973-08-02T20:34:51.000Z,256.00249,256.35749,0
1973-08-02T21:25:30.000Z,256.00249,256.35749,0
1973-08-02T22:23:31.000Z,256.09246,256.44746,0
1973-08-02T23:21:25.000Z,256.03246,256.38746,0
1973-08-03T00:19:26.000Z,256.03246,256.38746,0
1973-08-03T01:17:20.000Z,256.06249,256.41749,0
1973-08-03T02:15:21.000Z,256.03246,256.38746,0
1973-08-03T03:13:15.000Z,256.03246,256.38746,0
1973-08-03T04:11:08.000Z,256.03246,256.38746,0
1973-08-03T05:09:10.000Z,256.03246,256.38746,0
1973-08-03T06:07:03.000Z,256.03246,256.38746,0
1973-08-03T07:05:05.000Z,256.06249,256.41749,0
1973-08-03T08:03:06.000Z,256.03246,256.38746,0
1973-08-03T09:01:00.000Z,256.06249,256.41749,0
1973-08-03T09:59:01.000Z,256.03246,256.38746,0
1973-08-03T10:56:55.000Z,256.03246,256.38746,0
1973-08-03T11:54:56.000Z,256.03246,256.38746,0
1973-08-03T12:52:50.000Z,256.03246,256.38746,0
1973-08-03T13:50:51.000Z,256.03296,256.38696,0
1973-08-03T14:48:45.000Z,256.06299,256.41699,0
1973-08-03T15:46:46.000Z,256.03296,256.38696,0
1973-08-03T16:08:29.000Z,256.03246,256.38746,0
1973-08-03T16:15:43.000Z,256.03296,256.38696,0
1973-08-03T16:37:26.000Z,256.03296,256.38696,0
1973-08-03T17:13:45.000Z,256.03296,256.38696,0
1973-08-03T18:11:38.000Z,256.06299,256.41699,0
1973-08-03T19:09:40.000Z,256.03246,256.38746,0
1973-08-03T20:07:33.000Z,256.0725,256.4275,0
1973-08-03T21:05:35.000Z,256.06249,256.41749,0
1973-08-03T21:34:31.000Z,256.00249,256.35749,0
1973-08-03T22:41:34.000Z,256.08245,256.43745,0
1973-08-03T22:55:05.000Z,256.05248,256.40748,0
1973-08-03T23:53:06.000Z,256.00249,256.35749,0
1973-08-04T00:51:00.000Z,256.02295,256.37695,0
1973-08-04T01:49:01.000Z,256.03246,256.38746,0
1973-08-04T02:47:03.000Z,256.03296,256.38696,0
1973-08-04T03:37:42.000Z,256.04247,256.39747,0
1973-08-04T03:52:11.000Z,256.08295,256.43695,0
1973-08-04T04:06:39.000Z,256.05248,256.40748,0
1973-08-04T04:13:53.000Z,256.04247,256.39747,0
1973-08-04T04:28:21.000Z,256.05248,256.40748,0
1973-08-04T05:04:40.000Z,256.05298,256.40698,0
1973-08-04T05:48:06.000Z,256.02295,256.37695,0
1973-08-04T06:24:25.000Z,256.05298,256.40698,0
1973-08-04T06:38:53.000Z,256.02295,256.37695,0
1973-08-04T07:36:46.000Z,256.06299,256.41699,0
1973-08-04T08:34:48.000Z,256.04297,256.39697,0
1973-08-04T09:32:41.000Z,256.04297,256.39697,0
1973-08-04T10:30:43.000Z,256.05298,256.40698,0
1973-08-04T11:35:51.000Z,256.04297,256.39697,0
1973-08-04T11:50:19.000Z,256.05298,256.40698,0
1973-08-04T12:48:21.000Z,256.05298,256.40698,0
1973-08-04T13:10:03.000Z,256.05298,256.40698,0
1973-08-04T13:17:17.000Z,256.05298,256.40698,0
1973-08-04T13:53:36.000Z,256.05298,256.40698,0
1973-08-04T14:00:50.000Z,256.08295,256.43695,0
1973-08-04T14:29:47.000Z,256.08295,256.43695,0
1973-08-04T15:13:12.000Z,256.08295,256.43695,0
1973-08-04T15:56:45.000Z,256.02295,256.37695,0
1973-08-04T17:52:40.000Z,256.05298,256.40698,0
1973-08-04T18:07:09.000Z,256.05298,256.40698,0
1973-08-04T19:05:02.000Z,256.09296,256.44696,0
1973-08-04T19:26:53.000Z,256.05298,256.40698,0
1973-08-04T19:41:21.000Z,256.02295,256.37695,0
1973-08-04T20:03:04.000Z,256.02295,256.37695,0
1973-08-04T21:15:34.000Z,256.02295,256.37695,0
1973-08-04T22:20:41.000Z,256.05298,256.40698,0
1973-08-04T22:42:24.000Z,256.02295,256.37695,0
1973-08-04T23:18:43.000Z,256.05298,256.40698,0
1973-08-04T23:33:11.000Z,256.02295,256.37695,0
1973-08-04T23:40:26.000Z,256.05298,256.40698,0
1973-08-05T00:02:08.000Z,256.02295,256.37695,0
1973-08-05T00:31:05.000Z,256.02295,256.37695,0
1973-08-05T00:52:55.000Z,256.02295,256.37695,0
1973-08-05T01:14:38.000Z,256.02295,256.37695,0
1973-08-05T01:21:52.000Z,256.02295,256.37695,0
1973-08-05T02:56:05.000Z,256.09296,256.44696,0
1973-08-05T03:39:30.000Z,256.02295,256.37695,0
1973-08-05T04:37:31.000Z,256.06299,256.41699,0
1973-08-05T05:35:25.000Z,256.02295,256.37695,0
1973-08-05T06:33:26.000Z,256.06299,256.41699,0
1973-08-05T07:31:20.000Z,256.02295,256.37695,0
1973-08-05T08:29:21.000Z,256.02295,256.37695,0
1973-08-05T09:27:15.000Z,256.02295,256.37695,0
1973-08-05T10:25:16.000Z,256.02295,256.37695,0
1973-08-05T11:23:10.000Z,256.06299,256.41699,0
1973-08-05T12:21:11.000Z,256.02295,256.37695,0
1973-08-05T12:50:08.000Z,256.03296,256.38696,0
1973-08-05T13:48:01.000Z,256.06299,256.41699,0
1973-08-05T14:45:55.000Z,256.06299,256.41699,0
1973-08-05T15:44:05.000Z,256.06299,256.41699,0
1973-08-05T15:58:33.000Z,256.03296,256.38696,0
1973-08-05T16:41:58.000Z,256.03296,256.38696,0
1973-08-05T17:40:00.000Z,256.03296,256.38696,0
1973-08-05T18:37:53.000Z,256.03296,256.38696,0
1973-08-05T19:35:55.000Z,256.03346,256.38646,0
1973-08-05T20:33:48.000Z,256.03296,256.38696,0
1973-08-05T21:31:50.000Z,255.99348,256.34648,0
1973-08-05T22:29:43.000Z,256.04297,256.39697,0
1973-08-05T23:27:45.000Z,256.073,256.427,0
1973-08-06T00:25:38.000Z,256.08345,256.43645,0
1973-08-06T01:23:40.000Z,256.00349,256.35649,0
1973-08-06T02:21:33.000Z,256.04347,256.39647,0
1973-08-06T02:57:52.000Z,256.04347,256.39647,0
1973-08-06T03:55:46.000Z,256.0735,256.4265,0
1973-08-06T04:53:47.000Z,256.04347,256.39647,0
1973-08-06T05:51:41.000Z,256.0735,256.4265,0
1973-08-06T06:49:42.000Z,256.0735,256.4265,0
1973-08-06T07:47:36.000Z,256.0735,256.4265,0
1973-08-06T08:45:37.000Z,256.03346,256.38646,0
1973-08-06T09:43:31.000Z,256.0735,256.4265,0
1973-08-06T10:41:32.000Z,256.0735,256.4265,0
1973-08-06T11:39:34.000Z,256.0735,256.4265,0
1973-08-06T12:37:27.000Z,256.03346,256.38646,0
1973-08-06T13:20:52.000Z,256.03346,256.38646,0
1973-08-06T14:18:54.000Z,256.03346,256.38646,0
1973-08-06T15:16:47.000Z,256.03346,256.38646,0
1973-08-06T16:14:49.000Z,256.03346,256.38646,0
1973-08-06T17:12:50.000Z,256.03346,256.38646,0
1973-08-06T18:10:44.000Z,256.03346,256.38646,0
1973-08-06T19:08:45.000Z,256.04347,256.39647,0
1973-08-06T20:06:39.000Z,256.03346,256.38646,0
1973-08-06T21:04:40.000Z,256.0735,256.4265,0
1973-08-06T22:09:48.000Z,256.06349,256.41649,0
1973-08-06T22:24:16.000Z,256.03346,256.38646,0
1973-08-06T23:13:17.000Z,256.03346,256.38646,0
1973-08-07T00:11:11.000Z,256.0735,256.4265,0
1973-08-07T01:09:12.000Z,256.06349,256.41649,0
1973-08-07T02:07:06.000Z,256.0735,256.4265,0
1973-08-07T03:05:07.000Z,256.0735,256.4265,0
1973-08-07T04:03:01.000Z,256.06349,256.41649,0
1973-08-07T05:01:02.000Z,256.03346,256.38646,0
1973-08-07T05:58:56.000Z,256.03346,256.38646,0
1973-08-07T06:56:57.000Z,256.0735,256.4265,0
1973-08-07T07:54:51.000Z,256.0735,256.4265,0
1973-08-07T08:52:52.000Z,256.03346,256.38646,0
1973-08-07T09:50:46.000Z,256.074,256.426,0
1973-08-07T10:48:47.000Z,256.04347,256.39647,0
1973-08-07T11:46:41.000Z,256.0735,256.4265,0
1973-08-07T12:44:42.000Z,256.03346,256.38646,0
1973-08-07T13:28:07.000Z,256.074,256.426,0
1973-08-07T13:57:12.000Z,256.03346,256.38646,0
1973-08-07T14:55:06.000Z,256.0735,256.4265,0
1973-08-07T15:38:39.000Z,256.0735,256.4265,0
1973-08-07T16:36:32.000Z,256.0735,256.4265,0
1973-08-07T17:34:34.000Z,256.03346,256.38646,0
1973-08-07T18:32:27.000Z,256.074,256.426,0
1973-08-07T19:30:29.000Z,256.03346,256.38646,0
1973-08-07T20:28:22.000Z,256.10347,256.45647,0
1973-08-07T21:26:24.000Z,256.06349,256.41649,0
1973-08-07T22:24:17.000Z,256.0735,256.4265,0
1973-08-07T23:22:19.000Z,256.03346,256.38646,0
1973-08-08T00:20:12.000Z,256.06349,256.41649,0
1973-08-08T01:18:14.000Z,256.00399,256.35599,0
1973-08-08T02:16:07.000Z,256.06349,256.41649,0
1973-08-08T03:14:09.000Z,256.06399,256.41599,0
1973-08-08T04:12:02.000Z,256.06399,256.41599,0
1973-08-08T05:10:04.000Z,256.06399,256.41599,0
1973-08-08T06:07:57.000Z,256.06399,256.41599,0
1973-08-08T07:05:59.000Z,256.03396,256.38596,0
1973-08-08T08:04:01.000Z,256.074,256.426,0
1973-08-08T09:01:54.000Z,256.074,256.426,0
1973-08-08T09:59:56.000Z,256.03396,256.38596,0
1973-08-08T10:57:49.000Z,256.074,256.426,0
1973-08-08T11:55:51.000Z,256.074,256.426,0
1973-08-08T12:53:44.000Z,256.074,256.426,0
1973-08-08T13:51:46.000Z,256.074,256.426,0
1973-08-08T14:49:39.000Z,256.06399,256.41599,0
1973-08-08T15:53:58.000Z,256.06399,256.41599,0
1973-08-08T16:37:31.000Z,256.06399,256.41599,0
1973-08-08T17:35:24.000Z,256.06399,256.41599,0
1973-08-08T18:33:26.000Z,256.06399,256.41599,0
1973-08-08T19:31:19.000Z,256.06399,256.41599,0
1973-08-08T20:29:21.000Z,256.10397,256.45597,0
1973-08-08T21:27:14.000Z,256.06399,256.41599,0
1973-08-08T22:25:16.000Z,256.10397,256.45597,0
1973-08-08T23:23:09.000Z,256.03396,256.38596,0
1973-08-09T00:21:11.000Z,256.10397,256.45597,0
1973-08-09T01:19:04.000Z,256.074,256.426,0
1973-08-09T02:17:06.000Z,256.10397,256.45597,0
1973-08-09T03:00:31.000Z,256.03396,256.38596,0
1973-08-09T03:58:32.000Z,256.02395,256.37595,0
1973-08-09T04:56:26.000Z,256.03396,256.38596,0
1973-08-09T05:54:28.000Z,256.10397,256.45597,0
1973-08-09T06:52:29.000Z,256.074,256.426,0
1973-08-09T07:50:23.000Z,256.10397,256.45597,0
1973-08-09T08:48:24.000Z,256.06399,256.41599,0
1973-08-09T09:46:18.000Z,256.06399,256.41599,0
1973-08-09T10:44:19.000Z,256.02395,256.37595,0
1973-08-09T11:42:13.000Z,256.06399,256.41599,0
1973-08-09T12:47:28.000Z,256.06399,256.41599,0
1973-08-09T13:45:14.000Z,256.10397,256.45597,0
1973-08-09T13:59:42.000Z,256.074,256.426,0
1973-08-09T14:07:12.000Z,256.10397,256.45597,0
1973-08-09T15:05:06.000Z,256.02395,256.37595,0
1973-08-09T16:03:07.000Z,256.06399,256.41599,0
1973-08-09T17:01:01.000Z,256.074,256.426,0
1973-08-09T17:59:02.000Z,256.10447,256.45547,0
1973-08-09T18:56:56.000Z,256.074,256.426,0
1973-08-09T19:54:57.000Z,256.03396,256.38596,0
1973-08-09T20:52:51.000Z,256.10397,256.45597,0
1973-08-09T21:50:52.000Z,256.03396,256.38596,0
1973-08-09T22:48:46.000Z,256.10397,256.45597,0
1973-08-09T23:46:47.000Z,256.10447,256.45547,0
1973-08-10T00:44:41.000Z,256.10397,256.45597,0
1973-08-10T01:42:42.000Z,256.10447,256.45547,0
1973-08-10T02:40:44.000Z,256.10397,256.45597,0
1973-08-10T03:38:37.000Z,256.10397,256.45597,0
1973-08-10T04:43:53.000Z,256.10397,256.45597,0
1973-08-10T05:41:47.000Z,256.03446,256.38546,0
1973-08-10T06:39:48.000Z,256.10447,256.45547,0
1973-08-10T07:37:42.000Z,256.10397,256.45597,0
1973-08-10T08:35:43.000Z,256.10397,256.45597,0
1973-08-10T09:33:37.000Z,256.06449,256.41549,0
1973-08-10T10:31:38.000Z,256.10397,256.45597,0
1973-08-10T11:29:32.000Z,256.10447,256.45547,0
1973-08-10T12:27:33.000Z,256.0745,256.4255,0
1973-08-10T13:25:27.000Z,256.0745,256.4255,0
1973-08-10T14:23:28.000Z,256.1345,256.4855,0
1973-08-10T15:21:30.000Z,256.10497,256.45497,0
1973-08-10T16:04:55.000Z,256.06449,256.41549,0
1973-08-10T17:02:48.000Z,256.10497,256.45497,0
1973-08-10T18:00:50.000Z,256.10447,256.45547,0
1973-08-10T18:51:29.000Z,256.0745,256.4255,0
1973-08-10T19:13:20.000Z,256.03446,256.38546,0
1973-08-10T20:11:13.000Z,256.06449,256.41549,0
1973-08-10T21:09:15.000Z,256.03446,256.38546,0
1973-08-10T22:07:08.000Z,256.03446,256.38546,0
1973-08-10T23:05:10.000Z,256.06449,256.41549,0
1973-08-11T00:03:03.000Z,256.03496,256.38496,0
1973-08-11T01:01:05.000Z,256.03446,256.38546,0
1973-08-11T01:58:58.000Z,256.0745,256.4255,0
1973-08-11T02:57:00.000Z,256.03446,256.38546,0
1973-08-11T03:55:02.000Z,256.03446,256.38546,0
1973-08-11T04:52:55.000Z,256.1345,256.4855,0
1973-08-11T05:50:57.000Z,256.06449,256.41549,0
1973-08-11T06:48:50.000Z,256.03446,256.38546,0
1973-08-11T07:46:52.000Z,256.06449,256.41549,0
1973-08-11T08:44:45.000Z,256.09446,256.44546,0
1973-08-11T09:42:47.000Z,256.06549,256.41449,0
1973-08-11T10:40:40.000Z,256.06499,256.41499,0
1973-08-11T11:38:42.000Z,256.10447,256.45547,0
1973-08-11T12:36:35.000Z,256.06449,256.41549,0
1973-08-11T13:12:54.000Z,256.10447,256.45547,0
1973-08-11T14:10:47.000Z,256.06449,256.41549,0
1973-08-11T15:08:49.000Z,256.06449,256.41549,0
1973-08-11T16:06:42.000Z,256.06449,256.41549,0
1973-08-11T17:04:44.000Z,256.06449,256.41549,0
1973-08-11T17:26:27.000Z,256.06449,256.41549,0
1973-08-11T18:24:28.000Z,256.10447,256.45547,0
1973-08-11T19:22:22.000Z,256.10447,256.45547,0
1973-08-11T19:36:50.000Z,256.10447,256.45547,0
1973-08-11T20:34:52.000Z,256.03446,256.38546,0
1973-08-11T21:32:45.000Z,256.06449,256.41549,0
1973-08-11T22:01:50.000Z,256.10447,256.45547,0
1973-08-11T22:59:43.000Z,256.10447,256.45547,0
1973-08-11T23:57:45.000Z,256.10447,256.45547,0
1973-08-12T00:55:38.000Z,256.10447,256.45547,0
1973-08-12T01:53:40.000Z,256.10497,256.45497,0
1973-08-12T02:51:33.000Z,256.10447,256.45547,0
1973-08-12T03:49:35.000Z,256.10447,256.45547,0
1973-08-12T04:47:28.000Z,256.10447,256.45547,0
1973-08-12T05:45:30.000Z,256.10497,256.45497,0
1973-08-12T06:43:23.000Z,256.10497,256.45497,0
1973-08-12T07:34:11.000Z,256.10497,256.45497,0
1973-08-12T07:48:39.000Z,256.10497,256.45497,0
1973-08-12T08:46:41.000Z,256.10497,256.45497,0
1973-08-12T09:59:02.000Z,256.10497,256.45497,0
1973-08-12T10:57:04.000Z,256.10497,256.45497,0
1973-08-12T11:54:57.000Z,256.10497,256.45497,0
1973-08-12T12:52:59.000Z,256.10497,256.45497,0
1973-08-12T13:50:52.000Z,256.10497,256.45497,0
1973-08-12T14:48:54.000Z,256.10497,256.45497,0
1973-08-12T15:48:34.000Z,256.10547,256.45447,0
1973-08-12T16:01:24.000Z,256.10497,256.45497,0
1973-08-12T16:59:17.000Z,256.10497,256.45497,0
1973-08-12T17:57:19.000Z,256.075,256.425,0
1973-08-12T18:55:12.000Z,256.06499,256.41499,0
1973-08-12T19:53:14.000Z,256.11498,256.46498,0
1973-08-12T20:51:07.000Z,256.10497,256.45497,0
1973-08-12T21:49:09.000Z,256.075,256.425,0
1973-08-12T22:47:02.000Z,256.03496,256.38496,0
1973-08-12T23:45:04.000Z,256.10497,256.45497,0
1973-08-13T00:06:47.000Z,256.10497,256.45497,0
1973-08-13T00:57:34.000Z,256.075,256.425,0
1973-08-13T01:55:27.000Z,256.06499,256.41499,0
1973-08-13T02:24:24.000Z,256.03496,256.38496,0
1973-08-13T03:00:43.000Z,256.075,256.425,0
1973-08-13T03:29:40.000Z,256.03496,256.38496,0
1973-08-13T03:51:22.000Z,256.075,256.425,0
1973-08-13T04:49:24.000Z,256.03496,256.38496,0
1973-08-13T06:01:46.000Z,256.14495,256.49495,0
1973-08-13T06:59:47.000Z,256.075,256.425,0
1973-08-13T07:57:41.000Z,256.075,256.425,0
1973-08-13T08:55:42.000Z,256.03496,256.38496,0
1973-08-13T09:39:07.000Z,256.075,256.425,0
1973-08-13T10:37:09.000Z,256.10497,256.45497,0
1973-08-13T11:35:02.000Z,256.075,256.425,0
1973-08-13T12:33:04.000Z,256.14495,256.49495,0
1973-08-13T14:04:33.000Z,256.10497,256.45497,0
1973-08-13T14:47:58.000Z,256.075,256.425,0
1973-08-13T15:45:59.000Z,256.10547,256.45447,0
1973-08-13T16:29:24.000Z,256.06499,256.41499,0
1973-08-13T17:27:26.000Z,256.10547,256.45447,0
1973-08-13T18:25:19.000Z,256.03546,256.38446,0
1973-08-13T18:39:48.000Z,256.10547,256.45447,0
1973-08-13T19:37:49.000Z,256.10547,256.45447,0
1973-08-13T20:43:05.000Z,256.11498,256.46498,0
1973-08-13T21:40:59.000Z,256.06499,256.41499,0
1973-08-13T22:39:00.000Z,256.03496,256.38496,0
1973-08-13T23:36:54.000Z,256.10497,256.45497,0
1973-08-14T00:34:55.000Z,256.075,256.425,0
1973-08-14T01:03:52.000Z,256.06549,256.41449,0
1973-08-14T01:54:31.000Z,256.14495,256.49495,0
1973-08-14T02:01:53.000Z,256.06549,256.41449,0
1973-08-14T02:59:47.000Z,256.0755,256.4245,0
1973-08-14T03:43:12.000Z,256.06549,256.41449,0
1973-08-14T04:33:59.000Z,256.06549,256.41449,0
1973-08-14T05:02:56.000Z,256.10497,256.45497,0
1973-08-14T06:00:58.000Z,256.03546,256.38446,0
1973-08-14T06:58:51.000Z,256.03546,256.38446,0
1973-08-14T07:56:53.000Z,256.0755,256.4245,0
1973-08-14T08:54:46.000Z,256.0755,256.4245,0
1973-08-14T09:31:05.000Z,256.0755,256.4245,0
1973-08-14T09:52:48.000Z,256.0755,256.4245,0
1973-08-14T10:28:59.000Z,256.0755,256.4245,0
1973-08-14T11:27:00.000Z,256.0755,256.4245,0
1973-08-14T12:24:54.000Z,256.03546,256.38446,0
1973-08-14T13:22:55.000Z,256.0755,256.4245,0
1973-08-14T14:20:49.000Z,256.0755,256.4245,0
1973-08-14T15:18:50.000Z,256.0755,256.4245,0
1973-08-14T16:16:44.000Z,256.0755,256.4245,0
1973-08-14T17:14:45.000Z,256.0755,256.4245,0
1973-08-14T18:12:39.000Z,256.0755,256.4245,0
1973-08-14T19:10:40.000Z,256.0755,256.4245,0
1973-08-14T20:08:42.000Z,256.04547,256.39447,0
1973-08-14T21:06:35.000Z,256.04547,256.39447,0
1973-08-14T22:04:37.000Z,256.0755,256.4245,0
1973-08-14T23:02:30.000Z,256.04547,256.39447,0
1973-08-15T00:00:32.000Z,256.0755,256.4245,0
1973-08-15T00:58:25.000Z,256.0755,256.4245,0
1973-08-15T01:49:13.000Z,256.00549,256.35449,0
1973-08-15T02:39:52.000Z,256.0755,256.4245,0
1973-08-15T03:01:34.000Z,256.04547,256.39447,0
1973-08-15T03:59:36.000Z,256.0755,256.4245,0
1973-08-15T04:57:29.000Z,256.0755,256.4245,0
1973-08-15T05:55:31.000Z,256.10547,256.45447,0
1973-08-15T06:53:24.000Z,256.11548,256.46448,0
1973-08-15T07:51:26.000Z,256.03546,256.38446,0
1973-08-15T08:49:28.000Z,256.0755,256.4245,0
1973-08-15T09:47:21.000Z,256.03546,256.38446,0
1973-08-15T10:45:23.000Z,256.0755,256.4245,0
1973-08-15T11:43:16.000Z,256.10547,256.45447,0
1973-08-15T12:41:18.000Z,256.03546,256.38446,0
1973-08-15T13:39:11.000Z,256.03546,256.38446,0
1973-08-15T14:37:13.000Z,256.03546,256.38446,0
1973-08-15T15:39:36.000Z,256.03546,256.38446,0
1973-08-15T16:37:38.000Z,256.03546,256.38446,0
1973-08-15T17:35:31.000Z,256.03596,256.38396,0
1973-08-15T18:33:33.000Z,256.03546,256.38446,0
1973-08-15T19:31:26.000Z,256.06599,256.41399,0
1973-08-15T20:29:28.000Z,256.03596,256.38396,0
1973-08-15T21:27:30.000Z,256.00599,256.35399,0
1973-08-15T22:25:23.000Z,256.03596,256.38396,0
1973-08-15T23:23:25.000Z,256.03596,256.38396,0
1973-08-15T23:37:53.000Z,256.03596,256.38396,0
1973-08-15T23:59:35.000Z,256.03596,256.38396,0
1973-08-16T00:28:32.000Z,256.03596,256.38396,0
1973-08-16T01:04:51.000Z,256.03596,256.38396,0
1973-08-16T02:02:45.000Z,256.06599,256.41399,0
1973-08-16T03:00:46.000Z,256.03596,256.38396,0
1973-08-16T03:58:40.000Z,256.06599,256.41399,0
1973-08-16T04:56:41.000Z,256.03596,256.38396,0
1973-08-16T05:54:35.000Z,256.03596,256.38396,0
1973-08-16T06:52:36.000Z,256.03596,256.38396,0
1973-08-16T07:50:30.000Z,256.06599,256.41399,0
1973-08-16T08:48:31.000Z,256.06599,256.41399,0
1973-08-16T09:46:25.000Z,256.10597,256.45397,0
1973-08-16T10:44:26.000Z,256.03596,256.38396,0
1973-08-16T10:58:55.000Z,256.06599,256.41399,0
1973-08-16T11:56:48.000Z,256.03596,256.38396,0
1973-08-16T12:54:50.000Z,256.02595,256.37395,0
1973-08-16T13:52:51.000Z,256.06599,256.41399,0
1973-08-16T15:05:13.000Z,256.076,256.424,0
1973-08-16T16:03:15.000Z,256.04597,256.39397,0
1973-08-16T17:01:08.000Z,256.076,256.424,0
1973-08-16T17:59:10.000Z,256.04597,256.39397,0
1973-08-16T18:57:03.000Z,256.10597,256.45397,0
1973-08-16T19:55:05.000Z,256.06599,256.41399,0
1973-08-16T20:52:58.000Z,256.04597,256.39397,0
1973-08-16T21:51:00.000Z,256.10597,256.45397,0
1973-08-16T22:48:53.000Z,256.06599,256.41399,0
1973-08-16T23:46:55.000Z,256.03596,256.38396,0
1973-08-17T00:44:48.000Z,256.06599,256.41399,0
1973-08-17T01:42:50.000Z,256.00599,256.35399,0
1973-08-17T02:40:43.000Z,256.06599,256.41399,0
1973-08-17T02:55:20.000Z,256.06599,256.41399,0
1973-08-17T03:53:13.000Z,256.03596,256.38396,0
1973-08-17T04:51:15.000Z,256.10597,256.45397,0
1973-08-17T05:49:08.000Z,256.10597,256.45397,0
1973-08-17T06:47:10.000Z,256.06599,256.41399,0
1973-08-17T07:45:03.000Z,256.076,256.424,0
1973-08-17T08:43:05.000Z,256.03596,256.38396,0
1973-08-17T09:40:58.000Z,256.076,256.424,0
1973-08-17T10:39:00.000Z,256.10597,256.45397,0
1973-08-17T11:36:53.000Z,256.06599,256.41399,0
1973-08-17T12:34:55.000Z,256.06599,256.41399,0
1973-08-17T14:08:10.000Z,256.06599,256.41399,0
1973-08-17T15:05:47.000Z,256.06599,256.41399,0
1973-08-17T16:03:16.000Z,256.05598,256.40398,0
1973-08-17T17:00:44.000Z,256.05598,256.40398,0
1973-08-17T17:58:13.000Z,256.05598,256.40398,0
1973-08-17T18:55:42.000Z,256.05598,256.40398,0
1973-08-17T19:53:11.000Z,256.05598,256.40398,0
1973-08-17T20:21:51.000Z,256.02595,256.37395,0
1973-08-17T20:32:14.000Z,256.02595,256.37395,0
1973-08-17T21:30:07.000Z,256.02595,256.37395,0
1973-08-17T22:28:09.000Z,256.02595,256.37395,0
1973-08-17T23:26:02.000Z,256.05598,256.40398,0
1973-08-18T00:24:04.000Z,256.08595,256.43395,0
1973-08-18T01:07:29.000Z,256.08595,256.43395,0
1973-08-18T02:05:31.000Z,256.08645,256.43345,0
1973-08-18T03:03:24.000Z,256.08595,256.43395,0
1973-08-18T03:17:52.000Z,256.08595,256.43395,0
1973-08-18T04:15:54.000Z,256.076,256.424,0
1973-08-18T05:13:47.000Z,256.06649,256.41349,0
1973-08-18T06:11:49.000Z,256.01594,256.36394,0
1973-08-18T07:09:42.000Z,256.076,256.424,0
1973-08-18T08:07:44.000Z,256.0765,256.4235,0
1973-08-18T09:05:37.000Z,256.02595,256.37395,0
1973-08-18T10:03:39.000Z,255.97646,256.32346,0
1973-08-18T11:01:32.000Z,256.05598,256.40398,0
1973-08-18T11:59:34.000Z,256.04597,256.39397,0
1973-08-18T12:57:36.000Z,256.03596,256.38396,0
1973-08-18T13:55:29.000Z,256.06599,256.41399,0
1973-08-18T14:53:31.000Z,256.01644,256.36344,0
1973-08-18T15:51:24.000Z,256.04647,256.39347,0
1973-08-18T16:49:26.000Z,256.04647,256.39347,0
1973-08-18T17:47:19.000Z,256.03646,256.38346,0
1973-08-18T18:45:21.000Z,256.10647,256.45347,0
1973-08-18T19:43:14.000Z,256.0765,256.4235,0
1973-08-18T20:41:16.000Z,256.03646,256.38346,0
1973-08-18T21:39:09.000Z,256.03646,256.38346,0
1973-08-18T22:37:11.000Z,256.03646,256.38346,0
1973-08-18T23:06:07.000Z,256.06649,256.41349,0
1973-08-18T23:35:04.000Z,256.03646,256.38346,0
1973-08-18T23:49:32.000Z,256.06649,256.41349,0
1973-08-19T00:54:48.000Z,256.03646,256.38346,0
1973-08-19T01:23:45.000Z,256.06649,256.41349,0
1973-08-19T02:07:18.000Z,256.06649,256.41349,0
1973-08-19T02:29:01.000Z,256.06649,256.41349,0
1973-08-19T02:36:15.000Z,256.02645,256.37345,0
1973-08-19T03:05:11.000Z,256.06649,256.41349,0
1973-08-19T03:26:54.000Z,256.02645,256.37345,0
1973-08-19T03:34:08.000Z,256.02645,256.37345,0
1973-08-19T04:32:10.000Z,256.02645,256.37345,0
1973-08-19T04:53:52.000Z,256.02645,256.37345,0
1973-08-19T05:08:21.000Z,256.02645,256.37345,0
1973-08-19T06:06:22.000Z,256.06649,256.41349,0
1973-08-19T06:28:05.000Z,256.05648,256.40348,0
1973-08-19T07:26:06.000Z,256.02645,256.37345,0
1973-08-19T08:24:00.000Z,256.04647,256.39347,0
1973-08-19T09:22:01.000Z,256.01644,256.36344,0
1973-08-19T10:19:55.000Z,256.01644,256.36344,0
1973-08-19T11:17:56.000Z,256.04647,256.39347,0
1973-08-19T12:15:50.000Z,256.04647,256.39347,0
1973-08-19T13:13:51.000Z,256.04647,256.39347,0
1973-08-19T14:11:45.000Z,256.04647,256.39347,0
1973-08-19T15:09:46.000Z,256.0765,256.4235,0
1973-08-19T16:07:40.000Z,256.00649,256.35349,0
1973-08-19T17:05:41.000Z,256.04647,256.39347,0
1973-08-19T18:03:35.000Z,256.00649,256.35349,0
1973-08-19T19:01:36.000Z,256.03646,256.38346,0
1973-08-19T19:59:30.000Z,256.00649,256.35349,0
1973-08-19T20:57:31.000Z,256.04647,256.39347,0
1973-08-19T21:55:25.000Z,256.0765,256.4235,0
1973-08-19T22:53:26.000Z,256.06649,256.41349,0
1973-08-19T23:51:20.000Z,256.00649,256.35349,0
1973-08-20T00:05:56.000Z,256.06649,256.41349,0
1973-08-20T01:03:50.000Z,256.03646,256.38346,0
1973-08-20T01:32:47.000Z,256.06649,256.41349,0
1973-08-20T02:30:48.000Z,256.06649,256.41349,0
1973-08-20T02:45:16.000Z,256.06649,256.41349,0
1973-08-20T03:50:32.000Z,256.02645,256.37345,0
1973-08-20T04:19:29.000Z,256.06649,256.41349,0
1973-08-20T05:02:54.000Z,256.02645,256.37345,0
1973-08-20T05:24:37.000Z,256.10647,256.45347,0
1973-08-20T05:39:13.000Z,256.06649,256.41349,0
1973-08-20T06:37:06.000Z,255.99648,256.34348,0
1973-08-20T07:35:08.000Z,256.05648,256.40348,0
1973-08-20T08:33:01.000Z,256.02645,256.37345,0
1973-08-20T09:31:03.000Z,256.02645,256.37345,0
1973-08-20T10:28:56.000Z,256.02645,256.37345,0
1973-08-20T11:26:58.000Z,256.05648,256.40348,0
1973-08-20T12:24:52.000Z,256.02645,256.37345,0
1973-08-20T13:22:53.000Z,256.02645,256.37345,0
1973-08-20T14:20:47.000Z,256.02695,256.37295,0
1973-08-20T15:18:48.000Z,256.09646,256.44346,0
1973-08-20T16:16:42.000Z,256.05698,256.40298,0
1973-08-20T17:14:43.000Z,256.05698,256.40298,0
1973-08-20T18:12:37.000Z,256.08645,256.43345,0
1973-08-20T19:10:38.000Z,256.05698,256.40298,0
1973-08-20T19:32:21.000Z,256.05698,256.40298,0
1973-08-20T21:41:55.000Z,256.05698,256.40298,0
1973-08-20T22:39:48.000Z,256.05698,256.40298,0
1973-08-20T23:37:50.000Z,256.05698,256.40298,0
1973-08-21T00:35:43.000Z,256.08695,256.43295,0
1973-08-21T01:12:02.000Z,256.05698,256.40298,0
1973-08-21T01:33:45.000Z,256.05698,256.40298,0
1973-08-21T02:17:10.000Z,256.05698,256.40298,0
1973-08-21T02:46:07.000Z,256.05698,256.40298,0
1973-08-21T03:07:57.000Z,256.05698,256.40298,0
1973-08-21T03:44:08.000Z,256.05698,256.40298,0
1973-08-21T04:05:51.000Z,256.05698,256.40298,0
1973-08-21T04:49:24.000Z,256.05698,256.40298,0
1973-08-21T05:47:17.000Z,256.05698,256.40298,0
1973-08-21T06:45:19.000Z,256.05698,256.40298,0
1973-08-21T07:21:30.000Z,256.02695,256.37295,0
1973-08-21T08:19:23.000Z,256.05698,256.40298,0
1973-08-21T09:17:25.000Z,255.98697,256.33297,0
1973-08-21T10:15:18.000Z,256.05698,256.40298,0
1973-08-21T11:13:20.000Z,256.08695,256.43295,0
1973-08-21T11:35:02.000Z,256.08695,256.43295,0
1973-08-21T12:33:04.000Z,256.05698,256.40298,0
1973-08-21T13:38:12.000Z,256.05698,256.40298,0
1973-08-21T14:36:13.000Z,256.04697,256.39297,0
1973-08-21T15:34:07.000Z,256.05698,256.40298,0
1973-08-21T16:32:08.000Z,256.01694,256.36294,0
1973-08-21T17:30:02.000Z,256.04697,256.39297,0
1973-08-21T18:28:03.000Z,256.077,256.423,0
1973-08-21T18:57:00.000Z,256.04697,256.39297,0
1973-08-21T19:11:28.000Z,256.04697,256.39297,0
1973-08-21T20:09:30.000Z,256.077,256.423,0
1973-08-21T21:07:23.000Z,256.077,256.423,0
1973-08-21T22:05:25.000Z,256.077,256.423,0
1973-08-21T23:03:18.000Z,256.077,256.423,0
1973-08-22T00:01:20.000Z,256.077,256.423,0
1973-08-22T00:59:13.000Z,256.05698,256.40298,0
1973-08-22T01:57:15.000Z,256.05698,256.40298,0
1973-08-22T03:02:31.000Z,256.05698,256.40298,0
1973-08-22T03:09:45.000Z,256.05698,256.40298,0
1973-08-22T04:07:38.000Z,256.077,256.423,0
1973-08-22T05:05:40.000Z,256.05698,256.40298,0
1973-08-22T06:03:33.000Z,256.04697,256.39297,0
1973-08-22T07:01:35.000Z,256.077,256.423,0
1973-08-22T07:59:28.000Z,256.077,256.423,0
1973-08-22T08:57:30.000Z,256.077,256.423,0
1973-08-22T09:55:23.000Z,256.077,256.423,0
1973-08-22T10:53:25.000Z,256.077,256.423,0
1973-08-22T11:51:18.000Z,256.077,256.423,0
1973-08-22T12:49:20.000Z,256.03696,256.38296,0
1973-08-22T13:47:13.000Z,256.077,256.423,0
1973-08-22T14:45:15.000Z,256.077,256.423,0
1973-08-22T15:43:08.000Z,256.077,256.423,0
1973-08-22T16:41:10.000Z,256.03696,256.38296,0
1973-08-22T17:39:12.000Z,256.077,256.423,0
1973-08-22T18:37:05.000Z,256.077,256.423,0
1973-08-22T19:35:07.000Z,256.03696,256.38296,0
1973-08-22T20:33:00.000Z,255.99698,256.34298,0
1973-08-22T21:31:02.000Z,256.03696,256.38296,0
1973-08-22T22:28:55.000Z,256.10697,256.45297,0
1973-08-22T23:26:57.000Z,256.06699,256.41299,0
1973-08-23T00:32:04.000Z,256.03696,256.38296,0
1973-08-23T02:11:44.000Z,256.06699,256.41299,0
1973-08-23T03:09:38.000Z,256.02695,256.37295,0
1973-08-23T04:07:39.000Z,256.03696,256.38296,0
1973-08-23T05:05:33.000Z,256.06699,256.41299,0
1973-08-23T06:03:34.000Z,256.06699,256.41299,0
1973-08-23T07:01:28.000Z,256.06699,256.41299,0
1973-08-23T07:59:29.000Z,256.03696,256.38296,0
1973-08-23T08:57:31.000Z,256.03696,256.38296,0
1973-08-23T09:55:24.000Z,256.03746,256.38246,0
1973-08-23T10:53:26.000Z,256.03696,256.38296,0
1973-08-23T11:51:19.000Z,256.03696,256.38296,0
1973-08-23T12:49:21.000Z,256.02745,256.37245,0
1973-08-23T13:47:14.000Z,256.03696,256.38296,0
1973-08-23T14:45:16.000Z,256.03696,256.38296,0
1973-08-23T15:43:09.000Z,256.03696,256.38296,0
1973-08-23T16:41:11.000Z,256.06749,256.41249,0
1973-08-23T17:39:04.000Z,256.03696,256.38296,0
1973-08-23T18:37:06.000Z,256.10697,256.45297,0
1973-08-23T19:34:59.000Z,256.03746,256.38246,0
1973-08-23T20:33:01.000Z,256.03696,256.38296,0
1973-08-23T21:30:54.000Z,256.03696,256.38296,0
1973-08-23T22:28:56.000Z,256.03746,256.38246,0
1973-08-23T22:57:53.000Z,256.0775,256.4225,0
1973-08-23T23:55:54.000Z,255.99748,256.34248,0
1973-08-24T00:53:48.000Z,256.06749,256.41249,0
1973-08-24T01:51:49.000Z,256.03746,256.38246,0
1973-08-24T02:49:43.000Z,256.03746,256.38246,0
1973-08-24T03:47:44.000Z,256.06749,256.41249,0
1973-08-24T04:45:38.000Z,256.02745,256.37245,0
1973-08-24T05:43:39.000Z,255.99748,256.34248,0
1973-08-24T06:41:33.000Z,256.05748,256.40248,0
1973-08-24T07:39:34.000Z,256.02745,256.37245,0
1973-08-24T08:37:28.000Z,256.09746,256.44246,0
1973-08-24T09:35:29.000Z,256.06749,256.41249,0
1973-08-24T10:33:23.000Z,256.09746,256.44246,0
1973-08-24T11:31:24.000Z,256.02745,256.37245,0
1973-08-24T12:29:18.000Z,256.02745,256.37245,0
1973-08-24T13:27:19.000Z,256.05748,256.40248,0
1973-08-24T14:25:13.000Z,256.02745,256.37245,0
1973-08-24T15:23:14.000Z,256.09746,256.44246,0
1973-08-24T16:21:16.000Z,256.05748,256.40248,0
1973-08-24T17:19:09.000Z,256.05748,256.40248,0
1973-08-24T18:17:11.000Z,256.05748,256.40248,0
1973-08-24T19:15:04.000Z,256.01744,256.36244,0
1973-08-24T20:13:06.000Z,255.98747,256.33247,0
1973-08-24T21:10:59.000Z,256.05748,256.40248,0
1973-08-24T22:09:01.000Z,256.06749,256.41249,0
1973-08-24T22:52:26.000Z,256.02745,256.37245,0
1973-08-24T23:21:23.000Z,256.05748,256.40248,0
1973-08-25T00:12:10.000Z,256.01744,256.36244,0
1973-08-25T01:10:04.000Z,256.02745,256.37245,0
1973-08-25T02:08:05.000Z,256.04747,256.39247,0
1973-08-25T02:58:44.000Z,256.09746,256.44246,0
1973-08-25T03:56:46.000Z,256.05748,256.40248,0
1973-08-25T04:54:39.000Z,256.05748,256.40248,0
1973-08-25T05:52:41.000Z,256.05748,256.40248,0
1973-08-25T06:50:34.000Z,256.09746,256.44246,0
1973-08-25T07:48:36.000Z,256.02745,256.37245,0
1973-08-25T08:46:29.000Z,256.02745,256.37245,0
1973-08-25T09:44:31.000Z,256.05798,256.40198,0
1973-08-25T09:58:59.000Z,256.09746,256.44246,0
1973-08-25T10:13:28.000Z,256.05748,256.40248,0
1973-08-25T11:11:29.000Z,256.01794,256.36194,0
1973-08-25T11:40:26.000Z,256.02745,256.37245,0
1973-08-25T12:02:09.000Z,256.02795,256.37195,0
1973-08-25T12:23:51.000Z,256.02795,256.37195,0
1973-08-25T13:07:24.000Z,256.02745,256.37245,0
1973-08-25T13:43:35.000Z,256.05798,256.40198,0
1973-08-25T14:41:37.000Z,256.05798,256.40198,0
1973-08-25T15:39:30.000Z,256.05798,256.40198,0
1973-08-25T16:37:32.000Z,256.02795,256.37195,0
1973-08-25T17:35:25.000Z,256.01794,256.36194,0
1973-08-25T18:33:27.000Z,256.05748,256.40248,0
1973-08-25T19:31:20.000Z,256.08795,256.43195,0
1973-08-25T20:36:36.000Z,256.04797,256.39197,0
1973-08-25T20:43:50.000Z,256.08745,256.43245,0
1973-08-25T21:12:47.000Z,256.08795,256.43195,0
1973-08-25T22:18:03.000Z,256.01794,256.36194,0
1973-08-25T23:15:56.000Z,256.08795,256.43195,0
1973-08-26T00:13:58.000Z,256.04797,256.39197,0
1973-08-26T01:11:51.000Z,256.01794,256.36194,0
1973-08-26T02:09:53.000Z,256.01744,256.36244,0
1973-08-26T03:07:46.000Z,256.04797,256.39197,0
1973-08-26T04:05:48.000Z,256.04797,256.39197,0
1973-08-26T05:03:41.000Z,256.08795,256.43195,0
1973-08-26T06:01:43.000Z,256.04797,256.39197,0
1973-08-26T06:59:36.000Z,256.04797,256.39197,0
1973-08-26T07:57:38.000Z,256.01794,256.36194,0
1973-08-26T08:55:39.000Z,256.08795,256.43195,0
1973-08-26T09:53:33.000Z,256.04797,256.39197,0
1973-08-26T10:51:34.000Z,256.01794,256.36194,0
1973-08-26T11:49:28.000Z,256.01794,256.36194,0
1973-08-26T12:47:29.000Z,256.08795,256.43195,0
1973-08-26T13:45:23.000Z,256.08795,256.43195,0
1973-08-26T14:43:24.000Z,256.04797,256.39197,0
1973-08-26T15:41:18.000Z,256.04797,256.39197,0
1973-08-26T16:39:19.000Z,256.04797,256.39197,0
1973-08-26T17:37:13.000Z,256.078,256.422,0
1973-08-26T18:35:14.000Z,256.04797,256.39197,0
1973-08-26T19:33:08.000Z,256.04797,256.39197,0
1973-08-26T20:31:09.000Z,256.04797,256.39197,0
1973-08-26T21:29:03.000Z,256.04797,256.39197,0
1973-08-26T22:27:04.000Z,256.04797,256.39197,0
1973-08-26T23:24:58.000Z,256.04797,256.39197,0
1973-08-27T00:22:59.000Z,256.04797,256.39197,0
1973-08-27T01:20:53.000Z,256.04797,256.39197,0
1973-08-27T02:18:54.000Z,256.04797,256.39197,0
1973-08-27T03:16:48.000Z,256.00799,256.35199,0
1973-08-27T04:14:49.000Z,256.04797,256.39197,0
1973-08-27T05:12:51.000Z,256.00799,256.35199,0
1973-08-27T06:10:44.000Z,256.00799,256.35199,0
1973-08-27T07:08:46.000Z,256.04797,256.39197,0
1973-08-27T08:06:39.000Z,256.04797,256.39197,0
1973-08-27T09:04:41.000Z,256.04797,256.39197,0
1973-08-27T10:02:34.000Z,256.04847,256.39147,0
1973-08-27T11:00:36.000Z,256.04797,256.39197,0
1973-08-27T11:58:29.000Z,256.04797,256.39197,0
1973-08-27T12:56:31.000Z,256.04797,256.39197,0
1973-08-27T13:47:10.000Z,256.08795,256.43195,0
1973-08-27T14:36:03.000Z,256.04797,256.39197,0
1973-08-27T15:34:05.000Z,256.01794,256.36194,0
1973-08-27T16:31:58.000Z,256.04797,256.39197,0
1973-08-27T17:30:00.000Z,256.04847,256.39147,0
1973-08-27T18:27:53.000Z,256.04797,256.39197,0
1973-08-27T19:25:55.000Z,256.04847,256.39147,0
1973-08-27T20:23:48.000Z,256.01844,256.36144,0
1973-08-27T21:21:50.000Z,256.04847,256.39147,0
1973-08-27T22:19:51.000Z,256.04847,256.39147,0
1973-08-27T23:17:45.000Z,256.04797,256.39197,0
1973-08-28T00:15:46.000Z,256.04797,256.39197,0
1973-08-28T01:13:40.000Z,256.04797,256.39197,0
1973-08-28T02:11:41.000Z,256.04797,256.39197,0
1973-08-28T03:09:35.000Z,256.01794,256.36194,0
1973-08-28T04:07:36.000Z,256.01794,256.36194,0
1973-08-28T05:05:30.000Z,256.04847,256.39147,0
1973-08-28T06:03:31.000Z,256.0785,256.4215,0
1973-08-28T07:01:25.000Z,256.04847,256.39147,0
1973-08-28T07:30:21.000Z,256.04847,256.39147,0
1973-08-28T08:28:23.000Z,256.04847,256.39147,0
1973-08-28T09:26:25.000Z,256.04847,256.39147,0
1973-08-28T10:24:18.000Z,256.04847,256.39147,0
1973-08-28T11:22:20.000Z,256.03846,256.38146,0
1973-08-28T12:20:13.000Z,256.04847,256.39147,0
1973-08-28T13:18:15.000Z,256.04847,256.39147,0
1973-08-28T14:16:08.000Z,256.0785,256.4215,0
1973-08-28T15:14:10.000Z,256.04847,256.39147,0
1973-08-28T16:12:03.000Z,256.0785,256.4215,0
1973-08-28T16:41:00.000Z,256.0785,256.4215,0
1973-08-28T16:48:22.000Z,256.04847,256.39147,0
1973-08-28T17:46:15.000Z,256.04847,256.39147,0
1973-08-28T18:44:17.000Z,256.10847,256.45147,0
1973-08-28T19:42:10.000Z,256.00849,256.35149,0
1973-08-28T20:40:12.000Z,256.04847,256.39147,0
1973-08-28T21:38:05.000Z,256.00849,256.35149,0
1973-08-28T22:36:07.000Z,256.0785,256.4215,0
1973-08-28T23:34:00.000Z,256.0785,256.4215,0
1973-08-29T00:32:02.000Z,256.04847,256.39147,0
1973-08-29T01:29:56.000Z,256.04847,256.39147,0
1973-08-29T02:27:57.000Z,256.0785,256.4215,0
1973-08-29T02:56:54.000Z,256.04847,256.39147,0
1973-08-29T03:54:55.000Z,256.0785,256.4215,0
1973-08-29T04:52:49.000Z,256.0785,256.4215,0
1973-08-29T05:50:50.000Z,256.00849,256.35149,0
1973-08-29T06:48:44.000Z,256.03846,256.38146,0
1973-08-29T07:46:45.000Z,256.00849,256.35149,0
1973-08-29T08:44:39.000Z,256.03846,256.38146,0
1973-08-29T09:42:40.000Z,256.00849,256.35149,0
1973-08-29T10:40:34.000Z,256.03846,256.38146,0
1973-08-29T11:38:35.000Z,256.04847,256.39147,0
1973-08-29T12:36:29.000Z,256.0785,256.4215,0
1973-08-29T13:38:03.000Z,256.06849,256.41149,0
1973-08-29T14:36:05.000Z,256.04847,256.39147,0
1973-08-29T15:33:58.000Z,256.03846,256.38146,0
1973-08-29T16:32:00.000Z,256.0785,256.4215,0
1973-08-29T17:29:53.000Z,256.0785,256.4215,0
1973-08-29T18:27:55.000Z,256.03846,256.38146,0
1973-08-29T19:25:48.000Z,256.06849,256.41149,0
1973-08-29T20:23:50.000Z,256.06849,256.41149,0
1973-08-29T21:21:43.000Z,256.03896,256.38096,0
1973-08-29T22:19:45.000Z,256.0785,256.4215,0
1973-08-29T23:17:47.000Z,256.06849,256.41149,0
1973-08-30T00:15:40.000Z,256.06849,256.41149,0
1973-08-30T00:44:37.000Z,256.03846,256.38146,0
1973-08-30T00:51:51.000Z,256.06849,256.41149,0
1973-08-30T01:49:53.000Z,256.03846,256.38146,0
1973-08-30T02:47:46.000Z,256.10847,256.45147,0
1973-08-30T03:45:48.000Z,256.06849,256.41149,0
1973-08-30T04:43:41.000Z,256.06849,256.41149,0
1973-08-30T05:41:43.000Z,256.03846,256.38146,0
1973-08-30T06:39:44.000Z,256.00899,256.35099,0
1973-08-30T07:37:38.000Z,256.03846,256.38146,0
1973-08-30T08:35:39.000Z,256.04847,256.39147,0
1973-08-30T09:33:33.000Z,256.0785,256.4215,0
1973-08-30T10:31:34.000Z,256.04897,256.39097,0
1973-08-30T11:29:28.000Z,256.0785,256.4215,0
1973-08-30T12:27:29.000Z,256.079,256.421,0
1973-08-30T13:25:23.000Z,256.00899,256.35099,0
1973-08-30T14:23:24.000Z,256.04897,256.39097,0
1973-08-30T15:21:18.000Z,256.03896,256.38096,0
1973-08-30T16:19:19.000Z,256.10897,256.45097,0
1973-08-30T17:17:13.000Z,256.079,256.421,0
1973-08-30T18:15:14.000Z,256.04897,256.39097,0
1973-08-30T19:13:08.000Z,256.079,256.421,0
1973-08-30T20:11:09.000Z,256.03896,256.38096,0
1973-08-30T21:09:03.000Z,256.03896,256.38096,0
1973-08-30T22:07:04.000Z,256.079,256.421,0
1973-08-30T23:04:58.000Z,256.03896,256.38096,0
1973-08-31T00:02:59.000Z,256.06899,256.41099,0
1973-08-31T01:00:53.000Z,256.06899,256.41099,0
1973-08-31T02:20:37.000Z,256.06899,256.41099,0
1973-08-31T03:18:38.000Z,256.03896,256.38096,0
1973-08-31T04:16:32.000Z,256.06899,256.41099,0
1973-08-31T05:14:33.000Z,256.03896,256.38096,0
1973-08-31T06:12:27.000Z,256.03896,256.38096,0
1973-08-31T07:10:28.000Z,256.079,256.421,0
1973-08-31T08:08:22.000Z,256.079,256.421,0
1973-08-31T08:59:09.000Z,256.079,256.421,0
1973-08-31T09:57:03.000Z,256.03896,256.38096,0
1973-08-31T10:55:04.000Z,256.06899,256.41099,0
1973-08-31T11:52:58.000Z,256.06899,256.41099,0
1973-08-31T12:50:59.000Z,256.10897,256.45097,0
1973-08-31T13:57:53.000Z,256.06799,256.41199,0
1973-08-31T14:25:12.000Z,256.06899,256.41099,0
1973-08-31T14:39:40.000Z,256.06899,256.41099,0
1973-08-31T14:49:38.000Z,256.06899,256.41099,0
1973-08-31T16:12:55.000Z,256.10897,256.45097,0
1973-08-31T17:03:43.000Z,256.06899,256.41099,0
1973-08-31T17:32:39.000Z,256.06899,256.41099,0
1973-08-31T18:23:19.000Z,256.03896,256.38096,0
1973-08-31T19:21:20.000Z,256.06899,256.41099,0
1973-08-31T20:26:28.000Z,256.06899,256.41099,0
1973-08-31T20:33:42.000Z,256.06899,256.41099,0
1973-08-31T21:31:44.000Z,256.06899,256.41099,0
1973-08-31T22:29:37.000Z,256.06899,256.41099,0
1973-08-31T23:27:39.000Z,256.00949,256.35049,0
1973-08-31T23:56:35.000Z,256.02895,256.37095,0
1973-09-01T00:54:37.000Z,256.03946,256.38046,0
1973-09-01T01:52:30.000Z,256.03946,256.38046,0
1973-09-01T02:50:32.000Z,256.03896,256.38096,0
1973-09-01T03:48:25.000Z,256.03946,256.38046,0
1973-09-01T04:46:27.000Z,256.10947,256.45047,0
1973-09-01T05:44:20.000Z,256.03946,256.38046,0
1973-09-01T06:42:22.000Z,256.079,256.421,0
1973-09-01T07:40:15.000Z,256.03896,256.38096,0
1973-09-01T08:38:17.000Z,256.06899,256.41099,0
1973-09-01T09:36:10.000Z,256.03946,256.38046,0
1973-09-01T10:34:12.000Z,256.03946,256.38046,0
1973-09-01T11:32:13.000Z,256.03946,256.38046,0
1973-09-01T12:37:21.000Z,256.00949,256.35049,0
1973-09-01T13:28:08.000Z,256.03946,256.38046,0
1973-09-01T14:26:02.000Z,256.06949,256.41049,0
1973-09-01T15:16:49.000Z,256.03946,256.38046,0
1973-09-01T16:14:43.000Z,256.03946,256.38046,0
1973-09-01T17:12:44.000Z,256.03946,256.38046,0
1973-09-01T17:34:27.000Z,256.06899,256.41099,0
1973-09-01T17:56:09.000Z,256.03946,256.38046,0
1973-09-01T19:01:25.000Z,256.03946,256.38046,0
1973-09-01T19:59:19.000Z,256.06949,256.41049,0
1973-09-01T20:57:20.000Z,256.03946,256.38046,0
1973-09-01T21:26:17.000Z,256.03946,256.38046,0
1973-09-01T22:02:28.000Z,256.03946,256.38046,0
1973-09-01T23:00:29.000Z,256.03946,256.38046,0
1973-09-01T23:58:23.000Z,256.03946,256.38046,0
1973-09-02T00:56:24.000Z,256.03946,256.38046,0
1973-09-02T01:10:53.000Z,256.03946,256.38046,0
1973-09-02T02:16:08.000Z,256.06949,256.41049,0
1973-09-02T02:30:37.000Z,256.03946,256.38046,0
1973-09-02T02:59:34.000Z,256.03946,256.38046,0
1973-09-02T03:57:27.000Z,256.03946,256.38046,0
1973-09-02T04:55:29.000Z,256.03946,256.38046,0
1973-09-02T05:53:22.000Z,256.03946,256.38046,0
1973-09-02T06:51:24.000Z,256.03946,256.38046,0
1973-09-02T07:49:25.000Z,256.03946,256.38046,0
1973-09-02T08:47:19.000Z,256.02945,256.37045,0
1973-09-02T09:45:20.000Z,256.04947,256.39047,0
1973-09-02T10:43:14.000Z,256.05948,256.40048,0
1973-09-02T11:41:15.000Z,256.0795,256.4205,0
1973-09-02T12:39:09.000Z,256.05948,256.40048,0
1973-09-02T13:37:10.000Z,256.06949,256.41049,0
1973-09-02T14:35:04.000Z,256.03946,256.38046,0
1973-09-02T15:33:05.000Z,256.04947,256.39047,0
1973-09-02T16:30:59.000Z,256.08945,256.43045,0
1973-09-02T17:29:00.000Z,256.02945,256.37045,0
1973-09-02T18:26:54.000Z,256.00949,256.35049,0
1973-09-02T19:24:55.000Z,256.0795,256.4205,0
1973-09-02T20:22:49.000Z,256.0795,256.4205,0
1973-09-02T20:59:08.000Z,256.04947,256.39047,0
1973-09-02T21:57:01.000Z,256.01944,256.36044,0
1973-09-02T23:02:17.000Z,256.05948,256.40048,0
1973-09-02T23:09:31.000Z,256.04947,256.39047,0
1973-09-03T00:07:24.000Z,256.01944,256.36044,0
1973-09-03T00:36:29.000Z,256.01944,256.36044,0
1973-09-03T01:34:23.000Z,256.08945,256.43045,0
1973-09-03T02:32:24.000Z,256.05948,256.40048,0
1973-09-03T03:30:18.000Z,256.08945,256.43045,0
1973-09-03T04:28:19.000Z,256.08945,256.43045,0
1973-09-03T05:26:13.000Z,256.05998,256.39998,0
1973-09-03T06:24:14.000Z,256.02995,256.36995,0
1973-09-03T07:22:08.000Z,256.05948,256.40048,0
1973-09-03T07:58:27.000Z,256.05948,256.40048,0
1973-09-03T08:56:20.000Z,256.02995,256.36995,0
1973-09-03T09:54:22.000Z,256.05948,256.40048,0
1973-09-03T10:52:15.000Z,256.02945,256.37045,0
1973-09-03T11:28:34.000Z,256.02945,256.37045,0
1973-09-03T12:26:28.000Z,256.06949,256.41049,0
1973-09-03T12:55:24.000Z,256.02995,256.36995,0
1973-09-03T13:09:53.000Z,256.02995,256.36995,0
1973-09-03T14:27:50.000Z,256.05948,256.40048,0
1973-09-03T15:25:44.000Z,256.05948,256.40048,0
1973-09-03T16:23:45.000Z,256.06999,256.40999,0
1973-09-03T17:21:39.000Z,256.06949,256.41049,0
1973-09-03T18:19:40.000Z,256.02945,256.37045,0
1973-09-03T19:17:42.000Z,256.02945,256.37045,0
1973-09-03T20:15:35.000Z,256.02945,256.37045,0
1973-09-03T21:13:37.000Z,256.06999,256.40999,0
1973-09-03T22:11:30.000Z,256.06999,256.40999,0
1973-09-03T22:55:04.000Z,256.09996,256.43996,0
1973-09-03T23:38:29.000Z,256.06999,256.40999,0
1973-09-04T00:36:22.000Z,256.06999,256.40999,0
1973-09-04T01:34:24.000Z,256.06999,256.40999,0
1973-09-04T02:32:17.000Z,256.09996,256.43996,0
1973-09-04T03:30:19.000Z,256.09996,256.43996,0
1973-09-04T04:28:20.000Z,256.06999,256.40999,0
1973-09-04T05:26:14.000Z,256.06999,256.40999,0
1973-09-04T06:24:15.000Z,256.03996,256.37996,0
1973-09-04T07:22:09.000Z,256.08,256.42,0
1973-09-04T07:58:20.000Z,256.08,256.42,0
1973-09-04T08:56:21.000Z,256.08,256.42,0
1973-09-04T09:54:15.000Z,256.08,256.42,0
1973-09-04T10:52:16.000Z,256.03996,256.37996,0
1973-09-04T11:50:18.000Z,256.08,256.42,0
1973-09-04T12:48:11.000Z,256.08,256.42,0
1973-09-04T13:46:13.000Z,256.11998,256.45998,0
1973-09-04T14:00:41.000Z,256.00999,256.34999,0
1973-09-04T14:15:10.000Z,256.08,256.42,0
1973-09-04T15:13:03.000Z,256.11998,256.45998,0
1973-09-04T16:11:05.000Z,256.03996,256.37996,0
1973-09-04T17:08:58.000Z,256.08,256.42,0
1973-09-04T18:07:00.000Z,256.08,256.42,0
1973-09-04T19:04:53.000Z,256.08,256.42,0
1973-09-04T20:02:55.000Z,256.03996,256.37996,0
1973-09-04T21:00:56.000Z,256.03996,256.37996,0
1973-09-04T21:58:50.000Z,256.03996,256.37996,0
1973-09-04T22:56:51.000Z,256.08,256.42,0
1973-09-04T23:54:45.000Z,256.03996,256.37996,0
1973-09-05T00:52:46.000Z,256.03996,256.37996,0
1973-09-05T01:50:40.000Z,256.03996,256.37996,0
1973-09-05T02:48:41.000Z,256.0805,256.4195,0
1973-09-05T03:46:35.000Z,256.04046,256.37946,0
1973-09-05T04:44:36.000Z,256.10997,256.44997,0
1973-09-05T05:42:30.000Z,256.04046,256.37946,0
1973-09-05T06:40:31.000Z,256.11047,256.44947,0
1973-09-05T07:38:25.000Z,256.11047,256.44947,0
1973-09-05T08:36:26.000Z,256.11047,256.44947,0
1973-09-05T09:34:20.000Z,256.08,256.42,0
1973-09-05T10:32:21.000Z,256.11047,256.44947,0
1973-09-05T11:30:15.000Z,256.11047,256.44947,0
1973-09-05T12:28:16.000Z,256.03996,256.37996,0
1973-09-05T13:26:10.000Z,256.06999,256.40999,0
1973-09-05T14:24:11.000Z,256.10997,256.44997,0
1973-09-05T15:22:13.000Z,256.04046,256.37946,0
1973-09-05T16:20:06.000Z,256.08,256.42,0
1973-09-05T17:18:08.000Z,256.06999,256.40999,0
1973-09-05T18:16:01.000Z,256.04046,256.37946,0
1973-09-05T19:14:03.000Z,256.11047,256.44947,0
1973-09-05T20:48:15.000Z,256.04046,256.37946,0
1973-09-05T21:46:09.000Z,256.04046,256.37946,0
1973-09-05T22:44:10.000Z,256.04046,256.37946,0
1973-09-05T23:42:04.000Z,256.04046,256.37946,0
1973-09-06T00:40:05.000Z,256.04046,256.37946,0
1973-09-06T01:37:59.000Z,256.04046,256.37946,0
1973-09-06T01:59:41.000Z,256.04046,256.37946,0
1973-09-06T02:57:43.000Z,256.04046,256.37946,0
1973-09-06T03:55:36.000Z,256.0805,256.4195,0
1973-09-06T04:53:38.000Z,256.04046,256.37946,0
1973-09-06T05:51:31.000Z,256.04046,256.37946,0
1973-09-06T06:49:33.000Z,256.04046,256.37946,0
1973-09-06T07:47:35.000Z,256.04046,256.37946,0
1973-09-06T08:45:28.000Z,256.07049,256.40949,0
1973-09-06T09:43:30.000Z,256.07049,256.40949,0
1973-09-06T10:41:23.000Z,256.11047,256.44947,0
1973-09-06T11:24:56.000Z,256.04046,256.37946,0
1973-09-06T12:22:50.000Z,256.11047,256.44947,0
1973-09-06T13:20:51.000Z,256.0805,256.4195,0
1973-09-06T14:18:45.000Z,256.04046,256.37946,0
1973-09-06T15:02:18.000Z,256.04046,256.37946,0
1973-09-06T15:31:15.000Z,256.07049,256.40949,0
1973-09-06T16:21:54.000Z,256.0805,256.4195,0
1973-09-06T17:12:41.000Z,256.0805,256.4195,0
1973-09-06T17:56:06.000Z,256.0805,256.4195,0
1973-09-06T18:32:17.000Z,256.0805,256.4195,0
1973-09-06T18:54:08.000Z,256.04046,256.37946,0
1973-09-06T19:30:19.000Z,256.0805,256.4195,0
1973-09-06T20:28:20.000Z,256.07099,256.40899,0
1973-09-06T21:04:31.000Z,256.04046,256.37946,0
1973-09-06T22:02:25.000Z,256.11047,256.44947,0
1973-09-06T23:07:40.000Z,256.07049,256.40949,0
1973-09-07T00:05:42.000Z,256.07049,256.40949,0
1973-09-07T01:03:35.000Z,256.01049,256.34949,0
1973-09-07T02:01:37.000Z,256.11047,256.44947,0
1973-09-07T02:59:30.000Z,256.07049,256.40949,0
1973-09-07T03:57:32.000Z,256.11047,256.44947,0
1973-09-07T04:55:25.000Z,256.07049,256.40949,0
1973-09-07T05:53:27.000Z,256.07049,256.40949,0
1973-09-07T07:22:12.000Z,256.04046,256.37946,0
1973-09-07T07:58:23.000Z,256.04046,256.37946,0
1973-09-07T08:05:37.000Z,256.04046,256.37946,0
1973-09-07T08:34:34.000Z,256.0805,256.4195,0
1973-09-07T09:32:35.000Z,256.04046,256.37946,0
1973-09-07T10:30:37.000Z,256.04046,256.37946,0
1973-09-07T11:28:30.000Z,256.081,256.419,0
1973-09-07T12:26:32.000Z,256.11097,256.44897,0
1973-09-07T13:24:25.000Z,256.081,256.419,0
1973-09-07T14:22:27.000Z,256.04096,256.37896,0
1973-09-07T15:20:20.000Z,256.11047,256.44947,0
1973-09-07T16:18:22.000Z,256.081,256.419,0
1973-09-07T17:16:15.000Z,256.07099,256.40899,0
1973-09-07T17:59:49.000Z,256.07049,256.40949,0
1973-09-07T18:50:28.000Z,256.11047,256.44947,0
1973-09-07T19:48:29.000Z,256.11097,256.44897,0
1973-09-07T20:10:12.000Z,256.11097,256.44897,0
1973-09-07T21:08:05.000Z,256.11097,256.44897,0
1973-09-07T22:06:07.000Z,256.11097,256.44897,0
1973-09-07T23:04:00.000Z,256.07099,256.40899,0
1973-09-08T00:02:02.000Z,256.11097,256.44897,0
1973-09-08T01:00:04.000Z,256.081,256.419,0
1973-09-08T02:05:11.000Z,256.141,256.479,0
1973-09-08T02:12:25.000Z,256.07099,256.40899,0
1973-09-08T03:10:27.000Z,256.11097,256.44897,0
1973-09-08T04:08:20.000Z,256.141,256.479,0
1973-09-08T05:06:22.000Z,256.081,256.419,0
1973-09-08T06:04:15.000Z,256.11097,256.44897,0
1973-09-08T07:02:17.000Z,256.11097,256.44897,0
1973-09-08T08:00:10.000Z,256.11097,256.44897,0
1973-09-08T08:58:12.000Z,256.11097,256.44897,0
1973-09-08T09:56:05.000Z,256.11097,256.44897,0
1973-09-08T10:54:07.000Z,256.11097,256.44897,0
1973-09-08T11:52:08.000Z,256.11097,256.44897,0
1973-09-08T12:50:02.000Z,256.11097,256.44897,0
1973-09-08T13:48:04.000Z,256.11097,256.44897,0
1973-09-08T14:45:57.000Z,256.11097,256.44897,0
1973-09-08T15:43:59.000Z,256.11097,256.44897,0
1973-09-08T16:34:38.000Z,256.11097,256.44897,0
1973-09-08T17:10:57.000Z,256.11097,256.44897,0
1973-09-08T17:32:39.000Z,256.11097,256.44897,0
1973-09-08T18:30:33.000Z,256.141,256.479,0
1973-09-08T19:28:34.000Z,256.11097,256.44897,0
1973-09-08T19:43:03.000Z,256.11097,256.44897,0
1973-09-08T20:40:56.000Z,256.11097,256.44897,0
1973-09-08T21:38:58.000Z,256.081,256.419,0
1973-09-08T22:36:59.000Z,256.10096,256.43896,0
1973-09-08T23:34:53.000Z,256.07099,256.40899,0
1973-09-09T00:32:54.000Z,256.141,256.479,0
1973-09-09T01:30:48.000Z,256.11147,256.44847,0
1973-09-09T02:28:49.000Z,256.10096,256.43896,0
1973-09-09T03:26:43.000Z,256.11097,256.44897,0
1973-09-09T04:24:44.000Z,256.07099,256.40899,0
1973-09-09T05:22:38.000Z,256.11097,256.44897,0
1973-09-09T06:20:39.000Z,256.11097,256.44897,0
1973-09-09T07:18:33.000Z,256.07099,256.40899,0
1973-09-09T08:16:34.000Z,256.07099,256.40899,0
1973-09-09T09:14:28.000Z,256.07099,256.40899,0
1973-09-09T10:12:29.000Z,256.07099,256.40899,0
1973-09-09T11:10:23.000Z,256.10096,256.43896,0
1973-09-09T12:08:24.000Z,256.07149,256.40849,0
1973-09-09T13:06:26.000Z,256.07099,256.40899,0
1973-09-09T14:04:19.000Z,256.07099,256.40899,0
1973-09-09T15:02:21.000Z,256.07149,256.40849,0
1973-09-09T16:00:14.000Z,256.07149,256.40849,0
1973-09-09T16:58:16.000Z,256.07149,256.40849,0
1973-09-09T17:56:09.000Z,256.07149,256.40849,0
1973-09-09T18:54:11.000Z,256.07149,256.40849,0
1973-09-09T19:52:04.000Z,256.11147,256.44847,0
1973-09-09T20:50:06.000Z,256.07099,256.40899,0
1973-09-09T21:47:59.000Z,256.11147,256.44847,0
1973-09-09T22:46:01.000Z,256.11147,256.44847,0
1973-09-09T23:22:12.000Z,256.07149,256.40849,0
1973-09-10T00:20:13.000Z,256.07149,256.40849,0
1973-09-10T01:18:07.000Z,256.07149,256.40849,0
1973-09-10T01:54:26.000Z,256.07149,256.40849,0
1973-09-10T02:59:34.000Z,256.11147,256.44847,0
1973-09-10T03:35:53.000Z,256.07149,256.40849,0
1973-09-10T04:33:46.000Z,256.11147,256.44847,0
1973-09-10T05:31:48.000Z,256.11147,256.44847,0
1973-09-10T06:29:41.000Z,256.1415,256.4785,0
1973-09-10T07:27:43.000Z,256.11147,256.44847,0
1973-09-10T08:25:36.000Z,256.11147,256.44847,0
1973-09-10T09:23:38.000Z,256.11147,256.44847,0
1973-09-10T10:21:31.000Z,256.15145,256.48845,0
1973-09-10T11:19:33.000Z,256.11147,256.44847,0
1973-09-10T12:17:26.000Z,256.11147,256.44847,0
1973-09-10T13:15:28.000Z,256.11147,256.44847,0
1973-09-10T14:45:10.000Z,256.11147,256.44847,0
1973-09-10T14:59:38.000Z,256.0815,256.4185,0
1973-09-10T15:57:32.000Z,256.11147,256.44847,0
1973-09-10T16:55:33.000Z,256.11147,256.44847,0
1973-09-10T17:38:58.000Z,256.11147,256.44847,0
1973-09-10T18:37:00.000Z,256.1415,256.4785,0
1973-09-10T19:34:53.000Z,256.11147,256.44847,0
1973-09-10T20:32:55.000Z,256.11147,256.44847,0
1973-09-10T21:30:48.000Z,256.0815,256.4185,0
1973-09-10T22:28:50.000Z,256.07149,256.40849,0
1973-09-10T23:26:43.000Z,256.07149,256.40849,0
1973-09-11T00:24:45.000Z,256.07149,256.40849,0
1973-09-11T01:22:46.000Z,256.0815,256.4185,0
1973-09-11T02:20:40.000Z,256.11147,256.44847,0
1973-09-11T03:18:41.000Z,256.10146,256.43846,0
1973-09-11T04:16:35.000Z,256.18148,256.51848,0
1973-09-11T05:14:36.000Z,256.07149,256.40849,0
1973-09-11T06:12:30.000Z,256.07149,256.40849,0
1973-09-11T06:41:35.000Z,256.11147,256.44847,0
1973-09-11T07:39:28.000Z,256.15195,256.48795,0
1973-09-11T08:37:30.000Z,256.07149,256.40849,0
1973-09-11T09:35:23.000Z,256.11147,256.44847,0
1973-09-11T10:33:25.000Z,256.07149,256.40849,0
1973-09-11T11:31:18.000Z,256.11197,256.44797,0
1973-09-11T12:29:20.000Z,256.07149,256.40849,0
1973-09-11T13:27:13.000Z,256.11197,256.44797,0
1973-09-11T14:25:15.000Z,256.11147,256.44847,0
1973-09-11T15:30:22.000Z,256.07199,256.40799,0
1973-09-11T15:44:51.000Z,256.07199,256.40799,0
1973-09-11T16:13:47.000Z,256.07149,256.40849,0
1973-09-11T17:04:27.000Z,256.07149,256.40849,0
1973-09-11T18:02:28.000Z,256.07149,256.40849,0
1973-09-11T19:00:30.000Z,256.07149,256.40849,0
1973-09-11T19:58:31.000Z,256.15145,256.48845,0
1973-09-11T20:56:25.000Z,256.07149,256.40849,0
1973-09-11T21:54:10.000Z,256.04196,256.37796,0
1973-09-11T22:51:47.000Z,256.11147,256.44847,0
1973-09-11T23:49:32.000Z,256.11147,256.44847,0
1973-09-12T00:47:09.000Z,256.11197,256.44797,0
1973-09-12T01:44:55.000Z,256.11197,256.44797,0
1973-09-12T02:42:40.000Z,256.082,256.418,0
1973-09-12T02:49:46.000Z,256.11197,256.44797,0
1973-09-12T02:58:46.000Z,256.082,256.418,0
1973-09-12T04:03:54.000Z,256.15195,256.48795,0
1973-09-12T05:01:56.000Z,256.0815,256.4185,0
1973-09-12T05:59:49.000Z,256.11197,256.44797,0
1973-09-12T06:57:51.000Z,256.082,256.418,0
1973-09-12T07:55:52.000Z,256.082,256.418,0
1973-09-12T08:53:46.000Z,256.07199,256.40799,0
1973-09-12T09:51:47.000Z,256.082,256.418,0
1973-09-12T10:49:41.000Z,256.082,256.418,0
1973-09-12T11:47:42.000Z,256.04196,256.37796,0
1973-09-12T12:45:36.000Z,256.11197,256.44797,0
1973-09-12T13:43:37.000Z,256.082,256.418,0
1973-09-12T14:05:20.000Z,256.082,256.418,0
1973-09-12T14:58:43.000Z,256.082,256.418,0
1973-09-12T15:56:44.000Z,256.11197,256.44797,0
1973-09-12T16:54:38.000Z,256.11197,256.44797,0
1973-09-12T17:52:39.000Z,256.082,256.418,0
1973-09-12T18:50:33.000Z,256.11197,256.44797,0
1973-09-12T19:48:34.000Z,256.082,256.418,0
1973-09-12T20:46:28.000Z,256.11197,256.44797,0
1973-09-12T21:44:29.000Z,256.082,256.418,0
1973-09-12T22:42:31.000Z,256.05197,256.38797,0
1973-09-12T23:40:24.000Z,256.11197,256.44797,0
1973-09-13T00:38:26.000Z,256.082,256.418,0
1973-09-13T01:36:20.000Z,256.11197,256.44797,0
1973-09-13T02:34:21.000Z,256.082,256.418,0
1973-09-13T03:32:15.000Z,256.082,256.418,0
1973-09-13T04:30:16.000Z,256.11197,256.44797,0
1973-09-13T05:28:10.000Z,256.082,256.418,0
1973-09-13T06:26:11.000Z,256.082,256.418,0
1973-09-13T07:24:05.000Z,256.082,256.418,0
1973-09-13T08:22:06.000Z,256.082,256.418,0
1973-09-13T09:20:00.000Z,256.082,256.418,0
1973-09-13T10:18:01.000Z,256.082,256.418,0
1973-09-13T11:15:55.000Z,256.082,256.418,0
1973-09-13T12:13:56.000Z,256.082,256.418,0
1973-09-13T13:11:58.000Z,256.01199,256.34799,0
1973-09-13T14:09:51.000Z,256.11247,256.44747,0
1973-09-13T15:07:53.000Z,256.0825,256.4175,0
1973-09-13T16:05:46.000Z,256.05197,256.38797,0
1973-09-13T17:03:48.000Z,256.082,256.418,0
1973-09-13T18:01:41.000Z,256.05247,256.38747,0
1973-09-13T18:59:43.000Z,256.04246,256.37746,0
1973-09-13T19:57:36.000Z,256.04246,256.37746,0
1973-09-13T20:55:38.000Z,256.07249,256.40749,0
1973-09-13T21:53:31.000Z,256.082,256.418,0
1973-09-13T22:51:33.000Z,256.07249,256.40749,0
1973-09-13T23:49:26.000Z,256.12198,256.45798,0
1973-09-14T00:32:59.000Z,256.11197,256.44797,0
1973-09-14T01:30:53.000Z,256.11247,256.44747,0
1973-09-14T02:28:54.000Z,256.04246,256.37746,0
1973-09-14T02:57:51.000Z,256.07249,256.40749,0
1973-09-14T03:55:53.000Z,256.07249,256.40749,0
1973-09-14T04:53:46.000Z,256.01249,256.34749,0
1973-09-14T05:51:48.000Z,256.07249,256.40749,0
1973-09-14T06:49:41.000Z,256.07249,256.40749,0
1973-09-14T07:47:43.000Z,256.11247,256.44747,0
1973-09-14T08:45:36.000Z,256.11247,256.44747,0
1973-09-14T09:43:38.000Z,256.04246,256.37746,0
1973-09-14T10:41:31.000Z,256.11247,256.44747,0
1973-09-14T11:39:33.000Z,256.0825,256.4175,0
1973-09-14T12:37:26.000Z,256.11247,256.44747,0
1973-09-14T13:50:53.000Z,256.07249,256.40749,0
1973-09-14T14:48:47.000Z,256.0825,256.4175,0
1973-09-14T16:01:17.000Z,256.07249,256.40749,0
1973-09-14T16:59:10.000Z,256.07249,256.40749,0
1973-09-14T17:57:12.000Z,256.07249,256.40749,0
1973-09-14T18:55:13.000Z,256.04246,256.37746,0
1973-09-14T19:53:07.000Z,256.04246,256.37746,0
1973-09-14T20:51:08.000Z,256.04246,256.37746,0
1973-09-14T21:49:02.000Z,256.11247,256.44747,0
1973-09-14T22:47:03.000Z,256.0825,256.4175,0
1973-09-14T23:44:57.000Z,256.11247,256.44747,0
1973-09-14T23:59:25.000Z,256.0825,256.4175,0
1973-09-15T00:57:27.000Z,256.11247,256.44747,0
1973-09-15T01:55:20.000Z,256.0825,256.4175,0
1973-09-15T02:53:22.000Z,256.04246,256.37746,0
1973-09-15T03:51:15.000Z,256.07249,256.40749,0
1973-09-15T04:49:17.000Z,256.05247,256.38747,0
1973-09-15T05:47:10.000Z,256.11247,256.44747,0
1973-09-15T06:45:12.000Z,256.07249,256.40749,0
1973-09-15T07:43:13.000Z,256.05247,256.38747,0
1973-09-15T08:41:07.000Z,256.0825,256.4175,0
1973-09-15T09:39:08.000Z,256.0825,256.4175,0
1973-09-15T10:37:02.000Z,256.05247,256.38747,0
1973-09-15T11:35:03.000Z,256.11247,256.44747,0
1973-09-15T12:32:57.000Z,256.07249,256.40749,0
1973-09-15T13:30:58.000Z,256.11247,256.44747,0
1973-09-15T14:28:52.000Z,256.0825,256.4175,0
1973-09-15T15:26:53.000Z,256.0825,256.4175,0
1973-09-15T16:24:47.000Z,256.0825,256.4175,0
1973-09-15T17:22:48.000Z,256.0825,256.4175,0
1973-09-15T18:20:42.000Z,256.04246,256.37746,0
1973-09-15T19:18:44.000Z,256.0825,256.4175,0
1973-09-15T20:16:37.000Z,256.07249,256.40749,0
1973-09-15T21:14:39.000Z,256.04246,256.37746,0
1973-09-15T22:12:32.000Z,256.03245,256.36745,0
1973-09-15T23:10:34.000Z,256.04246,256.37746,0
1973-09-16T00:08:27.000Z,256.07249,256.40749,0
1973-09-16T01:06:29.000Z,256.11247,256.44747,0
1973-09-16T02:04:30.000Z,256.03245,256.36745,0
1973-09-16T03:02:24.000Z,256.07249,256.40749,0
1973-09-16T04:00:25.000Z,256.06248,256.39748,0
1973-09-16T04:58:19.000Z,256.06248,256.39748,0
1973-09-16T05:56:20.000Z,256.03245,256.36745,0
1973-09-16T06:54:14.000Z,256.06248,256.39748,0
1973-09-16T07:52:15.000Z,256.03245,256.36745,0
1973-09-16T08:50:09.000Z,256.09245,256.42745,0
1973-09-16T09:48:10.000Z,256.03245,256.36745,0
1973-09-16T10:46:04.000Z,256.06248,256.39748,0
1973-09-16T11:44:05.000Z,256.06248,256.39748,0
1973-09-16T12:41:59.000Z,256.06248,256.39748,0
1973-09-16T13:40:00.000Z,256.09295,256.42695,0
1973-09-16T14:37:54.000Z,256.09295,256.42695,0
1973-09-16T15:35:55.000Z,256.06298,256.39698,0
1973-09-16T16:33:49.000Z,256.05297,256.38697,0
1973-09-16T17:31:50.000Z,256.083,256.417,0
1973-09-16T18:29:44.000Z,256.05297,256.38697,0
1973-09-16T19:27:45.000Z,256.083,256.417,0
1973-09-16T20:25:47.000Z,256.04246,256.37746,0
1973-09-16T21:23:40.000Z,256.03245,256.36745,0
1973-09-16T22:21:42.000Z,256.07249,256.40749,0
1973-09-16T23:19:35.000Z,256.06298,256.39698,0
1973-09-17T00:17:37.000Z,256.05297,256.38697,0
1973-09-17T01:15:30.000Z,256.07299,256.40699,0
1973-09-17T02:13:32.000Z,256.03295,256.36695,0
1973-09-17T03:11:25.000Z,256.09295,256.42695,0
1973-09-17T04:09:27.000Z,256.05297,256.38697,0
1973-09-17T05:07:20.000Z,256.05297,256.38697,0
1973-09-17T06:05:22.000Z,256.083,256.417,0
1973-09-17T07:03:15.000Z,256.07299,256.40699,0
1973-09-17T08:01:17.000Z,256.07299,256.40699,0
1973-09-17T08:59:10.000Z,256.04296,256.37696,0
1973-09-17T09:57:12.000Z,256.04296,256.37696,0
1973-09-17T10:55:05.000Z,256.04296,256.37696,0
1973-09-17T11:53:07.000Z,256.04296,256.37696,0
1973-09-17T12:51:00.000Z,256.07299,256.40699,0
1973-09-17T13:49:02.000Z,256.04296,256.37696,0
1973-09-17T14:36:08.000Z,256.07299,256.40699,0
1973-09-17T14:57:51.000Z,256.07299,256.40699,0
1973-09-17T15:55:52.000Z,256.04296,256.37696,0
1973-09-17T16:53:46.000Z,256.13299,256.46699,0
1973-09-17T17:51:47.000Z,256.06298,256.39698,0
1973-09-17T18:49:41.000Z,256.10296,256.43696,0
1973-09-17T19:47:42.000Z,256.06298,256.39698,0
1973-09-17T20:45:36.000Z,256.10296,256.43696,0
1973-09-17T21:43:37.000Z,256.06298,256.39698,0
1973-09-17T22:41:31.000Z,256.02294,256.35694,0
1973-09-17T23:39:32.000Z,256.02294,256.35694,0
1973-09-18T00:37:26.000Z,256.05297,256.38697,0
1973-09-18T01:35:27.000Z,256.05297,256.38697,0
1973-09-18T02:33:21.000Z,256.05297,256.38697,0
1973-09-18T02:55:11.000Z,256.05297,256.38697,0
1973-09-18T03:53:05.000Z,256.05297,256.38697,0
1973-09-18T04:51:06.000Z,256.05297,256.38697,0
1973-09-18T05:49:00.000Z,256.083,256.417,0
1973-09-18T06:47:01.000Z,256.083,256.417,0
1973-09-18T07:44:55.000Z,256.083,256.417,0
1973-09-18T08:42:56.000Z,256.083,256.417,0
1973-09-18T09:40:50.000Z,256.083,256.417,0
1973-09-18T10:38:51.000Z,256.03295,256.36695,0
1973-09-18T11:36:45.000Z,256.03295,256.36695,0
1973-09-18T12:27:32.000Z,256.04296,256.37696,0
1973-09-18T12:42:01.000Z,256.04296,256.37696,0
1973-09-18T13:39:54.000Z,256.04296,256.37696,0
1973-09-18T14:37:56.000Z,256.07299,256.40699,0
1973-09-18T15:35:49.000Z,256.07299,256.40699,0
1973-09-18T16:33:51.000Z,256.07299,256.40699,0
1973-09-18T17:31:52.000Z,256.03295,256.36695,0
1973-09-18T18:29:46.000Z,256.06298,256.39698,0
1973-09-18T19:27:47.000Z,256.07299,256.40699,0
1973-09-18T20:25:41.000Z,256.03295,256.36695,0
1973-09-18T21:23:42.000Z,256.00348,256.33648,0
1973-09-18T22:21:36.000Z,256.03295,256.36695,0
1973-09-18T23:19:37.000Z,256.03295,256.36695,0
1973-09-19T00:17:31.000Z,256.03295,256.36695,0
1973-09-19T01:15:32.000Z,256.03295,256.36695,0
1973-09-19T02:13:26.000Z,256.06298,256.39698,0
1973-09-19T03:11:27.000Z,256.06298,256.39698,0
1973-09-19T04:09:21.000Z,256.10346,256.43646,0
1973-09-19T04:52:54.000Z,256.09295,256.42695,0
1973-09-19T05:07:22.000Z,256.06298,256.39698,0
1973-09-19T06:05:16.000Z,256.06298,256.39698,0
1973-09-19T07:03:17.000Z,256.06348,256.39648,0
1973-09-19T08:01:11.000Z,256.06298,256.39698,0
1973-09-19T08:59:12.000Z,256.06298,256.39698,0
1973-09-19T09:57:06.000Z,256.03295,256.36695,0
1973-09-19T10:55:07.000Z,256.06348,256.39648,0
1973-09-19T11:53:01.000Z,256.06348,256.39648,0
1973-09-19T12:51:02.000Z,256.06298,256.39698,0
1973-09-19T14:08:52.000Z,256.09345,256.42645,0
1973-09-19T15:21:22.000Z,256.06348,256.39648,0
1973-09-19T16:19:23.000Z,256.03345,256.36645,0
1973-09-19T17:17:17.000Z,256.02344,256.35644,0
1973-09-19T18:15:18.000Z,256.06348,256.39648,0
1973-09-19T19:13:12.000Z,256.06348,256.39648,0
1973-09-19T20:11:13.000Z,256.02344,256.35644,0
1973-09-19T21:09:07.000Z,256.06348,256.39648,0
1973-09-19T22:07:08.000Z,256.05347,256.38647,0
1973-09-19T23:05:02.000Z,256.0835,256.4165,0
1973-09-20T00:03:03.000Z,256.09345,256.42645,0
1973-09-20T01:00:57.000Z,256.05347,256.38647,0
1973-09-20T01:58:58.000Z,256.02344,256.35644,0
1973-09-20T02:56:52.000Z,256.09345,256.42645,0
1973-09-20T03:54:53.000Z,256.02344,256.35644,0
1973-09-20T04:52:47.000Z,256.05347,256.38647,0
1973-09-20T05:50:48.000Z,256.05347,256.38647,0
1973-09-20T06:48:42.000Z,256.02344,256.35644,0
1973-09-20T07:46:43.000Z,256.05347,256.38647,0
1973-09-20T08:44:45.000Z,256.05347,256.38647,0
1973-09-20T09:42:38.000Z,256.05347,256.38647,0
1973-09-20T10:40:40.000Z,256.05347,256.38647,0
1973-09-20T11:38:33.000Z,256.05347,256.38647,0
1973-09-20T12:36:35.000Z,256.05347,256.38647,0
1973-09-20T13:41:43.000Z,256.05347,256.38647,0
1973-09-20T14:39:44.000Z,256.0835,256.4165,0
1973-09-20T14:54:13.000Z,256.05347,256.38647,0
1973-09-20T15:52:06.000Z,256.02344,256.35644,0
1973-09-20T16:50:08.000Z,256.05347,256.38647,0
1973-09-20T17:48:01.000Z,256.04346,256.37646,0
1973-09-20T18:46:03.000Z,256.0835,256.4165,0
1973-09-20T19:43:56.000Z,256.04346,256.37646,0
1973-09-20T20:41:58.000Z,256.0835,256.4165,0
1973-09-20T21:39:59.000Z,256.04346,256.37646,0
1973-09-20T22:37:53.000Z,256.0835,256.4165,0
1973-09-20T23:35:54.000Z,256.04346,256.37646,0
1973-09-21T00:33:48.000Z,256.0835,256.4165,0
1973-09-21T01:31:49.000Z,256.0835,256.4165,0
1973-09-21T02:29:43.000Z,256.04346,256.37646,0
1973-09-21T03:27:44.000Z,256.0835,256.4165,0
1973-09-21T04:25:38.000Z,256.0835,256.4165,0
1973-09-21T08:53:47.000Z,256.0835,256.4165,0
1973-09-21T09:51:40.000Z,256.04396,256.37596,0
1973-09-21T10:49:42.000Z,256.07349,256.40649,0
1973-09-21T11:47:35.000Z,256.00398,256.33598,0
1973-09-21T12:37:25.000Z,256.04346,256.37646,0
1973-09-21T13:35:27.000Z,256.0835,256.4165,0
1973-09-21T14:33:20.000Z,256.0835,256.4165,0
1973-09-21T15:31:22.000Z,256.04396,256.37596,0
1973-09-21T16:29:15.000Z,256.084,256.416,0
1973-09-21T17:34:31.000Z,256.084,256.416,0
1973-09-21T18:32:24.000Z,256.04346,256.37646,0
1973-09-21T19:30:26.000Z,256.07349,256.40649,0
1973-09-21T20:28:19.000Z,256.04346,256.37646,0
1973-09-21T21:26:21.000Z,256.00348,256.33648,0
1973-09-21T22:24:14.000Z,256.04346,256.37646,0
1973-09-21T23:22:16.000Z,256.04346,256.37646,0
1973-09-22T00:20:09.000Z,256.07399,256.40599,0
1973-09-22T01:18:11.000Z,256.10396,256.43596,0
1973-09-22T02:59:38.000Z,256.04396,256.37596,0
1973-09-22T03:57:31.000Z,256.07399,256.40599,0
1973-09-22T04:55:33.000Z,256.07399,256.40599,0
1973-09-22T05:53:26.000Z,256.10396,256.43596,0
1973-09-22T06:51:28.000Z,256.07399,256.40599,0
1973-09-22T07:49:21.000Z,256.07399,256.40599,0
1973-09-22T08:32:54.000Z,256.03395,256.36595,0
1973-09-22T09:01:51.000Z,256.00398,256.33598,0
1973-09-22T09:23:34.000Z,256.03395,256.36595,0
1973-09-22T09:30:48.000Z,256.07399,256.40599,0
1973-09-22T09:45:16.000Z,256.07399,256.40599,0
1973-09-22T10:43:18.000Z,256.07399,256.40599,0
1973-09-22T11:26:43.000Z,256.084,256.416,0
1973-09-22T12:24:44.000Z,256.07399,256.40599,0
1973-09-22T13:22:38.000Z,256.07399,256.40599,0
1973-09-22T14:06:11.000Z,256.03395,256.36595,0
1973-09-22T15:04:04.000Z,256.06398,256.39598,0
1973-09-22T16:02:06.000Z,256.03395,256.36595,0
1973-09-22T16:59:59.000Z,256.04396,256.37596,0
1973-09-22T17:58:01.000Z,256.144,256.476,0
1973-09-22T18:55:54.000Z,256.07399,256.40599,0
1973-09-22T19:53:56.000Z,256.03395,256.36595,0
1973-09-22T20:51:49.000Z,256.03395,256.36595,0
1973-09-22T21:49:51.000Z,256.07399,256.40599,0
1973-09-22T22:47:53.000Z,256.06398,256.39598,0
1973-09-22T23:45:46.000Z,256.144,256.476,0
1973-09-23T00:07:29.000Z,256.06398,256.39598,0
1973-09-23T01:05:30.000Z,256.03395,256.36595,0
1973-09-23T02:03:24.000Z,256.03395,256.36595,0
1973-09-23T03:01:25.000Z,256.10396,256.43596,0
1973-09-23T03:59:19.000Z,256.06398,256.39598,0
1973-09-23T04:57:20.000Z,256.10396,256.43596,0
1973-09-23T05:55:14.000Z,256.06398,256.39598,0
1973-09-23T06:53:15.000Z,256.02394,256.35594,0
1973-09-23T07:51:09.000Z,256.06398,256.39598,0
1973-09-23T08:49:10.000Z,256.06398,256.39598,0
1973-09-23T09:47:04.000Z,256.06398,256.39598,0
1973-09-23T10:45:05.000Z,256.06398,256.39598,0
1973-09-23T11:43:07.000Z,256.06398,256.39598,0
1973-09-23T12:41:00.000Z,256.09395,256.42595,0
1973-09-23T13:39:02.000Z,256.02394,256.35594,0
1973-09-23T14:36:55.000Z,256.06398,256.39598,0
1973-09-23T15:34:57.000Z,256.06398,256.39598,0
1973-09-23T16:32:50.000Z,256.06398,256.39598,0
1973-09-23T17:30:52.000Z,256.02394,256.35594,0
1973-09-23T18:28:45.000Z,256.144,256.476,0
1973-09-23T19:19:33.000Z,256.06398,256.39598,0
1973-09-23T20:17:26.000Z,256.07399,256.40599,0
1973-09-23T21:15:28.000Z,256.06448,256.39548,0
1973-09-23T22:13:21.000Z,256.06448,256.39548,0
1973-09-23T23:11:23.000Z,256.06448,256.39548,0
1973-09-23T23:33:05.000Z,256.02394,256.35594,0
1973-09-24T00:02:02.000Z,256.06398,256.39598,0
1973-09-24T01:00:04.000Z,256.06448,256.39548,0
1973-09-24T01:50:43.000Z,256.06398,256.39598,0
1973-09-24T02:48:44.000Z,256.06398,256.39598,0
1973-09-24T03:46:38.000Z,256.06448,256.39548,0
1973-09-24T04:44:39.000Z,256.06448,256.39548,0
1973-09-24T05:42:33.000Z,256.10446,256.43546,0
1973-09-24T06:04:15.000Z,256.06448,256.39548,0
1973-09-24T07:02:17.000Z,256.06448,256.39548,0
1973-09-24T08:00:18.000Z,256.06448,256.39548,0
1973-09-24T08:58:12.000Z,256.02444,256.35544,0
1973-09-24T09:56:13.000Z,256.06448,256.39548,0
1973-09-24T10:54:07.000Z,256.06448,256.39548,0
1973-09-24T11:52:08.000Z,256.06448,256.39548,0
1973-09-24T12:50:02.000Z,256.09445,256.42545,0
1973-09-24T13:26:13.000Z,256.02444,256.35544,0
1973-09-24T14:17:58.000Z,256.02444,256.35544,0
1973-09-24T15:15:51.000Z,256.06448,256.39548,0
1973-09-24T15:37:33.000Z,256.09445,256.42545,0
1973-09-24T16:35:35.000Z,256.06448,256.39548,0
1973-09-24T17:33:28.000Z,256.05447,256.38547,0
1973-09-24T18:31:30.000Z,256.06448,256.39548,0
1973-09-24T19:29:24.000Z,256.02444,256.35544,0
1973-09-24T20:27:25.000Z,256.06448,256.39548,0
1973-09-24T21:25:19.000Z,256.06448,256.39548,0
1973-09-24T22:23:20.000Z,256.06448,256.39548,0
1973-09-24T23:21:14.000Z,256.06448,256.39548,0
1973-09-25T00:19:15.000Z,256.06448,256.39548,0
1973-09-25T01:31:45.000Z,256.06448,256.39548,0
1973-09-25T02:29:38.000Z,256.0845,256.4155,0
1973-09-25T02:51:21.000Z,256.02444,256.35544,0
1973-09-25T03:49:23.000Z,256.09445,256.42545,0
1973-09-25T04:47:16.000Z,256.02444,256.35544,0
1973-09-25T05:45:18.000Z,256.05447,256.38547,0
1973-09-25T06:43:11.000Z,256.02444,256.35544,0
1973-09-25T06:57:48.000Z,256.06448,256.39548,0
1973-09-25T07:55:41.000Z,256.09445,256.42545,0
1973-09-25T08:53:43.000Z,256.05447,256.38547,0
1973-09-25T09:51:36.000Z,256.02444,256.35544,0
1973-09-25T10:56:52.000Z,256.05447,256.38547,0
1973-09-25T11:54:45.000Z,256.06448,256.39548,0
1973-09-25T12:52:47.000Z,256.05447,256.38547,0
1973-09-25T13:50:40.000Z,256.02444,256.35544,0
1973-09-25T14:48:42.000Z,256.05447,256.38547,0
1973-09-25T15:46:35.000Z,256.09445,256.42545,0
1973-09-25T16:44:37.000Z,256.05447,256.38547,0
1973-09-25T17:42:30.000Z,256.05447,256.38547,0
1973-09-25T18:40:32.000Z,256.12448,256.45548,0
1973-09-25T19:38:25.000Z,256.04446,256.37546,0
1973-09-25T20:36:27.000Z,256.05447,256.38547,0
1973-09-25T21:34:28.000Z,256.01449,256.34549,0
1973-09-25T21:56:11.000Z,256.0845,256.4155,0
1973-09-25T22:54:04.000Z,256.05447,256.38547,0
1973-09-25T23:52:06.000Z,256.09445,256.42545,0
1973-09-26T00:49:59.000Z,256.05447,256.38547,0
1973-09-26T01:48:01.000Z,256.05447,256.38547,0
1973-09-26T02:45:54.000Z,256.0845,256.4155,0
1973-09-26T03:00:23.000Z,256.05447,256.38547,0
1973-09-26T03:29:28.000Z,256.0845,256.4155,0
1973-09-26T04:27:21.000Z,256.12448,256.45548,0
1973-09-26T04:56:26.000Z,256.12448,256.45548,0
1973-09-26T05:54:19.000Z,256.05447,256.38547,0
1973-09-26T06:52:21.000Z,256.05447,256.38547,0
1973-09-26T07:50:14.000Z,256.05447,256.38547,0
1973-09-26T08:48:16.000Z,256.12448,256.45548,0
1973-09-26T09:17:13.000Z,256.0845,256.4155,0
1973-09-26T10:15:06.000Z,256.05447,256.38547,0
1973-09-26T10:22:20.000Z,256.05447,256.38547,0
1973-09-26T10:36:57.000Z,256.05447,256.38547,0
1973-09-26T10:44:11.000Z,256.05447,256.38547,0
1973-09-26T11:27:36.000Z,256.0845,256.4155,0
1973-09-26T12:25:38.000Z,256.04446,256.37546,0
1973-09-26T13:01:48.000Z,256.05447,256.38547,0
1973-09-26T13:37:59.000Z,256.0845,256.4155,0
1973-09-26T14:36:01.000Z,256.05447,256.38547,0
1973-09-26T15:33:54.000Z,256.0845,256.4155,0
1973-09-26T16:31:56.000Z,256.01449,256.34549,0
1973-09-26T17:29:49.000Z,256.0845,256.4155,0
1973-09-26T18:27:51.000Z,256.04446,256.37546,0
1973-09-26T19:25:44.000Z,256.0845,256.4155,0
1973-09-26T20:57:13.000Z,256.0845,256.4155,0
1973-09-26T21:55:15.000Z,256.04446,256.37546,0
1973-09-26T22:53:08.000Z,256.0845,256.4155,0
1973-09-26T23:51:10.000Z,256.0845,256.4155,0
1973-09-27T00:49:03.000Z,256.05497,256.38497,0
1973-09-27T01:47:05.000Z,256.0845,256.4155,0
1973-09-27T02:44:58.000Z,256.085,256.415,0
1973-09-27T03:43:00.000Z,256.085,256.415,0
1973-09-27T04:41:01.000Z,256.085,256.415,0
1973-09-27T05:38:55.000Z,256.085,256.415,0
1973-09-27T06:36:56.000Z,256.085,256.415,0
1973-09-27T07:42:04.000Z,256.05447,256.38547,0
1973-09-27T08:03:46.000Z,256.05497,256.38497,0
1973-09-27T09:01:48.000Z,256.02494,256.35494,0
1973-09-27T10:06:56.000Z,256.085,256.415,0
1973-09-27T10:50:29.000Z,256.05497,256.38497,0
1973-09-27T10:57:43.000Z,256.085,256.415,0
1973-09-27T11:12:11.000Z,256.085,256.415,0
1973-09-27T11:41:08.000Z,256.085,256.415,0
1973-09-27T12:02:59.000Z,256.05497,256.38497,0
1973-09-27T12:10:13.000Z,256.02494,256.35494,0
1973-09-27T12:31:55.000Z,256.05447,256.38547,0
1973-09-27T13:00:52.000Z,256.02494,256.35494,0
1973-09-27T13:58:54.000Z,256.05497,256.38497,0
1973-09-27T14:56:47.000Z,256.085,256.415,0
1973-09-27T15:54:49.000Z,256.0845,256.4155,0
1973-09-27T16:52:42.000Z,256.085,256.415,0
1973-09-27T17:50:44.000Z,256.05497,256.38497,0
1973-09-27T18:48:37.000Z,256.085,256.415,0
1973-09-27T19:46:39.000Z,256.12498,256.45498,0
1973-09-27T20:44:32.000Z,256.085,256.415,0
1973-09-27T20:59:01.000Z,256.085,256.415,0
1973-09-27T21:20:51.000Z,256.085,256.415,0
1973-09-27T22:18:45.000Z,256.085,256.415,0
1973-09-27T23:16:46.000Z,256.085,256.415,0
1973-09-28T00:14:40.000Z,256.085,256.415,0
1973-09-28T01:12:41.000Z,256.085,256.415,0
1973-09-28T02:10:35.000Z,256.085,256.415,0
1973-09-28T03:08:36.000Z,256.085,256.415,0
1973-09-28T04:06:30.000Z,256.085,256.415,0
1973-09-28T05:04:31.000Z,256.04496,256.37496,0
1973-09-28T05:55:11.000Z,256.04496,256.37496,0
1973-09-28T06:16:53.000Z,256.04496,256.37496,0
1973-09-28T06:38:44.000Z,256.085,256.415,0
1973-09-28T07:00:26.000Z,256.085,256.415,0
1973-09-28T07:58:20.000Z,256.05497,256.38497,0
1973-09-28T08:20:10.000Z,256.085,256.415,0
1973-09-28T08:34:39.000Z,256.085,256.415,0
1973-09-28T08:41:53.000Z,256.085,256.415,0
1973-09-28T09:39:46.000Z,256.085,256.415,0
1973-09-28T09:54:15.000Z,256.04496,256.37496,0
1973-09-28T10:59:30.000Z,256.085,256.415,0
1973-09-28T11:57:24.000Z,256.04496,256.37496,0
1973-09-28T12:33:43.000Z,256.085,256.415,0
1973-09-28T13:31:36.000Z,256.085,256.415,0
1973-09-28T14:35:06.000Z,256.085,256.415,0
1973-09-28T14:42:20.000Z,256.12498,256.45498,0
1973-09-28T15:25:45.000Z,256.085,256.415,0
1973-09-28T16:23:46.000Z,256.085,256.415,0
1973-09-28T17:21:40.000Z,256.04496,256.37496,0
1973-09-28T18:26:56.000Z,256.085,256.415,0
1973-09-28T19:10:21.000Z,256.085,256.415,0
1973-09-28T20:08:22.000Z,256.085,256.415,0
1973-09-28T21:06:16.000Z,256.085,256.415,0
1973-09-28T22:04:17.000Z,256.07499,256.40499,0
1973-09-28T23:02:11.000Z,256.04496,256.37496,0
1973-09-29T00:00:12.000Z,256.04496,256.37496,0
1973-09-29T00:58:06.000Z,256.0855,256.4145,0
1973-09-29T01:56:07.000Z,256.07499,256.40499,0
1973-09-29T02:54:01.000Z,256.085,256.415,0
1973-09-29T03:52:02.000Z,256.085,256.415,0
1973-09-29T04:49:56.000Z,256.0855,256.4145,0
1973-09-29T05:04:32.000Z,256.085,256.415,0
1973-09-29T05:33:29.000Z,256.07499,256.40499,0
1973-09-29T06:02:26.000Z,256.0855,256.4145,0
1973-09-29T06:16:54.000Z,256.07499,256.40499,0
1973-09-29T06:45:51.000Z,256.0855,256.4145,0
1973-09-29T07:14:56.000Z,256.0855,256.4145,0
1973-09-29T07:22:10.000Z,256.0855,256.4145,0
1973-09-29T07:43:52.000Z,256.085,256.415,0
1973-09-29T08:12:49.000Z,256.085,256.415,0
1973-09-29T08:56:22.000Z,256.085,256.415,0
1973-09-29T09:18:05.000Z,256.0855,256.4145,0
1973-09-29T09:39:47.000Z,256.0855,256.4145,0
1973-09-29T09:54:16.000Z,256.0855,256.4145,0
1973-09-29T10:01:30.000Z,256.07549,256.40449,0
1973-09-29T10:23:12.000Z,256.085,256.415,0
1973-09-29T10:52:17.000Z,256.085,256.415,0
1973-09-29T11:57:25.000Z,256.07549,256.40449,0
1973-09-29T12:11:53.000Z,256.04546,256.37446,0
1973-09-29T12:40:58.000Z,256.0855,256.4145,0
1973-09-29T13:09:55.000Z,256.04496,256.37496,0
1973-09-29T13:24:23.000Z,256.0855,256.4145,0
1973-09-29T13:38:52.000Z,256.07549,256.40449,0
1973-09-29T14:07:48.000Z,256.0855,256.4145,0
1973-09-29T15:05:50.000Z,256.04546,256.37446,0
1973-09-29T15:34:47.000Z,256.04546,256.37446,0
1973-09-29T16:32:48.000Z,256.0855,256.4145,0
1973-09-29T16:40:02.000Z,256.04546,256.37446,0
1973-09-29T16:54:31.000Z,256.0855,256.4145,0
1973-09-29T17:01:45.000Z,256.0855,256.4145,0
1973-09-29T17:59:46.000Z,256.04546,256.37446,0
1973-09-29T18:14:15.000Z,256.07549,256.40449,0
1973-09-29T19:04:54.000Z,256.0855,256.4145,0
1973-09-29T19:41:05.000Z,256.04546,256.37446,0
1973-09-29T20:02:56.000Z,256.0855,256.4145,0
1973-09-29T21:00:49.000Z,256.0855,256.4145,0
1973-09-29T21:58:51.000Z,256.0855,256.4145,0
1973-09-29T22:56:44.000Z,256.0855,256.4145,0
1973-09-29T23:40:17.000Z,256.0855,256.4145,0
1973-09-30T00:02:00.000Z,256.0855,256.4145,0
1973-09-30T00:59:53.000Z,256.04546,256.37446,0
1973-09-30T01:43:27.000Z,256.0855,256.4145,0
1973-09-30T01:50:41.000Z,256.0855,256.4145,0
1973-09-30T02:55:48.000Z,256.04546,256.37446,0
1973-09-30T03:24:53.000Z,256.0855,256.4145,0
1973-09-30T04:22:47.000Z,256.0855,256.4145,0
1973-09-30T05:20:48.000Z,256.0855,256.4145,0
1973-09-30T06:25:56.000Z,256.0855,256.4145,0
1973-09-30T06:33:10.000Z,256.0855,256.4145,0
1973-09-30T08:07:22.000Z,256.04546,256.37446,0
1973-09-30T09:27:07.000Z,256.0855,256.4145,0
1973-09-30T09:56:03.000Z,256.0855,256.4145,0
1973-09-30T10:10:32.000Z,256.11547,256.44447,0
1973-09-30T11:01:19.000Z,256.07549,256.40449,0
1973-09-30T11:15:47.000Z,256.0855,256.4145,0
1973-09-30T11:44:44.000Z,256.07549,256.40449,0
1973-09-30T12:35:32.000Z,256.0855,256.4145,0
1973-09-30T13:33:25.000Z,256.0855,256.4145,0
1973-09-30T14:31:27.000Z,256.0855,256.4145,0
1973-09-30T15:29:20.000Z,256.0855,256.4145,0
1973-09-30T16:27:22.000Z,256.0855,256.4145,0
1973-09-30T17:25:15.000Z,256.0855,256.4145,0
1973-09-30T18:23:17.000Z,256.0855,256.4145,0
1973-09-30T19:21:10.000Z,256.04546,256.37446,0
1973-09-30T20:19:12.000Z,256.0855,256.4145,0
1973-09-30T20:48:08.000Z,256.0855,256.4145,0
1973-09-30T21:24:19.000Z,256.04546,256.37446,0
1973-09-30T22:22:13.000Z,256.04546,256.37446,0
1973-09-30T23:20:14.000Z,256.0855,256.4145,0
1973-10-01T00:18:16.000Z,256.04546,256.37446,0
1973-10-01T01:16:09.000Z,256.07549,256.40449,0
1973-10-01T02:14:11.000Z,256.0855,256.4145,0
1973-10-01T03:12:12.000Z,256.0855,256.4145,0
1973-10-01T04:10:06.000Z,256.0855,256.4145,0
1973-10-01T05:08:07.000Z,256.07549,256.40449,0
1973-10-01T06:06:01.000Z,256.01549,256.34449,0
1973-10-01T07:25:45.000Z,256.04546,256.37446,0
1973-10-01T08:16:24.000Z,256.11547,256.44447,0
1973-10-01T08:38:07.000Z,256.0855,256.4145,0
1973-10-01T08:59:57.000Z,256.11547,256.44447,0
1973-10-01T09:14:26.000Z,256.07549,256.40449,0
1973-10-01T09:50:37.000Z,256.04546,256.37446,0
1973-10-01T09:57:51.000Z,256.07549,256.40449,0
1973-10-01T10:12:19.000Z,256.04546,256.37446,0
1973-10-01T10:41:24.000Z,256.01549,256.34449,0
1973-10-01T10:55:52.000Z,256.04546,256.37446,0
1973-10-01T11:53:46.000Z,256.07549,256.40449,0
1973-10-01T12:51:47.000Z,256.07549,256.40449,0
1973-10-01T13:49:41.000Z,256.11547,256.44447,0
1973-10-01T14:47:42.000Z,256.04546,256.37446,0
1973-10-01T15:45:36.000Z,256.04546,256.37446,0
1973-10-01T16:43:37.000Z,256.01549,256.34449,0
1973-10-01T17:41:31.000Z,256.01549,256.34449,0
1973-10-01T18:39:32.000Z,256.07549,256.40449,0
1973-10-01T19:37:26.000Z,256.0855,256.4145,0
1973-10-01T20:35:27.000Z,256.06548,256.39448,0
1973-10-01T21:33:21.000Z,256.0855,256.4145,0
1973-10-01T22:16:54.000Z,256.07599,256.40399,0
1973-10-01T22:31:22.000Z,256.07549,256.40449,0
1973-10-01T23:29:16.000Z,256.09545,256.42445,0
1973-10-02T00:27:17.000Z,256.07549,256.40449,0
1973-10-02T01:25:19.000Z,256.04546,256.37446,0
1973-10-02T02:23:12.000Z,256.05597,256.38397,0
1973-10-02T03:21:14.000Z,256.06548,256.39448,0
1973-10-02T05:05:16.000Z,256.06548,256.39448,0
1973-10-02T06:03:18.000Z,256.086,256.414,0
1973-10-02T07:01:11.000Z,256.07549,256.40449,0
1973-10-02T07:59:13.000Z,256.07549,256.40449,0
1973-10-02T08:57:06.000Z,256.06598,256.39398,0
1973-10-02T09:55:08.000Z,256.05597,256.38397,0
1973-10-02T10:53:10.000Z,256.06598,256.39398,0
1973-10-02T11:51:03.000Z,256.06598,256.39398,0
1973-10-02T12:49:05.000Z,256.09545,256.42445,0
1973-10-02T13:46:58.000Z,256.06598,256.39398,0
1973-10-02T14:45:00.000Z,256.03595,256.36395,0
1973-10-02T15:42:53.000Z,256.06548,256.39448,0
1973-10-02T16:40:55.000Z,256.06598,256.39398,0
1973-10-02T17:38:48.000Z,256.06598,256.39398,0
1973-10-02T18:36:50.000Z,256.06598,256.39398,0
1973-10-02T19:34:43.000Z,256.06598,256.39398,0
1973-10-02T20:32:45.000Z,256.06548,256.39448,0
1973-10-02T21:16:10.000Z,256.06598,256.39398,0
1973-10-02T22:14:11.000Z,256.10596,256.43396,0
1973-10-02T23:11:56.000Z,256.06598,256.39398,0
1973-10-03T00:10:06.000Z,256.06548,256.39448,0
1973-10-03T01:08:00.000Z,256.03595,256.36395,0
1973-10-03T01:58:39.000Z,256.10596,256.43396,0
1973-10-03T02:56:40.000Z,256.10596,256.43396,0
1973-10-03T03:54:42.000Z,256.07599,256.40399,0
1973-10-03T04:52:36.000Z,256.10596,256.43396,0
1973-10-03T05:50:37.000Z,256.10596,256.43396,0
1973-10-03T06:48:31.000Z,256.06598,256.39398,0
1973-10-03T07:46:32.000Z,256.06598,256.39398,0
1973-10-03T08:44:26.000Z,256.06598,256.39398,0
1973-10-03T09:42:27.000Z,256.03595,256.36395,0
1973-10-03T10:40:21.000Z,256.07599,256.40399,0
1973-10-03T11:38:22.000Z,256.07599,256.40399,0
1973-10-03T12:36:24.000Z,256.11597,256.44397,0
1973-10-03T13:34:17.000Z,256.07599,256.40399,0
1973-10-03T14:32:19.000Z,256.07599,256.40399,0
1973-10-03T15:30:12.000Z,256.10596,256.43396,0
1973-10-03T16:49:56.000Z,256.07599,256.40399,0
1973-10-03T17:47:50.000Z,256.086,256.414,0
1973-10-03T18:45:51.000Z,256.07599,256.40399,0
1973-10-03T19:43:45.000Z,256.07599,256.40399,0
1973-10-03T20:41:46.000Z,256.04596,256.37396,0
1973-10-03T21:39:40.000Z,256.04596,256.37396,0
1973-10-03T22:37:41.000Z,256.12598,256.45398,0
1973-10-03T23:35:43.000Z,256.086,256.414,0
1973-10-04T00:33:36.000Z,256.07599,256.40399,0
1973-10-04T01:31:38.000Z,256.11597,256.44397,0
1973-10-04T02:29:31.000Z,256.11597,256.44397,0
1973-10-04T02:58:28.000Z,256.04596,256.37396,0
1973-10-04T03:56:30.000Z,256.086,256.414,0
1973-10-04T04:54:23.000Z,256.04596,256.37396,0
1973-10-04T05:52:25.000Z,256.11597,256.44397,0
1973-10-04T06:06:53.000Z,256.04596,256.37396,0
1973-10-04T07:04:55.000Z,256.07599,256.40399,0
1973-10-04T08:02:48.000Z,256.07649,256.40349,0
1973-10-04T09:00:50.000Z,256.10596,256.43396,0
1973-10-04T09:58:43.000Z,256.04646,256.37346,0
1973-10-04T10:56:45.000Z,256.07599,256.40399,0
1973-10-04T11:54:38.000Z,256.07649,256.40349,0
1973-10-04T12:52:40.000Z,256.04596,256.37396,0
1973-10-04T13:50:33.000Z,256.07649,256.40349,0
1973-10-04T14:48:35.000Z,256.10596,256.43396,0
1973-10-04T15:46:28.000Z,256.07649,256.40349,0
1973-10-04T16:44:30.000Z,256.07599,256.40399,0
1973-10-04T17:42:23.000Z,256.04646,256.37346,0
1973-10-04T18:40:25.000Z,256.04646,256.37346,0
1973-10-04T19:09:21.000Z,256.07649,256.40349,0
1973-10-04T19:23:50.000Z,256.04646,256.37346,0
1973-10-04T19:38:18.000Z,256.04646,256.37346,0
1973-10-04T20:36:20.000Z,256.07649,256.40349,0
1973-10-04T21:19:45.000Z,256.10646,256.43346,0
1973-10-04T21:34:13.000Z,256.04646,256.37346,0
1973-10-04T22:17:46.000Z,256.0865,256.4135,0
1973-10-04T22:46:43.000Z,256.07649,256.40349,0
1973-10-04T23:44:45.000Z,256.0865,256.4135,0
1973-10-05T00:42:38.000Z,256.04646,256.37346,0
1973-10-05T00:57:06.000Z,256.0865,256.4135,0
1973-10-05T01:55:08.000Z,256.086,256.414,0
1973-10-05T02:53:01.000Z,256.0865,256.4135,0
1973-10-05T03:51:03.000Z,256.0865,256.4135,0
1973-10-05T04:48:56.000Z,256.00648,256.33348,0
1973-10-05T05:46:58.000Z,256.0865,256.4135,0
1973-10-05T06:45:00.000Z,256.11647,256.44347,0
1973-10-05T07:42:53.000Z,256.0865,256.4135,0
1973-10-05T08:40:55.000Z,256.11647,256.44347,0
1973-10-05T09:38:48.000Z,256.07649,256.40349,0
1973-10-05T10:36:50.000Z,256.05647,256.38347,0
1973-10-05T11:34:43.000Z,256.11647,256.44347,0
1973-10-05T12:32:45.000Z,256.11647,256.44347,0
1973-10-05T13:45:06.000Z,256.0865,256.4135,0
1973-10-05T13:59:43.000Z,256.11647,256.44347,0
1973-10-05T14:57:36.000Z,256.11647,256.44347,0
1973-10-05T16:08:12.000Z,256.11647,256.44347,0
1973-10-05T16:51:45.000Z,256.0865,256.4135,0
1973-10-05T17:06:13.000Z,256.0865,256.4135,0
1973-10-05T17:20:42.000Z,256.0865,256.4135,0
1973-10-05T17:56:52.000Z,256.0865,256.4135,0
1973-10-05T18:18:43.000Z,256.0865,256.4135,0
1973-10-05T18:40:26.000Z,256.04646,256.37346,0
1973-10-05T19:02:08.000Z,256.0865,256.4135,0
1973-10-05T19:16:37.000Z,256.0865,256.4135,0
1973-10-05T20:14:38.000Z,256.0865,256.4135,0
1973-10-05T21:12:32.000Z,256.0865,256.4135,0
1973-10-05T22:10:33.000Z,256.0865,256.4135,0
1973-10-05T23:08:27.000Z,256.0865,256.4135,0
1973-10-06T00:06:28.000Z,256.0865,256.4135,0
1973-10-06T01:04:22.000Z,256.0865,256.4135,0
1973-10-06T02:02:23.000Z,256.0865,256.4135,0
1973-10-06T03:00:17.000Z,256.0865,256.4135,0
1973-10-06T03:58:18.000Z,256.0865,256.4135,0
1973-10-06T04:56:12.000Z,256.11647,256.44347,0
1973-10-06T05:54:13.000Z,256.11647,256.44347,0
1973-10-06T06:52:15.000Z,256.11647,256.44347,0
1973-10-06T07:35:40.000Z,256.0865,256.4135,0
1973-10-06T08:33:33.000Z,256.11647,256.44347,0
1973-10-06T09:17:06.000Z,256.11647,256.44347,0
1973-10-06T09:31:35.000Z,256.07649,256.40349,0
1973-10-06T10:00:32.000Z,256.11647,256.44347,0
1973-10-06T10:44:05.000Z,256.11647,256.44347,0
1973-10-06T10:58:33.000Z,256.10646,256.43346,0
1973-10-06T11:34:44.000Z,256.087,256.413,0
1973-10-06T12:03:41.000Z,256.0865,256.4135,0
1973-10-06T12:47:14.000Z,256.0865,256.4135,0
1973-10-06T13:45:07.000Z,256.11697,256.44297,0
1973-10-06T14:43:09.000Z,256.0865,256.4135,0
1973-10-06T15:48:17.000Z,256.11647,256.44347,0
1973-10-06T16:46:18.000Z,256.11647,256.44347,0
1973-10-06T17:44:20.000Z,256.0865,256.4135,0
1973-10-06T18:42:13.000Z,256.15645,256.48345,0
1973-10-06T19:40:15.000Z,256.0865,256.4135,0
1973-10-06T20:38:08.000Z,256.11647,256.44347,0
1973-10-06T21:36:10.000Z,256.11647,256.44347,0
1973-10-06T22:34:03.000Z,256.04696,256.37296,0
1973-10-06T23:32:05.000Z,256.11697,256.44297,0
1973-10-07T00:29:58.000Z,256.11697,256.44297,0
1973-10-07T01:28:00.000Z,256.11697,256.44297,0
1973-10-07T02:25:53.000Z,256.0865,256.4135,0
1973-10-07T03:23:55.000Z,256.087,256.413,0
1973-10-07T04:21:48.000Z,256.11647,256.44347,0
1973-10-07T05:19:50.000Z,256.0865,256.4135,0
1973-10-07T06:17:51.000Z,256.087,256.413,0
1973-10-07T07:15:45.000Z,256.11697,256.44297,0
1973-10-07T07:44:42.000Z,256.11697,256.44297,0
1973-10-07T07:59:10.000Z,256.087,256.413,0
1973-10-07T08:35:29.000Z,256.11697,256.44297,0
1973-10-07T08:49:57.000Z,256.087,256.413,0
1973-10-07T09:26:08.000Z,256.11697,256.44297,0
1973-10-07T09:40:37.000Z,256.11697,256.44297,0
1973-10-07T09:55:13.000Z,256.11697,256.44297,0
1973-10-07T10:31:24.000Z,256.11697,256.44297,0
1973-10-07T11:29:17.000Z,256.07699,256.40299,0
1973-10-07T12:27:19.000Z,256.11697,256.44297,0
1973-10-07T13:25:12.000Z,256.11647,256.44347,0
1973-10-07T14:23:14.000Z,256.11697,256.44297,0
1973-10-07T15:21:16.000Z,256.11697,256.44297,0
1973-10-07T16:19:09.000Z,256.11697,256.44297,0
1973-10-07T16:40:52.000Z,256.15695,256.48295,0
1973-10-07T17:38:53.000Z,256.15695,256.48295,0
1973-10-07T18:36:47.000Z,256.10696,256.43296,0
1973-10-07T19:34:48.000Z,256.11697,256.44297,0
1973-10-07T20:32:42.000Z,256.07699,256.40299,0
1973-10-07T21:30:43.000Z,256.18698,256.51298,0
1973-10-07T22:14:08.000Z,256.147,256.473,0
1973-10-07T23:04:56.000Z,256.18698,256.51298,0
1973-10-08T00:02:49.000Z,256.11697,256.44297,0
1973-10-08T01:00:51.000Z,256.07699,256.40299,0
1973-10-08T01:58:44.000Z,256.11697,256.44297,0
1973-10-08T02:56:46.000Z,256.11697,256.44297,0
1973-10-08T03:54:39.000Z,256.07699,256.40299,0
1973-10-08T04:52:41.000Z,256.11697,256.44297,0
1973-10-08T05:57:56.000Z,256.07699,256.40299,0
1973-10-08T06:41:21.000Z,256.11697,256.44297,0
1973-10-08T07:39:23.000Z,256.07699,256.40299,0
1973-10-08T08:37:16.000Z,256.07699,256.40299,0
1973-10-08T08:58:59.000Z,256.11697,256.44297,0
1973-10-08T09:13:27.000Z,256.07699,256.40299,0
1973-10-08T09:28:04.000Z,256.11697,256.44297,0
1973-10-08T10:25:57.000Z,256.07699,256.40299,0
1973-10-08T11:23:59.000Z,256.07699,256.40299,0
1973-10-08T12:21:52.000Z,256.07749,256.40249,0
1973-10-08T13:19:54.000Z,256.10696,256.43296,0
1973-10-08T14:17:47.000Z,256.07699,256.40299,0
1973-10-08T15:33:50.000Z,256.10696,256.43296,0
1973-10-08T15:48:27.000Z,256.10696,256.43296,0
1973-10-08T16:46:20.000Z,256.147,256.473,0
1973-10-08T17:44:22.000Z,256.10696,256.43296,0
1973-10-08T18:42:15.000Z,256.11697,256.44297,0
1973-10-08T19:40:17.000Z,256.10696,256.43296,0
1973-10-08T20:38:10.000Z,256.10746,256.43246,0
1973-10-08T21:36:12.000Z,256.11697,256.44297,0
1973-10-08T22:34:05.000Z,256.11747,256.44247,0
1973-10-08T23:32:07.000Z,256.147,256.473,0
1973-10-09T00:30:00.000Z,256.1475,256.4725,0
1973-10-09T01:28:02.000Z,256.11697,256.44297,0
1973-10-09T02:25:55.000Z,256.11747,256.44247,0
1973-10-09T03:23:57.000Z,256.11697,256.44297,0
1973-10-09T04:21:58.000Z,256.11697,256.44297,0
1973-10-09T05:05:24.000Z,256.11697,256.44297,0
1973-10-09T05:48:49.000Z,256.11697,256.44297,0
1973-10-09T06:46:50.000Z,256.11697,256.44297,0
1973-10-09T07:44:44.000Z,256.07699,256.40299,0
1973-10-09T08:42:45.000Z,256.11697,256.44297,0
1973-10-09T09:04:28.000Z,256.11697,256.44297,0
1973-10-09T10:02:29.000Z,256.11697,256.44297,0
1973-10-09T11:00:23.000Z,256.11747,256.44247,0
1973-10-09T11:58:24.000Z,256.15695,256.48295,0
1973-10-09T12:56:18.000Z,256.147,256.473,0
1973-10-09T13:54:19.000Z,256.07749,256.40249,0
1973-10-09T14:52:13.000Z,256.11747,256.44247,0
1973-10-09T15:50:14.000Z,256.11697,256.44297,0
1973-10-09T16:48:08.000Z,256.11747,256.44247,0
1973-10-09T17:46:09.000Z,256.11747,256.44247,0
1973-10-09T18:44:11.000Z,256.15745,256.48245,0
1973-10-09T19:42:04.000Z,256.11747,256.44247,0
1973-10-09T20:40:06.000Z,256.11697,256.44297,0
1973-10-09T21:37:59.000Z,256.147,256.473,0
1973-10-09T22:36:01.000Z,256.15695,256.48295,0
1973-10-09T23:33:54.000Z,256.11747,256.44247,0
1973-10-10T00:31:56.000Z,256.04746,256.37246,0
1973-10-10T01:29:49.000Z,256.11747,256.44247,0
1973-10-10T02:27:51.000Z,256.0875,256.4125,0
1973-10-10T03:25:44.000Z,256.15695,256.48295,0
1973-10-10T04:23:46.000Z,256.11747,256.44247,0
1973-10-10T05:21:39.000Z,256.15745,256.48245,0
1973-10-10T06:14:13.000Z,256.0875,256.4125,0
1973-10-10T07:12:15.000Z,256.07749,256.40249,0
1973-10-10T07:33:57.000Z,256.11747,256.44247,0
1973-10-10T08:31:51.000Z,256.11747,256.44247,0
1973-10-10T09:29:52.000Z,256.1475,256.4725,0
1973-10-10T10:27:54.000Z,256.11747,256.44247,0
1973-10-10T11:25:47.000Z,256.07749,256.40249,0
1973-10-10T12:23:49.000Z,256.15745,256.48245,0
1973-10-10T13:21:42.000Z,256.11747,256.44247,0
1973-10-10T14:19:44.000Z,256.11747,256.44247,0
1973-10-10T15:17:37.000Z,256.11747,256.44247,0
1973-10-10T16:15:39.000Z,256.11747,256.44247,0
1973-10-10T17:13:32.000Z,256.07749,256.40249,0
1973-10-10T18:11:34.000Z,256.11747,256.44247,0
1973-10-10T19:09:27.000Z,256.11747,256.44247,0
1973-10-10T20:07:29.000Z,256.11747,256.44247,0
1973-10-10T21:05:22.000Z,256.11747,256.44247,0
1973-10-10T22:03:24.000Z,256.11747,256.44247,0
1973-10-10T23:01:17.000Z,256.15745,256.48245,0
1973-10-10T23:52:05.000Z,256.11747,256.44247,0
1973-10-11T00:06:33.000Z,256.11747,256.44247,0
1973-10-11T00:28:16.000Z,256.11747,256.44247,0
1973-10-11T00:49:58.000Z,256.11747,256.44247,0
1973-10-11T01:26:17.000Z,256.1475,256.4725,0
1973-10-11T02:24:11.000Z,256.07749,256.40249,0
1973-10-11T03:22:12.000Z,256.11747,256.44247,0
1973-10-11T04:20:06.000Z,256.11747,256.44247,0
1973-10-11T05:18:07.000Z,256.11747,256.44247,0
1973-10-11T06:16:09.000Z,256.11747,256.44247,0
1973-10-11T07:14:02.000Z,256.07749,256.40249,0
1973-10-11T08:12:04.000Z,256.11747,256.44247,0
1973-10-11T09:09:57.000Z,256.11747,256.44247,0
1973-10-11T10:00:45.000Z,256.07749,256.40249,0
1973-10-11T10:15:13.000Z,256.10746,256.43246,0
1973-10-11T11:13:07.000Z,256.11747,256.44247,0
1973-10-11T12:11:08.000Z,256.07749,256.40249,0
1973-10-11T13:09:02.000Z,256.1475,256.4725,0
1973-10-11T14:07:03.000Z,256.10746,256.43246,0
1973-10-11T14:21:32.000Z,256.1475,256.4725,0
1973-10-11T14:57:42.000Z,256.11747,256.44247,0
1973-10-11T15:26:47.000Z,256.1475,256.4725,0
1973-10-11T16:24:41.000Z,256.07749,256.40249,0
1973-10-11T16:53:37.000Z,256.11747,256.44247,0
1973-10-11T17:15:28.000Z,256.10746,256.43246,0
1973-10-11T17:44:25.000Z,256.10746,256.43246,0
1973-10-11T17:58:53.000Z,256.07749,256.40249,0
1973-10-11T18:27:50.000Z,256.1475,256.4725,0
1973-10-11T18:56:55.000Z,256.1475,256.4725,0
1973-10-11T19:04:09.000Z,256.07749,256.40249,0
1973-10-11T20:02:02.000Z,256.10746,256.43246,0
1973-10-11T21:00:04.000Z,256.07749,256.40249,0
1973-10-11T21:57:57.000Z,256.07749,256.40249,0
1973-10-11T22:55:59.000Z,256.15795,256.48195,0
1973-10-11T23:53:52.000Z,256.11747,256.44247,0
1973-10-12T00:51:54.000Z,256.07749,256.40249,0
1973-10-12T01:49:47.000Z,256.11747,256.44247,0
1973-10-12T02:55:03.000Z,256.07799,256.40199,0
1973-10-12T03:52:57.000Z,256.15795,256.48195,0
1973-10-12T04:50:58.000Z,256.11797,256.44197,0
1973-10-12T05:49:00.000Z,256.07799,256.40199,0
1973-10-12T06:17:57.000Z,256.11797,256.44197,0
1973-10-12T07:15:50.000Z,256.07799,256.40199,0
1973-10-12T08:13:52.000Z,256.07749,256.40249,0
1973-10-12T08:35:34.000Z,256.07799,256.40199,0
1973-10-12T08:50:02.000Z,256.07799,256.40199,0
1973-10-12T09:11:45.000Z,256.07799,256.40199,0
1973-10-12T09:26:21.000Z,256.07799,256.40199,0
1973-10-12T09:40:50.000Z,256.07799,256.40199,0
1973-10-12T10:31:29.000Z,256.07799,256.40199,0
1973-10-12T11:07:48.000Z,256.04796,256.37196,0
1973-10-12T11:43:59.000Z,256.11797,256.44197,0
1973-10-12T11:58:27.000Z,256.07799,256.40199,0
1973-10-12T12:12:56.000Z,256.07799,256.40199,0
1973-10-12T13:18:12.000Z,256.04796,256.37196,0
1973-10-12T13:25:26.000Z,256.07749,256.40249,0
1973-10-12T13:47:08.000Z,256.07749,256.40249,0
1973-10-12T14:08:51.000Z,256.04796,256.37196,0
1973-10-12T14:23:19.000Z,256.04796,256.37196,0
1973-10-12T15:06:52.000Z,256.0875,256.4125,0
1973-10-12T16:31:56.000Z,256.088,256.412,0
1973-10-12T17:29:58.000Z,256.04796,256.37196,0
1973-10-12T18:27:51.000Z,256.15795,256.48195,0
1973-10-12T19:25:53.000Z,256.07799,256.40199,0
1973-10-12T20:23:46.000Z,256.07799,256.40199,0
1973-10-12T21:21:48.000Z,256.11797,256.44197,0
1973-10-12T22:19:41.000Z,256.07799,256.40199,0
1973-10-12T23:17:43.000Z,256.11797,256.44197,0
1973-10-13T00:15:44.000Z,256.07799,256.40199,0
1973-10-13T01:13:38.000Z,256.07799,256.40199,0
1973-10-13T02:11:39.000Z,256.11797,256.44197,0
1973-10-13T03:09:33.000Z,256.11797,256.44197,0
1973-10-13T03:24:01.000Z,256.07799,256.40199,0
1973-10-13T04:22:03.000Z,256.07799,256.40199,0
1973-10-13T05:19:56.000Z,256.11797,256.44197,0
1973-10-13T06:17:58.000Z,256.11797,256.44197,0
1973-10-13T07:15:51.000Z,256.088,256.412,0
1973-10-13T08:13:53.000Z,256.04796,256.37196,0
1973-10-13T09:11:46.000Z,256.11797,256.44197,0
1973-10-13T10:09:48.000Z,256.03795,256.36195,0
1973-10-13T11:07:49.000Z,256.11797,256.44197,0
1973-10-13T12:05:43.000Z,256.11797,256.44197,0
1973-10-13T13:03:44.000Z,256.11797,256.44197,0
1973-10-13T14:01:38.000Z,256.11797,256.44197,0
1973-10-13T14:59:39.000Z,256.088,256.412,0
1973-10-13T15:14:08.000Z,256.11797,256.44197,0
1973-10-13T15:35:50.000Z,256.07799,256.40199,0
1973-10-13T15:50:18.000Z,256.07799,256.40199,0
1973-10-13T16:12:01.000Z,256.07799,256.40199,0
1973-10-13T16:55:34.000Z,256.11797,256.44197,0
1973-10-13T17:02:48.000Z,256.07799,256.40199,0
1973-10-13T17:24:31.000Z,256.088,256.412,0
1973-10-13T17:53:28.000Z,256.04796,256.37196,0
1973-10-13T18:00:42.000Z,256.07799,256.40199,0
1973-10-13T18:22:24.000Z,256.07799,256.40199,0
1973-10-13T18:44:15.000Z,256.088,256.412,0
1973-10-13T19:27:40.000Z,256.11797,256.44197,0
1973-10-13T20:25:42.000Z,256.11797,256.44197,0
1973-10-13T21:23:35.000Z,256.11797,256.44197,0
1973-10-13T22:21:37.000Z,256.03795,256.36195,0
1973-10-13T23:19:30.000Z,256.088,256.412,0
1973-10-14T00:17:32.000Z,256.07799,256.40199,0
1973-10-14T01:15:25.000Z,256.07799,256.40199,0
1973-10-14T02:13:27.000Z,256.07799,256.40199,0
1973-10-14T03:11:20.000Z,256.07799,256.40199,0
1973-10-14T04:09:22.000Z,256.07799,256.40199,0
1973-10-14T05:07:15.000Z,256.07799,256.40199,0
1973-10-14T06:05:17.000Z,256.11797,256.44197,0
1973-10-14T07:03:10.000Z,256.11847,256.44147,0
1973-10-14T08:01:12.000Z,256.07799,256.40199,0
1973-10-14T08:59:05.000Z,256.10846,256.43146,0
1973-10-14T09:57:07.000Z,256.07849,256.40149,0
1973-10-14T10:55:08.000Z,256.07849,256.40149,0
1973-10-14T11:53:02.000Z,256.07849,256.40149,0
1973-10-14T12:51:03.000Z,256.04846,256.37146,0
1973-10-14T13:48:57.000Z,256.07799,256.40199,0
1973-10-14T14:46:58.000Z,256.07799,256.40199,0
1973-10-14T15:08:41.000Z,256.07799,256.40199,0
1973-10-14T15:37:38.000Z,256.03845,256.36145,0
1973-10-14T15:59:20.000Z,256.07799,256.40199,0
1973-10-14T16:35:39.000Z,256.07849,256.40149,0
1973-10-14T17:11:50.000Z,256.03795,256.36195,0
1973-10-14T17:33:33.000Z,256.07799,256.40199,0
1973-10-14T18:09:43.000Z,256.07849,256.40149,0
1973-10-14T18:24:20.000Z,256.11797,256.44197,0
1973-10-14T18:46:03.000Z,256.088,256.412,0
1973-10-14T19:00:31.000Z,256.09845,256.42145,0
1973-10-14T19:58:24.000Z,256.05847,256.38147,0
1973-10-14T20:56:26.000Z,256.11797,256.44197,0
1973-10-14T21:54:28.000Z,256.12798,256.45198,0
1973-10-14T22:52:21.000Z,256.04846,256.37146,0
1973-10-14T23:50:23.000Z,256.07849,256.40149,0
1973-10-15T00:48:16.000Z,256.12848,256.45148,0
1973-10-15T01:46:18.000Z,256.0885,256.4115,0
1973-10-15T02:44:11.000Z,256.04846,256.37146,0
1973-10-15T03:42:13.000Z,256.04796,256.37196,0
1973-10-15T04:40:06.000Z,256.07849,256.40149,0
1973-10-15T05:38:08.000Z,256.07849,256.40149,0
1973-10-15T06:36:01.000Z,256.0885,256.4115,0
1973-10-15T07:34:03.000Z,256.0885,256.4115,0
1973-10-15T08:31:56.000Z,256.07849,256.40149,0
1973-10-15T08:46:24.000Z,256.11847,256.44147,0
1973-10-15T09:44:26.000Z,256.07849,256.40149,0
1973-10-15T10:42:19.000Z,256.07849,256.40149,0
1973-10-15T11:40:21.000Z,256.07849,256.40149,0
1973-10-15T12:38:23.000Z,256.07849,256.40149,0
1973-10-15T13:36:16.000Z,256.06848,256.39148,0
1973-10-15T14:44:16.000Z,256.03845,256.36145,0
1973-10-15T15:20:26.000Z,256.07849,256.40149,0
1973-10-15T15:49:23.000Z,256.07849,256.40149,0
1973-10-15T16:47:25.000Z,256.03845,256.36145,0
1973-10-15T17:45:18.000Z,256.03845,256.36145,0
1973-10-15T18:43:20.000Z,256.06848,256.39148,0
1973-10-15T19:41:13.000Z,256.09795,256.42195,0
1973-10-15T20:39:15.000Z,256.09845,256.42145,0
1973-10-15T21:37:08.000Z,256.03795,256.36195,0
1973-10-15T22:35:10.000Z,256.09845,256.42145,0
1973-10-15T23:33:03.000Z,256.01849,256.34149,0
1973-10-16T00:31:05.000Z,256.06848,256.39148,0
1973-10-16T01:28:58.000Z,256.06848,256.39148,0
1973-10-16T02:27:00.000Z,256.05847,256.38147,0
1973-10-16T02:55:56.000Z,256.05847,256.38147,0
1973-10-16T03:53:58.000Z,256.05847,256.38147,0
1973-10-16T04:51:51.000Z,256.0885,256.4115,0
1973-10-16T05:49:53.000Z,256.05847,256.38147,0
1973-10-16T06:40:32.000Z,256.00848,256.33148,0
1973-10-16T06:55:01.000Z,256.03845,256.36145,0
1973-10-16T07:53:02.000Z,256.09845,256.42145,0
1973-10-16T08:50:56.000Z,256.09845,256.42145,0
1973-10-16T09:48:57.000Z,256.04846,256.37146,0
1973-10-16T10:46:51.000Z,256.07849,256.40149,0
1973-10-16T11:44:52.000Z,256.03845,256.36145,0
1973-10-16T12:42:54.000Z,256.02844,256.35144,0
1973-10-16T13:40:47.000Z,256.0885,256.4115,0
1973-10-16T14:38:49.000Z,256.0885,256.4115,0
1973-10-16T15:36:42.000Z,256.06848,256.39148,0
1973-10-16T16:34:44.000Z,256.05847,256.38147,0
1973-10-16T17:32:37.000Z,256.05847,256.38147,0
1973-10-16T18:30:39.000Z,256.05847,256.38147,0
1973-10-16T19:28:32.000Z,256.04846,256.37146,0
1973-10-16T20:26:34.000Z,256.04846,256.37146,0
1973-10-16T21:24:27.000Z,256.0885,256.4115,0
1973-10-16T22:22:29.000Z,256.04846,256.37146,0
1973-10-16T23:20:22.000Z,256.07849,256.40149,0
1973-10-17T00:18:24.000Z,256.0885,256.4115,0
1973-10-17T01:16:17.000Z,256.04846,256.37146,0
1973-10-17T02:14:19.000Z,256.10846,256.43146,0
1973-10-17T03:12:12.000Z,256.07849,256.40149,0
1973-10-17T04:10:14.000Z,256.07849,256.40149,0
1973-10-17T05:08:07.000Z,256.07849,256.40149,0
1973-10-17T06:06:09.000Z,256.07849,256.40149,0
1973-10-17T07:04:11.000Z,256.03845,256.36145,0
1973-10-17T08:02:04.000Z,256.07849,256.40149,0
1973-10-17T09:00:06.000Z,256.06848,256.39148,0
1973-10-17T09:57:59.000Z,256.07899,256.40099,0
1973-10-17T10:56:01.000Z,256.06848,256.39148,0
1973-10-17T11:53:54.000Z,256.10846,256.43146,0
1973-10-17T12:51:56.000Z,256.05847,256.38147,0
1973-10-17T13:42:35.000Z,256.09845,256.42145,0
1973-10-17T14:26:08.000Z,256.05847,256.38147,0
1973-10-17T15:24:01.000Z,256.09845,256.42145,0
1973-10-17T16:22:03.000Z,256.09845,256.42145,0
1973-10-17T17:19:56.000Z,256.05847,256.38147,0
1973-10-17T18:17:58.000Z,256.09845,256.42145,0
1973-10-17T19:15:51.000Z,256.09845,256.42145,0
1973-10-17T20:13:53.000Z,256.0885,256.4115,0
1973-10-17T21:11:46.000Z,256.01849,256.34149,0
1973-10-17T23:58:29.000Z,256.04846,256.37146,0
1973-10-18T00:56:22.000Z,256.04846,256.37146,0
1973-10-18T01:54:24.000Z,256.07849,256.40149,0
1973-10-18T02:52:17.000Z,256.07849,256.40149,0
1973-10-18T03:50:19.000Z,256.04846,256.37146,0
1973-10-18T04:48:12.000Z,256.11847,256.44147,0
1973-10-18T05:46:14.000Z,256.03845,256.36145,0
1973-10-18T06:44:07.000Z,256.07849,256.40149,0
1973-10-18T07:42:09.000Z,256.07849,256.40149,0
1973-10-18T08:40:02.000Z,256.03845,256.36145,0
1973-10-18T09:38:04.000Z,256.03845,256.36145,0
1973-10-18T10:35:57.000Z,256.03845,256.36145,0
1973-10-18T11:33:59.000Z,256.07849,256.40149,0
1973-10-18T12:31:52.000Z,256.13849,256.46149,0
1973-10-18T13:29:54.000Z,256.10846,256.43146,0
1973-10-18T14:27:56.000Z,256.03845,256.36145,0
1973-10-18T15:25:49.000Z,256.03845,256.36145,0
1973-10-18T16:23:51.000Z,256.06848,256.39148,0
1973-10-18T17:14:30.000Z,256.06898,256.39098,0
1973-10-18T17:57:55.000Z,256.09845,256.42145,0
1973-10-18T18:19:46.000Z,256.09845,256.42145,0
1973-10-18T18:34:14.000Z,256.03895,256.36095,0
1973-10-18T19:32:07.000Z,256.06848,256.39148,0
1973-10-18T20:30:09.000Z,256.03845,256.36145,0
1973-10-18T21:28:02.000Z,256.03845,256.36145,0
1973-10-18T22:26:04.000Z,256.06848,256.39148,0
1973-10-18T23:23:57.000Z,256.06848,256.39148,0
1973-10-19T00:21:59.000Z,256.06898,256.39098,0
1973-10-19T01:19:52.000Z,256.05847,256.38147,0
1973-10-19T02:17:54.000Z,256.0885,256.4115,0
1973-10-19T03:15:47.000Z,256.12898,256.45098,0
1973-10-19T04:13:49.000Z,256.06898,256.39098,0
1973-10-19T05:11:51.000Z,256.06898,256.39098,0
1973-10-19T06:09:44.000Z,256.06898,256.39098,0
1973-10-19T07:07:46.000Z,256.06898,256.39098,0
1973-10-19T08:05:39.000Z,256.0885,256.4115,0
1973-10-19T09:03:41.000Z,256.089,256.411,0
1973-10-19T10:01:34.000Z,256.02894,256.35094,0
1973-10-19T10:59:36.000Z,256.089,256.411,0
1973-10-19T11:57:29.000Z,256.089,256.411,0
1973-10-19T12:55:31.000Z,256.0885,256.4115,0
1973-10-19T13:53:24.000Z,256.05897,256.38097,0
1973-10-19T14:51:26.000Z,256.02894,256.35094,0
1973-10-19T15:49:19.000Z,256.06898,256.39098,0
1973-10-19T16:47:21.000Z,256.06898,256.39098,0
1973-10-19T17:45:14.000Z,256.089,256.411,0
1973-10-19T18:43:16.000Z,256.05897,256.38097,0
1973-10-19T19:41:09.000Z,256.089,256.411,0
1973-10-19T20:39:11.000Z,256.05897,256.38097,0
1973-10-19T21:37:04.000Z,256.05897,256.38097,0
1973-10-19T22:35:06.000Z,256.089,256.411,0
1973-10-19T23:32:59.000Z,256.05897,256.38097,0
1973-10-20T00:31:01.000Z,256.089,256.411,0
1973-10-20T01:29:02.000Z,256.089,256.411,0
1973-10-20T02:26:56.000Z,256.05897,256.38097,0
1973-10-20T02:55:52.000Z,256.05897,256.38097,0
1973-10-20T03:53:54.000Z,256.089,256.411,0
1973-10-20T04:51:47.000Z,256.089,256.411,0
1973-10-20T05:49:49.000Z,256.04896,256.37096,0
1973-10-20T06:47:42.000Z,256.11897,256.44097,0
1973-10-20T07:45:44.000Z,256.05897,256.38097,0
1973-10-20T08:43:37.000Z,256.11897,256.44097,0
1973-10-20T09:41:39.000Z,256.089,256.411,0
1973-10-20T10:39:41.000Z,256.089,256.411,0
1973-10-20T11:37:34.000Z,256.04896,256.37096,0
1973-10-20T11:59:17.000Z,256.11897,256.44097,0
1973-10-20T12:57:18.000Z,256.089,256.411,0
1973-10-20T13:19:01.000Z,256.05897,256.38097,0
1973-10-20T13:55:12.000Z,256.089,256.411,0
1973-10-20T14:53:13.000Z,256.01899,256.34099,0
1973-10-20T15:51:07.000Z,256.05897,256.38097,0
1973-10-20T16:49:08.000Z,256.04896,256.37096,0
1973-10-20T17:10:51.000Z,256.04896,256.37096,0
1973-10-20T17:47:02.000Z,256.11897,256.44097,0
1973-10-20T18:16:06.000Z,256.089,256.411,0
1973-10-20T19:14:00.000Z,256.04896,256.37096,0
1973-10-20T20:12:01.000Z,256.04896,256.37096,0
1973-10-20T21:09:55.000Z,256.089,256.411,0
1973-10-20T22:07:56.000Z,256.04896,256.37096,0
1973-10-20T22:58:36.000Z,256.089,256.411,0
1973-10-20T23:13:04.000Z,256.04896,256.37096,0
1973-10-20T23:42:09.000Z,256.04896,256.37096,0
1973-10-21T00:35:32.000Z,256.07899,256.40099,0
1973-10-21T01:33:25.000Z,256.04896,256.37096,0
1973-10-21T02:31:27.000Z,256.04896,256.37096,0
1973-10-21T02:53:10.000Z,256.04896,256.37096,0
1973-10-21T03:51:11.000Z,256.04896,256.37096,0
1973-10-21T04:49:05.000Z,256.07899,256.40099,0
1973-10-21T05:47:06.000Z,256.04896,256.37096,0
1973-10-21T06:45:00.000Z,256.07899,256.40099,0
1973-10-21T07:43:01.000Z,256.07899,256.40099,0
1973-10-21T08:40:55.000Z,256.07899,256.40099,0
1973-10-21T09:38:56.000Z,256.04896,256.37096,0
1973-10-21T10:36:50.000Z,256.11897,256.44097,0
1973-10-21T11:34:51.000Z,256.07899,256.40099,0
1973-10-21T12:32:45.000Z,256.07899,256.40099,0
1973-10-21T13:30:46.000Z,256.07899,256.40099,0
1973-10-21T14:28:48.000Z,256.07899,256.40099,0
1973-10-21T15:26:41.000Z,256.07899,256.40099,0
1973-10-21T16:24:43.000Z,256.10896,256.43096,0
1973-10-21T17:22:36.000Z,256.07899,256.40099,0
1973-10-21T18:20:38.000Z,256.07899,256.40099,0
1973-10-21T19:11:17.000Z,256.07899,256.40099,0
1973-10-21T20:09:19.000Z,256.07949,256.40049,0
1973-10-21T21:07:12.000Z,256.10896,256.43096,0
1973-10-21T22:05:14.000Z,256.07949,256.40049,0
1973-10-21T22:26:56.000Z,256.05897,256.38097,0
1973-10-21T23:24:50.000Z,256.06948,256.39048,0
1973-10-22T00:22:51.000Z,256.10946,256.43046,0
1973-10-22T01:20:45.000Z,256.07949,256.40049,0
1973-10-22T02:18:46.000Z,256.07949,256.40049,0
1973-10-22T03:16:40.000Z,256.07949,256.40049,0
1973-10-22T04:14:41.000Z,256.07949,256.40049,0
1973-10-22T05:12:43.000Z,256.07899,256.40099,0
1973-10-22T06:10:36.000Z,256.10946,256.43046,0
1973-10-22T07:08:38.000Z,256.07949,256.40049,0
1973-10-22T08:06:31.000Z,256.02944,256.35044,0
1973-10-22T09:04:33.000Z,256.10946,256.43046,0
1973-10-22T10:02:26.000Z,256.06948,256.39048,0
1973-10-22T11:00:28.000Z,256.06948,256.39048,0
1973-10-22T11:58:21.000Z,256.10946,256.43046,0
1973-10-22T12:56:23.000Z,256.07949,256.40049,0
1973-10-22T13:54:16.000Z,256.06948,256.39048,0
1973-10-22T14:23:13.000Z,256.07949,256.40049,0
1973-10-22T15:21:15.000Z,256.09945,256.42045,0
1973-10-22T16:19:16.000Z,256.06948,256.39048,0
1973-10-22T17:17:10.000Z,256.09945,256.42045,0
1973-10-22T18:15:11.000Z,256.09945,256.42045,0
1973-10-22T19:13:05.000Z,256.05947,256.38047,0
1973-10-22T20:11:06.000Z,256.06948,256.39048,0
1973-10-22T21:09:00.000Z,256.06948,256.39048,0
1973-10-22T22:07:01.000Z,256.03945,256.36045,0
1973-10-22T23:04:55.000Z,256.06948,256.39048,0
1973-10-23T00:02:56.000Z,256.03945,256.36045,0
1973-10-23T01:00:50.000Z,256.13949,256.46049,0
1973-10-23T01:22:32.000Z,256.06948,256.39048,0
1973-10-23T01:37:09.000Z,256.03945,256.36045,0
1973-10-23T01:51:37.000Z,256.06948,256.39048,0
1973-10-23T02:06:05.000Z,256.06898,256.39098,0
1973-10-23T02:49:30.000Z,256.06948,256.39048,0
1973-10-23T03:18:35.000Z,256.09945,256.42045,0
1973-10-23T03:33:04.000Z,256.09945,256.42045,0
1973-10-23T03:54:46.000Z,256.09945,256.42045,0
1973-10-23T04:30:57.000Z,256.09945,256.42045,0
1973-10-23T04:52:40.000Z,256.06948,256.39048,0
1973-10-23T05:50:41.000Z,256.09945,256.42045,0
1973-10-23T06:48:35.000Z,256.09945,256.42045,0
1973-10-23T07:46:36.000Z,256.09945,256.42045,0
1973-10-23T08:44:30.000Z,256.09945,256.42045,0
1973-10-23T09:28:03.000Z,256.09945,256.42045,0
1973-10-23T10:25:56.000Z,256.09945,256.42045,0
1973-10-23T11:23:58.000Z,256.09945,256.42045,0
1973-10-23T12:21:51.000Z,256.05947,256.38047,0
1973-10-23T13:19:53.000Z,256.05947,256.38047,0
1973-10-23T14:17:46.000Z,256.05947,256.38047,0
1973-10-23T15:15:48.000Z,256.09945,256.42045,0
1973-10-23T16:13:49.000Z,256.05947,256.38047,0
1973-10-23T17:11:43.000Z,256.05947,256.38047,0
1973-10-23T18:09:44.000Z,256.09945,256.42045,0
1973-10-23T19:14:52.000Z,256.09945,256.42045,0
1973-10-23T19:58:25.000Z,256.05947,256.38047,0
1973-10-23T20:56:19.000Z,256.09945,256.42045,0
1973-10-23T21:54:20.000Z,256.05947,256.38047,0
1973-10-23T22:52:14.000Z,256.05947,256.38047,0
1973-10-23T23:50:15.000Z,256.05947,256.38047,0
1973-10-24T00:48:09.000Z,256.05947,256.38047,0
1973-10-24T01:46:10.000Z,256.09945,256.42045,0
1973-10-24T02:44:04.000Z,256.09945,256.42045,0
1973-10-24T02:58:32.000Z,256.05947,256.38047,0
1973-10-24T03:56:34.000Z,256.09945,256.42045,0
1973-10-24T04:54:27.000Z,256.09945,256.42045,0
1973-10-24T05:30:46.000Z,256.05947,256.38047,0
1973-10-24T05:52:29.000Z,256.05947,256.38047,0
1973-10-24T06:21:25.000Z,256.05897,256.38097,0
1973-10-24T06:35:54.000Z,256.05947,256.38047,0
1973-10-24T07:33:55.000Z,256.05947,256.38047,0
1973-10-24T08:31:49.000Z,256.06948,256.39048,0
1973-10-24T09:29:50.000Z,256.05947,256.38047,0
1973-10-24T10:27:44.000Z,256.0895,256.4105,0
1973-10-24T11:25:45.000Z,256.09945,256.42045,0
1973-10-24T12:23:39.000Z,256.05947,256.38047,0
1973-10-24T13:21:40.000Z,256.05947,256.38047,0
1973-10-24T14:50:25.000Z,256.05947,256.38047,0
1973-10-24T15:48:27.000Z,256.05947,256.38047,0
1973-10-24T16:46:20.000Z,256.09945,256.42045,0
1973-10-24T17:44:22.000Z,256.09945,256.42045,0
1973-10-24T18:42:15.000Z,256.05947,256.38047,0
1973-10-24T19:40:17.000Z,256.05947,256.38047,0
1973-10-24T20:38:10.000Z,256.05947,256.38047,0
1973-10-24T21:36:12.000Z,256.09,256.41,0
1973-10-24T22:34:05.000Z,256.0895,256.4105,0
1973-10-24T23:32:07.000Z,256.05947,256.38047,0
1973-10-25T00:30:00.000Z,256.0895,256.4105,0
1973-10-25T01:28:02.000Z,256.02944,256.35044,0
1973-10-25T01:49:44.000Z,256.05947,256.38047,0
1973-10-25T02:47:46.000Z,256.09945,256.42045,0
1973-10-25T03:45:39.000Z,256.05947,256.38047,0
1973-10-25T05:41:34.000Z,256.0895,256.4105,0
1973-10-25T06:46:50.000Z,256.04946,256.37046,0
1973-10-25T07:37:29.000Z,256.0895,256.4105,0
1973-10-25T08:35:31.000Z,256.05947,256.38047,0
1973-10-25T09:33:24.000Z,256.05947,256.38047,0
1973-10-25T10:31:26.000Z,256.0895,256.4105,0
1973-10-25T11:29:19.000Z,256.05947,256.38047,0
1973-10-25T12:27:21.000Z,256.05947,256.38047,0
1973-10-25T13:25:14.000Z,256.0895,256.4105,0
1973-10-25T14:23:16.000Z,256.0895,256.4105,0
1973-10-25T15:21:09.000Z,256.05947,256.38047,0
1973-10-25T16:19:11.000Z,256.01949,256.34049,0
1973-10-25T17:17:04.000Z,256.0895,256.4105,0
1973-10-25T18:15:06.000Z,256.04946,256.37046,0
1973-10-25T19:12:59.000Z,256.0895,256.4105,0
1973-10-25T20:11:01.000Z,256.04946,256.37046,0
1973-10-25T21:09:03.000Z,256.05997,256.37997,0
1973-10-25T22:06:56.000Z,256.11947,256.44047,0
1973-10-25T23:04:58.000Z,256.01949,256.34049,0
1973-10-26T00:02:51.000Z,256.09,256.41,0
1973-10-26T01:00:53.000Z,256.0895,256.4105,0
1973-10-26T01:58:46.000Z,256.04996,256.36996,0
1973-10-26T02:56:48.000Z,256.04996,256.36996,0
1973-10-26T03:54:41.000Z,256.04996,256.36996,0
1973-10-26T04:52:43.000Z,256.04996,256.36996,0
1973-10-26T06:05:04.000Z,256.09,256.41,0
1973-10-26T06:19:41.000Z,256.07999,256.39999,0
1973-10-26T06:34:09.000Z,256.04996,256.36996,0
1973-10-26T07:32:03.000Z,256.09,256.41,0
1973-10-26T08:30:04.000Z,256.04996,256.36996,0
1973-10-26T09:27:58.000Z,256.05997,256.37997,0
1973-10-26T10:25:59.000Z,256.07999,256.39999,0
1973-10-26T11:23:53.000Z,256.04996,256.36996,0
1973-10-26T12:21:54.000Z,256.04996,256.36996,0
1973-10-26T13:19:48.000Z,256.09,256.41,0
1973-10-26T13:56:07.000Z,256.09,256.41,0
1973-10-26T14:54:00.000Z,256.07999,256.39999,0
1973-10-26T15:49:18.000Z,256.04996,256.36996,0
1973-10-26T16:47:11.000Z,256.09,256.41,0
1973-10-26T17:45:13.000Z,256.04996,256.36996,0
1973-10-26T18:43:06.000Z,256.01999,256.33999,0
1973-10-26T19:41:08.000Z,256.07999,256.39999,0
1973-10-26T20:39:01.000Z,256.04996,256.36996,0
1973-10-26T21:08:06.000Z,256.09,256.41,0
1973-10-26T22:06:00.000Z,256.11997,256.43997,0
1973-10-26T23:04:01.000Z,256.07999,256.39999,0
1973-10-27T00:01:55.000Z,256.07999,256.39999,0
1973-10-27T00:59:56.000Z,256.07999,256.39999,0
1973-10-27T01:57:50.000Z,256.07999,256.39999,0
1973-10-27T02:55:51.000Z,256.04996,256.36996,0
1973-10-27T03:53:45.000Z,256.07999,256.39999,0
1973-10-27T04:51:46.000Z,256.07999,256.39999,0
1973-10-27T05:49:40.000Z,256.07999,256.39999,0
1973-10-27T06:47:41.000Z,256.15,256.47,0
1973-10-27T07:45:35.000Z,256.07999,256.39999,0
1973-10-27T08:07:25.000Z,256.07999,256.39999,0
1973-10-27T09:05:19.000Z,256.04996,256.36996,0
1973-10-27T10:03:20.000Z,256.07999,256.39999,0
1973-10-27T11:01:14.000Z,256.11997,256.43997,0
1973-10-27T11:59:16.000Z,256.11997,256.43997,0
1973-10-27T12:35:26.000Z,256.07999,256.39999,0
1973-10-27T13:33:28.000Z,256.07999,256.39999,0
1973-10-27T14:31:21.000Z,256.07999,256.39999,0
1973-10-27T15:29:23.000Z,256.07999,256.39999,0
1973-10-27T16:27:16.000Z,256.04996,256.36996,0
1973-10-27T17:25:18.000Z,256.07999,256.39999,0
1973-10-27T18:23:11.000Z,256.07999,256.39999,0
1973-10-27T19:21:13.000Z,256.04996,256.36996,0
1973-10-27T20:19:06.000Z,256.07999,256.39999,0
1973-10-27T21:17:08.000Z,256.07999,256.39999,0
1973-10-27T22:15:01.000Z,256.07999,256.39999,0
1973-10-27T23:13:03.000Z,256.07999,256.39999,0
1973-10-28T00:10:56.000Z,256.07999,256.39999,0
1973-10-28T01:08:58.000Z,256.04996,256.36996,0
1973-10-28T02:06:51.000Z,256.07999,256.39999,0
1973-10-28T02:57:39.000Z,256.07999,256.39999,0
1973-10-28T03:55:32.000Z,256.07999,256.39999,0
1973-10-28T04:53:34.000Z,256.07999,256.39999,0
1973-10-28T05:51:27.000Z,256.07999,256.39999,0
1973-10-28T06:49:29.000Z,256.10996,256.42996,0
1973-10-28T07:47:22.000Z,256.07999,256.39999,0
1973-10-28T08:45:24.000Z,256.04996,256.36996,0
1973-10-28T09:43:25.000Z,256.07999,256.39999,0
1973-10-28T10:41:19.000Z,256.07999,256.39999,0
1973-10-28T11:39:20.000Z,256.04996,256.36996,0
1973-10-28T12:37:14.000Z,256.04996,256.36996,0
1973-10-28T13:35:16.000Z,256.07999,256.39999,0
1973-10-28T14:33:09.000Z,256.07999,256.39999,0
1973-10-28T15:38:25.000Z,256.07999,256.39999,0
1973-10-28T16:36:18.000Z,256.07999,256.39999,0
1973-10-28T17:34:20.000Z,256.07999,256.39999,0
1973-10-28T18:32:13.000Z,256.07999,256.39999,0
1973-10-28T19:30:15.000Z,256.07999,256.39999,0
1973-10-28T20:28:08.000Z,256.07999,256.39999,0
1973-10-28T20:57:13.000Z,256.07999,256.39999,0
1973-10-28T21:18:56.000Z,256.07999,256.39999,0
1973-10-28T21:40:38.000Z,256.05046,256.36946,0
1973-10-28T22:02:21.000Z,256.07999,256.39999,0
1973-10-28T23:00:22.000Z,256.07999,256.39999,0
1973-10-28T23:58:16.000Z,256.07999,256.39999,0
1973-10-29T00:56:17.000Z,256.08049,256.39949,0
1973-10-29T01:54:11.000Z,256.07999,256.39999,0
1973-10-29T02:52:12.000Z,256.07999,256.39999,0
1973-10-29T03:50:06.000Z,256.04996,256.36996,0
1973-10-29T04:48:07.000Z,256.07999,256.39999,0
1973-10-29T05:46:01.000Z,256.07999,256.39999,0
1973-10-29T06:44:02.000Z,256.08049,256.39949,0
1973-10-29T07:41:56.000Z,256.08049,256.39949,0
1973-10-29T08:39:57.000Z,256.08049,256.39949,0
1973-10-29T09:37:59.000Z,256.08049,256.39949,0
1973-10-29T10:35:52.000Z,256.07999,256.39999,0
1973-10-29T11:33:54.000Z,256.08049,256.39949,0
1973-10-29T12:31:47.000Z,256.07999,256.39999,0
1973-10-29T13:29:49.000Z,256.12047,256.43947,0
1973-10-29T14:27:42.000Z,256.08049,256.39949,0
1973-10-29T15:29:17.000Z,256.05046,256.36946,0
1973-10-29T16:27:18.000Z,256.08049,256.39949,0
1973-10-29T17:25:12.000Z,256.08049,256.39949,0
1973-10-29T18:08:45.000Z,256.08049,256.39949,0
1973-10-29T18:59:24.000Z,256.08049,256.39949,0
1973-10-29T19:57:26.000Z,256.08049,256.39949,0
1973-10-29T20:55:19.000Z,256.08049,256.39949,0
1973-10-29T21:53:21.000Z,256.08049,256.39949,0
1973-10-29T22:51:14.000Z,256.08049,256.39949,0
1973-10-29T23:49:16.000Z,256.08049,256.39949,0
1973-10-30T00:47:09.000Z,256.08049,256.39949,0
1973-10-30T01:45:11.000Z,256.05046,256.36946,0
1973-10-30T02:43:04.000Z,256.11046,256.42946,0
1973-10-30T03:41:06.000Z,256.08049,256.39949,0
1973-10-30T04:38:59.000Z,256.08049,256.39949,0
1973-10-30T05:51:29.000Z,256.11046,256.42946,0
1973-10-30T06:05:58.000Z,256.07999,256.39999,0
1973-10-30T06:27:40.000Z,256.08049,256.39949,0
1973-10-30T06:34:54.000Z,256.08049,256.39949,0
1973-10-30T07:32:56.000Z,256.05046,256.36946,0
1973-10-30T08:30:49.000Z,256.05046,256.36946,0
1973-10-30T09:28:51.000Z,256.08049,256.39949,0
1973-10-30T10:26:44.000Z,256.05046,256.36946,0
1973-10-30T11:24:46.000Z,256.08049,256.39949,0
1973-10-30T12:22:48.000Z,256.08049,256.39949,0
1973-10-30T13:20:41.000Z,256.08049,256.39949,0
1973-10-30T14:18:43.000Z,256.08049,256.39949,0
1973-10-30T15:16:36.000Z,256.11046,256.42946,0
1973-10-30T16:14:38.000Z,256.08049,256.39949,0
1973-10-30T17:12:31.000Z,256.08049,256.39949,0
1973-10-30T18:10:33.000Z,256.08049,256.39949,0
1973-10-30T19:08:26.000Z,256.05046,256.36946,0
1973-10-30T20:06:28.000Z,256.08049,256.39949,0
1973-10-30T21:04:21.000Z,256.11046,256.42946,0
1973-10-30T22:02:23.000Z,256.08049,256.39949,0
1973-10-30T23:00:16.000Z,256.08049,256.39949,0
1973-10-30T23:58:18.000Z,256.08049,256.39949,0
1973-10-31T00:56:11.000Z,256.08049,256.39949,0
1973-10-31T01:54:13.000Z,256.08049,256.39949,0
1973-10-31T02:52:06.000Z,256.08049,256.39949,0
1973-10-31T03:50:08.000Z,256.11046,256.42946,0
1973-10-31T04:48:01.000Z,256.08049,256.39949,0
1973-10-31T05:46:03.000Z,256.08049,256.39949,0
1973-10-31T06:43:56.000Z,256.11046,256.42946,0
1973-10-31T07:41:58.000Z,256.08049,256.39949,0
1973-10-31T08:39:59.000Z,256.11046,256.42946,0
1973-10-31T09:37:53.000Z,256.10045,256.41945,0
1973-10-31T10:35:54.000Z,256.12047,256.43947,0
1973-10-31T11:33:48.000Z,256.13048,256.44948,0
1973-10-31T12:31:49.000Z,256.04045,256.35945,0
1973-10-31T13:29:43.000Z,256.07048,256.38948,0
1973-10-31T14:27:44.000Z,256.05046,256.36946,0
1973-10-31T15:25:38.000Z,256.0905,256.4095,0
1973-10-31T16:23:39.000Z,256.06047,256.37947,0
1973-10-31T17:21:33.000Z,256.06047,256.37947,0
1973-10-31T18:19:34.000Z,256.07048,256.38948,0
1973-10-31T19:17:28.000Z,256.11046,256.42946,0
1973-10-31T20:15:29.000Z,256.07048,256.38948,0
1973-10-31T21:13:23.000Z,256.0905,256.4095,0
1973-10-31T22:11:24.000Z,256.06047,256.37947,0
1973-10-31T23:09:18.000Z,256.0905,256.4095,0
1973-11-01T00:07:19.000Z,256.06047,256.37947,0
1973-11-01T01:05:13.000Z,256.03044,256.34944,0
1973-11-01T02:03:14.000Z,256.07048,256.38948,0
1973-11-01T03:08:30.000Z,256.07048,256.38948,0
1973-11-01T04:06:24.000Z,256.07048,256.38948,0
1973-11-01T05:04:25.000Z,256.07048,256.38948,0
1973-11-01T06:02:19.000Z,256.07048,256.38948,0
1973-11-01T07:00:20.000Z,256.07048,256.38948,0
1973-11-01T07:58:14.000Z,256.07048,256.38948,0
1973-11-01T08:56:15.000Z,256.07048,256.38948,0
1973-11-01T09:54:09.000Z,256.10045,256.41945,0
1973-11-01T10:52:10.000Z,256.07048,256.38948,0
1973-11-01T11:50:04.000Z,256.07048,256.38948,0
1973-11-01T12:48:05.000Z,256.07048,256.38948,0
1973-11-01T13:45:59.000Z,256.10045,256.41945,0
1973-11-01T14:44:00.000Z,256.07048,256.38948,0
1973-11-01T15:12:57.000Z,256.07098,256.38898,0
1973-11-01T16:10:58.000Z,256.10045,256.41945,0
1973-11-01T17:08:52.000Z,256.07048,256.38948,0
1973-11-01T18:06:53.000Z,256.07098,256.38898,0
1973-11-01T19:04:47.000Z,256.07098,256.38898,0
1973-11-01T20:02:48.000Z,256.04095,256.35895,0
1973-11-01T21:00:42.000Z,256.04095,256.35895,0
1973-11-01T21:15:10.000Z,256.07098,256.38898,0
1973-11-01T22:13:12.000Z,256.07098,256.38898,0
1973-11-01T23:11:05.000Z,256.07048,256.38948,0
1973-11-02T00:09:07.000Z,256.04095,256.35895,0
1973-11-02T01:07:08.000Z,256.11096,256.42896,0
1973-11-02T02:05:02.000Z,256.07098,256.38898,0
1973-11-02T03:03:03.000Z,256.11096,256.42896,0
1973-11-02T04:00:57.000Z,256.07098,256.38898,0
1973-11-02T04:58:58.000Z,256.04095,256.35895,0
1973-11-02T05:56:52.000Z,256.12097,256.43897,0
1973-11-02T06:54:53.000Z,256.05096,256.36896,0
1973-11-02T07:52:47.000Z,256.11096,256.42896,0
1973-11-02T08:50:48.000Z,256.05096,256.36896,0
1973-11-02T09:48:42.000Z,256.05096,256.36896,0
1973-11-02T10:46:44.000Z,256.091,256.409,0
1973-11-02T11:44:37.000Z,256.08099,256.39899,0
1973-11-02T12:42:39.000Z,256.05096,256.36896,0
1973-11-02T13:40:32.000Z,256.05096,256.36896,0
1973-11-02T14:38:34.000Z,256.08099,256.39899,0
1973-11-02T15:52:50.000Z,256.08099,256.39899,0
1973-11-02T16:36:15.000Z,256.08099,256.39899,0
1973-11-02T17:34:17.000Z,256.08099,256.39899,0
1973-11-02T18:32:10.000Z,256.04095,256.35895,0
1973-11-02T19:30:12.000Z,256.08099,256.39899,0
1973-11-02T20:20:51.000Z,256.08099,256.39899,0
1973-11-02T21:18:52.000Z,256.08099,256.39899,0
1973-11-02T22:16:46.000Z,256.04095,256.35895,0
1973-11-02T23:14:47.000Z,256.11096,256.42896,0
1973-11-03T00:12:41.000Z,256.08099,256.39899,0
1973-11-03T01:10:42.000Z,256.08099,256.39899,0
1973-11-03T02:08:36.000Z,256.04095,256.35895,0
1973-11-03T03:06:37.000Z,256.08099,256.39899,0
1973-11-03T04:04:31.000Z,256.08099,256.39899,0
1973-11-03T05:02:32.000Z,256.08099,256.39899,0
1973-11-03T06:00:34.000Z,256.08099,256.39899,0
1973-11-03T06:36:45.000Z,256.04095,256.35895,0
1973-11-03T06:51:13.000Z,256.08099,256.39899,0
1973-11-03T07:49:15.000Z,256.08099,256.39899,0
1973-11-03T08:54:23.000Z,256.08099,256.39899,0
1973-11-03T09:52:24.000Z,256.08099,256.39899,0
1973-11-03T10:50:18.000Z,256.08099,256.39899,0
1973-11-03T11:48:19.000Z,256.08099,256.39899,0
1973-11-03T12:46:13.000Z,256.08099,256.39899,0
1973-11-03T13:44:14.000Z,256.08099,256.39899,0
1973-11-03T14:13:11.000Z,256.12097,256.43897,0
1973-11-03T15:11:12.000Z,256.08099,256.39899,0
1973-11-03T16:09:06.000Z,256.08099,256.39899,0
1973-11-03T17:07:07.000Z,256.05096,256.36896,0
1973-11-03T17:21:36.000Z,256.04095,256.35895,0
1973-11-03T18:19:29.000Z,256.091,256.409,0
1973-11-03T18:55:48.000Z,256.08099,256.39899,0
1973-11-03T19:53:42.000Z,256.05096,256.36896,0
1973-11-03T20:51:43.000Z,256.12097,256.43897,0
1973-11-03T21:49:37.000Z,256.08099,256.39899,0
1973-11-03T22:47:38.000Z,256.11096,256.42896,0
1973-11-03T23:45:32.000Z,256.11096,256.42896,0
1973-11-04T00:07:14.000Z,256.08099,256.39899,0
1973-11-04T00:36:19.000Z,256.11096,256.42896,0
1973-11-04T01:34:13.000Z,256.08099,256.39899,0
1973-11-04T02:32:14.000Z,256.12097,256.43897,0
1973-11-04T03:30:08.000Z,256.08099,256.39899,0
1973-11-04T04:28:09.000Z,256.08099,256.39899,0
1973-11-04T05:26:03.000Z,256.08099,256.39899,0
1973-11-04T06:09:36.000Z,256.08099,256.39899,0
1973-11-04T06:53:01.000Z,256.08099,256.39899,0
1973-11-04T07:29:12.000Z,256.11096,256.42896,0
1973-11-04T07:51:02.000Z,256.08149,256.39849,0
1973-11-04T07:58:17.000Z,256.11096,256.42896,0
1973-11-04T08:56:10.000Z,256.11146,256.42846,0
1973-11-04T09:10:38.000Z,256.08099,256.39899,0
1973-11-04T09:46:57.000Z,256.08099,256.39899,0
1973-11-04T10:23:08.000Z,256.11096,256.42896,0
1973-11-04T11:21:10.000Z,256.11096,256.42896,0
1973-11-04T12:19:03.000Z,256.11096,256.42896,0
1973-11-04T13:02:37.000Z,256.08099,256.39899,0
1973-11-04T14:00:30.000Z,256.11096,256.42896,0
1973-11-04T14:51:17.000Z,256.11096,256.42896,0
1973-11-04T15:41:57.000Z,256.11146,256.42846,0
1973-11-04T16:39:58.000Z,256.11096,256.42896,0
1973-11-04T17:16:09.000Z,256.11146,256.42846,0
1973-11-04T17:52:20.000Z,256.11096,256.42896,0
1973-11-04T18:14:03.000Z,256.11096,256.42896,0
1973-11-04T19:12:04.000Z,256.14099,256.45899,0
1973-11-04T20:09:58.000Z,256.11096,256.42896,0
1973-11-04T20:46:17.000Z,256.11146,256.42846,0
1973-11-04T21:44:10.000Z,256.151,256.469,0
1973-11-04T22:13:15.000Z,256.11146,256.42846,0
1973-11-04T22:27:43.000Z,256.11146,256.42846,0
1973-11-04T22:49:26.000Z,256.11096,256.42896,0
1973-11-04T23:40:05.000Z,256.08149,256.39849,0
1973-11-05T00:01:56.000Z,256.11096,256.42896,0
1973-11-05T00:59:49.000Z,256.11096,256.42896,0
1973-11-05T01:57:51.000Z,256.11096,256.42896,0
1973-11-05T02:55:44.000Z,256.11146,256.42846,0
1973-11-05T03:39:17.000Z,256.11096,256.42896,0
1973-11-05T04:01:00.000Z,256.11096,256.42896,0
1973-11-05T04:44:25.000Z,256.11096,256.42896,0
1973-11-05T05:42:27.000Z,256.11096,256.42896,0
1973-11-05T06:40:20.000Z,256.11146,256.42846,0
1973-11-05T07:50:06.000Z,256.08099,256.39899,0
1973-11-05T08:33:31.000Z,256.11096,256.42896,0
1973-11-05T09:31:33.000Z,256.11146,256.42846,0
1973-11-05T10:29:26.000Z,256.11146,256.42846,0
1973-11-05T11:27:28.000Z,256.1515,256.4685,0
1973-11-05T12:25:29.000Z,256.14149,256.45849,0
1973-11-05T13:23:23.000Z,256.08149,256.39849,0
1973-11-05T14:21:24.000Z,256.151,256.469,0
1973-11-05T15:19:18.000Z,256.11146,256.42846,0
1973-11-05T16:17:19.000Z,256.08099,256.39899,0
1973-11-05T16:53:30.000Z,256.14099,256.45899,0
1973-11-05T17:22:27.000Z,256.08099,256.39899,0
1973-11-05T17:58:46.000Z,256.11146,256.42846,0
1973-11-05T18:27:43.000Z,256.12097,256.43897,0
1973-11-05T18:34:57.000Z,256.10145,256.41845,0
1973-11-05T19:32:59.000Z,256.1515,256.4685,0
1973-11-05T20:30:52.000Z,256.04145,256.35845,0
1973-11-05T20:59:49.000Z,256.11146,256.42846,0
1973-11-05T21:07:03.000Z,256.11146,256.42846,0
1973-11-05T22:05:04.000Z,256.11146,256.42846,0
1973-11-05T23:02:58.000Z,256.11146,256.42846,0
1973-11-06T00:00:59.000Z,256.1515,256.4685,0
1973-11-06T00:59:01.000Z,256.11096,256.42896,0
1973-11-06T01:56:54.000Z,256.11096,256.42896,0
1973-11-06T02:54:56.000Z,256.11146,256.42846,0
1973-11-06T03:52:49.000Z,256.12097,256.43897,0
1973-11-06T04:50:51.000Z,256.11146,256.42846,0
1973-11-06T05:48:44.000Z,256.1515,256.4685,0
1973-11-06T06:46:46.000Z,256.1515,256.4685,0
1973-11-06T07:44:39.000Z,256.12147,256.43847,0
1973-11-06T08:42:41.000Z,256.1515,256.4685,0
1973-11-06T09:40:34.000Z,256.11146,256.42846,0
1973-11-06T10:38:36.000Z,256.1515,256.4685,0
1973-11-06T11:36:29.000Z,256.1515,256.4685,0
1973-11-06T12:34:31.000Z,256.08149,256.39849,0
1973-11-06T13:32:24.000Z,256.12147,256.43847,0
1973-11-06T14:30:26.000Z,256.18147,256.49847,0
1973-11-06T15:28:28.000Z,256.1515,256.4685,0
1973-11-06T16:26:21.000Z,256.12147,256.43847,0
1973-11-06T17:24:23.000Z,256.12147,256.43847,0
1973-11-06T18:22:16.000Z,256.12147,256.43847,0
1973-11-06T19:20:18.000Z,256.11146,256.42846,0
1973-11-06T20:18:11.000Z,256.12147,256.43847,0
1973-11-06T21:16:13.000Z,256.12147,256.43847,0
1973-11-06T22:14:06.000Z,256.1515,256.4685,0
1973-11-06T23:12:08.000Z,256.1515,256.4685,0
1973-11-07T00:10:01.000Z,256.1515,256.4685,0
1973-11-07T01:08:03.000Z,256.08099,256.39899,0
1973-11-07T02:05:56.000Z,256.12147,256.43847,0
1973-11-07T03:03:58.000Z,256.11146,256.42846,0
1973-11-07T04:01:59.000Z,256.11146,256.42846,0
1973-11-07T04:59:53.000Z,256.11196,256.42796,0
1973-11-07T05:57:54.000Z,256.11146,256.42846,0
1973-11-07T06:55:48.000Z,256.08149,256.39849,0
1973-11-07T07:53:49.000Z,256.11146,256.42846,0
1973-11-07T08:51:43.000Z,256.11146,256.42846,0
1973-11-07T09:49:44.000Z,256.08149,256.39849,0
1973-11-07T10:47:38.000Z,256.08149,256.39849,0
1973-11-07T11:45:39.000Z,256.11146,256.42846,0
1973-11-07T12:43:33.000Z,256.1515,256.4685,0
1973-11-07T13:41:34.000Z,256.1515,256.4685,0
1973-11-07T14:32:14.000Z,256.11146,256.42846,0
1973-11-07T15:41:02.000Z,256.18147,256.49847,0
1973-11-07T16:39:04.000Z,256.08149,256.39849,0
1973-11-07T17:37:06.000Z,256.12097,256.43897,0
1973-11-07T18:34:59.000Z,256.1515,256.4685,0
1973-11-07T19:33:01.000Z,256.08149,256.39849,0
1973-11-07T20:38:08.000Z,256.1515,256.4685,0
1973-11-07T21:36:10.000Z,256.11096,256.42896,0
1973-11-07T22:34:03.000Z,256.1515,256.4685,0
1973-11-07T23:32:05.000Z,256.1515,256.4685,0
1973-11-08T00:29:58.000Z,256.1515,256.4685,0
1973-11-08T01:28:00.000Z,256.1515,256.4685,0
1973-11-08T02:25:53.000Z,256.1515,256.4685,0
1973-11-08T03:23:55.000Z,256.12147,256.43847,0
1973-11-08T04:21:56.000Z,256.152,256.468,0
1973-11-08T05:19:50.000Z,256.08199,256.39799,0
1973-11-08T06:17:51.000Z,256.1515,256.4685,0
1973-11-08T07:15:45.000Z,256.152,256.468,0
1973-11-08T08:13:46.000Z,256.11146,256.42846,0
1973-11-08T09:11:40.000Z,256.11196,256.42796,0
1973-11-08T10:09:41.000Z,256.11196,256.42796,0
1973-11-08T11:07:35.000Z,256.08149,256.39849,0
1973-11-08T12:05:36.000Z,256.11146,256.42846,0
1973-11-08T13:03:30.000Z,256.11146,256.42846,0
1973-11-08T14:01:31.000Z,256.11146,256.42846,0
1973-11-08T14:59:25.000Z,256.11146,256.42846,0
1973-11-08T16:04:41.000Z,256.1515,256.4685,0
1973-11-08T17:02:42.000Z,256.11146,256.42846,0
1973-11-08T18:00:36.000Z,256.11146,256.42846,0
1973-11-08T18:15:04.000Z,256.11146,256.42846,0
1973-11-08T19:13:06.000Z,256.11196,256.42796,0
1973-11-08T20:10:59.000Z,256.11146,256.42846,0
1973-11-08T21:09:01.000Z,256.11146,256.42846,0
1973-11-08T22:06:54.000Z,256.11146,256.42846,0
1973-11-08T23:04:56.000Z,256.11146,256.42846,0
1973-11-09T00:02:49.000Z,256.11196,256.42796,0
1973-11-09T01:00:51.000Z,256.11146,256.42846,0
1973-11-09T01:58:52.000Z,256.1515,256.4685,0
1973-11-09T02:56:46.000Z,256.11196,256.42796,0
1973-11-09T03:54:47.000Z,256.11146,256.42846,0
1973-11-09T04:52:41.000Z,256.1515,256.4685,0
1973-11-09T05:50:42.000Z,256.1515,256.4685,0
1973-11-09T06:48:36.000Z,256.11196,256.42796,0
1973-11-09T07:46:37.000Z,256.11196,256.42796,0
1973-11-09T08:44:31.000Z,256.11146,256.42846,0
1973-11-09T09:06:13.000Z,256.08149,256.39849,0
1973-11-09T10:04:15.000Z,256.152,256.468,0
1973-11-09T11:02:16.000Z,256.08199,256.39799,0
1973-11-09T12:00:10.000Z,256.12197,256.43797,0
1973-11-09T12:58:11.000Z,256.152,256.468,0
1973-11-09T13:56:05.000Z,256.1515,256.4685,0
1973-11-09T14:46:52.000Z,256.1515,256.4685,0
1973-11-09T15:08:35.000Z,256.04195,256.35795,0
1973-11-09T15:23:03.000Z,256.152,256.468,0
1973-11-09T16:35:33.000Z,256.11196,256.42796,0
1973-11-09T17:04:30.000Z,256.08199,256.39799,0
1973-11-09T17:11:44.000Z,256.1515,256.4685,0
1973-11-09T17:33:26.000Z,256.12197,256.43797,0
1973-11-09T17:40:41.000Z,256.152,256.468,0
1973-11-09T18:24:14.000Z,256.12197,256.43797,0
1973-11-09T19:14:53.000Z,256.12197,256.43797,0
1973-11-09T20:20:09.000Z,256.11196,256.42796,0
1973-11-09T20:27:23.000Z,256.12197,256.43797,0
1973-11-09T20:49:06.000Z,256.12197,256.43797,0
1973-11-09T21:25:16.000Z,256.08199,256.39799,0
1973-11-09T21:39:45.000Z,256.12197,256.43797,0
1973-11-09T22:16:04.000Z,256.12197,256.43797,0
1973-11-09T22:37:46.000Z,256.12197,256.43797,0
1973-11-09T23:35:48.000Z,256.12197,256.43797,0
1973-11-10T00:33:41.000Z,256.08149,256.39849,0
1973-11-10T01:31:43.000Z,256.08199,256.39799,0
1973-11-10T02:22:22.000Z,256.12197,256.43797,0
1973-11-10T02:36:51.000Z,256.11196,256.42796,0
1973-11-10T02:58:33.000Z,256.08199,256.39799,0
1973-11-10T03:05:47.000Z,256.08199,256.39799,0
1973-11-10T04:03:49.000Z,256.08199,256.39799,0
1973-11-10T04:32:46.000Z,256.11196,256.42796,0
1973-11-10T05:01:51.000Z,256.12197,256.43797,0
1973-11-10T05:59:44.000Z,256.08199,256.39799,0
1973-11-10T06:57:46.000Z,256.12197,256.43797,0
1973-11-10T07:55:39.000Z,256.152,256.468,0
1973-11-10T08:53:41.000Z,256.08199,256.39799,0
1973-11-10T09:37:06.000Z,256.12197,256.43797,0
1973-11-10T10:35:07.000Z,256.11196,256.42796,0
1973-11-10T11:33:01.000Z,256.152,256.468,0
1973-11-10T12:31:02.000Z,256.11196,256.42796,0
1973-11-10T13:28:56.000Z,256.152,256.468,0
1973-11-10T14:34:11.000Z,256.11196,256.42796,0
1973-11-10T14:55:54.000Z,256.11196,256.42796,0
1973-11-10T15:39:19.000Z,256.12197,256.43797,0
1973-11-10T16:01:10.000Z,256.11196,256.42796,0
1973-11-10T16:30:06.000Z,256.12197,256.43797,0
1973-11-10T17:28:00.000Z,256.05196,256.36796,0
1973-11-10T18:26:01.000Z,256.12197,256.43797,0
1973-11-10T19:24:03.000Z,256.08199,256.39799,0
1973-11-10T19:45:46.000Z,256.08199,256.39799,0
1973-11-10T20:43:39.000Z,256.08199,256.39799,0
1973-11-10T21:34:26.000Z,256.08199,256.39799,0
1973-11-10T22:32:20.000Z,256.08199,256.39799,0
1973-11-10T23:23:07.000Z,256.08199,256.39799,0
1973-11-10T23:59:18.000Z,256.08199,256.39799,0
1973-11-11T00:42:43.000Z,256.11196,256.42796,0
1973-11-11T01:40:45.000Z,256.08199,256.39799,0
1973-11-11T02:38:46.000Z,256.08199,256.39799,0
1973-11-11T03:36:40.000Z,256.08199,256.39799,0
1973-11-11T04:34:41.000Z,256.11196,256.42796,0
1973-11-11T05:32:35.000Z,256.08199,256.39799,0
1973-11-11T06:30:36.000Z,256.11196,256.42796,0
1973-11-11T07:28:30.000Z,256.08199,256.39799,0
1973-11-11T08:26:31.000Z,256.11196,256.42796,0
1973-11-11T09:24:25.000Z,256.11196,256.42796,0
1973-11-11T10:22:26.000Z,256.08199,256.39799,0
1973-11-11T11:20:20.000Z,256.11196,256.42796,0
1973-11-11T12:18:21.000Z,256.11196,256.42796,0
1973-11-11T13:16:15.000Z,256.11196,256.42796,0
1973-11-11T14:14:16.000Z,256.08199,256.39799,0
1973-11-11T15:12:10.000Z,256.08199,256.39799,0
1973-11-11T16:10:11.000Z,256.08199,256.39799,0
1973-11-11T17:08:13.000Z,256.12197,256.43797,0
1973-11-11T18:06:06.000Z,256.08199,256.39799,0
1973-11-11T19:04:08.000Z,256.08199,256.39799,0
1973-11-11T20:02:01.000Z,256.08199,256.39799,0
1973-11-11T21:00:03.000Z,256.12197,256.43797,0
1973-11-11T21:21:46.000Z,256.12197,256.43797,0
1973-11-11T22:12:25.000Z,256.08199,256.39799,0
1973-11-11T22:34:15.000Z,256.08199,256.39799,0
1973-11-11T23:46:37.000Z,256.05196,256.36796,0
1973-11-11T23:53:51.000Z,256.08199,256.39799,0
1973-11-12T00:51:53.000Z,256.04195,256.35795,0
1973-11-12T01:49:46.000Z,256.12197,256.43797,0
1973-11-12T02:47:48.000Z,256.08199,256.39799,0
1973-11-12T03:45:41.000Z,256.092,256.408,0
1973-11-12T04:43:43.000Z,256.092,256.408,0
1973-11-12T05:41:36.000Z,256.12197,256.43797,0
1973-11-12T06:39:38.000Z,256.08199,256.39799,0
1973-11-12T07:37:31.000Z,256.12197,256.43797,0
1973-11-12T08:35:33.000Z,256.05196,256.36796,0
1973-11-12T09:33:35.000Z,256.04195,256.35795,0
1973-11-12T10:31:28.000Z,256.05196,256.36796,0
1973-11-12T11:29:30.000Z,256.08249,256.39749,0
1973-11-12T12:27:23.000Z,256.05196,256.36796,0
1973-11-12T13:03:34.000Z,256.01248,256.32748,0
1973-11-12T14:01:36.000Z,256.12247,256.43747,0
1973-11-12T14:59:37.000Z,256.08199,256.39799,0
1973-11-12T15:35:48.000Z,256.11246,256.42746,0
1973-11-12T16:11:59.000Z,256.07248,256.38748,0
1973-11-12T17:11:47.000Z,256.11196,256.42796,0
1973-11-12T18:09:49.000Z,256.11196,256.42796,0
1973-11-12T19:07:42.000Z,256.11196,256.42796,0
1973-11-12T20:05:44.000Z,256.07198,256.38798,0
1973-11-12T21:03:37.000Z,256.07198,256.38798,0
1973-11-12T22:01:39.000Z,256.11246,256.42746,0
1973-11-12T22:59:32.000Z,256.11196,256.42796,0
1973-11-12T23:57:34.000Z,256.07198,256.38798,0
1973-11-13T00:55:27.000Z,256.07248,256.38748,0
1973-11-13T01:53:29.000Z,256.11196,256.42796,0
1973-11-13T02:58:36.000Z,256.11196,256.42796,0
1973-11-13T03:56:38.000Z,256.07198,256.38798,0
1973-11-13T04:54:31.000Z,256.11246,256.42746,0
1973-11-13T05:52:33.000Z,256.07248,256.38748,0
1973-11-13T06:50:26.000Z,256.08249,256.39749,0
1973-11-13T07:55:42.000Z,256.08249,256.39749,0
1973-11-13T08:53:44.000Z,256.04245,256.35745,0
1973-11-13T09:51:37.000Z,256.07198,256.38798,0
1973-11-13T10:49:39.000Z,256.08199,256.39799,0
1973-11-13T11:47:32.000Z,256.08249,256.39749,0
1973-11-13T12:45:34.000Z,256.11196,256.42796,0
1973-11-13T13:00:02.000Z,256.11246,256.42746,0
1973-11-13T13:57:55.000Z,256.05246,256.36746,0
1973-11-13T14:55:57.000Z,256.04195,256.35795,0
1973-11-13T15:53:50.000Z,256.11196,256.42796,0
1973-11-13T16:51:52.000Z,256.08249,256.39749,0
1973-11-13T17:57:00.000Z,256.11196,256.42796,0
1973-11-13T18:04:22.000Z,256.11246,256.42746,0
1973-11-13T19:02:15.000Z,256.11196,256.42796,0
1973-11-13T20:00:17.000Z,256.11246,256.42746,0
1973-11-13T20:58:10.000Z,256.11246,256.42746,0
1973-11-13T21:56:12.000Z,256.11246,256.42746,0
1973-11-13T22:54:05.000Z,256.11246,256.42746,0
1973-11-13T23:52:07.000Z,256.11246,256.42746,0
1973-11-14T00:50:00.000Z,256.11246,256.42746,0
1973-11-14T01:48:02.000Z,256.11246,256.42746,0
1973-11-14T02:45:55.000Z,256.11246,256.42746,0
1973-11-14T03:43:57.000Z,256.11196,256.42796,0
1973-11-14T04:41:50.000Z,256.11196,256.42796,0
1973-11-14T05:39:52.000Z,256.10245,256.41745,0
1973-11-14T06:37:45.000Z,256.07248,256.38748,0
1973-11-14T07:35:47.000Z,256.10195,256.41795,0
1973-11-14T08:33:40.000Z,256.10195,256.41795,0
1973-11-14T09:31:42.000Z,256.07248,256.38748,0
1973-11-14T10:29:35.000Z,256.10195,256.41795,0
1973-11-14T11:27:37.000Z,256.10245,256.41745,0
1973-11-14T12:25:39.000Z,256.10195,256.41795,0
1973-11-14T13:23:32.000Z,256.10245,256.41745,0
1973-11-14T14:29:37.000Z,256.10245,256.41745,0
1973-11-14T15:13:10.000Z,256.06247,256.37747,0
1973-11-14T16:11:04.000Z,256.10245,256.41745,0
1973-11-14T17:09:05.000Z,256.02249,256.33749,0
1973-11-14T18:06:59.000Z,256.0925,256.4075,0
1973-11-14T19:05:00.000Z,256.0925,256.4075,0
1973-11-14T20:02:54.000Z,256.07248,256.38748,0
1973-11-14T21:00:55.000Z,256.07248,256.38748,0
1973-11-14T21:58:49.000Z,256.07248,256.38748,0
1973-11-14T22:56:50.000Z,256.03244,256.34744,0
1973-11-14T23:54:44.000Z,256.07248,256.38748,0
1973-11-15T00:52:45.000Z,256.11246,256.42746,0
1973-11-15T01:36:10.000Z,256.10245,256.41745,0
1973-11-15T02:34:12.000Z,256.06247,256.37747,0
1973-11-15T03:17:37.000Z,256.12247,256.43747,0
1973-11-15T04:15:39.000Z,256.07248,256.38748,0
1973-11-15T05:13:32.000Z,256.07248,256.38748,0
1973-11-15T06:11:34.000Z,256.0925,256.4075,0
1973-11-15T07:09:27.000Z,256.0925,256.4075,0
1973-11-15T08:07:29.000Z,256.05246,256.36746,0
1973-11-15T09:05:22.000Z,256.08249,256.39749,0
1973-11-15T10:03:24.000Z,256.08249,256.39749,0
1973-11-15T11:01:17.000Z,256.11246,256.42746,0
1973-11-15T11:59:19.000Z,256.08249,256.39749,0
1973-11-15T12:57:20.000Z,256.08249,256.39749,0
1973-11-15T13:55:14.000Z,256.08249,256.39749,0
1973-11-15T14:53:15.000Z,256.11246,256.42746,0
1973-11-15T15:51:09.000Z,256.08249,256.39749,0
1973-11-15T16:49:10.000Z,256.11246,256.42746,0
1973-11-15T17:47:04.000Z,256.07248,256.38748,0
1973-11-15T18:37:51.000Z,256.03244,256.34744,0
1973-11-15T19:06:48.000Z,256.07248,256.38748,0
1973-11-15T19:50:13.000Z,256.07248,256.38748,0
1973-11-15T20:48:14.000Z,256.10245,256.41745,0
1973-11-15T21:46:08.000Z,256.06247,256.37747,0
1973-11-15T22:36:55.000Z,256.10245,256.41745,0
1973-11-15T23:20:20.000Z,256.10245,256.41745,0
1973-11-15T23:56:31.000Z,256.06247,256.37747,0
1973-11-16T00:25:36.000Z,256.0925,256.4075,0
1973-11-16T01:01:47.000Z,256.0925,256.4075,0
1973-11-16T01:23:29.000Z,256.10245,256.41745,0
1973-11-16T01:52:34.000Z,256.13248,256.44748,0
1973-11-16T01:59:49.000Z,256.06247,256.37747,0
1973-11-16T02:35:59.000Z,256.10245,256.41745,0
1973-11-16T03:12:10.000Z,256.10245,256.41745,0
1973-11-16T03:55:44.000Z,256.06247,256.37747,0
1973-11-16T04:17:26.000Z,256.0925,256.4075,0
1973-11-16T04:24:40.000Z,256.0925,256.4075,0
1973-11-16T04:46:23.000Z,256.02249,256.33749,0
1973-11-16T05:44:24.000Z,256.0925,256.4075,0
1973-11-16T06:42:18.000Z,256.0925,256.4075,0
1973-11-16T07:40:19.000Z,256.0925,256.4075,0
1973-11-16T08:38:13.000Z,256.08249,256.39749,0
1973-11-16T09:36:14.000Z,256.08249,256.39749,0
1973-11-16T10:34:08.000Z,256.05246,256.36746,0
1973-11-16T11:32:09.000Z,256.08249,256.39749,0
1973-11-16T12:30:03.000Z,256.05246,256.36746,0
1973-11-16T13:28:04.000Z,256.08249,256.39749,0
1973-11-16T14:25:58.000Z,256.08249,256.39749,0
1973-11-16T15:23:59.000Z,256.08249,256.39749,0
1973-11-16T16:21:53.000Z,256.08249,256.39749,0
1973-11-16T17:19:54.000Z,256.11246,256.42746,0
1973-11-16T18:17:48.000Z,256.08249,256.39749,0
1973-11-16T19:15:49.000Z,256.11246,256.42746,0
1973-11-16T19:59:14.000Z,256.07248,256.38748,0
1973-11-16T20:13:51.000Z,256.11246,256.42746,0
1973-11-16T21:11:44.000Z,256.07248,256.38748,0
1973-11-16T21:55:09.000Z,256.07248,256.38748,0
1973-11-16T22:53:11.000Z,256.11246,256.42746,0
1973-11-16T23:51:04.000Z,256.11246,256.42746,0
1973-11-17T00:49:06.000Z,256.07248,256.38748,0
1973-11-17T01:25:17.000Z,256.07248,256.38748,0
1973-11-17T02:23:19.000Z,256.07248,256.38748,0
1973-11-17T02:30:33.000Z,256.10245,256.41745,0
1973-11-17T02:59:29.000Z,256.04245,256.35745,0
1973-11-17T03:43:03.000Z,256.14249,256.45749,0
1973-11-17T03:57:31.000Z,256.07248,256.38748,0
1973-11-17T04:40:56.000Z,256.07248,256.38748,0
1973-11-17T05:38:58.000Z,256.07248,256.38748,0
1973-11-17T06:36:51.000Z,256.07248,256.38748,0
1973-11-17T07:34:53.000Z,256.07248,256.38748,0
1973-11-17T08:32:46.000Z,256.10245,256.41745,0
1973-11-17T09:30:48.000Z,256.07248,256.38748,0
1973-11-17T10:28:41.000Z,256.07248,256.38748,0
1973-11-17T11:26:43.000Z,256.0925,256.4075,0
1973-11-17T12:24:36.000Z,256.10245,256.41745,0
1973-11-17T13:22:38.000Z,256.07248,256.38748,0
1973-11-17T14:20:31.000Z,256.10245,256.41745,0
1973-11-17T15:18:33.000Z,256.13248,256.44748,0
1973-11-17T16:16:26.000Z,256.07248,256.38748,0
1973-11-17T17:14:28.000Z,256.0925,256.4075,0
1973-11-17T18:12:21.000Z,256.10245,256.41745,0
1973-11-17T19:10:23.000Z,256.07248,256.38748,0
1973-11-17T20:08:16.000Z,256.07298,256.38698,0
1973-11-17T21:06:18.000Z,256.093,256.407,0
1973-11-17T21:35:14.000Z,256.0925,256.4075,0
1973-11-17T21:56:57.000Z,256.0925,256.4075,0
1973-11-17T22:54:59.000Z,256.0925,256.4075,0
1973-11-17T23:53:00.000Z,256.0925,256.4075,0
1973-11-18T00:50:54.000Z,256.07298,256.38698,0
1973-11-18T01:48:55.000Z,256.093,256.407,0
1973-11-18T02:46:49.000Z,256.093,256.407,0
1973-11-18T03:08:31.000Z,256.0925,256.4075,0
1973-11-18T04:06:33.000Z,256.093,256.407,0
1973-11-18T05:04:26.000Z,256.06247,256.37747,0
1973-11-18T06:02:28.000Z,256.06247,256.37747,0
1973-11-18T07:00:21.000Z,256.06297,256.37697,0
1973-11-18T07:58:23.000Z,256.0925,256.4075,0
1973-11-18T08:56:16.000Z,256.12297,256.43697,0
1973-11-18T09:54:18.000Z,256.0925,256.4075,0
1973-11-18T10:52:11.000Z,256.06247,256.37747,0
1973-11-18T11:50:13.000Z,256.0925,256.4075,0
1973-11-18T12:48:14.000Z,256.0925,256.4075,0
1973-11-18T13:46:08.000Z,256.0925,256.4075,0
1973-11-18T14:44:09.000Z,256.05296,256.36696,0
1973-11-18T15:42:03.000Z,256.05246,256.36746,0
1973-11-18T16:40:04.000Z,256.0925,256.4075,0
1973-11-18T17:37:58.000Z,256.12297,256.43697,0
1973-11-18T18:35:59.000Z,256.06297,256.37697,0
1973-11-18T19:33:53.000Z,256.06297,256.37697,0
1973-11-18T20:31:54.000Z,256.12297,256.43697,0
1973-11-18T21:29:48.000Z,256.05246,256.36746,0
1973-11-18T22:42:18.000Z,256.12297,256.43697,0
1973-11-18T23:40:11.000Z,256.05296,256.36696,0
1973-11-19T00:02:02.000Z,256.12297,256.43697,0
1973-11-19T00:59:55.000Z,256.12247,256.43747,0
1973-11-19T01:57:57.000Z,256.12247,256.43747,0
1973-11-19T02:55:50.000Z,256.12297,256.43697,0
1973-11-19T03:53:52.000Z,256.0925,256.4075,0
1973-11-19T04:51:45.000Z,256.093,256.407,0
1973-11-19T05:57:01.000Z,256.05296,256.36696,0
1973-11-19T06:11:29.000Z,256.12297,256.43697,0
1973-11-19T06:25:58.000Z,256.12297,256.43697,0
1973-11-19T07:23:59.000Z,256.12297,256.43697,0
1973-11-19T07:45:42.000Z,256.08299,256.39699,0
1973-11-19T08:07:24.000Z,256.08299,256.39699,0
1973-11-19T09:05:26.000Z,256.08299,256.39699,0
1973-11-19T10:10:34.000Z,256.08299,256.39699,0
1973-11-19T10:17:48.000Z,256.08299,256.39699,0
1973-11-19T11:15:49.000Z,256.08249,256.39749,0
1973-11-19T11:44:46.000Z,256.12297,256.43697,0
1973-11-19T12:35:25.000Z,256.08249,256.39749,0
1973-11-19T12:57:16.000Z,256.08299,256.39699,0
1973-11-19T13:33:27.000Z,256.08299,256.39699,0
1973-11-19T13:55:09.000Z,256.12297,256.43697,0
1973-11-19T15:24:52.000Z,256.04295,256.35695,0
1973-11-19T16:22:45.000Z,256.08299,256.39699,0
1973-11-19T17:20:47.000Z,256.08299,256.39699,0
1973-11-19T18:18:40.000Z,256.08299,256.39699,0
1973-11-19T19:16:42.000Z,256.08299,256.39699,0
1973-11-19T20:14:35.000Z,256.08249,256.39749,0
1973-11-19T21:12:37.000Z,256.08299,256.39699,0
1973-11-19T22:10:38.000Z,256.04295,256.35695,0
1973-11-19T23:08:32.000Z,256.08299,256.39699,0
1973-11-20T00:06:33.000Z,256.08299,256.39699,0
1973-11-20T01:04:27.000Z,256.11296,256.42696,0
1973-11-20T02:02:28.000Z,256.11296,256.42696,0
1973-11-20T03:00:22.000Z,256.08299,256.39699,0
1973-11-20T03:58:23.000Z,256.08299,256.39699,0
1973-11-20T04:56:17.000Z,256.11296,256.42696,0
1973-11-20T05:54:18.000Z,256.04245,256.35745,0
1973-11-20T06:52:12.000Z,256.04295,256.35695,0
1973-11-20T07:13:54.000Z,256.04295,256.35695,0
1973-11-20T08:11:56.000Z,256.08249,256.39749,0
1973-11-20T08:48:07.000Z,256.07298,256.38698,0
1973-11-20T08:55:21.000Z,256.11296,256.42696,0
1973-11-20T09:53:22.000Z,256.08299,256.39699,0
1973-11-20T10:51:16.000Z,256.08299,256.39699,0
1973-11-20T11:49:17.000Z,256.07298,256.38698,0
1973-11-20T12:32:43.000Z,256.03294,256.34694,0
1973-11-20T12:47:11.000Z,256.07298,256.38698,0
1973-11-20T13:30:44.000Z,256.08299,256.39699,0
1973-11-20T14:28:38.000Z,256.14299,256.45699,0
1973-11-20T15:26:39.000Z,256.07298,256.38698,0
1973-11-20T15:33:53.000Z,256.11296,256.42696,0
1973-11-20T19:54:40.000Z,256.07298,256.38698,0
1973-11-20T20:52:42.000Z,256.11296,256.42696,0
1973-11-20T21:50:35.000Z,256.07298,256.38698,0
1973-11-20T22:48:37.000Z,256.07298,256.38698,0
1973-11-20T23:46:30.000Z,256.10295,256.41695,0
1973-11-21T00:44:32.000Z,256.11296,256.42696,0
1973-11-21T01:42:25.000Z,256.10295,256.41695,0
1973-11-21T01:57:02.000Z,256.10295,256.41695,0
1973-11-21T02:54:55.000Z,256.10295,256.41695,0
1973-11-21T03:52:57.000Z,256.07298,256.38698,0
1973-11-21T04:50:50.000Z,256.06297,256.37697,0
1973-11-21T05:56:06.000Z,256.14299,256.45699,0
1973-11-21T06:53:59.000Z,256.11296,256.42696,0
1973-11-21T07:52:01.000Z,256.14299,256.45699,0
1973-11-21T08:49:54.000Z,256.04295,256.35695,0
1973-11-21T09:47:56.000Z,256.07298,256.38698,0
1973-11-21T11:14:54.000Z,256.07298,256.38698,0
1973-11-21T12:49:07.000Z,256.10295,256.41695,0
1973-11-21T13:47:00.000Z,256.10295,256.41695,0
1973-11-21T14:45:02.000Z,256.14299,256.45699,0
1973-11-21T16:17:19.000Z,256.10295,256.41695,0
1973-11-21T17:15:21.000Z,256.10295,256.41695,0
1973-11-21T18:13:14.000Z,256.06297,256.37697,0
1973-11-21T19:11:16.000Z,256.07298,256.38698,0
1973-11-21T20:09:09.000Z,256.04295,256.35695,0
1973-11-21T21:07:11.000Z,256.06297,256.37697,0
1973-11-21T22:05:04.000Z,256.10295,256.41695,0
1973-11-21T23:03:06.000Z,256.10295,256.41695,0
1973-11-22T00:00:59.000Z,256.10295,256.41695,0
1973-11-22T00:59:01.000Z,256.10295,256.41695,0
1973-11-22T01:56:54.000Z,256.06297,256.37697,0
1973-11-22T02:54:56.000Z,256.10295,256.41695,0
1973-11-22T03:52:49.000Z,256.06297,256.37697,0
1973-11-22T04:50:51.000Z,256.10295,256.41695,0
1973-11-22T05:12:34.000Z,256.14299,256.45699,0
1973-11-22T06:10:35.000Z,256.10295,256.41695,0
1973-11-22T06:38:18.000Z,256.10295,256.41695,0
1973-11-22T07:08:29.000Z,256.10295,256.41695,0
1973-11-22T08:20:59.000Z,256.10295,256.41695,0
1973-11-22T08:28:13.000Z,256.10295,256.41695,0
1973-11-22T09:26:06.000Z,256.10295,256.41695,0
1973-11-22T10:24:08.000Z,256.10295,256.41695,0
1973-11-22T11:22:09.000Z,256.10295,256.41695,0
1973-11-22T11:58:20.000Z,256.06297,256.37697,0
1973-11-22T12:56:14.000Z,256.10295,256.41695,0
1973-11-22T13:54:15.000Z,256.06297,256.37697,0
1973-11-22T14:52:09.000Z,256.10295,256.41695,0
1973-11-22T15:50:10.000Z,256.06297,256.37697,0
1973-11-22T16:48:04.000Z,256.10295,256.41695,0
1973-11-22T17:46:05.000Z,256.06297,256.37697,0
1973-11-22T18:44:07.000Z,256.093,256.407,0
1973-11-22T19:42:00.000Z,256.05296,256.36696,0
1973-11-22T20:40:02.000Z,256.06297,256.37697,0
1973-11-22T21:37:55.000Z,256.093,256.407,0
1973-11-22T22:35:57.000Z,256.02299,256.33699,0
1973-11-22T23:33:50.000Z,256.10295,256.41695,0
1973-11-23T00:31:52.000Z,256.10295,256.41695,0
1973-11-23T01:29:45.000Z,256.093,256.407,0
1973-11-23T02:27:47.000Z,256.06297,256.37697,0
1973-11-23T03:25:40.000Z,256.10295,256.41695,0
1973-11-23T04:23:42.000Z,256.06297,256.37697,0
1973-11-23T05:21:35.000Z,256.06297,256.37697,0
1973-11-23T06:19:37.000Z,256.06297,256.37697,0
1973-11-23T07:17:30.000Z,256.12297,256.43697,0
1973-11-23T08:15:32.000Z,256.05296,256.36696,0
1973-11-23T09:13:25.000Z,256.08299,256.39699,0
1973-11-23T10:11:27.000Z,256.08299,256.39699,0
1973-11-23T11:16:43.000Z,256.08299,256.39699,0
1973-11-23T12:14:36.000Z,256.06297,256.37697,0
1973-11-23T13:12:38.000Z,256.05346,256.36646,0
1973-11-23T14:10:31.000Z,256.093,256.407,0
1973-11-23T15:08:33.000Z,256.093,256.407,0
1973-11-23T16:06:26.000Z,256.13298,256.44698,0
1973-11-23T17:04:28.000Z,256.05296,256.36696,0
1973-11-23T18:02:21.000Z,256.10295,256.41695,0
1973-11-23T19:00:23.000Z,256.05296,256.36696,0
1973-11-23T19:58:16.000Z,256.093,256.407,0
1973-11-23T20:56:18.000Z,256.05346,256.36646,0
1973-11-23T21:54:11.000Z,256.05346,256.36646,0
1973-11-23T22:52:13.000Z,256.093,256.407,0
1973-11-23T23:50:06.000Z,256.093,256.407,0
1973-11-24T00:48:08.000Z,256.05346,256.36646,0
1973-11-24T02:26:51.000Z,256.08299,256.39699,0
1973-11-24T03:24:44.000Z,256.13298,256.44698,0
1973-11-24T04:22:46.000Z,256.05296,256.36696,0
1973-11-24T05:28:01.000Z,256.05346,256.36646,0
1973-11-24T05:35:16.000Z,256.093,256.407,0
1973-11-24T06:25:55.000Z,256.05296,256.36696,0
1973-11-24T07:16:34.000Z,256.093,256.407,0
1973-11-24T07:45:39.000Z,256.08299,256.39699,0
1973-11-24T08:07:21.000Z,256.093,256.407,0
1973-11-24T08:29:04.000Z,256.093,256.407,0
1973-11-24T08:58:01.000Z,256.093,256.407,0
1973-11-24T09:56:02.000Z,256.08299,256.39699,0
1973-11-24T10:32:13.000Z,256.093,256.407,0
1973-11-24T11:08:32.000Z,256.093,256.407,0
1973-11-24T11:37:29.000Z,256.08299,256.39699,0
1973-11-24T12:06:26.000Z,256.12297,256.43697,0
1973-11-24T12:28:08.000Z,256.05296,256.36696,0
1973-11-24T13:33:24.000Z,256.05346,256.36646,0
1973-11-24T13:40:38.000Z,256.05346,256.36646,0
1973-11-24T14:24:03.000Z,256.05346,256.36646,0
1973-11-24T15:22:05.000Z,256.05296,256.36696,0
1973-11-24T15:58:16.000Z,256.093,256.407,0
1973-11-24T16:19:58.000Z,256.093,256.407,0
1973-11-24T16:34:35.000Z,256.05296,256.36696,0
1973-11-24T17:32:28.000Z,256.05346,256.36646,0
1973-11-24T18:30:30.000Z,256.093,256.407,0
1973-11-24T19:28:23.000Z,256.05346,256.36646,0
1973-11-24T19:57:20.000Z,256.08299,256.39699,0
1973-11-24T20:55:21.000Z,256.05346,256.36646,0
1973-11-24T21:53:15.000Z,256.05296,256.36696,0
1973-11-24T22:51:16.000Z,256.093,256.407,0
1973-11-24T23:49:10.000Z,256.08299,256.39699,0
1973-11-25T00:47:11.000Z,256.08299,256.39699,0
1973-11-25T01:45:13.000Z,256.05346,256.36646,0
1973-11-25T02:43:06.000Z,256.08299,256.39699,0
1973-11-25T02:57:35.000Z,256.093,256.407,0
1973-11-25T03:55:36.000Z,256.08299,256.39699,0
1973-11-25T04:53:30.000Z,256.08349,256.39649,0
1973-11-25T05:51:31.000Z,256.08349,256.39649,0
1973-11-25T06:49:25.000Z,256.08349,256.39649,0
1973-11-25T07:47:26.000Z,256.05296,256.36696,0
1973-11-25T08:45:20.000Z,256.08299,256.39699,0
1973-11-25T09:43:21.000Z,256.05346,256.36646,0
1973-11-25T10:05:04.000Z,256.08349,256.39649,0
1973-11-25T11:03:06.000Z,256.08299,256.39699,0
1973-11-25T11:53:45.000Z,256.0935,256.4065,0
1973-11-25T12:51:46.000Z,256.05346,256.36646,0
1973-11-25T13:49:40.000Z,256.093,256.407,0
1973-11-25T14:47:41.000Z,256.08299,256.39699,0
1973-11-25T15:45:35.000Z,256.08349,256.39649,0
1973-11-25T16:36:22.000Z,256.08299,256.39699,0
1973-11-25T17:34:16.000Z,256.08349,256.39649,0
1973-11-25T18:10:26.000Z,256.05346,256.36646,0
1973-11-25T18:25:03.000Z,256.08349,256.39649,0
1973-11-25T19:08:28.000Z,256.05346,256.36646,0
1973-11-25T19:59:07.000Z,256.08299,256.39699,0
1973-11-25T20:13:44.000Z,256.08349,256.39649,0
1973-11-25T21:11:37.000Z,256.08349,256.39649,0
1973-11-25T22:09:39.000Z,256.05346,256.36646,0
1973-11-25T23:07:32.000Z,256.08299,256.39699,0
1973-11-26T00:05:34.000Z,256.08349,256.39649,0
1973-11-26T01:03:27.000Z,256.08349,256.39649,0
1973-11-26T02:01:29.000Z,256.12347,256.43647,0
1973-11-26T02:59:22.000Z,256.08349,256.39649,0
1973-11-26T03:57:24.000Z,256.08349,256.39649,0
1973-11-26T04:55:17.000Z,256.08349,256.39649,0
1973-11-26T05:53:19.000Z,256.08349,256.39649,0
1973-11-26T06:51:12.000Z,256.08349,256.39649,0
1973-11-26T07:49:14.000Z,256.08349,256.39649,0
1973-11-26T08:47:07.000Z,256.08349,256.39649,0
1973-11-26T09:45:09.000Z,256.08349,256.39649,0
1973-11-26T10:14:06.000Z,256.08349,256.39649,0
1973-11-26T11:12:07.000Z,256.08349,256.39649,0
1973-11-26T12:10:01.000Z,256.08349,256.39649,0
1973-11-26T13:08:02.000Z,256.08349,256.39649,0
1973-11-26T14:05:56.000Z,256.08349,256.39649,0
1973-11-26T15:03:57.000Z,256.08349,256.39649,0
1973-11-26T15:51:03.000Z,256.05346,256.36646,0
1973-11-26T16:48:57.000Z,256.08349,256.39649,0
1973-11-26T17:39:44.000Z,256.08349,256.39649,0
1973-11-26T18:08:41.000Z,256.05346,256.36646,0
1973-11-26T18:23:09.000Z,256.08349,256.39649,0
1973-11-26T19:21:11.000Z,256.08349,256.39649,0
1973-11-26T20:19:04.000Z,256.08349,256.39649,0
1973-11-26T21:17:06.000Z,256.08349,256.39649,0
1973-11-26T22:14:59.000Z,256.08349,256.39649,0
1973-11-26T23:13:01.000Z,256.11296,256.42696,0
1973-11-27T00:10:54.000Z,256.11346,256.42646,0
1973-11-27T01:08:56.000Z,256.08349,256.39649,0
1973-11-27T02:06:49.000Z,256.05346,256.36646,0
1973-11-27T03:04:51.000Z,256.08349,256.39649,0
1973-11-27T04:02:44.000Z,256.05346,256.36646,0
1973-11-27T05:00:46.000Z,256.08349,256.39649,0
1973-11-27T05:58:39.000Z,256.08349,256.39649,0
1973-11-27T06:56:41.000Z,256.11346,256.42646,0
1973-11-27T07:54:34.000Z,256.11346,256.42646,0
1973-11-27T08:52:36.000Z,256.08349,256.39649,0
1973-11-27T09:36:01.000Z,256.08349,256.39649,0
1973-11-27T09:50:29.000Z,256.08349,256.39649,0
1973-11-27T10:34:03.000Z,256.08349,256.39649,0
1973-11-27T11:10:14.000Z,256.08349,256.39649,0
1973-11-27T11:31:56.000Z,256.08349,256.39649,0
1973-11-27T11:46:33.000Z,256.08349,256.39649,0
1973-11-27T12:15:29.000Z,256.08349,256.39649,0
1973-11-27T12:37:12.000Z,256.11346,256.42646,0
1973-11-27T12:58:54.000Z,256.05346,256.36646,0
1973-11-27T13:20:37.000Z,256.08349,256.39649,0
1973-11-27T13:49:42.000Z,256.08349,256.39649,0
1973-11-27T14:18:39.000Z,256.08349,256.39649,0
1973-11-27T15:16:32.000Z,256.11346,256.42646,0
1973-11-27T16:14:34.000Z,256.08349,256.39649,0
1973-11-27T17:12:27.000Z,256.08349,256.39649,0
1973-11-27T18:10:29.000Z,256.11346,256.42646,0
1973-11-27T19:08:30.000Z,256.08349,256.39649,0
1973-11-27T20:06:24.000Z,256.05346,256.36646,0
1973-11-27T21:04:25.000Z,256.08349,256.39649,0
1973-11-27T22:02:19.000Z,256.08349,256.39649,0
1973-11-27T23:00:20.000Z,256.11346,256.42646,0
1973-11-27T23:58:14.000Z,256.08349,256.39649,0
1973-11-28T00:56:15.000Z,256.08349,256.39649,0
1973-11-28T01:54:09.000Z,256.11346,256.42646,0
1973-11-28T02:52:10.000Z,256.11346,256.42646,0
1973-11-28T03:50:04.000Z,256.08349,256.39649,0
1973-11-28T04:48:05.000Z,256.08349,256.39649,0
1973-11-28T05:45:59.000Z,256.08349,256.39649,0
1973-11-28T06:44:00.000Z,256.11346,256.42646,0
1973-11-28T07:41:54.000Z,256.08349,256.39649,0
1973-11-28T08:39:55.000Z,256.08349,256.39649,0
1973-11-28T09:37:49.000Z,256.11346,256.42646,0
1973-11-28T10:35:50.000Z,256.08349,256.39649,0
1973-11-28T11:33:44.000Z,256.11346,256.42646,0
1973-11-28T12:31:45.000Z,256.08349,256.39649,0
1973-11-28T13:29:39.000Z,256.11346,256.42646,0
1973-11-28T14:27:40.000Z,256.11346,256.42646,0
1973-11-28T15:25:42.000Z,256.05346,256.36646,0
1973-11-28T16:23:35.000Z,256.11346,256.42646,0
1973-11-28T17:21:37.000Z,256.08349,256.39649,0
1973-11-28T18:32:12.000Z,256.08349,256.39649,0
1973-11-28T19:37:28.000Z,256.11346,256.42646,0
1973-11-28T19:59:10.000Z,256.11346,256.42646,0
1973-11-28T20:57:04.000Z,256.05346,256.36646,0
1973-11-28T21:55:05.000Z,256.14349,256.45649,0
1973-11-28T23:00:13.000Z,256.11346,256.42646,0
1973-11-28T23:58:15.000Z,256.11346,256.42646,0
1973-11-29T02:23:06.000Z,256.08349,256.39649,0
1973-11-29T02:59:25.000Z,256.11346,256.42646,0
1973-11-29T03:57:19.000Z,256.08349,256.39649,0
1973-11-29T04:55:20.000Z,256.11346,256.42646,0
1973-11-29T05:53:14.000Z,256.08349,256.39649,0
1973-11-29T06:51:15.000Z,256.05396,256.36596,0
1973-11-29T07:49:09.000Z,256.08349,256.39649,0
1973-11-29T08:47:10.000Z,256.08399,256.39599,0
1973-11-29T09:45:04.000Z,256.08349,256.39649,0
1973-11-29T10:43:05.000Z,256.11346,256.42646,0
1973-11-29T11:40:59.000Z,256.08349,256.39649,0
1973-11-29T12:39:00.000Z,256.11346,256.42646,0
1973-11-29T12:46:15.000Z,256.08349,256.39649,0
1973-11-29T13:07:57.000Z,256.08349,256.39649,0
1973-11-29T13:44:08.000Z,256.08349,256.39649,0
1973-11-29T14:13:13.000Z,256.08349,256.39649,0
1973-11-29T14:49:24.000Z,256.11346,256.42646,0
1973-11-29T15:11:06.000Z,256.08349,256.39649,0
1973-11-29T15:54:40.000Z,256.04345,256.35645,0
1973-11-29T16:52:33.000Z,256.08349,256.39649,0
1973-11-29T17:50:35.000Z,256.08349,256.39649,0
1973-11-29T18:48:28.000Z,256.11346,256.42646,0
1973-11-29T19:46:30.000Z,256.08349,256.39649,0
1973-11-29T20:44:23.000Z,256.07348,256.38648,0
1973-11-29T21:42:25.000Z,256.08349,256.39649,0
1973-11-29T22:40:18.000Z,256.0935,256.4065,0
1973-11-29T23:38:20.000Z,256.07348,256.38648,0
1973-11-30T00:36:13.000Z,256.0935,256.4065,0
1973-11-30T01:34:15.000Z,256.04345,256.35645,0
1973-11-30T02:24:54.000Z,256.0935,256.4065,0
1973-11-30T03:22:55.000Z,256.14349,256.45649,0
1973-11-30T04:20:49.000Z,256.05396,256.36596,0
1973-11-30T05:18:50.000Z,256.06397,256.37597,0
1973-11-30T06:16:44.000Z,256.13348,256.44648,0
1973-11-30T07:14:45.000Z,256.10345,256.41645,0
1973-11-30T08:12:39.000Z,256.07348,256.38648,0
1973-11-30T09:10:40.000Z,256.07348,256.38648,0
1973-11-30T10:08:34.000Z,256.08399,256.39599,0
1973-11-30T11:06:35.000Z,256.12347,256.43647,0
1973-11-30T12:04:37.000Z,256.05346,256.36646,0
1973-11-30T13:02:30.000Z,256.06347,256.37647,0
1973-11-30T14:00:32.000Z,256.10345,256.41645,0
1973-11-30T14:58:25.000Z,256.07348,256.38648,0
1973-11-30T15:56:27.000Z,256.10345,256.41645,0
1973-11-30T16:54:20.000Z,256.07348,256.38648,0
1973-11-30T17:52:22.000Z,256.10395,256.41595,0
1973-11-30T18:50:15.000Z,256.10345,256.41645,0
1973-11-30T19:48:17.000Z,256.07398,256.38598,0
1973-11-30T20:46:10.000Z,256.07398,256.38598,0
1973-11-30T21:44:12.000Z,256.07348,256.38648,0
1973-11-30T22:42:05.000Z,256.07398,256.38598,0
1973-11-30T23:40:07.000Z,256.07398,256.38598,0
1973-12-01T00:38:00.000Z,256.07398,256.38598,0
1973-12-01T01:36:02.000Z,256.04395,256.35595,0
1973-12-01T02:33:56.000Z,256.07348,256.38648,0
1973-12-01T03:31:57.000Z,256.04345,256.35645,0
1973-12-01T04:08:08.000Z,256.04395,256.35595,0
1973-12-01T05:06:10.000Z,256.07398,256.38598,0
1973-12-01T06:04:03.000Z,256.04395,256.35595,0
1973-12-01T07:02:05.000Z,256.07398,256.38598,0
1973-12-01T07:59:58.000Z,256.07398,256.38598,0
1973-12-01T08:58:00.000Z,256.04395,256.35595,0
1973-12-01T09:55:53.000Z,256.11396,256.42596,0
1973-12-01T10:46:40.000Z,256.07398,256.38598,0
1973-12-01T10:53:55.000Z,256.04395,256.35595,0
1973-12-01T11:51:48.000Z,256.04395,256.35595,0
1973-12-01T13:11:32.000Z,256.07398,256.38598,0
1973-12-01T14:09:34.000Z,256.07398,256.38598,0
1973-12-01T15:07:27.000Z,256.07398,256.38598,0
1973-12-01T16:05:29.000Z,256.07398,256.38598,0
1973-12-01T17:03:22.000Z,256.04395,256.35595,0
1973-12-01T18:03:10.000Z,256.08399,256.39599,0
1973-12-01T19:01:12.000Z,256.08399,256.39599,0
1973-12-01T19:59:05.000Z,256.08399,256.39599,0
1973-12-01T20:57:07.000Z,256.094,256.406,0
1973-12-01T21:55:00.000Z,256.08399,256.39599,0
1973-12-01T22:53:02.000Z,256.12397,256.43597,0
1973-12-01T23:50:55.000Z,256.12397,256.43597,0
1973-12-02T00:48:57.000Z,256.05396,256.36596,0
1973-12-02T01:46:50.000Z,256.05396,256.36596,0
1973-12-02T02:44:52.000Z,256.08399,256.39599,0
1973-12-02T03:42:45.000Z,256.08399,256.39599,0
1973-12-02T04:40:47.000Z,256.08399,256.39599,0
1973-12-02T05:38:40.000Z,256.04395,256.35595,0
1973-12-02T06:36:42.000Z,256.08399,256.39599,0
1973-12-02T07:34:35.000Z,256.08399,256.39599,0
1973-12-02T08:32:37.000Z,256.04395,256.35595,0
1973-12-02T09:30:39.000Z,256.08399,256.39599,0
1973-12-02T10:28:32.000Z,256.08399,256.39599,0
1973-12-02T11:26:34.000Z,256.08399,256.39599,0
1973-12-02T12:24:27.000Z,256.08399,256.39599,0
1973-12-02T13:22:29.000Z,256.08399,256.39599,0
1973-12-02T14:20:22.000Z,256.08399,256.39599,0
1973-12-02T14:42:04.000Z,256.08399,256.39599,0
1973-12-02T15:40:06.000Z,256.07398,256.38598,0
1973-12-02T16:37:59.000Z,256.04395,256.35595,0
1973-12-02T17:36:01.000Z,256.12397,256.43597,0
1973-12-02T18:33:54.000Z,256.08399,256.39599,0
1973-12-02T19:31:56.000Z,256.08399,256.39599,0
1973-12-02T20:29:49.000Z,256.08399,256.39599,0
1973-12-02T21:27:51.000Z,256.08399,256.39599,0
1973-12-02T22:25:53.000Z,256.08399,256.39599,0
1973-12-02T23:23:46.000Z,256.08399,256.39599,0
1973-12-03T00:21:48.000Z,256.08399,256.39599,0
1973-12-03T00:36:16.000Z,256.08399,256.39599,0
1973-12-03T01:34:09.000Z,256.08399,256.39599,0
1973-12-03T02:10:29.000Z,256.08399,256.39599,0
1973-12-03T03:01:08.000Z,256.11346,256.42646,0
1973-12-03T03:44:33.000Z,256.08399,256.39599,0
1973-12-03T04:13:38.000Z,256.08399,256.39599,0
1973-12-03T05:11:31.000Z,256.08399,256.39599,0
1973-12-03T06:09:33.000Z,256.08399,256.39599,0
1973-12-03T06:24:01.000Z,256.08399,256.39599,0
1973-12-03T07:21:54.000Z,256.11396,256.42596,0
1973-12-03T08:19:56.000Z,256.08399,256.39599,0
1973-12-03T09:17:58.000Z,256.08399,256.39599,0
1973-12-03T09:39:40.000Z,256.11396,256.42596,0
1973-12-03T10:37:34.000Z,256.05396,256.36596,0
1973-12-03T11:35:35.000Z,256.08399,256.39599,0
1973-12-03T12:33:29.000Z,256.11346,256.42646,0
1973-12-03T13:09:48.000Z,256.05396,256.36596,0
1973-12-03T13:31:30.000Z,256.08399,256.39599,0
1973-12-03T14:29:24.000Z,256.08449,256.39549,0
1973-12-03T15:27:25.000Z,256.08399,256.39599,0
1973-12-03T16:25:19.000Z,256.08399,256.39599,0
1973-12-03T17:23:20.000Z,256.08399,256.39599,0
1973-12-03T18:21:22.000Z,256.08399,256.39599,0
1973-12-03T19:19:15.000Z,256.08449,256.39549,0
1973-12-03T20:17:17.000Z,256.11396,256.42596,0
1973-12-03T21:15:10.000Z,256.1535,256.4665,0
1973-12-03T22:13:12.000Z,256.04395,256.35595,0
1973-12-03T23:11:05.000Z,256.11396,256.42596,0
1973-12-04T00:42:34.000Z,256.07398,256.38598,0
1973-12-04T01:40:36.000Z,256.11396,256.42596,0
1973-12-04T02:38:29.000Z,256.11396,256.42596,0
1973-12-04T03:36:31.000Z,256.04395,256.35595,0
1973-12-04T04:34:24.000Z,256.11396,256.42596,0
1973-12-04T05:32:26.000Z,256.11396,256.42596,0
1973-12-04T06:30:19.000Z,256.11396,256.42596,0
1973-12-04T07:28:21.000Z,256.07398,256.38598,0
1973-12-04T08:26:14.000Z,256.08399,256.39599,0
1973-12-04T09:24:16.000Z,256.08399,256.39599,0
1973-12-04T10:22:09.000Z,256.11396,256.42596,0
1973-12-04T11:20:11.000Z,256.11396,256.42596,0
1973-12-04T11:49:07.000Z,256.04395,256.35595,0
1973-12-04T12:47:09.000Z,256.08399,256.39599,0
1973-12-04T13:45:02.000Z,256.08399,256.39599,0
1973-12-04T14:43:04.000Z,256.11396,256.42596,0
1973-12-04T15:40:57.000Z,256.11396,256.42596,0
1973-12-04T16:24:31.000Z,256.11396,256.42596,0
1973-12-04T17:07:56.000Z,256.11396,256.42596,0
1973-12-04T18:05:57.000Z,256.154,256.466,0
1973-12-04T18:20:26.000Z,256.11396,256.42596,0
1973-12-04T19:18:19.000Z,256.11446,256.42546,0
1973-12-04T20:16:21.000Z,256.11396,256.42596,0
1973-12-04T21:14:14.000Z,256.11396,256.42596,0
1973-12-04T22:12:16.000Z,256.11396,256.42596,0
1973-12-04T23:10:17.000Z,256.12397,256.43597,0
1973-12-05T00:08:11.000Z,256.12397,256.43597,0
1973-12-05T01:06:12.000Z,256.12347,256.43647,0
1973-12-05T02:04:06.000Z,256.08449,256.39549,0
1973-12-05T03:02:07.000Z,256.08399,256.39599,0
1973-12-05T04:00:01.000Z,256.08449,256.39549,0
1973-12-05T04:58:02.000Z,256.08399,256.39599,0
1973-12-05T05:55:56.000Z,256.08399,256.39599,0
1973-12-05T06:53:57.000Z,256.11396,256.42596,0
1973-12-05T07:51:51.000Z,256.11396,256.42596,0
1973-12-05T08:49:52.000Z,256.11446,256.42546,0
1973-12-05T09:47:46.000Z,256.08449,256.39549,0
1973-12-05T10:45:47.000Z,256.11396,256.42596,0
1973-12-05T11:00:16.000Z,256.11446,256.42546,0
1973-12-05T11:58:17.000Z,256.1545,256.4655,0
1973-12-05T12:56:11.000Z,256.11396,256.42596,0
1973-12-05T13:17:53.000Z,256.08399,256.39599,0
1973-12-05T13:25:07.000Z,256.08399,256.39599,0
1973-12-05T14:23:09.000Z,256.08399,256.39599,0
1973-12-05T15:50:07.000Z,256.11396,256.42596,0
1973-12-05T16:48:01.000Z,256.11446,256.42546,0
1973-12-05T17:46:02.000Z,256.11446,256.42546,0
1973-12-05T18:22:13.000Z,256.11446,256.42546,0
1973-12-05T19:20:15.000Z,256.1545,256.4655,0
1973-12-05T20:18:08.000Z,256.11446,256.42546,0
1973-12-05T21:16:10.000Z,256.154,256.466,0
1973-12-05T22:14:03.000Z,256.154,256.466,0
1973-12-05T23:12:05.000Z,256.1545,256.4655,0
1973-12-06T00:09:58.000Z,256.12397,256.43597,0
1973-12-06T01:08:00.000Z,256.154,256.466,0
1973-12-06T02:05:53.000Z,256.08399,256.39599,0
1973-12-06T03:03:55.000Z,256.1545,256.4655,0
1973-12-06T04:01:56.000Z,256.08449,256.39549,0
1973-12-06T04:59:50.000Z,256.154,256.466,0
1973-12-06T05:57:51.000Z,256.1545,256.4655,0
1973-12-06T06:55:45.000Z,256.19448,256.50548,0
1973-12-06T07:53:46.000Z,256.11446,256.42546,0
1973-12-06T08:51:40.000Z,256.154,256.466,0
1973-12-06T09:49:41.000Z,256.1545,256.4655,0
1973-12-06T10:47:35.000Z,256.12447,256.43547,0
1973-12-06T11:45:36.000Z,256.11396,256.42596,0
1973-12-06T12:21:47.000Z,256.1545,256.4655,0
1973-12-06T13:19:49.000Z,256.154,256.466,0
1973-12-06T14:17:42.000Z,256.1545,256.4655,0
1973-12-06T15:15:44.000Z,256.12447,256.43547,0
1973-12-06T16:13:37.000Z,256.11396,256.42596,0
1973-12-06T17:11:39.000Z,256.12397,256.43597,0
1973-12-06T18:09:32.000Z,256.154,256.466,0
1973-12-06T19:07:34.000Z,256.12447,256.43547,0
1973-12-06T20:05:27.000Z,256.11446,256.42546,0
1973-12-06T21:03:29.000Z,256.12447,256.43547,0
1973-12-06T21:46:54.000Z,256.08449,256.39549,0
1973-12-06T22:44:55.000Z,256.11446,256.42546,0
1973-12-06T23:42:49.000Z,256.11446,256.42546,0
1973-12-07T00:40:50.000Z,256.08399,256.39599,0
1973-12-07T01:38:52.000Z,256.11446,256.42546,0
1973-12-07T02:36:45.000Z,256.11446,256.42546,0
1973-12-07T02:58:28.000Z,256.11396,256.42596,0
1973-12-07T03:56:30.000Z,256.11446,256.42546,0
1973-12-07T04:54:23.000Z,256.1545,256.4655,0
1973-12-07T05:52:25.000Z,256.1545,256.4655,0
1973-12-07T06:50:18.000Z,256.11446,256.42546,0
1973-12-07T07:48:20.000Z,256.1545,256.4655,0
1973-12-07T08:46:21.000Z,256.07398,256.38598,0
1973-12-07T09:44:15.000Z,256.08449,256.39549,0
1973-12-07T10:42:16.000Z,256.11396,256.42596,0
1973-12-07T11:32:55.000Z,256.154,256.466,0
1973-12-07T11:47:24.000Z,256.11446,256.42546,0
1973-12-07T12:45:25.000Z,256.11446,256.42546,0
1973-12-07T13:43:19.000Z,256.154,256.466,0
1973-12-07T14:41:20.000Z,256.11446,256.42546,0
1973-12-07T15:39:14.000Z,256.11396,256.42596,0
1973-12-07T17:05:23.000Z,256.07448,256.38548,0
1973-12-07T18:03:16.000Z,256.11446,256.42546,0
1973-12-07T19:01:18.000Z,256.12447,256.43547,0
1973-12-07T19:59:11.000Z,256.12447,256.43547,0
1973-12-07T20:57:13.000Z,256.11446,256.42546,0
1973-12-07T21:55:06.000Z,256.154,256.466,0
1973-12-07T22:53:08.000Z,256.12447,256.43547,0
1973-12-07T23:51:01.000Z,256.19448,256.50548,0
1973-12-08T00:49:03.000Z,256.12447,256.43547,0
1973-12-08T01:46:56.000Z,256.11446,256.42546,0
1973-12-08T02:44:58.000Z,256.11446,256.42546,0
1973-12-08T03:42:51.000Z,256.18447,256.49547,0
1973-12-08T04:40:53.000Z,256.11446,256.42546,0
1973-12-08T05:38:46.000Z,256.08449,256.39549,0
1973-12-08T06:36:48.000Z,256.08449,256.39549,0
1973-12-08T06:58:31.000Z,256.11446,256.42546,0
1973-12-08T07:56:32.000Z,256.1545,256.4655,0
1973-12-08T08:54:26.000Z,256.11446,256.42546,0
1973-12-08T09:52:27.000Z,256.14449,256.45549,0
1973-12-08T10:50:21.000Z,256.14449,256.45549,0
1973-12-08T11:48:22.000Z,256.08449,256.39549,0
1973-12-08T12:10:05.000Z,256.14449,256.45549,0
1973-12-08T12:31:47.000Z,256.11446,256.42546,0
1973-12-08T13:00:52.000Z,256.14449,256.45549,0
1973-12-08T13:58:46.000Z,256.11446,256.42546,0
1973-12-08T14:56:47.000Z,256.11446,256.42546,0
1973-12-08T15:25:44.000Z,256.11446,256.42546,0
1973-12-08T16:23:37.000Z,256.18447,256.49547,0
1973-12-08T17:21:39.000Z,256.12447,256.43547,0
1973-12-08T18:19:40.000Z,256.1545,256.4655,0
1973-12-08T19:17:34.000Z,256.08449,256.39549,0
1973-12-08T20:15:35.000Z,256.11446,256.42546,0
1973-12-08T21:13:29.000Z,256.11446,256.42546,0
1973-12-08T22:11:30.000Z,256.08449,256.39549,0
1973-12-08T23:09:24.000Z,256.11446,256.42546,0
1973-12-09T00:07:25.000Z,256.11446,256.42546,0
1973-12-09T01:05:19.000Z,256.11446,256.42546,0
1973-12-09T02:03:20.000Z,256.1545,256.4655,0
1973-12-09T03:01:14.000Z,256.11446,256.42546,0
1973-12-09T03:59:16.000Z,256.11446,256.42546,0
1973-12-09T04:57:09.000Z,256.11446,256.42546,0
1973-12-09T05:55:11.000Z,256.11446,256.42546,0
1973-12-09T06:53:12.000Z,256.1545,256.4655,0
1973-12-09T07:51:06.000Z,256.1545,256.4655,0
1973-12-09T08:49:07.000Z,256.08449,256.39549,0
1973-12-09T09:47:01.000Z,256.1545,256.4655,0
1973-12-09T10:45:02.000Z,256.1545,256.4655,0
1973-12-09T10:59:30.000Z,256.11446,256.42546,0
1973-12-09T11:57:24.000Z,256.11446,256.42546,0
1973-12-09T12:26:29.000Z,256.1545,256.4655,0
1973-12-09T12:33:43.000Z,256.1545,256.4655,0
1973-12-09T13:31:36.000Z,256.1545,256.4655,0
1973-12-09T14:29:38.000Z,256.1545,256.4655,0
1973-12-09T15:27:31.000Z,256.12447,256.43547,0
1973-12-09T16:25:33.000Z,256.11446,256.42546,0
1973-12-09T17:23:26.000Z,256.11446,256.42546,0
1973-12-09T18:21:28.000Z,256.11446,256.42546,0
1973-12-09T19:19:21.000Z,256.12447,256.43547,0
1973-12-09T20:17:23.000Z,256.11446,256.42546,0
1973-12-09T21:15:16.000Z,256.11446,256.42546,0
1973-12-09T22:13:18.000Z,256.08449,256.39549,0
1973-12-09T23:11:20.000Z,256.12447,256.43547,0
1973-12-10T00:09:13.000Z,256.11446,256.42546,0
1973-12-10T01:07:15.000Z,256.12447,256.43547,0
1973-12-10T01:21:43.000Z,256.08449,256.39549,0
1973-12-10T02:12:22.000Z,256.08449,256.39549,0
1973-12-10T02:48:41.000Z,256.11446,256.42546,0
1973-12-10T03:46:35.000Z,256.05446,256.36546,0
1973-12-10T04:01:03.000Z,256.0945,256.4055,0
1973-12-10T04:30:08.000Z,256.0945,256.4055,0
1973-12-10T04:44:36.000Z,256.13448,256.44548,0
1973-12-10T05:13:33.000Z,256.13448,256.44548,0
1973-12-10T05:35:16.000Z,256.13448,256.44548,0
1973-12-10T05:56:58.000Z,256.13448,256.44548,0
1973-12-10T06:55:00.000Z,256.0945,256.4055,0
1973-12-10T07:52:53.000Z,256.12447,256.43547,0
1973-12-10T08:50:55.000Z,256.08449,256.39549,0
1973-12-10T09:48:48.000Z,256.12497,256.43497,0
1973-12-10T10:46:50.000Z,256.12447,256.43547,0
1973-12-10T11:44:51.000Z,256.12447,256.43547,0
1973-12-10T12:42:45.000Z,256.08449,256.39549,0
1973-12-10T13:40:46.000Z,256.12447,256.43547,0
1973-12-10T14:38:40.000Z,256.08449,256.39549,0
1973-12-10T15:36:41.000Z,256.12447,256.43547,0
1973-12-10T15:58:24.000Z,256.12447,256.43547,0
1973-12-10T16:57:15.000Z,256.08449,256.39549,0
1973-12-10T17:55:16.000Z,256.12447,256.43547,0
1973-12-10T18:53:10.000Z,256.08449,256.39549,0
1973-12-10T19:51:11.000Z,256.08449,256.39549,0
1973-12-10T20:49:05.000Z,256.08449,256.39549,0
1973-12-10T21:47:06.000Z,256.08449,256.39549,0
1973-12-10T22:45:00.000Z,256.12447,256.43547,0
1973-12-10T23:43:01.000Z,256.11446,256.42546,0
1973-12-11T00:40:55.000Z,256.08449,256.39549,0
1973-12-11T01:38:56.000Z,256.08449,256.39549,0
1973-12-11T02:36:50.000Z,256.13498,256.44498,0
1973-12-11T02:58:40.000Z,256.0945,256.4055,0
1973-12-11T03:56:34.000Z,256.08449,256.39549,0
1973-12-11T04:54:35.000Z,256.12447,256.43547,0
1973-12-11T05:52:29.000Z,256.08449,256.39549,0
1973-12-11T06:50:30.000Z,256.05446,256.36546,0
1973-12-11T07:48:24.000Z,256.05446,256.36546,0
1973-12-11T08:46:25.000Z,256.08449,256.39549,0
1973-12-11T09:44:19.000Z,256.08449,256.39549,0
1973-12-11T10:42:20.000Z,256.08449,256.39549,0
1973-12-11T11:11:17.000Z,256.08449,256.39549,0
1973-12-11T11:33:00.000Z,256.08449,256.39549,0
1973-12-11T12:31:01.000Z,256.08449,256.39549,0
1973-12-11T13:28:55.000Z,256.08499,256.39499,0
1973-12-11T14:26:56.000Z,256.08499,256.39499,0
1973-12-11T15:24:50.000Z,256.05446,256.36546,0
1973-12-11T16:22:51.000Z,256.08499,256.39499,0
1973-12-11T17:20:45.000Z,256.04495,256.35495,0
1973-12-11T18:18:46.000Z,256.11446,256.42546,0
1973-12-11T19:16:48.000Z,256.08499,256.39499,0
1973-12-11T20:14:41.000Z,256.08449,256.39549,0
1973-12-11T21:12:43.000Z,256.05496,256.36496,0
1973-12-11T22:10:36.000Z,256.08449,256.39549,0
1973-12-11T22:32:19.000Z,256.08499,256.39499,0
1973-12-11T23:30:20.000Z,256.08499,256.39499,0
1973-12-12T00:06:31.000Z,256.05446,256.36546,0
1973-12-12T01:04:33.000Z,256.04495,256.35495,0
1973-12-12T02:02:26.000Z,256.12497,256.43497,0
1973-12-12T03:00:28.000Z,256.07448,256.38548,0
1973-12-12T03:58:21.000Z,256.07448,256.38548,0
1973-12-12T04:56:23.000Z,256.11446,256.42546,0
1973-12-12T05:54:16.000Z,256.07448,256.38548,0
1973-12-12T06:52:18.000Z,256.11496,256.42496,0
1973-12-12T07:50:11.000Z,256.11496,256.42496,0
1973-12-12T08:48:13.000Z,256.04495,256.35495,0
1973-12-12T09:46:06.000Z,256.11496,256.42496,0
1973-12-12T10:44:08.000Z,256.11496,256.42496,0
1973-12-12T11:42:09.000Z,256.07448,256.38548,0
1973-12-12T12:40:03.000Z,256.05496,256.36496,0
1973-12-12T13:01:45.000Z,256.11446,256.42546,0
1973-12-12T13:59:47.000Z,256.04495,256.35495,0
1973-12-12T14:28:44.000Z,256.11496,256.42496,0
1973-12-12T15:15:50.000Z,256.07448,256.38548,0
1973-12-12T16:50:02.000Z,256.11496,256.42496,0
1973-12-12T17:47:56.000Z,256.11496,256.42496,0
1973-12-12T18:45:57.000Z,256.11496,256.42496,0
1973-12-12T19:43:51.000Z,256.11496,256.42496,0
1973-12-12T20:41:52.000Z,256.11496,256.42496,0
1973-12-12T21:39:46.000Z,256.07498,256.38498,0
1973-12-12T22:37:47.000Z,256.11496,256.42496,0
1973-12-12T23:35:49.000Z,256.11496,256.42496,0
1973-12-13T00:33:42.000Z,256.11496,256.42496,0
1973-12-13T01:31:44.000Z,256.11496,256.42496,0
1973-12-13T02:29:37.000Z,256.08449,256.39549,0
1973-12-13T03:27:39.000Z,256.13498,256.44498,0
1973-12-13T04:25:32.000Z,256.08449,256.39549,0
1973-12-13T05:23:34.000Z,256.11496,256.42496,0
1973-12-13T06:21:27.000Z,256.06497,256.37497,0
1973-12-13T07:19:29.000Z,256.08499,256.39499,0
1973-12-13T08:17:22.000Z,256.11496,256.42496,0
1973-12-13T09:15:24.000Z,256.05496,256.36496,0
1973-12-13T10:13:17.000Z,256.12497,256.43497,0
1973-12-13T11:11:19.000Z,256.11496,256.42496,0
1973-12-13T12:09:12.000Z,256.11496,256.42496,0
1973-12-13T13:07:14.000Z,256.11496,256.42496,0
1973-12-13T14:05:08.000Z,256.11496,256.42496,0
1973-12-13T15:03:09.000Z,256.11446,256.42546,0
1973-12-13T16:01:03.000Z,256.11496,256.42496,0
1973-12-13T16:59:04.000Z,256.07498,256.38498,0
1973-12-13T17:57:06.000Z,256.08499,256.39499,0
1973-12-13T18:33:17.000Z,256.08499,256.39499,0
1973-12-13T19:31:10.000Z,256.08499,256.39499,0
1973-12-13T20:29:12.000Z,256.07498,256.38498,0
1973-12-13T21:27:05.000Z,256.11446,256.42546,0
1973-12-13T22:25:07.000Z,256.07498,256.38498,0
1973-12-13T23:23:00.000Z,256.10445,256.41545,0
1973-12-14T00:21:02.000Z,256.10495,256.41495,0
1973-12-14T00:49:58.000Z,256.10445,256.41545,0
1973-12-14T01:48:00.000Z,256.07498,256.38498,0
1973-12-14T02:45:53.000Z,256.07498,256.38498,0
1973-12-14T03:43:55.000Z,256.07498,256.38498,0
1973-12-14T04:41:48.000Z,256.10445,256.41545,0
1973-12-14T05:39:50.000Z,256.07448,256.38548,0
1973-12-14T06:37:43.000Z,256.07448,256.38548,0
1973-12-14T07:35:45.000Z,256.07448,256.38548,0
1973-12-14T08:33:38.000Z,256.13498,256.44498,0
1973-12-14T09:31:40.000Z,256.07448,256.38548,0
1973-12-14T10:29:42.000Z,256.0945,256.4055,0
1973-12-14T11:05:52.000Z,256.0945,256.4055,0
1973-12-14T12:03:46.000Z,256.10495,256.41495,0
1973-12-14T13:01:47.000Z,256.10495,256.41495,0
1973-12-14T13:59:41.000Z,256.06497,256.37497,0
1973-12-14T15:35:48.000Z,256.0945,256.4055,0
1973-12-14T16:33:41.000Z,256.10495,256.41495,0
1973-12-14T17:31:43.000Z,256.10445,256.41545,0
1973-12-14T18:29:36.000Z,256.095,256.405,0
1973-12-14T19:27:38.000Z,256.095,256.405,0
1973-12-14T20:25:31.000Z,256.11496,256.42496,0
1973-12-14T21:23:33.000Z,256.07498,256.38498,0
1973-12-14T22:21:26.000Z,256.03494,256.34494,0
1973-12-14T23:19:28.000Z,256.10495,256.41495,0
1973-12-14T23:55:39.000Z,256.05446,256.36546,0
1973-12-15T00:53:41.000Z,256.0945,256.4055,0
1973-12-15T01:51:34.000Z,256.05446,256.36546,0
1973-12-15T02:27:45.000Z,256.05446,256.36546,0
1973-12-15T02:56:50.000Z,256.11446,256.42546,0
1973-12-15T03:40:15.000Z,256.08449,256.39549,0
1973-12-15T04:31:02.000Z,256.11446,256.42546,0
1973-12-15T05:28:56.000Z,256.08449,256.39549,0
1973-12-15T06:26:57.000Z,256.11446,256.42546,0
1973-12-15T07:24:51.000Z,256.08449,256.39549,0
1973-12-15T08:22:52.000Z,256.07498,256.38498,0
1973-12-15T09:20:46.000Z,256.07498,256.38498,0
1973-12-15T10:18:47.000Z,256.10495,256.41495,0
1973-12-15T11:16:41.000Z,256.07498,256.38498,0
1973-12-15T12:14:42.000Z,256.07498,256.38498,0
1973-12-15T13:12:36.000Z,256.10445,256.41545,0
1973-12-15T14:10:37.000Z,256.10495,256.41495,0
1973-12-15T15:08:31.000Z,256.10495,256.41495,0
1973-12-15T16:06:32.000Z,256.10495,256.41495,0
1973-12-15T17:04:26.000Z,256.10495,256.41495,0
1973-12-15T18:02:27.000Z,256.06497,256.37497,0
1973-12-15T19:00:21.000Z,256.06497,256.37497,0
1973-12-15T19:58:22.000Z,256.05496,256.36496,0
1973-12-15T20:56:24.000Z,256.05496,256.36496,0
1973-12-15T21:54:17.000Z,256.08499,256.39499,0
1973-12-15T22:52:19.000Z,256.095,256.405,0
1973-12-15T23:50:12.000Z,256.05496,256.36496,0
1973-12-16T00:48:14.000Z,256.08499,256.39499,0
1973-12-16T01:46:07.000Z,256.08499,256.39499,0
1973-12-16T02:44:09.000Z,256.08499,256.39499,0
1973-12-16T03:42:02.000Z,256.08499,256.39499,0
1973-12-16T04:40:04.000Z,256.08499,256.39499,0
1973-12-16T05:37:57.000Z,256.08499,256.39499,0
1973-12-16T06:35:59.000Z,256.11496,256.42496,0
1973-12-16T07:33:52.000Z,256.08499,256.39499,0
1973-12-16T07:55:35.000Z,256.11496,256.42496,0
1973-12-16T08:39:08.000Z,256.08499,256.39499,0
1973-12-16T09:37:01.000Z,256.08499,256.39499,0
1973-12-16T10:35:03.000Z,256.11496,256.42496,0
1973-12-16T11:32:56.000Z,256.08499,256.39499,0
1973-12-16T11:54:47.000Z,256.07498,256.38498,0
1973-12-16T12:30:58.000Z,256.08499,256.39499,0
1973-12-16T13:29:00.000Z,256.11496,256.42496,0
1973-12-16T13:43:28.000Z,256.11496,256.42496,0
1973-12-16T14:05:11.000Z,256.07498,256.38498,0
1973-12-16T15:03:04.000Z,256.07498,256.38498,0
1973-12-16T16:01:06.000Z,256.07498,256.38498,0
1973-12-16T16:58:59.000Z,256.11496,256.42496,0
1973-12-16T17:57:01.000Z,256.10495,256.41495,0
1973-12-16T18:54:54.000Z,256.04495,256.35495,0
1973-12-16T19:52:56.000Z,256.10495,256.41495,0
1973-12-16T20:50:57.000Z,256.07448,256.38548,0
1973-12-16T21:48:51.000Z,256.07498,256.38498,0
1973-12-16T22:46:52.000Z,256.10495,256.41495,0
1973-12-16T23:44:46.000Z,256.07448,256.38548,0
1973-12-17T00:35:33.000Z,256.07498,256.38498,0
1973-12-17T01:18:58.000Z,256.095,256.405,0
1973-12-17T01:55:09.000Z,256.0945,256.4055,0
1973-12-17T02:53:11.000Z,256.06497,256.37497,0
1973-12-17T03:51:04.000Z,256.13448,256.44548,0
1973-12-17T04:49:06.000Z,256.13498,256.44498,0
1973-12-17T05:10:48.000Z,256.095,256.405,0
1973-12-17T05:32:31.000Z,256.07498,256.38498,0
1973-12-17T05:46:59.000Z,256.13448,256.44548,0
1973-12-17T06:30:32.000Z,256.10445,256.41545,0
1973-12-17T06:45:01.000Z,256.10445,256.41545,0
1973-12-17T07:06:43.000Z,256.07448,256.38548,0
1973-12-17T08:04:45.000Z,256.07448,256.38548,0
1973-12-17T08:26:27.000Z,256.10495,256.41495,0
1973-12-17T09:24:21.000Z,256.07498,256.38498,0
1973-12-17T09:46:11.000Z,256.095,256.405,0
1973-12-17T10:44:05.000Z,256.13498,256.44498,0
1973-12-17T11:42:06.000Z,256.095,256.405,0
1973-12-17T12:40:00.000Z,256.095,256.405,0
1973-12-17T13:38:01.000Z,256.095,256.405,0
1973-12-17T13:52:30.000Z,256.0945,256.4055,0
1973-12-17T14:35:55.000Z,256.095,256.405,0
1973-12-17T15:22:04.000Z,256.0945,256.4055,0
1973-12-17T16:20:05.000Z,256.095,256.405,0
1973-12-17T17:17:59.000Z,256.095,256.405,0
1973-12-17T18:16:00.000Z,256.095,256.405,0
1973-12-17T19:14:02.000Z,256.06497,256.37497,0
1973-12-17T20:11:55.000Z,256.06497,256.37497,0
1973-12-17T21:09:57.000Z,256.0945,256.4055,0
1973-12-17T22:07:50.000Z,256.06497,256.37497,0
1973-12-17T23:05:52.000Z,256.095,256.405,0
1973-12-18T00:03:45.000Z,256.0945,256.4055,0
1973-12-18T01:01:47.000Z,256.12497,256.43497,0
1973-12-18T01:59:40.000Z,256.06497,256.37497,0
1973-12-18T02:57:42.000Z,256.095,256.405,0
1973-12-18T03:55:35.000Z,256.095,256.405,0
1973-12-18T04:24:40.000Z,256.06497,256.37497,0
1973-12-18T04:31:54.000Z,256.06497,256.37497,0
1973-12-18T05:37:02.000Z,256.06497,256.37497,0
1973-12-18T06:35:04.000Z,256.0945,256.4055,0
1973-12-18T07:32:57.000Z,256.06497,256.37497,0
1973-12-18T16:58:04.000Z,256.12497,256.43497,0
1973-12-18T17:56:05.000Z,256.08499,256.39499,0
1973-12-18T18:32:16.000Z,256.095,256.405,0
1973-12-18T19:30:18.000Z,256.095,256.405,0
1973-12-18T20:28:11.000Z,256.0945,256.4055,0
1973-12-18T21:26:13.000Z,256.095,256.405,0
1973-12-18T22:24:06.000Z,256.12497,256.43497,0
1973-12-18T23:14:54.000Z,256.12447,256.43547,0
1973-12-19T00:12:47.000Z,256.095,256.405,0
1973-12-19T01:10:49.000Z,256.05496,256.36496,0
1973-12-19T02:08:42.000Z,256.12497,256.43497,0
1973-12-19T02:59:29.000Z,256.095,256.405,0
1973-12-19T03:42:55.000Z,256.0945,256.4055,0
1973-12-19T04:40:56.000Z,256.08499,256.39499,0
1973-12-19T05:38:50.000Z,256.08499,256.39499,0
1973-12-19T07:41:10.000Z,256.08499,256.39499,0
1973-12-19T08:39:03.000Z,256.12497,256.43497,0
1973-12-19T09:37:05.000Z,256.08499,256.39499,0
1973-12-19T10:34:58.000Z,256.08499,256.39499,0
1973-12-19T11:33:00.000Z,256.08499,256.39499,0
1973-12-19T12:30:53.000Z,256.08499,256.39499,0
1973-12-19T13:28:55.000Z,256.08499,256.39499,0
1973-12-19T14:26:48.000Z,256.08499,256.39499,0
1973-12-19T15:24:50.000Z,256.08499,256.39499,0
1973-12-19T16:22:43.000Z,256.12497,256.43497,0
1973-12-19T17:20:45.000Z,256.12497,256.43497,0
1973-12-19T18:18:38.000Z,256.12497,256.43497,0
1973-12-19T19:16:40.000Z,256.04495,256.35495,0
1973-12-19T20:14:33.000Z,256.08499,256.39499,0
1973-12-19T21:12:35.000Z,256.12497,256.43497,0
1973-12-19T21:56:00.000Z,256.08499,256.39499,0
1973-12-19T22:54:01.000Z,256.12497,256.43497,0
1973-12-19T23:51:55.000Z,256.11496,256.42496,0
1973-12-20T00:49:56.000Z,256.07498,256.38498,0
1973-12-20T01:47:58.000Z,256.04495,256.35495,0
1973-12-20T02:45:51.000Z,256.08499,256.39499,0
1973-12-20T03:43:53.000Z,256.08499,256.39499,0
1973-12-20T04:12:50.000Z,256.04495,256.35495,0
1973-12-20T05:10:43.000Z,256.08499,256.39499,0
1973-12-20T06:08:45.000Z,256.08499,256.39499,0
1973-12-20T07:06:38.000Z,256.11496,256.42496,0
1973-12-20T07:57:25.000Z,256.04495,256.35495,0
1973-12-20T08:55:19.000Z,256.11496,256.42496,0
1973-12-20T09:53:20.000Z,256.11496,256.42496,0
1973-12-20T10:51:14.000Z,256.07498,256.38498,0
1973-12-20T11:49:15.000Z,256.11496,256.42496,0
1973-12-20T12:47:09.000Z,256.12497,256.43497,0
1973-12-20T13:45:10.000Z,256.04495,256.35495,0
1973-12-20T14:43:12.000Z,256.07498,256.38498,0
1973-12-20T15:41:05.000Z,256.04495,256.35495,0
1973-12-20T16:39:07.000Z,256.07498,256.38498,0
1973-12-20T17:37:00.000Z,256.04495,256.35495,0
1973-12-20T18:35:02.000Z,256.11496,256.42496,0
1973-12-20T19:32:55.000Z,256.04495,256.35495,0
1973-12-20T20:30:57.000Z,256.07498,256.38498,0
1973-12-20T21:28:50.000Z,256.04495,256.35495,0
1973-12-20T22:26:52.000Z,256.11496,256.42496,0
1973-12-20T23:24:45.000Z,256.07498,256.38498,0
1973-12-21T00:22:47.000Z,256.10495,256.41495,0
1973-12-21T01:20:40.000Z,256.06497,256.37497,0
1973-12-21T02:18:42.000Z,256.06497,256.37497,0
1973-12-21T03:16:36.000Z,256.07498,256.38498,0
1973-12-21T04:14:37.000Z,256.10495,256.41495,0
1973-12-21T05:12:31.000Z,256.10495,256.41495,0
1973-12-21T06:10:32.000Z,256.07498,256.38498,0
1973-12-21T06:53:57.000Z,256.06497,256.37497,0
1973-12-21T07:08:26.000Z,256.10495,256.41495,0
1973-12-21T08:06:27.000Z,256.11496,256.42496,0
1973-12-21T09:04:21.000Z,256.07498,256.38498,0
1973-12-21T10:02:22.000Z,256.10495,256.41495,0
1973-12-21T11:00:24.000Z,256.10495,256.41495,0
1973-12-21T11:58:17.000Z,256.10495,256.41495,0
1973-12-21T12:56:19.000Z,256.10495,256.41495,0
1973-12-21T13:54:12.000Z,256.10495,256.41495,0
1973-12-21T14:52:14.000Z,256.10495,256.41495,0
1973-12-21T16:27:15.000Z,256.10495,256.41495,0
1973-12-21T17:25:17.000Z,256.10495,256.41495,0
1973-12-21T18:23:10.000Z,256.10495,256.41495,0
1973-12-21T19:21:12.000Z,256.06497,256.37497,0
1973-12-21T20:19:05.000Z,256.07498,256.38498,0
1973-12-21T21:17:07.000Z,256.10495,256.41495,0
1973-12-21T22:15:00.000Z,256.10495,256.41495,0
1973-12-21T23:13:02.000Z,256.07498,256.38498,0
1973-12-22T00:10:55.000Z,256.10495,256.41495,0
1973-12-22T01:08:57.000Z,256.13498,256.44498,0
1973-12-22T02:06:50.000Z,256.10495,256.41495,0
1973-12-22T03:04:52.000Z,256.10495,256.41495,0
1973-12-22T04:02:45.000Z,256.10495,256.41495,0
1973-12-22T05:00:47.000Z,256.10495,256.41495,0
1973-12-22T05:58:40.000Z,256.06497,256.37497,0
1973-12-22T06:56:42.000Z,256.10495,256.41495,0
1973-12-22T07:54:35.000Z,256.06497,256.37497,0
1973-12-22T08:52:37.000Z,256.06497,256.37497,0
1973-12-22T09:50:39.000Z,256.13548,256.44448,0
1973-12-22T10:48:32.000Z,256.13498,256.44498,0
1973-12-22T11:03:00.000Z,256.10495,256.41495,0
1973-12-22T12:01:02.000Z,256.10495,256.41495,0
1973-12-22T12:44:27.000Z,256.10495,256.41495,0
1973-12-22T13:42:29.000Z,256.10495,256.41495,0
1973-12-22T14:40:22.000Z,256.10495,256.41495,0
1973-12-22T15:38:24.000Z,256.10495,256.41495,0
1973-12-22T16:36:17.000Z,256.05496,256.36496,0
1973-12-22T17:34:19.000Z,256.06497,256.37497,0
1973-12-22T18:32:12.000Z,256.06497,256.37497,0
1973-12-22T19:30:14.000Z,256.10495,256.41495,0
1973-12-22T20:28:07.000Z,256.06497,256.37497,0
1973-12-22T21:26:09.000Z,256.06497,256.37497,0
1973-12-22T22:24:02.000Z,256.095,256.405,0
1973-12-22T23:22:04.000Z,256.095,256.405,0
1973-12-23T00:19:57.000Z,256.05496,256.36496,0
1973-12-23T01:17:59.000Z,256.095,256.405,0
1973-12-23T02:15:52.000Z,256.02499,256.33499,0
1973-12-23T02:59:25.000Z,256.12497,256.43497,0
1973-12-23T03:57:19.000Z,256.12497,256.43497,0
1973-12-23T04:40:52.000Z,256.13498,256.44498,0
1973-12-23T05:38:45.000Z,256.06497,256.37497,0
1973-12-23T06:36:47.000Z,256.08499,256.39499,0
1973-12-23T07:41:55.000Z,256.13498,256.44498,0
1973-12-23T07:49:09.000Z,256.095,256.405,0
1973-12-23T08:47:10.000Z,256.095,256.405,0
1973-12-23T09:45:12.000Z,256.095,256.405,0
1973-12-23T10:43:05.000Z,256.05546,256.36446,0
1973-12-23T11:41:07.000Z,256.13498,256.44498,0
1973-12-23T12:39:00.000Z,256.13498,256.44498,0
1973-12-23T13:37:02.000Z,256.095,256.405,0
1973-12-23T14:34:55.000Z,256.05496,256.36496,0
1973-12-23T15:32:57.000Z,256.095,256.405,0
1973-12-23T16:30:50.000Z,256.095,256.405,0
1973-12-23T17:28:52.000Z,256.08499,256.39499,0
1973-12-23T18:26:45.000Z,256.02499,256.33499,0
1973-12-23T19:24:47.000Z,256.12497,256.43497,0
1973-12-23T20:22:40.000Z,256.095,256.405,0
1973-12-23T21:20:42.000Z,256.06497,256.37497,0
1973-12-23T22:18:35.000Z,256.095,256.405,0
1973-12-23T23:16:37.000Z,256.095,256.405,0
1973-12-24T00:14:30.000Z,256.02499,256.33499,0
1973-12-24T01:12:32.000Z,256.05496,256.36496,0
1973-12-24T02:10:25.000Z,256.06497,256.37497,0
1973-12-24T03:08:27.000Z,256.12497,256.43497,0
1973-12-24T04:06:20.000Z,256.095,256.405,0
1973-12-24T04:57:08.000Z,256.05496,256.36496,0
1973-12-24T05:55:01.000Z,256.095,256.405,0
1973-12-24T06:53:03.000Z,256.12497,256.43497,0
1973-12-24T07:29:14.000Z,256.095,256.405,0
1973-12-24T08:34:30.000Z,256.05496,256.36496,0
1973-12-24T09:32:23.000Z,256.02499,256.33499,0
1973-12-24T10:30:25.000Z,256.05496,256.36496,0
1973-12-24T11:28:18.000Z,256.06497,256.37497,0
1973-12-24T12:33:34.000Z,256.05496,256.36496,0
1973-12-24T15:34:45.000Z,256.12497,256.43497,0
1973-12-24T16:10:55.000Z,256.08499,256.39499,0
1973-12-24T16:25:24.000Z,256.12497,256.43497,0
1973-12-24T17:23:25.000Z,256.08499,256.39499,0
1973-12-24T18:21:19.000Z,256.095,256.405,0
1973-12-24T19:19:20.000Z,256.05496,256.36496,0
1973-12-24T20:17:14.000Z,256.08499,256.39499,0
1973-12-24T21:15:15.000Z,256.05496,256.36496,0
1973-12-24T22:13:09.000Z,256.095,256.405,0
1973-12-24T23:11:10.000Z,256.08499,256.39499,0
1973-12-24T23:25:39.000Z,256.08499,256.39499,0
1973-12-25T00:23:32.000Z,256.05496,256.36496,0
1973-12-25T01:28:48.000Z,256.05496,256.36496,0
1973-12-25T02:26:50.000Z,256.08499,256.39499,0
1973-12-25T03:24:43.000Z,256.08499,256.39499,0
1973-12-25T04:22:45.000Z,256.12497,256.43497,0
1973-12-25T05:20:38.000Z,256.08499,256.39499,0
1973-12-25T06:18:40.000Z,256.11496,256.42496,0
1973-12-25T07:16:33.000Z,256.05496,256.36496,0
1973-12-25T08:14:35.000Z,256.08549,256.39449,0
1973-12-25T09:12:28.000Z,256.08499,256.39499,0
1973-12-25T10:10:30.000Z,256.08499,256.39499,0
1973-12-25T11:08:23.000Z,256.08499,256.39499,0
1973-12-25T12:06:25.000Z,256.05546,256.36446,0
1973-12-25T13:04:18.000Z,256.05496,256.36496,0
1973-12-25T14:02:20.000Z,256.08499,256.39499,0
1973-12-25T15:00:13.000Z,256.05496,256.36496,0
1973-12-25T15:58:15.000Z,256.0955,256.4045,0
1973-12-25T16:56:08.000Z,256.05496,256.36496,0
1973-12-25T17:54:10.000Z,256.0955,256.4045,0
1973-12-25T18:52:03.000Z,256.05496,256.36496,0
1973-12-25T19:50:05.000Z,256.08549,256.39449,0
1973-12-25T20:48:06.000Z,256.05496,256.36496,0
1973-12-25T21:46:00.000Z,256.08499,256.39499,0
1973-12-25T22:44:01.000Z,256.095,256.405,0
1973-12-25T23:41:55.000Z,256.08549,256.39449,0
1973-12-26T00:39:56.000Z,256.05496,256.36496,0
1973-12-26T01:37:50.000Z,256.08499,256.39499,0
1973-12-26T01:59:32.000Z,256.05546,256.36446,0
1973-12-26T02:57:34.000Z,256.05496,256.36496,0
1973-12-26T03:55:27.000Z,256.05496,256.36496,0
1973-12-26T04:53:29.000Z,256.08499,256.39499,0
1973-12-26T05:51:22.000Z,256.12497,256.43497,0
1973-12-26T06:49:24.000Z,256.08499,256.39499,0
1973-12-26T07:47:17.000Z,256.08549,256.39449,0
1973-12-26T08:45:19.000Z,256.08499,256.39499,0
1973-12-26T09:43:20.000Z,256.05496,256.36496,0
1973-12-26T10:41:14.000Z,256.08499,256.39499,0
1973-12-26T11:39:15.000Z,256.08549,256.39449,0
1973-12-26T12:37:09.000Z,256.12497,256.43497,0
1973-12-26T13:35:10.000Z,256.08499,256.39499,0
1973-12-26T14:33:04.000Z,256.08549,256.39449,0
1973-12-26T16:25:26.000Z,256.08499,256.39499,0
1973-12-26T17:23:19.000Z,256.12547,256.43447,0
1973-12-26T18:21:21.000Z,256.05496,256.36496,0
1973-12-26T19:19:14.000Z,256.12547,256.43447,0
1973-12-26T20:17:16.000Z,256.06497,256.37497,0
1973-12-26T21:15:09.000Z,256.10545,256.41445,0
1973-12-26T22:20:25.000Z,256.05496,256.36496,0
1973-12-26T22:42:08.000Z,256.08499,256.39499,0
1973-12-26T23:03:50.000Z,256.08499,256.39499,0
1973-12-27T00:01:52.000Z,256.08549,256.39449,0
1973-12-27T00:59:45.000Z,256.08549,256.39449,0
1973-12-27T01:57:47.000Z,256.05546,256.36446,0
1973-12-27T02:55:40.000Z,256.08499,256.39499,0
1973-12-27T03:53:42.000Z,256.08549,256.39449,0
1973-12-27T04:51:35.000Z,256.08549,256.39449,0
1973-12-27T05:49:37.000Z,256.11546,256.42446,0
1973-12-27T06:25:48.000Z,256.08549,256.39449,0
1973-12-27T07:23:49.000Z,256.11496,256.42496,0
1973-12-27T08:21:43.000Z,256.11546,256.42446,0
1973-12-27T09:19:44.000Z,256.08549,256.39449,0
1973-12-27T09:48:41.000Z,256.11546,256.42446,0
1973-12-27T10:46:42.000Z,256.12547,256.43447,0
1973-12-27T11:44:36.000Z,256.05496,256.36496,0
1973-12-27T12:42:37.000Z,256.11496,256.42496,0
1973-12-27T13:40:31.000Z,256.08549,256.39449,0
1973-12-27T14:38:32.000Z,256.08549,256.39449,0
1973-12-27T15:36:26.000Z,256.08499,256.39499,0
1973-12-27T16:34:28.000Z,256.08549,256.39449,0
1973-12-27T17:32:21.000Z,256.11496,256.42496,0
1973-12-27T18:30:23.000Z,256.05546,256.36446,0
1973-12-27T19:28:16.000Z,256.05546,256.36446,0
1973-12-27T20:26:18.000Z,256.08549,256.39449,0
1973-12-27T21:24:11.000Z,256.08549,256.39449,0
1973-12-27T22:22:13.000Z,256.11546,256.42446,0
1973-12-27T23:20:06.000Z,256.08549,256.39449,0
1973-12-28T00:18:08.000Z,256.11546,256.42446,0
1973-12-28T00:25:22.000Z,256.05496,256.36496,0
1973-12-28T01:23:23.000Z,256.08549,256.39449,0
1973-12-28T02:14:03.000Z,256.08549,256.39449,0
1973-12-28T03:12:04.000Z,256.11546,256.42446,0
1973-12-28T04:46:08.000Z,256.08549,256.39449,0
1973-12-28T05:44:10.000Z,256.0955,256.4045,0
1973-12-28T06:42:03.000Z,256.11546,256.42446,0
1973-12-28T07:40:05.000Z,256.08549,256.39449,0
1973-12-28T08:37:58.000Z,256.08549,256.39449,0
1973-12-28T09:36:00.000Z,256.11546,256.42446,0
1973-12-28T10:34:02.000Z,256.11546,256.42446,0
1973-12-28T11:31:55.000Z,256.11546,256.42446,0
1973-12-28T12:29:57.000Z,256.11546,256.42446,0
1973-12-28T14:11:15.000Z,256.11496,256.42496,0
1973-12-28T15:09:17.000Z,256.11546,256.42446,0
1973-12-28T15:59:07.000Z,256.08549,256.39449,0
1973-12-28T16:42:32.000Z,256.11496,256.42496,0
1973-12-28T17:40:33.000Z,256.08499,256.39499,0
1973-12-28T18:38:27.000Z,256.11546,256.42446,0
1973-12-28T19:36:28.000Z,256.08549,256.39449,0
1973-12-28T20:34:22.000Z,256.11546,256.42446,0
1973-12-28T21:32:23.000Z,256.08549,256.39449,0
1973-12-28T22:30:17.000Z,256.11546,256.42446,0
1973-12-28T23:28:18.000Z,256.11546,256.42446,0
1973-12-29T00:26:12.000Z,256.08549,256.39449,0
1973-12-29T01:24:13.000Z,256.05546,256.36446,0
1973-12-29T02:00:24.000Z,256.08549,256.39449,0
1973-12-29T02:14:53.000Z,256.11546,256.42446,0
1973-12-29T03:05:40.000Z,256.08549,256.39449,0
1973-12-29T03:56:19.000Z,256.11546,256.42446,0
1973-12-29T04:54:21.000Z,256.08549,256.39449,0
1973-12-29T05:59:29.000Z,256.05546,256.36446,0
1973-12-29T08:24:28.000Z,256.08549,256.39449,0
1973-12-29T09:22:22.000Z,256.11546,256.42446,0
1973-12-29T10:20:23.000Z,256.11546,256.42446,0
1973-12-29T10:49:20.000Z,256.13548,256.44448,0
1973-12-29T12:59:44.000Z,256.10495,256.41495,0
1973-12-29T13:57:45.000Z,256.11496,256.42496,0
1973-12-29T14:33:56.000Z,256.095,256.405,0
1973-12-29T15:31:58.000Z,256.10545,256.41445,0
1973-12-29T16:29:51.000Z,256.06497,256.37497,0
1973-12-29T17:27:53.000Z,256.08549,256.39449,0
1973-12-29T18:25:46.000Z,256.0955,256.4045,0
1973-12-29T18:54:43.000Z,256.0955,256.4045,0
1973-12-29T19:52:44.000Z,256.11546,256.42446,0
1973-12-29T20:50:38.000Z,256.08549,256.39449,0
1973-12-29T21:48:39.000Z,256.08549,256.39449,0
1973-12-29T22:24:50.000Z,256.08549,256.39449,0
1973-12-29T23:22:52.000Z,256.10545,256.41445,0
1973-12-30T00:20:45.000Z,256.1555,256.4645,0
1973-12-30T01:04:18.000Z,256.05496,256.36496,0
1973-12-30T02:02:12.000Z,256.095,256.405,0
1973-12-30T03:00:13.000Z,256.0955,256.4045,0
1973-12-30T03:58:07.000Z,256.10495,256.41495,0
1973-12-30T04:41:40.000Z,256.0955,256.4045,0
1973-12-30T04:56:08.000Z,256.10545,256.41445,0
1973-12-30T05:54:02.000Z,256.10545,256.41445,0
1973-12-30T06:52:04.000Z,256.07548,256.38448,0
1973-12-30T07:49:57.000Z,256.07548,256.38448,0
1973-12-30T08:47:59.000Z,256.10545,256.41445,0
1973-12-30T09:53:14.000Z,256.07548,256.38448,0
1973-12-30T10:51:08.000Z,256.10545,256.41445,0
1973-12-30T11:49:09.000Z,256.07548,256.38448,0
1973-12-30T12:47:03.000Z,256.07548,256.38448,0
1973-12-30T13:45:04.000Z,256.07548,256.38448,0
1973-12-30T14:42:58.000Z,256.04545,256.35445,0
1973-12-30T15:40:59.000Z,256.10545,256.41445,0
1973-12-30T16:38:53.000Z,256.07498,256.38498,0
1973-12-30T17:36:54.000Z,256.10545,256.41445,0
1973-12-30T18:34:48.000Z,256.04545,256.35445,0
1973-12-30T19:32:49.000Z,256.07548,256.38448,0
1973-12-30T20:30:43.000Z,256.07548,256.38448,0
1973-12-30T21:28:44.000Z,256.07548,256.38448,0
1973-12-30T22:26:38.000Z,256.04545,256.35445,0
1973-12-30T22:41:14.000Z,256.07548,256.38448,0
1973-12-30T23:39:08.000Z,256.04545,256.35445,0
1973-12-31T00:37:09.000Z,256.10545,256.41445,0
1973-12-31T00:51:38.000Z,256.07548,256.38448,0
1973-12-31T01:49:31.000Z,256.10545,256.41445,0
1973-12-31T02:18:36.000Z,256.11546,256.42446,0
1973-12-31T02:40:18.000Z,256.07548,256.38448,0
1973-12-31T02:54:47.000Z,256.11546,256.42446,0
1973-12-31T03:52:40.000Z,256.07548,256.38448,0
1973-12-31T04:50:42.000Z,256.10545,256.41445,0
1973-12-31T05:48:35.000Z,256.07548,256.38448,0
1973-12-31T06:46:37.000Z,256.07548,256.38448,0
1973-12-31T07:44:30.000Z,256.11546,256.42446,0
1973-12-31T08:42:32.000Z,256.11546,256.42446,0
1973-12-31T09:40:33.000Z,256.04545,256.35445,0
1973-12-31T10:38:27.000Z,256.08549,256.39449,0
1973-12-31T11:36:28.000Z,256.08549,256.39449,0
1973-12-31T12:34:22.000Z,256.08549,256.39449,0
1973-12-31T13:32:23.000Z,256.12547,256.43447,0
1973-12-31T14:30:17.000Z,256.12547,256.43447,0
1973-12-31T15:28:18.000Z,256.08549,256.39449,0
1973-12-31T16:18:58.000Z,256.08549,256.39449,0
1973-12-31T17:39:39.000Z,256.08549,256.39449,0
1973-12-31T18:37:33.000Z,256.11546,256.42446,0
1973-12-31T19:35:34.000Z,256.12547,256.43447,0
1973-12-31T20:33:28.000Z,256.08549,256.39449,0
1973-12-31T21:31:29.000Z,256.08549,256.39449,0
1973-12-31T22:29:23.000Z,256.07548,256.38448,0
1973-12-31T23:27:24.000Z,256.08549,256.39449,0
1974-01-01T00:03:34.000Z,256.08549,256.39449,0
1974-01-01T01:01:27.000Z,256.04545,256.35445,0
1974-01-01T01:59:29.000Z,256.08549,256.39449,0
1974-01-01T02:57:23.000Z,256.12547,256.43447,0
1974-01-01T03:55:24.000Z,256.08549,256.39449,0
1974-01-01T04:09:52.000Z,256.08549,256.39449,0
1974-01-01T05:07:46.000Z,256.04545,256.35445,0
1974-01-01T06:05:47.000Z,256.07548,256.38448,0
1974-01-01T07:03:41.000Z,256.08549,256.39449,0
1974-01-01T08:01:42.000Z,256.11546,256.42446,0
1974-01-01T08:59:36.000Z,256.08549,256.39449,0
1974-01-01T09:57:37.000Z,256.07548,256.38448,0
1974-01-01T10:55:31.000Z,256.12547,256.43447,0
1974-01-01T11:53:32.000Z,256.08549,256.39449,0
1974-01-01T12:51:26.000Z,256.08549,256.39449,0
1974-01-01T13:49:27.000Z,256.08549,256.39449,0
1974-01-01T14:47:29.000Z,256.08549,256.39449,0
1974-01-01T15:45:23.000Z,256.11546,256.42446,0
1974-01-01T16:43:24.000Z,256.11546,256.42446,0
1974-01-01T17:41:18.000Z,256.08549,256.39449,0
1974-01-01T18:39:19.000Z,256.08549,256.39449,0
1974-01-01T19:37:13.000Z,256.08549,256.39449,0
1974-01-01T20:35:14.000Z,256.08549,256.39449,0
1974-01-01T21:33:08.000Z,256.08549,256.39449,0
1974-01-01T22:31:09.000Z,256.11546,256.42446,0
1974-01-01T23:29:03.000Z,256.11546,256.42446,0
1974-01-02T00:27:04.000Z,256.08549,256.39449,0
1974-01-02T01:24:58.000Z,256.08549,256.39449,0
1974-01-02T02:22:59.000Z,256.11546,256.42446,0
1974-01-02T03:20:53.000Z,256.08549,256.39449,0
1974-01-02T03:49:57.000Z,256.08549,256.39449,0
1974-01-02T04:04:26.000Z,256.08549,256.39449,0
1974-01-02T05:02:19.000Z,256.08549,256.39449,0
1974-01-02T06:00:21.000Z,256.04545,256.35445,0
1974-01-02T06:58:14.000Z,256.08549,256.39449,0
1974-01-02T07:56:16.000Z,256.12547,256.43447,0
1974-01-02T08:54:09.000Z,256.11546,256.42446,0
1974-01-02T09:52:11.000Z,256.1555,256.4645,0
1974-01-02T10:50:12.000Z,256.1555,256.4645,0
1974-01-02T11:48:06.000Z,256.11546,256.42446,0
1974-01-02T12:53:22.000Z,256.11546,256.42446,0
1974-01-02T13:22:18.000Z,256.11546,256.42446,0
1974-01-02T13:51:15.000Z,256.11546,256.42446,0
1974-01-02T13:58:29.000Z,256.11546,256.42446,0
1974-01-02T14:56:31.000Z,256.11546,256.42446,0
1974-01-02T16:26:05.000Z,256.11546,256.42446,0
1974-01-02T17:24:06.000Z,256.08549,256.39449,0
1974-01-02T18:22:08.000Z,256.08549,256.39449,0
1974-01-02T19:20:01.000Z,256.12547,256.43447,0
1974-01-02T20:18:03.000Z,256.08549,256.39449,0
1974-01-02T21:15:56.000Z,256.12547,256.43447,0
1974-01-02T22:13:58.000Z,256.08549,256.39449,0
1974-01-02T23:11:51.000Z,256.11546,256.42446,0
1974-01-03T00:09:53.000Z,256.11546,256.42446,0
1974-01-03T01:07:46.000Z,256.11546,256.42446,0
1974-01-03T02:05:48.000Z,256.11546,256.42446,0
1974-01-03T03:03:41.000Z,256.11546,256.42446,0
1974-01-03T04:01:43.000Z,256.07548,256.38448,0
1974-01-03T04:59:36.000Z,256.14549,256.45449,0
1974-01-03T05:57:38.000Z,256.11546,256.42446,0
1974-01-03T06:55:40.000Z,256.11546,256.42446,0
1974-01-03T07:53:33.000Z,256.14549,256.45449,0
1974-01-03T08:51:35.000Z,256.11546,256.42446,0
1974-01-03T09:49:28.000Z,256.11546,256.42446,0
1974-01-03T10:47:30.000Z,256.14549,256.45449,0
1974-01-03T11:30:55.000Z,256.18547,256.49447,0
1974-01-03T12:28:56.000Z,256.11546,256.42446,0
1974-01-03T13:26:50.000Z,256.1555,256.4645,0
1974-01-03T14:24:51.000Z,256.11546,256.42446,0
1974-01-03T15:22:45.000Z,256.11546,256.42446,0
1974-01-03T16:20:46.000Z,256.11546,256.42446,0
1974-01-03T17:18:40.000Z,256.1555,256.4645,0
1974-01-03T18:16:41.000Z,256.11546,256.42446,0
1974-01-03T19:14:35.000Z,256.14599,256.45399,0
1974-01-03T20:12:36.000Z,256.11546,256.42446,0
1974-01-03T21:10:30.000Z,256.1555,256.4645,0
1974-01-03T22:08:31.000Z,256.08549,256.39449,0
1974-01-03T23:06:25.000Z,256.11546,256.42446,0
1974-01-04T00:04:26.000Z,256.08549,256.39449,0
1974-01-04T01:02:28.000Z,256.08549,256.39449,0
1974-01-04T02:00:21.000Z,256.08549,256.39449,0
1974-01-04T04:03:31.000Z,256.11546,256.42446,0
1974-01-04T05:01:32.000Z,256.11546,256.42446,0
1974-01-04T05:59:26.000Z,256.11546,256.42446,0
1974-01-04T06:57:27.000Z,256.12547,256.43447,0
1974-01-04T07:55:21.000Z,256.11546,256.42446,0
1974-01-04T08:53:22.000Z,256.156,256.464,0
1974-01-04T09:51:16.000Z,256.12547,256.43447,0
1974-01-04T10:49:17.000Z,256.12547,256.43447,0
1974-01-04T11:54:33.000Z,256.12547,256.43447,0
1974-01-04T12:52:26.000Z,256.12547,256.43447,0
1974-01-04T13:50:28.000Z,256.1555,256.4645,0
1974-01-04T15:16:29.000Z,256.1555,256.4645,0
1974-01-04T16:14:22.000Z,256.1555,256.4645,0
1974-01-04T17:12:24.000Z,256.1555,256.4645,0
1974-01-04T18:10:17.000Z,256.1555,256.4645,0
1974-01-04T19:08:19.000Z,256.1555,256.4645,0
1974-01-04T20:06:12.000Z,256.11546,256.42446,0
1974-01-04T21:04:14.000Z,256.156,256.464,0
1974-01-04T22:02:15.000Z,256.1555,256.4645,0
1974-01-04T23:00:09.000Z,256.11546,256.42446,0
1974-01-04T23:58:11.000Z,256.10545,256.41445,0
1974-01-05T00:56:04.000Z,256.14549,256.45449,0
1974-01-05T01:54:06.000Z,256.1555,256.4645,0
1974-01-05T02:51:59.000Z,256.156,256.464,0
1974-01-05T03:50:01.000Z,256.18597,256.49397,0
1974-01-05T04:47:54.000Z,256.1555,256.4645,0
1974-01-05T05:45:56.000Z,256.18547,256.49447,0
1974-01-05T06:43:49.000Z,256.12597,256.43397,0
1974-01-05T07:41:51.000Z,256.12547,256.43447,0
1974-01-05T08:39:44.000Z,256.18547,256.49447,0
1974-01-05T09:37:46.000Z,256.1555,256.4645,0
1974-01-05T10:35:47.000Z,256.156,256.464,0
1974-01-05T11:33:41.000Z,256.1555,256.4645,0
1974-01-05T12:31:42.000Z,256.11546,256.42446,0
1974-01-05T13:29:36.000Z,256.1555,256.4645,0
1974-01-05T14:27:37.000Z,256.156,256.464,0
1974-01-05T14:42:06.000Z,256.08599,256.39399,0
1974-01-05T15:39:59.000Z,256.11546,256.42446,0
1974-01-05T16:38:01.000Z,256.11496,256.42496,0
1974-01-05T17:28:40.000Z,256.11596,256.42396,0
1974-01-05T18:19:27.000Z,256.08599,256.39399,0
1974-01-05T19:10:06.000Z,256.11596,256.42396,0
1974-01-05T19:24:35.000Z,256.1555,256.4645,0
1974-01-05T20:22:36.000Z,256.11546,256.42446,0
1974-01-05T20:37:05.000Z,256.08549,256.39449,0
1974-01-05T21:35:06.000Z,256.11546,256.42446,0
1974-01-05T22:33:00.000Z,256.1555,256.4645,0
1974-01-05T23:31:01.000Z,256.1555,256.4645,0
1974-01-06T00:28:55.000Z,256.11546,256.42446,0
1974-01-06T01:26:56.000Z,256.11596,256.42396,0
1974-01-06T02:24:50.000Z,256.156,256.464,0
1974-01-06T03:22:51.000Z,256.11596,256.42396,0
1974-01-06T04:20:45.000Z,256.1555,256.4645,0
1974-01-06T05:18:46.000Z,256.11546,256.42446,0
1974-01-06T06:16:40.000Z,256.12547,256.43447,0
1974-01-06T07:14:41.000Z,256.16545,256.47445,0
1974-01-06T08:12:43.000Z,256.18547,256.49447,0
1974-01-06T09:10:36.000Z,256.11546,256.42446,0
1974-01-06T10:08:38.000Z,256.1555,256.4645,0
1974-01-06T10:37:35.000Z,256.18547,256.49447,0
1974-01-06T11:06:31.000Z,256.1555,256.4645,0
1974-01-06T12:04:33.000Z,256.1555,256.4645,0
1974-01-06T13:02:26.000Z,256.04545,256.35445,0
1974-01-06T14:00:28.000Z,256.08549,256.39449,0
1974-01-06T14:58:21.000Z,256.12547,256.43447,0
1974-01-06T15:56:23.000Z,256.1555,256.4645,0
1974-01-06T16:54:16.000Z,256.1555,256.4645,0
1974-01-06T17:52:18.000Z,256.12547,256.43447,0
1974-01-06T18:50:11.000Z,256.12547,256.43447,0
1974-01-06T19:19:16.000Z,256.12597,256.43397,0
1974-01-06T20:17:10.000Z,256.12547,256.43447,0
1974-01-06T21:15:11.000Z,256.1555,256.4645,0
1974-01-06T22:13:05.000Z,256.12547,256.43447,0
1974-01-06T23:11:06.000Z,256.12597,256.43397,0
1974-01-07T00:09:00.000Z,256.11546,256.42446,0
1974-01-07T01:07:01.000Z,256.08549,256.39449,0
1974-01-07T01:50:26.000Z,256.11596,256.42396,0
1974-01-07T02:48:28.000Z,256.08549,256.39449,0
1974-01-07T03:46:21.000Z,256.1555,256.4645,0
1974-01-07T04:44:23.000Z,256.12547,256.43447,0
1974-01-07T05:06:06.000Z,256.12597,256.43397,0
1974-01-07T06:04:07.000Z,256.19548,256.50448,0
1974-01-07T07:02:01.000Z,256.12597,256.43397,0
1974-01-07T08:00:02.000Z,256.08549,256.39449,0
1974-01-07T08:57:56.000Z,256.13598,256.44398,0
1974-01-07T09:55:57.000Z,256.12547,256.43447,0
1974-01-07T10:53:51.000Z,256.16545,256.47445,0
1974-01-07T11:51:52.000Z,256.1555,256.4645,0
1974-01-07T12:49:46.000Z,256.19548,256.50448,0
1974-01-07T13:47:47.000Z,256.08599,256.39399,0
1974-01-07T14:59:20.000Z,256.08549,256.39449,0
1974-01-07T15:57:21.000Z,256.156,256.464,0
1974-01-07T16:55:15.000Z,256.156,256.464,0
1974-01-07T17:53:16.000Z,256.08599,256.39399,0
1974-01-07T18:51:10.000Z,256.156,256.464,0
1974-01-07T19:49:11.000Z,256.156,256.464,0
1974-01-07T20:47:05.000Z,256.156,256.464,0
1974-01-07T21:45:06.000Z,256.11546,256.42446,0
1974-01-07T22:43:00.000Z,256.156,256.464,0
1974-01-07T23:41:01.000Z,256.11596,256.42396,0
1974-01-08T00:38:55.000Z,256.156,256.464,0
1974-01-08T01:36:56.000Z,256.11546,256.42446,0
1974-01-08T02:34:50.000Z,256.11596,256.42396,0
1974-01-08T03:03:55.000Z,256.1555,256.4645,0
1974-01-08T04:01:48.000Z,256.156,256.464,0
1974-01-08T04:59:50.000Z,256.1555,256.4645,0
1974-01-08T05:57:43.000Z,256.11546,256.42446,0
1974-01-08T06:55:45.000Z,256.14599,256.45399,0
1974-01-08T07:53:38.000Z,256.156,256.464,0
1974-01-08T08:51:40.000Z,256.14599,256.45399,0
1974-01-08T09:49:33.000Z,256.11596,256.42396,0
1974-01-08T10:47:35.000Z,256.11596,256.42396,0
1974-01-08T11:45:36.000Z,256.11596,256.42396,0
1974-01-08T12:43:30.000Z,256.10595,256.41395,0
1974-01-08T13:41:31.000Z,256.11596,256.42396,0
1974-01-08T14:39:25.000Z,256.11596,256.42396,0
1974-01-08T15:37:26.000Z,256.08599,256.39399,0
1974-01-08T16:35:20.000Z,256.14599,256.45399,0
1974-01-08T17:33:21.000Z,256.11596,256.42396,0
1974-01-08T18:31:15.000Z,256.11596,256.42396,0
1974-01-08T19:29:16.000Z,256.11546,256.42446,0
1974-01-08T20:27:10.000Z,256.11596,256.42396,0
1974-01-08T21:25:11.000Z,256.156,256.464,0
1974-01-08T22:01:22.000Z,256.11596,256.42396,0
1974-01-08T22:59:24.000Z,256.11546,256.42446,0
1974-01-08T23:57:17.000Z,256.156,256.464,0
1974-01-09T00:55:19.000Z,256.11596,256.42396,0
1974-01-09T01:53:12.000Z,256.11596,256.42396,0
1974-01-09T02:51:14.000Z,256.11596,256.42396,0
1974-01-09T03:49:07.000Z,256.11596,256.42396,0
1974-01-09T04:47:09.000Z,256.11596,256.42396,0
1974-01-09T05:45:10.000Z,256.14599,256.45399,0
1974-01-09T06:43:04.000Z,256.14599,256.45399,0
1974-01-09T07:41:05.000Z,256.11596,256.42396,0
1974-01-09T08:38:59.000Z,256.14599,256.45399,0
1974-01-09T09:44:15.000Z,256.11596,256.42396,0
1974-01-09T09:51:29.000Z,256.11596,256.42396,0
1974-01-09T10:13:11.000Z,256.11596,256.42396,0
1974-01-09T11:11:13.000Z,256.11596,256.42396,0
1974-01-09T12:09:06.000Z,256.11596,256.42396,0
1974-01-09T13:07:08.000Z,256.14599,256.45399,0
1974-01-09T14:53:54.000Z,256.14599,256.45399,0
1974-01-09T15:22:59.000Z,256.14599,256.45399,0
1974-01-09T16:20:52.000Z,256.11596,256.42396,0
1974-01-09T17:18:54.000Z,256.07598,256.38398,0
1974-01-09T18:16:47.000Z,256.11596,256.42396,0
1974-01-09T19:14:49.000Z,256.11596,256.42396,0
1974-01-09T20:12:42.000Z,256.11596,256.42396,0
1974-01-09T21:10:44.000Z,256.11596,256.42396,0
1974-01-09T22:08:37.000Z,256.11596,256.42396,0
1974-01-09T23:06:39.000Z,256.11596,256.42396,0
1974-01-10T00:04:32.000Z,256.08599,256.39399,0
1974-01-10T01:02:34.000Z,256.14599,256.45399,0
1974-01-10T02:00:27.000Z,256.14599,256.45399,0
1974-01-10T02:58:29.000Z,256.11596,256.42396,0
1974-01-10T03:56:31.000Z,256.11596,256.42396,0
1974-01-10T04:54:24.000Z,256.08599,256.39399,0
1974-01-10T05:52:26.000Z,256.04595,256.35395,0
1974-01-10T06:50:19.000Z,256.11596,256.42396,0
1974-01-10T07:48:21.000Z,256.04595,256.35395,0
1974-01-10T08:10:03.000Z,256.07598,256.38398,0
1974-01-10T09:07:57.000Z,256.04595,256.35395,0
1974-01-10T10:05:58.000Z,256.11596,256.42396,0
1974-01-10T11:03:52.000Z,256.08599,256.39399,0
1974-01-10T12:01:53.000Z,256.08599,256.39399,0
1974-01-10T12:59:55.000Z,256.07598,256.38398,0
1974-01-10T13:57:48.000Z,256.11596,256.42396,0
1974-01-10T14:55:50.000Z,256.04595,256.35395,0
1974-01-10T15:53:43.000Z,256.07598,256.38398,0
1974-01-10T16:51:45.000Z,256.11596,256.42396,0
1974-01-10T17:49:38.000Z,256.11596,256.42396,0
1974-01-10T18:47:40.000Z,256.07598,256.38398,0
1974-01-10T19:45:33.000Z,256.07598,256.38398,0
1974-01-10T20:43:35.000Z,256.07598,256.38398,0
1974-01-10T21:41:28.000Z,256.07598,256.38398,0
1974-01-10T22:39:30.000Z,256.11596,256.42396,0
1974-01-10T23:37:23.000Z,256.07598,256.38398,0
1974-01-11T00:35:25.000Z,256.07598,256.38398,0
1974-01-11T01:33:18.000Z,256.07598,256.38398,0
1974-01-11T02:31:20.000Z,256.04595,256.35395,0
1974-01-11T03:29:13.000Z,256.07598,256.38398,0
1974-01-11T04:27:15.000Z,256.07598,256.38398,0
1974-01-11T05:25:16.000Z,256.07598,256.38398,0
1974-01-11T06:23:10.000Z,256.07598,256.38398,0
1974-01-11T07:21:11.000Z,256.07598,256.38398,0
1974-01-11T08:19:05.000Z,256.07598,256.38398,0
1974-01-11T09:17:07.000Z,256.07598,256.38398,0
1974-01-11T10:15:00.000Z,256.07598,256.38398,0
1974-01-11T11:13:02.000Z,256.07598,256.38398,0
1974-01-11T12:10:55.000Z,256.07598,256.38398,0
1974-01-11T12:25:23.000Z,256.07598,256.38398,0
1974-01-11T13:23:25.000Z,256.07598,256.38398,0
1974-01-11T14:21:18.000Z,256.04595,256.35395,0
1974-01-11T15:19:20.000Z,256.07598,256.38398,0
1974-01-11T16:17:13.000Z,256.10595,256.41395,0
1974-01-11T17:15:15.000Z,256.04595,256.35395,0
1974-01-11T18:13:08.000Z,256.04595,256.35395,0
1974-01-11T19:11:10.000Z,256.11596,256.42396,0
1974-01-11T20:09:11.000Z,256.11596,256.42396,0
1974-01-11T21:07:05.000Z,256.11596,256.42396,0
1974-01-11T22:05:07.000Z,256.156,256.464,0
1974-01-11T23:10:14.000Z,256.11596,256.42396,0
1974-01-12T01:29:46.000Z,256.07598,256.38398,0
1974-01-12T02:27:40.000Z,256.07598,256.38398,0
1974-01-12T03:03:59.000Z,256.07598,256.38398,0
1974-01-12T03:11:13.000Z,256.07598,256.38398,0
1974-01-12T04:09:06.000Z,256.07598,256.38398,0
1974-01-12T05:07:08.000Z,256.11596,256.42396,0
1974-01-12T05:43:19.000Z,256.07598,256.38398,0
1974-01-12T05:50:33.000Z,256.07598,256.38398,0
1974-01-12T06:48:35.000Z,256.14599,256.45399,0
1974-01-12T07:46:28.000Z,256.07598,256.38398,0
1974-01-12T08:44:30.000Z,256.07598,256.38398,0
1974-01-12T09:42:23.000Z,256.07598,256.38398,0
1974-01-12T10:40:25.000Z,256.10595,256.41395,0
1974-01-12T11:38:18.000Z,256.07598,256.38398,0
1974-01-12T12:07:15.000Z,256.07598,256.38398,0
1974-01-12T13:05:16.000Z,256.10595,256.41395,0
1974-01-12T14:03:18.000Z,256.07598,256.38398,0
1974-01-12T15:01:11.000Z,256.07598,256.38398,0
1974-01-12T15:59:13.000Z,256.07598,256.38398,0
1974-01-12T16:57:06.000Z,256.10595,256.41395,0
1974-01-12T17:55:08.000Z,256.10595,256.41395,0
1974-01-12T19:14:44.000Z,256.096,256.404,0
1974-01-12T20:12:46.000Z,256.096,256.404,0
1974-01-12T21:10:39.000Z,256.06597,256.37397,0
1974-01-12T21:25:15.000Z,256.06597,256.37397,0
1974-01-12T22:23:09.000Z,256.10595,256.41395,0
1974-01-12T23:21:10.000Z,256.096,256.404,0
1974-01-13T00:19:04.000Z,256.096,256.404,0
1974-01-13T01:17:05.000Z,256.096,256.404,0
1974-01-13T01:38:48.000Z,256.05596,256.36396,0
1974-01-13T02:36:41.000Z,256.11596,256.42396,0
1974-01-13T03:34:43.000Z,256.08599,256.39399,0
1974-01-13T04:39:59.000Z,256.04595,256.35395,0
1974-01-13T05:08:55.000Z,256.097,256.403,0
1974-01-13T05:30:38.000Z,256.13598,256.44398,0
1974-01-13T06:06:49.000Z,256.07598,256.38398,0
1974-01-13T06:21:17.000Z,256.05596,256.36396,0
1974-01-13T06:43:08.000Z,256.11596,256.42396,0
1974-01-13T07:55:30.000Z,256.096,256.404,0
1974-01-13T08:09:58.000Z,256.096,256.404,0
1974-01-13T08:24:35.000Z,256.06597,256.37397,0
1974-01-13T09:22:28.000Z,256.08599,256.39399,0
1974-01-13T10:13:15.000Z,256.08599,256.39399,0
1974-01-13T11:11:09.000Z,256.11596,256.42396,0
1974-01-13T12:16:25.000Z,256.06597,256.37397,0
1974-01-13T12:30:53.000Z,256.06597,256.37397,0
1974-01-13T13:21:32.000Z,256.06597,256.37397,0
1974-01-13T14:19:34.000Z,256.12597,256.43397,0
1974-01-13T15:17:27.000Z,256.12597,256.43397,0
1974-01-13T16:15:29.000Z,256.12597,256.43397,0
1974-01-13T17:13:22.000Z,256.08599,256.39399,0
1974-01-13T18:11:24.000Z,256.11596,256.42396,0
1974-01-13T19:09:17.000Z,256.12597,256.43397,0
1974-01-13T20:07:19.000Z,256.11596,256.42396,0
1974-01-13T21:05:12.000Z,256.08599,256.39399,0
1974-01-13T22:03:14.000Z,256.11596,256.42396,0
1974-01-13T23:01:15.000Z,256.11596,256.42396,0
1974-01-13T23:59:09.000Z,256.03594,256.34394,0
1974-01-14T00:57:10.000Z,256.11596,256.42396,0
1974-01-14T01:55:04.000Z,256.10595,256.41395,0
1974-01-14T02:53:05.000Z,256.11596,256.42396,0
1974-01-14T03:50:59.000Z,256.07598,256.38398,0
1974-01-14T04:49:00.000Z,256.06597,256.37397,0
1974-01-14T05:46:54.000Z,256.10595,256.41395,0
1974-01-14T06:01:22.000Z,256.13598,256.44398,0
1974-01-14T06:23:13.000Z,256.096,256.404,0
1974-01-14T07:21:06.000Z,256.13548,256.44448,0
1974-01-14T08:19:08.000Z,256.16595,256.47395,0
1974-01-14T09:17:01.000Z,256.096,256.404,0
1974-01-14T10:15:03.000Z,256.096,256.404,0
1974-01-14T10:36:46.000Z,256.096,256.404,0
1974-01-14T11:41:53.000Z,256.12597,256.43397,0
1974-01-14T11:49:07.000Z,256.096,256.404,0
1974-01-14T12:47:09.000Z,256.12597,256.43397,0
1974-01-14T14:24:05.000Z,256.096,256.404,0
1974-01-14T15:21:59.000Z,256.06597,256.37397,0
1974-01-14T16:20:00.000Z,256.12597,256.43397,0
1974-01-14T17:17:54.000Z,256.12597,256.43397,0
1974-01-14T18:15:55.000Z,256.08599,256.39399,0
1974-01-14T19:13:49.000Z,256.08599,256.39399,0
1974-01-14T20:11:50.000Z,256.08599,256.39399,0
1974-01-14T21:09:44.000Z,256.11596,256.42396,0
1974-01-14T22:07:45.000Z,256.12597,256.43397,0
1974-01-14T23:05:39.000Z,256.11596,256.42396,0
1974-01-15T00:03:40.000Z,256.07598,256.38398,0
1974-01-15T01:01:34.000Z,256.07598,256.38398,0
1974-01-15T01:59:35.000Z,256.10595,256.41395,0
1974-01-15T02:57:37.000Z,256.11596,256.42396,0
1974-01-15T03:55:30.000Z,256.07598,256.38398,0
1974-01-15T05:00:46.000Z,256.07598,256.38398,0
1974-01-15T05:08:00.000Z,256.07598,256.38398,0
1974-01-15T06:05:54.000Z,256.07598,256.38398,0
1974-01-15T07:03:55.000Z,256.07598,256.38398,0
1974-01-15T08:01:49.000Z,256.07598,256.38398,0
1974-01-15T08:59:50.000Z,256.10595,256.41395,0
1974-01-15T09:57:44.000Z,256.07598,256.38398,0
1974-01-15T10:55:45.000Z,256.10595,256.41395,0
1974-01-15T11:17:28.000Z,256.11596,256.42396,0
1974-01-15T12:15:29.000Z,256.07598,256.38398,0
1974-01-15T13:13:23.000Z,256.10595,256.41395,0
1974-01-15T14:11:24.000Z,256.10595,256.41395,0
1974-01-15T15:09:18.000Z,256.10595,256.41395,0
1974-01-15T15:23:46.000Z,256.096,256.404,0
1974-01-15T16:21:48.000Z,256.13598,256.44398,0
1974-01-15T17:19:41.000Z,256.10595,256.41395,0
1974-01-15T18:17:43.000Z,256.10595,256.41395,0
1974-01-15T19:15:36.000Z,256.06597,256.37397,0
1974-01-15T20:13:38.000Z,256.096,256.404,0
1974-01-15T21:11:31.000Z,256.096,256.404,0
1974-01-15T22:09:33.000Z,256.13598,256.44398,0
1974-01-15T23:07:26.000Z,256.096,256.404,0
1974-01-16T00:05:28.000Z,256.096,256.404,0
1974-01-16T01:03:29.000Z,256.096,256.404,0
1974-01-16T02:01:23.000Z,256.06597,256.37397,0
1974-01-16T02:59:24.000Z,256.0955,256.4045,0
1974-01-16T03:57:18.000Z,256.12597,256.43397,0
1974-01-16T04:55:19.000Z,256.096,256.404,0
1974-01-16T05:53:13.000Z,256.096,256.404,0
1974-01-16T06:36:46.000Z,256.096,256.404,0
1974-01-16T07:34:39.000Z,256.06597,256.37397,0
1974-01-16T08:32:41.000Z,256.096,256.404,0
1974-01-16T09:30:34.000Z,256.096,256.404,0
1974-01-16T10:28:36.000Z,256.096,256.404,0
1974-01-16T11:26:29.000Z,256.06597,256.37397,0
1974-01-16T12:24:31.000Z,256.06597,256.37397,0
1974-01-16T13:22:24.000Z,256.0955,256.4045,0
1974-01-16T13:58:44.000Z,256.096,256.404,0
1974-01-16T15:40:02.000Z,256.096,256.404,0
1974-01-16T16:38:04.000Z,256.096,256.404,0
1974-01-16T17:36:05.000Z,256.096,256.404,0
1974-01-16T18:33:59.000Z,256.096,256.404,0
1974-01-16T19:32:00.000Z,256.096,256.404,0
1974-01-16T20:29:54.000Z,256.096,256.404,0
1974-01-16T21:27:55.000Z,256.12597,256.43397,0
1974-01-16T22:25:49.000Z,256.096,256.404,0
1974-01-16T23:23:50.000Z,256.12597,256.43397,0
1974-01-17T00:21:44.000Z,256.096,256.404,0
1974-01-17T01:19:45.000Z,256.12597,256.43397,0
1974-01-17T02:17:39.000Z,256.08599,256.39399,0
1974-01-17T03:15:40.000Z,256.096,256.404,0
1974-01-17T04:13:34.000Z,256.096,256.404,0
1974-01-17T05:11:35.000Z,256.12597,256.43397,0
1974-01-17T06:09:29.000Z,256.12597,256.43397,0
1974-01-17T07:07:30.000Z,256.096,256.404,0
1974-01-17T08:05:24.000Z,256.096,256.404,0
1974-01-17T09:03:25.000Z,256.12547,256.43447,0
1974-01-17T10:01:19.000Z,256.12597,256.43397,0
1974-01-17T10:59:20.000Z,256.12597,256.43397,0
1974-01-17T11:57:14.000Z,256.12597,256.43397,0
1974-01-17T12:55:15.000Z,256.12597,256.43397,0
1974-01-17T14:00:31.000Z,256.08599,256.39399,0
1974-01-17T14:58:24.000Z,256.08599,256.39399,0
1974-01-17T15:56:26.000Z,256.12597,256.43397,0
1974-01-17T16:54:19.000Z,256.08599,256.39399,0
1974-01-17T17:52:21.000Z,256.08599,256.39399,0
1974-01-17T18:50:14.000Z,256.11596,256.42396,0
1974-01-17T19:48:16.000Z,256.08599,256.39399,0
1974-01-17T20:46:09.000Z,256.08599,256.39399,0
1974-01-17T21:44:11.000Z,256.11596,256.42396,0
1974-01-17T22:42:04.000Z,256.12597,256.43397,0
1974-01-17T23:40:06.000Z,256.08599,256.39399,0
1974-01-18T00:37:59.000Z,256.11596,256.42396,0
1974-01-18T01:36:01.000Z,256.11596,256.42396,0
1974-01-18T02:33:55.000Z,256.08599,256.39399,0
1974-01-18T03:31:56.000Z,256.08599,256.39399,0
1974-01-18T04:29:50.000Z,256.08599,256.39399,0
1974-01-18T05:27:51.000Z,256.11596,256.42396,0
1974-01-18T06:25:45.000Z,256.07598,256.38398,0
1974-01-18T07:23:46.000Z,256.11596,256.42396,0
1974-01-18T08:21:48.000Z,256.08599,256.39399,0
1974-01-18T09:19:41.000Z,256.08599,256.39399,0
1974-01-18T10:17:43.000Z,256.08599,256.39399,0
1974-01-18T11:15:36.000Z,256.07598,256.38398,0
1974-01-18T12:13:38.000Z,256.11546,256.42446,0
1974-01-18T13:11:31.000Z,256.04595,256.35395,0
1974-01-18T13:55:04.000Z,256.11596,256.42396,0
1974-01-18T14:52:58.000Z,256.04595,256.35395,0
1974-01-18T15:50:02.000Z,256.07598,256.38398,0
1974-01-18T16:47:55.000Z,256.04595,256.35395,0
1974-01-18T17:45:57.000Z,256.04595,256.35395,0
1974-01-18T18:43:59.000Z,256.07598,256.38398,0
1974-01-18T19:41:52.000Z,256.04595,256.35395,0
1974-01-18T20:39:54.000Z,256.10595,256.41395,0
1974-01-18T21:16:05.000Z,256.07598,256.38398,0
1974-01-18T22:13:58.000Z,256.10595,256.41395,0
1974-01-18T22:43:03.000Z,256.07598,256.38398,0
1974-01-18T22:50:17.000Z,256.07598,256.38398,0
1974-01-18T23:40:56.000Z,256.10545,256.41445,0
1974-01-18T23:55:25.000Z,256.11596,256.42396,0
1974-01-19T00:02:39.000Z,256.11596,256.42396,0
1974-01-19T00:31:44.000Z,256.07598,256.38398,0
1974-01-19T01:29:37.000Z,256.10595,256.41395,0
1974-01-19T02:13:10.000Z,256.07598,256.38398,0
1974-01-19T03:11:04.000Z,256.10595,256.41395,0
1974-01-19T04:09:05.000Z,256.10595,256.41395,0
1974-01-19T05:06:59.000Z,256.10595,256.41395,0
1974-01-19T06:05:00.000Z,256.07598,256.38398,0
1974-01-19T07:02:54.000Z,256.07598,256.38398,0
1974-01-19T08:00:55.000Z,256.10595,256.41395,0
1974-01-19T08:58:49.000Z,256.10595,256.41395,0
1974-01-19T09:56:50.000Z,256.07598,256.38398,0
1974-01-19T10:54:44.000Z,256.10595,256.41395,0
1974-01-19T11:52:45.000Z,256.10595,256.41395,0
1974-01-19T12:50:39.000Z,256.07598,256.38398,0
1974-01-19T13:48:40.000Z,256.10595,256.41395,0
1974-01-19T14:46:34.000Z,256.10595,256.41395,0
1974-01-19T15:44:35.000Z,256.10595,256.41395,0
1974-01-19T16:42:29.000Z,256.10595,256.41395,0
1974-01-19T17:40:30.000Z,256.06597,256.37397,0
1974-01-19T18:38:32.000Z,256.10545,256.41445,0
1974-01-19T19:36:25.000Z,256.10595,256.41395,0
1974-01-19T19:43:40.000Z,256.10595,256.41395,0
1974-01-19T19:58:08.000Z,256.10595,256.41395,0
1974-01-19T20:56:10.000Z,256.10595,256.41395,0
1974-01-19T21:54:03.000Z,256.10595,256.41395,0
1974-01-19T22:52:05.000Z,256.096,256.404,0
1974-01-19T23:49:58.000Z,256.10595,256.41395,0
1974-01-20T00:48:00.000Z,256.06597,256.37397,0
1974-01-20T01:45:53.000Z,256.13598,256.44398,0
1974-01-20T02:43:55.000Z,256.096,256.404,0
1974-01-20T02:58:23.000Z,256.06597,256.37397,0
1974-01-20T03:56:25.000Z,256.10595,256.41395,0
1974-01-20T04:54:18.000Z,256.06597,256.37397,0
1974-01-20T05:52:20.000Z,256.06597,256.37397,0
1974-01-20T06:50:13.000Z,256.06597,256.37397,0
1974-01-20T07:48:15.000Z,256.10595,256.41395,0
1974-01-20T08:46:08.000Z,256.10595,256.41395,0
1974-01-20T09:00:36.000Z,256.10945,256.41045,0
1974-01-20T09:51:24.000Z,256.096,256.404,0
1974-01-20T10:13:06.000Z,256.06597,256.37397,0
1974-01-20T10:42:03.000Z,256.13598,256.44398,0
1974-01-20T11:40:05.000Z,256.10595,256.41395,0
1974-01-20T12:37:58.000Z,256.10595,256.41395,0
1974-01-20T13:36:00.000Z,256.10595,256.41395,0
1974-01-20T14:33:53.000Z,256.096,256.404,0
1974-01-20T15:31:55.000Z,256.096,256.404,0
1974-01-20T16:29:48.000Z,256.096,256.404,0
1974-01-20T17:56:46.000Z,256.06597,256.37397,0
1974-01-20T18:25:43.000Z,256.13598,256.44398,0
1974-01-20T19:23:45.000Z,256.10595,256.41395,0
1974-01-20T20:21:38.000Z,256.10595,256.41395,0
1974-01-20T21:19:40.000Z,256.10595,256.41395,0
1974-01-20T22:17:41.000Z,256.06597,256.37397,0
1974-01-20T23:15:35.000Z,256.10595,256.41395,0
1974-01-21T00:13:36.000Z,256.05596,256.36396,0
1974-01-21T01:11:30.000Z,256.12597,256.43397,0
1974-01-21T02:09:31.000Z,256.16595,256.47395,0
1974-01-21T03:07:25.000Z,256.10595,256.41395,0
1974-01-21T04:05:26.000Z,256.02599,256.33399,0
1974-01-21T05:03:20.000Z,256.05596,256.36396,0
1974-01-21T06:01:21.000Z,256.096,256.404,0
1974-01-21T06:59:15.000Z,256.096,256.404,0
1974-01-21T07:57:16.000Z,256.096,256.404,0
1974-01-21T08:55:10.000Z,256.05596,256.36396,0
1974-01-21T09:53:11.000Z,256.06597,256.37397,0
1974-01-21T10:51:05.000Z,256.06597,256.37397,0
1974-01-21T11:49:06.000Z,256.12597,256.43397,0
1974-01-21T12:47:00.000Z,256.096,256.404,0
1974-01-21T13:45:01.000Z,256.096,256.404,0
1974-01-21T14:55:37.000Z,256.16595,256.47395,0
1974-01-21T15:53:38.000Z,256.05596,256.36396,0
1974-01-21T16:51:32.000Z,256.05596,256.36396,0
1974-01-21T17:49:33.000Z,256.12597,256.43397,0
1974-01-21T18:47:27.000Z,256.06597,256.37397,0
1974-01-21T19:45:28.000Z,256.096,256.404,0
1974-01-21T20:43:22.000Z,256.06597,256.37397,0
1974-01-21T21:41:23.000Z,256.096,256.404,0
1974-01-21T22:39:17.000Z,256.12597,256.43397,0
1974-01-21T23:37:18.000Z,256.06597,256.37397,0
1974-01-22T00:35:20.000Z,256.08599,256.39399,0
1974-01-22T01:33:13.000Z,256.12597,256.43397,0
1974-01-22T02:31:15.000Z,256.05596,256.36396,0
1974-01-22T03:29:08.000Z,256.12597,256.43397,0
1974-01-22T04:27:10.000Z,256.05596,256.36396,0
1974-01-22T05:25:03.000Z,256.05596,256.36396,0
1974-01-22T06:23:05.000Z,256.08599,256.39399,0
1974-01-22T07:20:58.000Z,256.12597,256.43397,0
1974-01-22T08:19:00.000Z,256.096,256.404,0
1974-01-22T09:16:53.000Z,256.08599,256.39399,0
1974-01-22T10:14:55.000Z,256.08599,256.39399,0
1974-01-22T10:36:37.000Z,256.12597,256.43397,0
1974-01-22T11:34:31.000Z,256.096,256.404,0
1974-01-22T11:56:21.000Z,256.08599,256.39399,0
1974-01-22T12:54:15.000Z,256.12597,256.43397,0
1974-01-22T13:52:16.000Z,256.12597,256.43397,0
1974-01-22T14:50:10.000Z,256.08599,256.39399,0
1974-01-22T15:48:11.000Z,256.08599,256.39399,0
1974-01-22T16:09:54.000Z,256.05596,256.36396,0
1974-01-22T17:07:47.000Z,256.08599,256.39399,0
1974-01-22T18:05:49.000Z,256.08599,256.39399,0
1974-01-22T19:03:51.000Z,256.08599,256.39399,0
1974-01-22T20:01:44.000Z,256.05596,256.36396,0
1974-01-22T20:59:46.000Z,256.12597,256.43397,0
1974-01-22T21:57:39.000Z,256.05596,256.36396,0
1974-01-22T22:55:41.000Z,256.096,256.404,0
1974-01-22T23:53:34.000Z,256.08599,256.39399,0
1974-01-23T00:37:07.000Z,256.08599,256.39399,0
1974-01-23T01:35:01.000Z,256.08599,256.39399,0
1974-01-23T02:33:02.000Z,256.08599,256.39399,0
1974-01-23T03:30:56.000Z,256.08599,256.39399,0
1974-01-23T04:28:57.000Z,256.08599,256.39399,0
1974-01-23T05:26:51.000Z,256.08599,256.39399,0
1974-01-23T06:24:52.000Z,256.05596,256.36396,0
1974-01-23T07:22:46.000Z,256.08599,256.39399,0
1974-01-23T08:20:47.000Z,256.11596,256.42396,0
1974-01-23T09:18:41.000Z,256.12597,256.43397,0
1974-01-23T10:16:42.000Z,256.08599,256.39399,0
1974-01-23T10:38:25.000Z,256.08599,256.39399,0
1974-01-23T11:36:26.000Z,256.08599,256.39399,0
1974-01-23T12:34:20.000Z,256.08599,256.39399,0
1974-01-23T13:32:21.000Z,256.05596,256.36396,0
1974-01-23T14:49:14.000Z,256.08599,256.39399,0
1974-01-23T14:56:28.000Z,256.08599,256.39399,0
1974-01-23T15:40:01.000Z,256.08599,256.39399,0
1974-01-23T16:37:54.000Z,256.08599,256.39399,0
1974-01-23T17:35:56.000Z,256.096,256.404,0
1974-01-23T18:33:49.000Z,256.08599,256.39399,0
1974-01-23T19:31:51.000Z,256.08599,256.39399,0
1974-01-23T20:29:44.000Z,256.08599,256.39399,0
1974-01-23T21:27:46.000Z,256.08599,256.39399,0
1974-01-23T22:11:11.000Z,256.08599,256.39399,0
1974-01-23T23:09:13.000Z,256.08599,256.39399,0
1974-01-24T00:07:06.000Z,256.08599,256.39399,0
1974-01-24T01:05:08.000Z,256.11596,256.42396,0
1974-01-24T02:03:01.000Z,256.08599,256.39399,0
1974-01-24T03:01:03.000Z,256.08599,256.39399,0
1974-01-24T03:59:04.000Z,256.08599,256.39399,0
1974-01-24T04:56:58.000Z,256.08599,256.39399,0
1974-01-24T05:54:59.000Z,256.05596,256.36396,0
1974-01-24T06:52:53.000Z,256.08599,256.39399,0
1974-01-24T07:50:54.000Z,256.11596,256.42396,0
1974-01-24T08:48:48.000Z,256.08599,256.39399,0
1974-01-24T09:46:49.000Z,256.08599,256.39399,0
1974-01-24T10:44:43.000Z,256.11596,256.42396,0
1974-01-24T11:42:44.000Z,256.08599,256.39399,0
1974-01-24T12:40:38.000Z,256.08599,256.39399,0
1974-01-24T13:38:39.000Z,256.08599,256.39399,0
1974-01-24T14:36:33.000Z,256.08599,256.39399,0
1974-01-24T15:34:34.000Z,256.08599,256.39399,0
1974-01-24T16:32:28.000Z,256.05596,256.36396,0
1974-01-24T17:30:29.000Z,256.11596,256.42396,0
1974-01-24T18:28:23.000Z,256.08599,256.39399,0
1974-01-24T19:26:24.000Z,256.05596,256.36396,0
1974-01-24T20:24:18.000Z,256.11596,256.42396,0
1974-01-24T22:49:18.000Z,256.11596,256.42396,0
1974-01-24T23:47:11.000Z,256.11596,256.42396,0
1974-01-25T00:45:13.000Z,256.11596,256.42396,0
1974-01-25T01:43:06.000Z,256.11596,256.42396,0
1974-01-25T02:41:08.000Z,256.08599,256.39399,0
1974-01-25T03:39:01.000Z,256.11596,256.42396,0
1974-01-25T04:37:03.000Z,256.11596,256.42396,0
1974-01-25T05:34:56.000Z,256.08599,256.39399,0
1974-01-25T06:32:58.000Z,256.11596,256.42396,0
1974-01-25T07:30:51.000Z,256.11596,256.42396,0
1974-01-25T08:28:53.000Z,256.11596,256.42396,0
1974-01-25T09:26:54.000Z,256.11596,256.42396,0
1974-01-25T10:24:48.000Z,256.08599,256.39399,0
1974-01-25T11:22:49.000Z,256.11596,256.42396,0
1974-01-25T12:20:43.000Z,256.04595,256.35395,0
1974-01-25T13:18:44.000Z,256.10595,256.41395,0
1974-01-25T14:53:46.000Z,256.10595,256.41395,0
1974-01-25T15:51:48.000Z,256.08599,256.39399,0
1974-01-25T16:49:41.000Z,256.08599,256.39399,0
1974-01-25T17:47:43.000Z,256.11596,256.42396,0
1974-01-25T18:45:36.000Z,256.08599,256.39399,0
1974-01-25T19:43:38.000Z,256.08599,256.39399,0
1974-01-25T20:41:31.000Z,256.11596,256.42396,0
1974-01-25T21:39:33.000Z,256.08599,256.39399,0
1974-01-25T22:37:26.000Z,256.08599,256.39399,0
1974-01-25T23:35:28.000Z,256.08599,256.39399,0
1974-01-26T00:33:21.000Z,256.11596,256.42396,0
1974-01-26T01:31:23.000Z,256.08599,256.39399,0
1974-01-26T02:29:16.000Z,256.14599,256.45399,0
1974-01-26T03:27:18.000Z,256.11596,256.42396,0
1974-01-26T04:25:11.000Z,256.04595,256.35395,0
1974-01-26T05:23:13.000Z,256.11596,256.42396,0
1974-01-26T06:21:06.000Z,256.11596,256.42396,0
1974-01-26T07:19:08.000Z,256.08599,256.39399,0
1974-01-26T08:17:09.000Z,256.08599,256.39399,0
1974-01-26T09:15:03.000Z,256.08599,256.39399,0
1974-01-26T09:58:28.000Z,256.11596,256.42396,0
1974-01-26T10:56:29.000Z,256.08599,256.39399,0
1974-01-26T11:32:40.000Z,256.11596,256.42396,0
1974-01-26T11:39:54.000Z,256.11596,256.42396,0
1974-01-26T12:37:56.000Z,256.04595,256.35395,0
1974-01-26T12:59:38.000Z,256.08599,256.39399,0
1974-01-26T13:14:07.000Z,256.11596,256.42396,0
1974-01-26T13:21:21.000Z,256.11596,256.42396,0
1974-01-26T13:50:26.000Z,256.04595,256.35395,0
1974-01-26T13:57:40.000Z,256.08599,256.39399,0
1974-01-26T14:55:33.000Z,256.11596,256.42396,0
1974-01-26T15:46:21.000Z,256.07598,256.38398,0
1974-01-26T16:22:32.000Z,256.10595,256.41395,0
1974-01-26T17:05:57.000Z,256.07598,256.38398,0
1974-01-26T17:27:39.000Z,256.14599,256.45399,0
1974-01-26T17:56:44.000Z,256.14599,256.45399,0
1974-01-26T18:03:58.000Z,256.17596,256.48396,0
1974-01-26T18:18:27.000Z,256.14599,256.45399,0
1974-01-26T18:47:23.000Z,256.11596,256.42396,0
1974-01-26T19:45:25.000Z,256.08599,256.39399,0
1974-01-26T20:43:18.000Z,256.08599,256.39399,0
1974-01-26T21:41:20.000Z,256.08599,256.39399,0
1974-01-26T22:39:13.000Z,256.11596,256.42396,0
1974-01-26T23:37:15.000Z,256.11596,256.42396,0
1974-01-27T00:35:08.000Z,256.14599,256.45399,0
1974-01-27T01:33:10.000Z,256.07598,256.38398,0
1974-01-27T02:31:03.000Z,256.07598,256.38398,0
1974-01-27T03:29:05.000Z,256.11596,256.42396,0
1974-01-27T04:26:59.000Z,256.08599,256.39399,0
1974-01-27T05:25:00.000Z,256.14599,256.45399,0
1974-01-27T06:22:54.000Z,256.11596,256.42396,0
1974-01-27T07:20:55.000Z,256.07598,256.38398,0
1974-01-27T08:18:57.000Z,256.08599,256.39399,0
1974-01-27T09:16:50.000Z,256.11596,256.42396,0
1974-01-27T10:14:52.000Z,256.08599,256.39399,0
1974-01-27T11:12:45.000Z,256.07598,256.38398,0
1974-01-27T12:10:47.000Z,256.07598,256.38398,0
1974-01-27T13:01:26.000Z,256.07598,256.38398,0
1974-01-27T13:30:23.000Z,256.07598,256.38398,0
1974-01-27T14:28:24.000Z,256.07598,256.38398,0
1974-01-27T15:26:18.000Z,256.08599,256.39399,0
1974-01-27T16:24:19.000Z,256.11596,256.42396,0
1974-01-27T17:29:35.000Z,256.11596,256.42396,0
1974-01-27T18:27:28.000Z,256.11596,256.42396,0
1974-01-27T19:25:30.000Z,256.11596,256.42396,0
1974-01-27T20:23:23.000Z,256.11596,256.42396,0
1974-01-27T20:45:06.000Z,256.11596,256.42396,0
1974-01-27T21:43:08.000Z,256.08599,256.39399,0
1974-01-27T22:40:53.000Z,256.07598,256.38398,0
1974-01-27T23:38:46.000Z,256.07598,256.38398,0
1974-01-28T00:36:56.000Z,256.07598,256.38398,0
1974-01-28T01:34:58.000Z,256.10595,256.41395,0
1974-01-28T02:54:42.000Z,256.12597,256.43397,0
1974-01-28T03:52:35.000Z,256.10595,256.41395,0
1974-01-28T04:57:51.000Z,256.096,256.404,0
1974-01-28T05:19:33.000Z,256.06597,256.37397,0
1974-01-28T05:34:02.000Z,256.13598,256.44398,0
1974-01-28T05:48:30.000Z,256.10595,256.41395,0
1974-01-28T06:24:49.000Z,256.08599,256.39399,0
1974-01-28T07:22:43.000Z,256.096,256.404,0
1974-01-28T08:20:44.000Z,256.08599,256.39399,0
1974-01-28T09:18:38.000Z,256.096,256.404,0
1974-01-28T10:16:39.000Z,256.06597,256.37397,0
1974-01-28T11:14:33.000Z,256.10595,256.41395,0
1974-01-28T11:29:01.000Z,256.11596,256.42396,0
1974-01-28T11:36:15.000Z,256.10595,256.41395,0
1974-01-28T12:34:17.000Z,256.14599,256.45399,0
1974-01-28T13:32:10.000Z,256.08599,256.39399,0
1974-01-28T14:30:12.000Z,256.10595,256.41395,0
1974-01-28T15:28:05.000Z,256.10595,256.41395,0
1974-01-28T16:26:07.000Z,256.08599,256.39399,0
1974-01-28T17:24:00.000Z,256.12597,256.43397,0
1974-01-28T18:22:02.000Z,256.096,256.404,0
1974-01-28T19:20:03.000Z,256.05596,256.36396,0
1974-01-28T19:49:00.000Z,256.096,256.404,0
1974-01-28T20:46:54.000Z,256.13598,256.44398,0
1974-01-28T21:44:55.000Z,256.096,256.404,0
1974-01-28T22:42:49.000Z,256.06597,256.37397,0
1974-01-28T23:26:22.000Z,256.07598,256.38398,0
1974-01-29T00:24:15.000Z,256.10595,256.41395,0
1974-01-29T01:22:17.000Z,256.10595,256.41395,0
1974-01-29T02:20:10.000Z,256.03594,256.34394,0
1974-01-29T03:18:12.000Z,256.07598,256.38398,0
1974-01-29T04:16:05.000Z,256.10595,256.41395,0
1974-01-29T05:14:07.000Z,256.07648,256.38348,0
1974-01-29T06:12:00.000Z,256.07598,256.38398,0
1974-01-29T07:10:02.000Z,256.07598,256.38398,0
1974-01-29T08:08:03.000Z,256.07598,256.38398,0
1974-01-29T09:05:57.000Z,256.10595,256.41395,0
1974-01-29T10:03:58.000Z,256.07598,256.38398,0
1974-01-29T10:25:41.000Z,256.07598,256.38398,0
1974-01-29T11:23:34.000Z,256.07598,256.38398,0
1974-01-29T12:21:36.000Z,256.10595,256.41395,0
1974-01-29T13:19:29.000Z,256.10595,256.41395,0
1974-01-29T13:33:58.000Z,256.10595,256.41395,0
1974-01-29T14:17:31.000Z,256.07598,256.38398,0
1974-01-29T15:06:24.000Z,256.07598,256.38398,0
1974-01-29T16:11:39.000Z,256.07598,256.38398,0
1974-01-29T17:09:33.000Z,256.10595,256.41395,0
1974-01-29T18:07:34.000Z,256.07598,256.38398,0
1974-01-29T19:05:28.000Z,256.07598,256.38398,0
1974-01-29T20:03:29.000Z,256.07598,256.38398,0
1974-01-29T21:01:23.000Z,256.11596,256.42396,0
1974-01-29T21:59:24.000Z,256.04595,256.35395,0
1974-01-29T22:57:18.000Z,256.11596,256.42396,0
1974-01-29T23:55:19.000Z,256.11646,256.42346,0
1974-01-30T00:53:13.000Z,256.11596,256.42396,0
1974-01-30T01:51:15.000Z,256.08599,256.39399,0
1974-01-30T02:49:08.000Z,256.11646,256.42346,0
1974-01-30T03:47:10.000Z,256.11596,256.42396,0
1974-01-30T04:45:03.000Z,256.11646,256.42346,0
1974-01-30T05:43:05.000Z,256.11596,256.42396,0
1974-01-30T06:41:06.000Z,256.11646,256.42346,0
1974-01-30T07:39:00.000Z,256.11596,256.42396,0
1974-01-30T08:37:01.000Z,256.11646,256.42346,0
1974-01-30T09:34:55.000Z,256.07648,256.38348,0
1974-01-30T10:32:56.000Z,256.07648,256.38348,0
1974-01-30T11:30:50.000Z,256.10645,256.41345,0
1974-01-30T12:28:51.000Z,256.11646,256.42346,0
1974-01-30T13:26:45.000Z,256.10645,256.41345,0
1974-01-30T14:10:18.000Z,256.10645,256.41345,0
1974-01-30T15:08:11.000Z,256.07648,256.38348,0
1974-01-30T16:06:13.000Z,256.07648,256.38348,0
1974-01-30T17:04:06.000Z,256.07648,256.38348,0
1974-01-30T18:02:08.000Z,256.14649,256.45349,0
1974-01-30T19:00:01.000Z,256.14649,256.45349,0
1974-01-30T19:58:03.000Z,256.07648,256.38348,0
1974-01-30T20:55:56.000Z,256.10645,256.41345,0
1974-01-30T21:53:58.000Z,256.14649,256.45349,0
1974-01-30T22:51:51.000Z,256.10645,256.41345,0
1974-01-30T23:49:53.000Z,256.07648,256.38348,0
1974-01-31T00:47:46.000Z,256.10645,256.41345,0
1974-01-31T01:45:48.000Z,256.07648,256.38348,0
1974-01-31T02:43:41.000Z,256.07598,256.38398,0
1974-01-31T03:41:43.000Z,256.07598,256.38398,0
1974-01-31T04:39:44.000Z,256.07648,256.38348,0
1974-01-31T05:37:38.000Z,256.10645,256.41345,0
1974-01-31T06:35:39.000Z,256.07598,256.38398,0
1974-01-31T07:33:33.000Z,256.07648,256.38348,0
1974-01-31T08:31:34.000Z,256.07648,256.38348,0
1974-01-31T09:29:28.000Z,256.07648,256.38348,0
1974-01-31T10:27:29.000Z,256.11646,256.42346,0
1974-01-31T11:25:23.000Z,256.07598,256.38398,0
1974-01-31T12:01:42.000Z,256.10645,256.41345,0
1974-01-31T12:59:35.000Z,256.07648,256.38348,0
1974-01-31T13:57:37.000Z,256.07648,256.38348,0
1974-01-31T14:12:05.000Z,256.11646,256.42346,0
1974-01-31T15:09:59.000Z,256.11596,256.42396,0
1974-01-31T16:08:00.000Z,256.07598,256.38398,0
1974-01-31T17:05:54.000Z,256.11646,256.42346,0
1974-01-31T18:03:55.000Z,256.14599,256.45399,0
1974-01-31T19:01:49.000Z,256.07648,256.38348,0
1974-01-31T19:59:50.000Z,256.14649,256.45349,0
1974-01-31T20:57:44.000Z,256.14649,256.45349,0
1974-01-31T21:55:45.000Z,256.11646,256.42346,0
1974-01-31T22:53:39.000Z,256.11646,256.42346,0
1974-01-31T23:51:40.000Z,256.11646,256.42346,0
1974-02-01T00:49:42.000Z,256.07648,256.38348,0
1974-02-01T01:47:35.000Z,256.07648,256.38348,0
1974-02-01T02:45:37.000Z,256.14649,256.45349,0
1974-02-01T03:00:05.000Z,256.14649,256.45349,0
1974-02-01T03:57:59.000Z,256.14599,256.45399,0
1974-02-01T04:56:00.000Z,256.11596,256.42396,0
1974-02-01T05:53:54.000Z,256.11646,256.42346,0
1974-02-01T06:51:55.000Z,256.14599,256.45399,0
1974-02-01T07:49:49.000Z,256.14649,256.45349,0
1974-02-01T08:47:50.000Z,256.18597,256.49397,0
1974-02-01T09:45:44.000Z,256.18647,256.49347,0
1974-02-01T10:43:45.000Z,256.14649,256.45349,0
1974-02-01T11:41:47.000Z,256.14649,256.45349,0
1974-02-01T12:39:40.000Z,256.11646,256.42346,0
1974-02-01T13:37:42.000Z,256.08649,256.39349,0
1974-02-01T14:35:35.000Z,256.11596,256.42396,0
1974-02-01T15:33:37.000Z,256.11646,256.42346,0
1974-02-01T16:31:30.000Z,256.11596,256.42396,0
1974-02-01T17:29:32.000Z,256.11646,256.42346,0
1974-02-01T18:27:25.000Z,256.11646,256.42346,0
1974-02-01T19:25:27.000Z,256.11646,256.42346,0
1974-02-01T20:23:20.000Z,256.156,256.464,0
1974-02-01T21:21:22.000Z,256.08649,256.39349,0
1974-02-01T22:19:15.000Z,256.08649,256.39349,0
1974-02-01T23:17:17.000Z,256.11646,256.42346,0
1974-02-02T00:15:10.000Z,256.08649,256.39349,0
1974-02-02T00:37:01.000Z,256.12647,256.43347,0
1974-02-02T01:20:26.000Z,256.1565,256.4635,0
1974-02-02T02:16:33.000Z,256.156,256.464,0
1974-02-02T03:00:06.000Z,256.1565,256.4635,0
1974-02-02T03:58:00.000Z,256.14649,256.45349,0
1974-02-02T04:56:01.000Z,256.1565,256.4635,0
1974-02-02T05:53:55.000Z,256.11596,256.42396,0
1974-02-02T06:51:56.000Z,256.1565,256.4635,0
1974-02-02T07:49:50.000Z,256.11646,256.42346,0
1974-02-02T08:47:51.000Z,256.18597,256.49397,0
1974-02-02T09:45:45.000Z,256.11696,256.42296,0
1974-02-02T10:43:46.000Z,256.11646,256.42346,0
1974-02-02T11:41:48.000Z,256.08649,256.39349,0
1974-02-02T12:39:41.000Z,256.14649,256.45349,0
1974-02-02T13:37:43.000Z,256.10645,256.41345,0
1974-02-02T14:35:36.000Z,256.08649,256.39349,0
1974-02-02T15:33:38.000Z,256.11646,256.42346,0
1974-02-02T16:31:31.000Z,256.18597,256.49397,0
1974-02-02T17:29:33.000Z,256.11646,256.42346,0
1974-02-02T18:27:26.000Z,256.1565,256.4635,0
1974-02-02T19:25:28.000Z,256.11646,256.42346,0
1974-02-02T20:23:21.000Z,256.11646,256.42346,0
1974-02-02T21:21:23.000Z,256.1565,256.4635,0
1974-02-02T22:19:16.000Z,256.14649,256.45349,0
1974-02-02T23:17:18.000Z,256.18647,256.49347,0
1974-02-03T00:15:20.000Z,256.14649,256.45349,0
1974-02-03T01:13:13.000Z,256.10645,256.41345,0
1974-02-03T02:11:15.000Z,256.10645,256.41345,0
1974-02-03T03:09:08.000Z,256.11646,256.42346,0
1974-02-03T04:07:10.000Z,256.18597,256.49397,0
1974-02-03T05:05:03.000Z,256.18597,256.49397,0
1974-02-03T06:03:05.000Z,256.14599,256.45399,0
1974-02-03T07:00:58.000Z,256.11596,256.42396,0
1974-02-03T07:59:00.000Z,256.14599,256.45399,0
1974-02-03T08:56:53.000Z,256.11646,256.42346,0
1974-02-03T09:54:55.000Z,256.17646,256.48346,0
1974-02-03T10:52:48.000Z,256.14649,256.45349,0
1974-02-03T11:29:07.000Z,256.11646,256.42346,0
1974-02-03T12:27:01.000Z,256.11646,256.42346,0
1974-02-03T13:25:02.000Z,256.14649,256.45349,0
1974-02-03T14:22:56.000Z,256.10595,256.41395,0
1974-02-03T15:20:57.000Z,256.14649,256.45349,0
1974-02-03T16:18:51.000Z,256.14649,256.45349,0
1974-02-03T17:16:52.000Z,256.11646,256.42346,0
1974-02-03T18:14:46.000Z,256.14649,256.45349,0
1974-02-03T19:12:47.000Z,256.14649,256.45349,0
1974-02-03T20:10:49.000Z,256.14649,256.45349,0
1974-02-03T21:08:42.000Z,256.14649,256.45349,0
1974-02-03T22:06:44.000Z,256.14649,256.45349,0
1974-02-03T23:04:37.000Z,256.11646,256.42346,0
1974-02-04T00:02:39.000Z,256.14649,256.45349,0
1974-02-04T01:00:32.000Z,256.11646,256.42346,0
1974-02-04T01:58:34.000Z,256.18647,256.49347,0
1974-02-04T02:56:27.000Z,256.14649,256.45349,0
1974-02-04T03:54:29.000Z,256.11646,256.42346,0
1974-02-04T04:52:22.000Z,256.11646,256.42346,0
1974-02-04T05:50:24.000Z,256.11646,256.42346,0
1974-02-04T06:48:17.000Z,256.07648,256.38348,0
1974-02-04T07:46:19.000Z,256.1565,256.4635,0
1974-02-04T08:44:20.000Z,256.1565,256.4635,0
1974-02-04T09:42:14.000Z,256.11646,256.42346,0
1974-02-04T10:40:15.000Z,256.14599,256.45399,0
1974-02-04T11:38:09.000Z,256.10645,256.41345,0
1974-02-04T12:36:10.000Z,256.08649,256.39349,0
1974-02-04T13:34:04.000Z,256.1565,256.4635,0
1974-02-04T14:32:05.000Z,256.18647,256.49347,0
1974-02-04T15:29:59.000Z,256.18647,256.49347,0
1974-02-04T16:20:46.000Z,256.14649,256.45349,0
1974-02-04T17:18:40.000Z,256.1565,256.4635,0
1974-02-04T18:16:41.000Z,256.18647,256.49347,0
1974-02-04T19:14:35.000Z,256.18597,256.49397,0
1974-02-04T20:12:36.000Z,256.07648,256.38348,0
1974-02-04T21:10:30.000Z,256.156,256.464,0
1974-02-04T22:01:17.000Z,256.11646,256.42346,0
1974-02-04T22:59:11.000Z,256.11646,256.42346,0
1974-02-04T23:57:12.000Z,256.14649,256.45349,0
1974-02-05T00:55:14.000Z,256.14649,256.45349,0
1974-02-05T01:53:07.000Z,256.18647,256.49347,0
1974-02-05T02:58:23.000Z,256.11646,256.42346,0
1974-02-05T03:56:16.000Z,256.14649,256.45349,0
1974-02-05T04:54:18.000Z,256.11646,256.42346,0
1974-02-05T05:52:11.000Z,256.11646,256.42346,0
1974-02-05T06:50:13.000Z,256.14649,256.45349,0
1974-02-05T07:48:06.000Z,256.14649,256.45349,0
1974-02-05T08:46:08.000Z,256.07648,256.38348,0
1974-02-05T09:44:01.000Z,256.1565,256.4635,0
1974-02-05T10:42:03.000Z,256.11646,256.42346,0
1974-02-05T11:40:05.000Z,256.08649,256.39349,0
1974-02-05T12:37:58.000Z,256.11646,256.42346,0
1974-02-05T13:36:00.000Z,256.19648,256.50348,0
1974-02-05T14:33:53.000Z,256.11646,256.42346,0
1974-02-05T15:31:55.000Z,256.11646,256.42346,0
1974-02-05T16:29:48.000Z,256.1565,256.4635,0
1974-02-05T17:20:35.000Z,256.11646,256.42346,0
1974-02-05T17:42:18.000Z,256.1565,256.4635,0
1974-02-05T17:56:46.000Z,256.11646,256.42346,0
1974-02-05T18:11:15.000Z,256.11646,256.42346,0
1974-02-05T19:09:16.000Z,256.11646,256.42346,0
1974-02-05T20:07:10.000Z,256.08649,256.39349,0
1974-02-05T21:05:11.000Z,256.08649,256.39349,0
1974-02-05T22:03:05.000Z,256.14649,256.45349,0
1974-02-05T23:01:06.000Z,256.19648,256.50348,0
1974-02-05T23:59:00.000Z,256.11646,256.42346,0
1974-02-06T00:57:01.000Z,256.08649,256.39349,0
1974-02-06T01:54:55.000Z,256.12647,256.43347,0
1974-02-06T02:52:56.000Z,256.08649,256.39349,0
1974-02-06T03:50:50.000Z,256.08649,256.39349,0
1974-02-06T04:48:51.000Z,256.08649,256.39349,0
1974-02-06T05:46:53.000Z,256.12647,256.43347,0
1974-02-06T06:44:46.000Z,256.12647,256.43347,0
1974-02-06T07:42:48.000Z,256.12647,256.43347,0
1974-02-06T08:40:41.000Z,256.13648,256.44348,0
1974-02-06T09:38:43.000Z,256.12647,256.43347,0
1974-02-06T10:00:25.000Z,256.12647,256.43347,0
1974-02-06T10:22:08.000Z,256.12647,256.43347,0
1974-02-06T11:20:10.000Z,256.1565,256.4635,0
1974-02-06T12:18:03.000Z,256.12647,256.43347,0
1974-02-06T13:23:19.000Z,256.11646,256.42346,0
1974-02-06T14:21:04.000Z,256.11646,256.42346,0
1974-02-06T15:20:44.000Z,256.11646,256.42346,0
1974-02-06T16:18:29.000Z,256.1565,256.4635,0
1974-02-06T17:16:22.000Z,256.11646,256.42346,0
1974-02-06T18:14:08.000Z,256.11646,256.42346,0
1974-02-06T18:58:22.000Z,256.11646,256.42346,0
1974-02-06T19:49:09.000Z,256.1565,256.4635,0
1974-02-06T20:47:03.000Z,256.1565,256.4635,0
1974-02-06T21:45:04.000Z,256.1565,256.4635,0
1974-02-06T22:42:58.000Z,256.1565,256.4635,0
1974-02-06T23:40:59.000Z,256.1565,256.4635,0
1974-02-07T00:38:53.000Z,256.08649,256.39349,0
1974-02-07T01:36:54.000Z,256.08649,256.39349,0
1974-02-07T02:34:48.000Z,256.12647,256.43347,0
1974-02-07T03:32:49.000Z,256.1565,256.4635,0
1974-02-07T04:30:43.000Z,256.12647,256.43347,0
1974-02-07T05:28:44.000Z,256.1565,256.4635,0
1974-02-07T06:26:38.000Z,256.1565,256.4635,0
1974-02-07T07:24:39.000Z,256.1565,256.4635,0
1974-02-07T08:08:04.000Z,256.11646,256.42346,0
1974-02-07T08:15:27.000Z,256.14649,256.45349,0
1974-02-07T09:13:20.000Z,256.11646,256.42346,0
1974-02-07T10:11:22.000Z,256.11646,256.42346,0
1974-02-07T11:09:15.000Z,256.1565,256.4635,0
1974-02-07T11:38:12.000Z,256.11646,256.42346,0
1974-02-07T12:36:14.000Z,256.11646,256.42346,0
1974-02-07T13:34:07.000Z,256.1565,256.4635,0
1974-02-07T14:32:09.000Z,256.11646,256.42346,0
1974-02-07T15:30:10.000Z,256.11646,256.42346,0
1974-02-07T16:28:04.000Z,256.11646,256.42346,0
1974-02-07T17:26:05.000Z,256.08649,256.39349,0
1974-02-07T18:23:59.000Z,256.12647,256.43347,0
1974-02-07T19:22:00.000Z,256.11646,256.42346,0
1974-02-07T20:12:39.000Z,256.11646,256.42346,0
1974-02-07T21:10:41.000Z,256.11646,256.42346,0
1974-02-07T22:08:34.000Z,256.08649,256.39349,0
1974-02-07T23:06:36.000Z,256.11646,256.42346,0
1974-02-08T00:04:29.000Z,256.08649,256.39349,0
1974-02-08T01:02:31.000Z,256.08649,256.39349,0
1974-02-08T02:00:24.000Z,256.07648,256.38348,0
1974-02-08T02:58:26.000Z,256.11646,256.42346,0
1974-02-08T03:56:19.000Z,256.11646,256.42346,0
1974-02-08T04:54:21.000Z,256.11646,256.42346,0
1974-02-08T05:52:14.000Z,256.08649,256.39349,0
1974-02-08T06:43:02.000Z,256.11646,256.42346,0
1974-02-08T07:40:55.000Z,256.07648,256.38348,0
1974-02-08T08:31:43.000Z,256.11646,256.42346,0
1974-02-08T09:00:39.000Z,256.11646,256.42346,0
1974-02-08T09:36:58.000Z,256.11646,256.42346,0
1974-02-08T10:34:52.000Z,256.11646,256.42346,0
1974-02-08T11:32:53.000Z,256.11646,256.42346,0
1974-02-08T12:30:47.000Z,256.10645,256.41345,0
1974-02-08T13:28:48.000Z,256.11646,256.42346,0
1974-02-08T14:26:42.000Z,256.07648,256.38348,0
1974-02-08T15:39:12.000Z,256.14649,256.45349,0
1974-02-08T16:00:54.000Z,256.14649,256.45349,0
1974-02-08T16:58:56.000Z,256.11646,256.42346,0
1974-02-08T18:24:00.000Z,256.04645,256.35345,0
1974-02-08T19:22:01.000Z,256.14649,256.45349,0
1974-02-08T20:19:55.000Z,256.04645,256.35345,0
1974-02-08T21:17:56.000Z,256.11646,256.42346,0
1974-02-08T22:15:50.000Z,256.11646,256.42346,0
1974-02-08T23:13:51.000Z,256.07698,256.38298,0
1974-02-09T00:11:45.000Z,256.07648,256.38348,0
1974-02-09T01:09:46.000Z,256.11646,256.42346,0
1974-02-09T02:07:40.000Z,256.07698,256.38298,0
1974-02-09T02:58:27.000Z,256.11646,256.42346,0
1974-02-09T04:03:35.000Z,256.07648,256.38348,0
1974-02-09T05:01:36.000Z,256.07698,256.38298,0
1974-02-09T05:59:30.000Z,256.07648,256.38348,0
1974-02-09T06:57:31.000Z,256.04645,256.35345,0
1974-02-09T07:55:33.000Z,256.07648,256.38348,0
1974-02-09T08:53:26.000Z,256.10695,256.41295,0
1974-02-09T09:51:28.000Z,256.04645,256.35345,0
1974-02-09T10:49:21.000Z,256.10645,256.41345,0
1974-02-09T11:47:23.000Z,256.10645,256.41345,0
1974-02-09T12:45:16.000Z,256.07648,256.38348,0
1974-02-09T13:43:18.000Z,256.10645,256.41345,0
1974-02-09T14:41:11.000Z,256.10645,256.41345,0
1974-02-09T15:46:27.000Z,256.07648,256.38348,0
1974-02-09T16:44:20.000Z,256.07698,256.38298,0
1974-02-09T17:42:22.000Z,256.10695,256.41295,0
1974-02-09T18:40:15.000Z,256.10695,256.41295,0
1974-02-09T19:38:17.000Z,256.10695,256.41295,0
1974-02-09T20:36:10.000Z,256.10695,256.41295,0
1974-02-09T20:58:01.000Z,256.10695,256.41295,0
1974-02-09T21:55:55.000Z,256.10645,256.41345,0
1974-02-09T22:53:56.000Z,256.10645,256.41345,0
1974-02-09T23:51:50.000Z,256.10645,256.41345,0
1974-02-10T00:28:09.000Z,256.10695,256.41295,0
1974-02-10T01:26:02.000Z,256.10695,256.41295,0
1974-02-10T02:24:04.000Z,256.07648,256.38348,0
1974-02-10T03:21:57.000Z,256.10645,256.41345,0
1974-02-10T04:19:59.000Z,256.13698,256.44298,0
1974-02-10T05:17:52.000Z,256.07648,256.38348,0
1974-02-10T06:15:54.000Z,256.10645,256.41345,0
1974-02-10T06:30:22.000Z,256.07648,256.38348,0
1974-02-10T07:28:15.000Z,256.07648,256.38348,0
1974-02-10T08:19:03.000Z,256.10645,256.41345,0
1974-02-10T08:48:00.000Z,256.10645,256.41345,0
1974-02-10T09:16:56.000Z,256.07698,256.38298,0
1974-02-10T09:31:33.000Z,256.07698,256.38298,0
1974-02-10T11:41:56.000Z,256.07648,256.38348,0
1974-02-10T11:56:25.000Z,256.07648,256.38348,0
1974-02-10T12:10:53.000Z,256.07698,256.38298,0
1974-02-10T13:08:46.000Z,256.07648,256.38348,0
1974-02-10T14:06:48.000Z,256.07698,256.38298,0
1974-02-10T15:04:49.000Z,256.07698,256.38298,0
1974-02-10T16:02:43.000Z,256.07648,256.38348,0
1974-02-10T17:00:44.000Z,256.10645,256.41345,0
1974-02-10T17:58:38.000Z,256.10645,256.41345,0
1974-02-10T18:56:39.000Z,256.10645,256.41345,0
1974-02-10T19:54:33.000Z,256.10695,256.41295,0
1974-02-10T20:52:35.000Z,256.10645,256.41345,0
1974-02-10T21:50:28.000Z,256.07698,256.38298,0
1974-02-10T22:48:30.000Z,256.07648,256.38348,0
1974-02-10T23:46:23.000Z,256.10645,256.41345,0
1974-02-11T00:44:25.000Z,256.10645,256.41345,0
1974-02-11T01:42:18.000Z,256.13648,256.44348,0
1974-02-11T02:40:20.000Z,256.10645,256.41345,0
1974-02-11T03:38:13.000Z,256.10645,256.41345,0
1974-02-11T04:36:15.000Z,256.13648,256.44348,0
1974-02-11T05:34:08.000Z,256.07648,256.38348,0
1974-02-11T06:32:10.000Z,256.10645,256.41345,0
1974-02-11T07:30:03.000Z,256.10645,256.41345,0
1974-02-11T08:28:05.000Z,256.06647,256.37347,0
1974-02-11T09:26:06.000Z,256.0965,256.4035,0
1974-02-11T10:24:00.000Z,256.097,256.403,0
1974-02-11T10:52:56.000Z,256.06647,256.37347,0
1974-02-11T11:50:58.000Z,256.12647,256.43347,0
1974-02-11T12:34:23.000Z,256.08649,256.39349,0
1974-02-11T13:32:25.000Z,256.05646,256.36346,0
1974-02-11T14:30:18.000Z,256.08649,256.39349,0
1974-02-11T15:28:20.000Z,256.08649,256.39349,0
1974-02-11T16:39:52.000Z,256.12647,256.43347,0
1974-02-11T17:37:46.000Z,256.08649,256.39349,0
1974-02-11T18:35:47.000Z,256.10645,256.41345,0
1974-02-11T19:33:32.000Z,256.10645,256.41345,0
1974-02-11T20:31:18.000Z,256.10645,256.41345,0
1974-02-11T20:52:52.000Z,256.06647,256.37347,0
1974-02-11T21:07:53.000Z,256.12647,256.43347,0
1974-02-11T22:05:55.000Z,256.03644,256.34344,0
1974-02-11T23:03:48.000Z,256.0965,256.4035,0
1974-02-12T00:01:50.000Z,256.08649,256.39349,0
1974-02-12T00:59:43.000Z,256.11646,256.42346,0
1974-02-12T01:57:45.000Z,256.10645,256.41345,0
1974-02-12T02:55:38.000Z,256.0965,256.4035,0
1974-02-12T03:53:40.000Z,256.0965,256.4035,0
1974-02-12T04:22:36.000Z,256.12647,256.43347,0
1974-02-12T05:20:38.000Z,256.0965,256.4035,0
1974-02-12T06:18:31.000Z,256.11646,256.42346,0
1974-02-12T07:16:33.000Z,256.07648,256.38348,0
1974-02-12T08:07:12.000Z,256.08649,256.39349,0
1974-02-12T09:05:14.000Z,256.11646,256.42346,0
1974-02-12T10:03:07.000Z,256.11646,256.42346,0
1974-02-12T11:01:09.000Z,256.08649,256.39349,0
1974-02-12T11:59:02.000Z,256.08649,256.39349,0
1974-02-12T12:57:04.000Z,256.08649,256.39349,0
1974-02-12T13:54:57.000Z,256.11646,256.42346,0
1974-02-12T14:52:59.000Z,256.11646,256.42346,0
1974-02-12T15:36:24.000Z,256.10645,256.41345,0
1974-02-12T16:27:11.000Z,256.07648,256.38348,0
1974-02-12T17:25:05.000Z,256.14649,256.45349,0
1974-02-12T18:15:52.000Z,256.10645,256.41345,0
1974-02-12T19:06:31.000Z,256.07648,256.38348,0
1974-02-12T20:04:33.000Z,256.10645,256.41345,0
1974-02-12T21:02:26.000Z,256.10645,256.41345,0
1974-02-12T22:00:28.000Z,256.06647,256.37347,0
1974-02-12T22:58:21.000Z,256.0965,256.4035,0
1974-02-12T23:56:23.000Z,256.10645,256.41345,0
1974-02-13T00:54:16.000Z,256.0965,256.4035,0
1974-02-13T01:52:18.000Z,256.0965,256.4035,0
1974-02-13T02:42:57.000Z,256.12647,256.43347,0
1974-02-13T02:57:26.000Z,256.12647,256.43347,0
1974-02-13T03:55:27.000Z,256.12647,256.43347,0
1974-02-13T04:53:29.000Z,256.08649,256.39349,0
1974-02-13T05:51:22.000Z,256.08649,256.39349,0
1974-02-13T06:49:24.000Z,256.07648,256.38348,0
1974-02-13T07:47:17.000Z,256.08699,256.39299,0
1974-02-13T08:45:19.000Z,256.08649,256.39349,0
1974-02-13T09:07:01.000Z,256.11646,256.42346,0
1974-02-13T10:04:55.000Z,256.11646,256.42346,0
1974-02-13T11:02:56.000Z,256.11646,256.42346,0
1974-02-13T12:00:50.000Z,256.07648,256.38348,0
1974-02-13T12:58:51.000Z,256.11646,256.42346,0
1974-02-13T13:56:45.000Z,256.04645,256.35345,0
1974-02-13T15:29:11.000Z,256.07648,256.38348,0
1974-02-13T16:27:12.000Z,256.07648,256.38348,0
1974-02-13T17:25:06.000Z,256.07648,256.38348,0
1974-02-13T18:23:07.000Z,256.10645,256.41345,0
1974-02-13T19:21:01.000Z,256.10645,256.41345,0
1974-02-13T20:19:02.000Z,256.07648,256.38348,0
1974-02-13T21:16:56.000Z,256.10645,256.41345,0
1974-02-13T22:14:57.000Z,256.10645,256.41345,0
1974-02-13T23:12:51.000Z,256.10645,256.41345,0
1974-02-14T00:10:36.000Z,256.0965,256.4035,0
1974-02-14T00:17:50.000Z,256.10645,256.41345,0
1974-02-14T00:25:21.000Z,256.07648,256.38348,0
1974-02-14T01:23:14.000Z,256.10645,256.41345,0
1974-02-14T02:21:16.000Z,256.10645,256.41345,0
1974-02-14T03:11:55.000Z,256.07648,256.38348,0
1974-02-14T04:09:57.000Z,256.07648,256.38348,0
1974-02-14T05:07:50.000Z,256.10645,256.41345,0
1974-02-14T06:05:52.000Z,256.07648,256.38348,0
1974-02-14T07:03:45.000Z,256.07648,256.38348,0
1974-02-14T08:01:47.000Z,256.07648,256.38348,0
1974-02-14T08:59:48.000Z,256.0965,256.4035,0
1974-02-14T09:57:42.000Z,256.0965,256.4035,0
1974-02-14T10:04:56.000Z,256.07648,256.38348,0
1974-02-14T10:26:38.000Z,256.12647,256.43347,0
1974-02-14T11:24:40.000Z,256.06647,256.37347,0
1974-02-14T12:22:33.000Z,256.0965,256.4035,0
1974-02-14T13:13:21.000Z,256.12647,256.43347,0
1974-02-14T13:35:03.000Z,256.0965,256.4035,0
1974-02-14T14:33:05.000Z,256.0965,256.4035,0
1974-02-14T15:30:58.000Z,256.12697,256.43297,0
1974-02-14T16:29:00.000Z,256.0965,256.4035,0
1974-02-14T17:26:53.000Z,256.0965,256.4035,0
1974-02-14T18:32:09.000Z,256.0965,256.4035,0
1974-02-14T19:30:02.000Z,256.12647,256.43347,0
1974-02-14T20:28:04.000Z,256.06647,256.37347,0
1974-02-14T21:25:57.000Z,256.06647,256.37347,0
1974-02-14T22:23:59.000Z,256.0965,256.4035,0
1974-02-14T23:21:52.000Z,256.0965,256.4035,0
1974-02-15T00:19:54.000Z,256.0965,256.4035,0
1974-02-15T01:17:47.000Z,256.12647,256.43347,0
1974-02-15T02:15:49.000Z,256.0965,256.4035,0
1974-02-15T03:13:42.000Z,256.05646,256.36346,0
1974-02-15T04:11:44.000Z,256.0965,256.4035,0
1974-02-15T05:09:37.000Z,256.0965,256.4035,0
1974-02-15T06:07:39.000Z,256.0965,256.4035,0
1974-02-15T07:05:41.000Z,256.0965,256.4035,0
1974-02-15T08:03:34.000Z,256.0965,256.4035,0
1974-02-15T09:01:36.000Z,256.0965,256.4035,0
1974-02-15T09:59:29.000Z,256.12647,256.43347,0
1974-02-15T10:57:31.000Z,256.0965,256.4035,0
1974-02-15T11:55:24.000Z,256.0965,256.4035,0
1974-02-15T12:53:26.000Z,256.05646,256.36346,0
1974-02-15T13:51:19.000Z,256.08649,256.39349,0
1974-02-15T15:21:01.000Z,256.11646,256.42346,0
1974-02-15T16:18:55.000Z,256.1565,256.4635,0
1974-02-15T17:16:56.000Z,256.08649,256.39349,0
1974-02-15T18:14:50.000Z,256.097,256.403,0
1974-02-15T19:12:51.000Z,256.12647,256.43347,0
1974-02-15T20:10:45.000Z,256.1565,256.4635,0
1974-02-15T21:08:46.000Z,256.11646,256.42346,0
1974-02-15T22:06:48.000Z,256.11646,256.42346,0
1974-02-15T23:04:41.000Z,256.08649,256.39349,0
1974-02-16T00:02:43.000Z,256.11696,256.42296,0
1974-02-16T01:00:36.000Z,256.0965,256.4035,0
1974-02-16T01:58:38.000Z,256.11646,256.42346,0
1974-02-16T02:56:31.000Z,256.11646,256.42346,0
1974-02-16T03:54:33.000Z,256.11646,256.42346,0
1974-02-16T04:09:01.000Z,256.08649,256.39349,0
1974-02-16T05:06:55.000Z,256.12647,256.43347,0
1974-02-16T06:04:56.000Z,256.11646,256.42346,0
1974-02-16T07:02:50.000Z,256.08649,256.39349,0
1974-02-16T08:00:51.000Z,256.08649,256.39349,0
1974-02-16T08:58:45.000Z,256.11646,256.42346,0
1974-02-16T09:56:46.000Z,256.12647,256.43347,0
1974-02-16T10:54:40.000Z,256.12647,256.43347,0
1974-02-16T12:07:10.000Z,256.11646,256.42346,0
1974-02-16T13:05:11.000Z,256.11646,256.42346,0
1974-02-16T14:03:05.000Z,256.11646,256.42346,0
1974-02-16T15:01:06.000Z,256.07648,256.38348,0
1974-02-16T15:59:00.000Z,256.11646,256.42346,0
1974-02-16T16:57:01.000Z,256.11646,256.42346,0
1974-02-16T17:54:55.000Z,256.11696,256.42296,0
1974-02-16T18:52:56.000Z,256.11696,256.42296,0
1974-02-16T19:50:50.000Z,256.11646,256.42346,0
1974-02-16T20:48:51.000Z,256.07648,256.38348,0
1974-02-16T21:46:45.000Z,256.07648,256.38348,0
1974-02-16T22:37:32.000Z,256.07648,256.38348,0
1974-02-16T23:35:26.000Z,256.11646,256.42346,0
1974-02-17T00:33:27.000Z,256.11646,256.42346,0
1974-02-17T01:31:21.000Z,256.07648,256.38348,0
1974-02-17T02:29:22.000Z,256.11646,256.42346,0
1974-02-17T02:58:19.000Z,256.07648,256.38348,0
1974-02-17T05:52:15.000Z,256.11646,256.42346,0
1974-02-17T06:50:09.000Z,256.11646,256.42346,0
1974-02-17T07:48:10.000Z,256.11646,256.42346,0
1974-02-17T08:46:04.000Z,256.07648,256.38348,0
1974-02-17T09:44:05.000Z,256.07648,256.38348,0
1974-02-17T10:41:59.000Z,256.07698,256.38298,0
1974-02-17T11:40:00.000Z,256.14649,256.45349,0
1974-02-17T12:37:54.000Z,256.10645,256.41345,0
1974-02-17T13:35:55.000Z,256.11646,256.42346,0
1974-02-17T13:50:24.000Z,256.07698,256.38298,0
1974-02-17T14:48:25.000Z,256.11646,256.42346,0
1974-02-17T15:24:36.000Z,256.07698,256.38298,0
1974-02-17T16:22:30.000Z,256.10645,256.41345,0
1974-02-17T17:20:31.000Z,256.10695,256.41295,0
1974-02-17T18:18:33.000Z,256.10645,256.41345,0
1974-02-17T19:16:26.000Z,256.06647,256.37347,0
1974-02-17T20:14:28.000Z,256.06647,256.37347,0
1974-02-17T21:12:21.000Z,256.07698,256.38298,0
1974-02-17T22:10:23.000Z,256.10645,256.41345,0
1974-02-17T23:08:16.000Z,256.03694,256.34294,0
1974-02-18T00:06:18.000Z,256.10645,256.41345,0
1974-02-18T01:04:11.000Z,256.14649,256.45349,0
1974-02-18T02:02:13.000Z,256.11646,256.42346,0
1974-02-18T03:00:06.000Z,256.07648,256.38348,0
1974-02-18T03:58:08.000Z,256.11646,256.42346,0
1974-02-18T04:56:01.000Z,256.06647,256.37347,0
1974-02-18T05:54:03.000Z,256.0965,256.4035,0
1974-02-18T06:51:56.000Z,256.10645,256.41345,0
1974-02-18T07:49:58.000Z,256.11646,256.42346,0
1974-02-18T08:47:51.000Z,256.0965,256.4035,0
1974-02-18T09:45:53.000Z,256.0965,256.4035,0
1974-02-18T10:43:46.000Z,256.13648,256.44348,0
1974-02-18T11:41:48.000Z,256.13648,256.44348,0
1974-02-18T12:39:41.000Z,256.10645,256.41345,0
1974-02-18T13:37:43.000Z,256.0965,256.4035,0
1974-02-18T14:24:49.000Z,256.07648,256.38348,0
1974-02-18T15:08:14.000Z,256.11696,256.42296,0
1974-02-18T16:06:16.000Z,256.11696,256.42296,0
1974-02-18T17:04:09.000Z,256.11646,256.42346,0
1974-02-18T18:02:11.000Z,256.11646,256.42346,0
1974-02-18T19:00:04.000Z,256.11696,256.42296,0
1974-02-18T19:58:06.000Z,256.06647,256.37347,0
1974-02-18T20:55:59.000Z,256.14649,256.45349,0
1974-02-18T21:54:01.000Z,256.11646,256.42346,0
1974-02-18T22:51:54.000Z,256.06647,256.37347,0
1974-02-18T23:49:56.000Z,256.13648,256.44348,0
1974-02-19T00:47:58.000Z,256.03694,256.34294,0
1974-02-19T01:45:51.000Z,256.13648,256.44348,0
1974-02-19T02:43:53.000Z,256.0965,256.4035,0
1974-02-19T03:41:46.000Z,256.06647,256.37347,0
1974-02-19T04:39:48.000Z,256.10695,256.41295,0
1974-02-19T05:37:41.000Z,256.10645,256.41345,0
1974-02-19T06:35:43.000Z,256.097,256.403,0
1974-02-19T07:26:22.000Z,256.0965,256.4035,0
1974-02-19T08:24:23.000Z,256.0965,256.4035,0
1974-02-19T09:22:17.000Z,256.0965,256.4035,0
1974-02-19T10:20:18.000Z,256.097,256.403,0
1974-02-19T11:18:12.000Z,256.097,256.403,0
1974-02-19T12:16:13.000Z,256.0965,256.4035,0
1974-02-19T13:14:07.000Z,256.0965,256.4035,0
1974-02-19T14:12:08.000Z,256.097,256.403,0
1974-02-19T15:10:02.000Z,256.06697,256.37297,0
1974-02-19T16:08:03.000Z,256.097,256.403,0
1974-02-19T17:05:57.000Z,256.097,256.403,0
1974-02-19T18:03:58.000Z,256.097,256.403,0
1974-02-19T19:01:52.000Z,256.0965,256.4035,0
1974-02-19T19:59:53.000Z,256.0965,256.4035,0
1974-02-19T20:57:47.000Z,256.097,256.403,0
1974-02-19T21:55:48.000Z,256.0965,256.4035,0
1974-02-19T22:53:50.000Z,256.097,256.403,0
1974-02-19T23:51:43.000Z,256.12697,256.43297,0
1974-02-20T00:49:45.000Z,256.13698,256.44298,0
1974-02-20T01:47:38.000Z,256.097,256.403,0
1974-02-20T02:45:40.000Z,256.12647,256.43347,0
1974-02-20T03:43:33.000Z,256.097,256.403,0
1974-02-20T04:41:35.000Z,256.097,256.403,0
1974-02-20T05:39:28.000Z,256.1565,256.4635,0
1974-02-20T06:37:30.000Z,256.097,256.403,0
1974-02-20T07:35:23.000Z,256.097,256.403,0
1974-02-20T08:33:25.000Z,256.097,256.403,0
1974-02-20T09:31:18.000Z,256.097,256.403,0
1974-02-20T10:29:20.000Z,256.11696,256.42296,0
1974-02-20T11:27:13.000Z,256.11696,256.42296,0
1974-02-20T12:25:15.000Z,256.05696,256.36296,0
1974-02-20T13:23:08.000Z,256.097,256.403,0
1974-02-20T14:21:10.000Z,256.1565,256.4635,0
1974-02-20T15:20:01.000Z,256.08699,256.39299,0
1974-02-20T16:18:02.000Z,256.12697,256.43297,0
1974-02-20T17:15:56.000Z,256.097,256.403,0
1974-02-20T18:13:57.000Z,256.0965,256.4035,0
1974-02-20T19:11:51.000Z,256.11646,256.42346,0
1974-02-20T20:09:52.000Z,256.08699,256.39299,0
1974-02-20T21:07:46.000Z,256.1565,256.4635,0
1974-02-20T22:05:47.000Z,256.11696,256.42296,0
1974-02-20T23:03:41.000Z,256.08699,256.39299,0
1974-02-21T00:01:42.000Z,256.08649,256.39349,0
1974-02-21T00:59:36.000Z,256.08649,256.39349,0
1974-02-21T01:57:37.000Z,256.157,256.463,0
1974-02-21T02:55:31.000Z,256.08699,256.39299,0
1974-02-21T03:53:32.000Z,256.08649,256.39349,0
1974-02-21T04:51:26.000Z,256.1565,256.4635,0
1974-02-21T05:49:27.000Z,256.08649,256.39349,0
1974-02-21T06:47:21.000Z,256.1565,256.4635,0
1974-02-21T07:45:23.000Z,256.157,256.463,0
1974-02-21T08:43:16.000Z,256.08699,256.39299,0
1974-02-21T09:41:18.000Z,256.12697,256.43297,0
1974-02-21T10:39:19.000Z,256.08699,256.39299,0
1974-02-21T11:37:13.000Z,256.1565,256.4635,0
1974-02-21T12:35:14.000Z,256.1565,256.4635,0
1974-02-21T12:49:42.000Z,256.08699,256.39299,0
1974-02-21T13:47:36.000Z,256.08699,256.39299,0
1974-02-21T14:45:37.000Z,256.12697,256.43297,0
1974-02-21T15:43:31.000Z,256.05696,256.36296,0
1974-02-21T16:41:32.000Z,256.11646,256.42346,0
1974-02-21T17:39:26.000Z,256.12697,256.43297,0
1974-02-21T17:53:54.000Z,256.157,256.463,0
1974-02-21T18:51:56.000Z,256.08699,256.39299,0
1974-02-21T19:49:57.000Z,256.1565,256.4635,0
1974-02-21T20:47:51.000Z,256.1565,256.4635,0
1974-02-21T21:45:52.000Z,256.08699,256.39299,0
1974-02-21T22:43:46.000Z,256.08699,256.39299,0
1974-02-21T23:41:47.000Z,256.11696,256.42296,0
1974-02-22T00:39:41.000Z,256.11696,256.42296,0
1974-02-22T01:37:42.000Z,256.11696,256.42296,0
1974-02-22T02:35:36.000Z,256.11696,256.42296,0
1974-02-22T03:33:37.000Z,256.08699,256.39299,0
1974-02-22T04:31:31.000Z,256.12697,256.43297,0
1974-02-22T05:29:32.000Z,256.12647,256.43347,0
1974-02-22T06:20:12.000Z,256.11696,256.42296,0
1974-02-22T07:18:13.000Z,256.11696,256.42296,0
1974-02-22T08:16:07.000Z,256.11696,256.42296,0
1974-02-22T09:14:08.000Z,256.157,256.463,0
1974-02-22T10:12:02.000Z,256.08699,256.39299,0
1974-02-22T11:10:03.000Z,256.08699,256.39299,0
1974-02-22T12:07:57.000Z,256.11696,256.42296,0
1974-02-22T13:05:58.000Z,256.11696,256.42296,0
1974-02-22T14:03:52.000Z,256.08699,256.39299,0
1974-02-22T15:28:06.000Z,256.08699,256.39299,0
1974-02-22T16:26:08.000Z,256.11646,256.42346,0
1974-02-22T17:24:01.000Z,256.08699,256.39299,0
1974-02-22T18:22:03.000Z,256.05696,256.36296,0
1974-02-22T19:19:56.000Z,256.11696,256.42296,0
1974-02-22T20:17:58.000Z,256.11696,256.42296,0
1974-02-22T21:15:51.000Z,256.157,256.463,0
1974-02-22T22:13:53.000Z,256.05696,256.36296,0
1974-02-22T23:11:46.000Z,256.11696,256.42296,0
1974-02-23T00:09:48.000Z,256.08699,256.39299,0
1974-02-23T01:07:49.000Z,256.11696,256.42296,0
1974-02-23T02:05:43.000Z,256.08699,256.39299,0
1974-02-23T02:56:30.000Z,256.08699,256.39299,0
1974-02-23T03:54:24.000Z,256.11696,256.42296,0
1974-02-23T04:52:25.000Z,256.11696,256.42296,0
1974-02-23T05:50:19.000Z,256.08699,256.39299,0
1974-02-23T06:48:20.000Z,256.11696,256.42296,0
1974-02-23T07:46:14.000Z,256.08699,256.39299,0
1974-02-23T08:44:15.000Z,256.11696,256.42296,0
1974-02-23T09:42:09.000Z,256.08699,256.39299,0
1974-02-23T10:40:10.000Z,256.11696,256.42296,0
1974-02-23T11:38:04.000Z,256.11696,256.42296,0
1974-02-23T12:36:05.000Z,256.14699,256.45299,0
1974-02-23T13:33:59.000Z,256.11696,256.42296,0
1974-02-23T14:32:00.000Z,256.08699,256.39299,0
1974-02-23T15:29:54.000Z,256.08699,256.39299,0
1974-02-23T16:27:55.000Z,256.08699,256.39299,0
1974-02-23T17:25:49.000Z,256.08699,256.39299,0
1974-02-23T18:16:36.000Z,256.08699,256.39299,0
1974-02-23T19:14:30.000Z,256.08699,256.39299,0
1974-02-23T19:43:34.000Z,256.11696,256.42296,0
1974-02-23T20:41:28.000Z,256.08699,256.39299,0
1974-02-23T21:39:29.000Z,256.08699,256.39299,0
1974-02-23T22:37:23.000Z,256.08699,256.39299,0
1974-02-23T23:35:24.000Z,256.08699,256.39299,0
1974-02-24T00:33:18.000Z,256.08699,256.39299,0
1974-02-24T01:31:19.000Z,256.08699,256.39299,0
1974-02-24T02:29:13.000Z,256.08699,256.39299,0
1974-02-24T03:27:15.000Z,256.11696,256.42296,0
1974-02-24T04:25:08.000Z,256.08699,256.39299,0
1974-02-24T05:23:10.000Z,256.08699,256.39299,0
1974-02-24T06:21:03.000Z,256.08699,256.39299,0
1974-02-24T07:19:05.000Z,256.08699,256.39299,0
1974-02-24T08:16:58.000Z,256.08699,256.39299,0
1974-02-24T09:15:00.000Z,256.08699,256.39299,0
1974-02-24T10:12:53.000Z,256.08699,256.39299,0
1974-02-24T11:10:55.000Z,256.08699,256.39299,0
1974-02-24T12:08:56.000Z,256.08699,256.39299,0
1974-02-24T13:06:50.000Z,256.08699,256.39299,0
1974-02-24T14:04:51.000Z,256.08699,256.39299,0
1974-02-24T15:02:45.000Z,256.14699,256.45299,0
1974-02-24T16:00:46.000Z,256.08699,256.39299,0
1974-02-24T16:58:40.000Z,256.08699,256.39299,0
1974-02-24T17:56:41.000Z,256.08699,256.39299,0
1974-02-24T18:54:35.000Z,256.08699,256.39299,0
1974-02-24T19:52:36.000Z,256.11696,256.42296,0
1974-02-24T20:50:30.000Z,256.14699,256.45299,0
1974-02-24T21:48:31.000Z,256.11696,256.42296,0
1974-02-24T22:46:25.000Z,256.08699,256.39299,0
1974-02-24T23:44:26.000Z,256.11696,256.42296,0
1974-02-25T00:42:20.000Z,256.08699,256.39299,0
1974-02-25T01:40:21.000Z,256.08699,256.39299,0
1974-02-25T02:38:15.000Z,256.08699,256.39299,0
1974-02-25T03:00:05.000Z,256.08699,256.39299,0
1974-02-25T03:57:59.000Z,256.07698,256.38298,0
1974-02-25T04:56:00.000Z,256.08699,256.39299,0
1974-02-25T05:53:54.000Z,256.11696,256.42296,0
1974-02-25T06:51:55.000Z,256.11696,256.42296,0
1974-02-25T07:49:49.000Z,256.11696,256.42296,0
1974-02-25T08:47:50.000Z,256.08699,256.39299,0
1974-02-25T09:45:44.000Z,256.11696,256.42296,0
1974-02-25T10:43:45.000Z,256.08699,256.39299,0
1974-02-25T11:41:39.000Z,256.11696,256.42296,0
1974-02-25T12:39:40.000Z,256.08699,256.39299,0
1974-02-25T13:37:34.000Z,256.08699,256.39299,0
1974-02-25T15:05:29.000Z,256.11696,256.42296,0
1974-02-25T16:03:23.000Z,256.11696,256.42296,0
1974-02-25T17:01:24.000Z,256.157,256.463,0
1974-02-25T17:59:18.000Z,256.08699,256.39299,0
1974-02-25T18:57:19.000Z,256.11696,256.42296,0
1974-02-25T19:55:13.000Z,256.08699,256.39299,0
1974-02-25T20:38:46.000Z,256.08699,256.39299,0
1974-02-25T21:36:39.000Z,256.11696,256.42296,0
1974-02-25T22:34:41.000Z,256.11696,256.42296,0
1974-02-25T23:32:35.000Z,256.11696,256.42296,0
1974-02-26T00:30:36.000Z,256.08699,256.39299,0
1974-02-26T01:28:30.000Z,256.11696,256.42296,0
1974-02-26T02:26:31.000Z,256.11696,256.42296,0
1974-02-26T03:24:25.000Z,256.08699,256.39299,0
1974-02-26T04:22:26.000Z,256.08699,256.39299,0
1974-02-26T05:20:20.000Z,256.11696,256.42296,0
1974-02-26T06:18:21.000Z,256.11696,256.42296,0
1974-02-26T07:16:23.000Z,256.11696,256.42296,0
1974-02-26T08:14:16.000Z,256.11696,256.42296,0
1974-02-26T09:12:18.000Z,256.11696,256.42296,0
1974-02-26T10:10:11.000Z,256.11696,256.42296,0
1974-02-26T11:08:13.000Z,256.14699,256.45299,0
1974-02-26T12:06:06.000Z,256.08699,256.39299,0
1974-02-26T13:04:08.000Z,256.11696,256.42296,0
1974-02-26T14:02:01.000Z,256.11696,256.42296,0
1974-02-26T15:00:03.000Z,256.07698,256.38298,0
1974-02-26T15:57:56.000Z,256.08699,256.39299,0
1974-02-26T16:55:58.000Z,256.11696,256.42296,0
1974-02-26T17:53:51.000Z,256.07698,256.38298,0
1974-02-26T18:51:53.000Z,256.12697,256.43297,0
1974-02-26T19:49:46.000Z,256.11696,256.42296,0
1974-02-26T20:11:37.000Z,256.08699,256.39299,0
1974-02-26T21:09:30.000Z,256.10695,256.41295,0
1974-02-26T22:07:32.000Z,256.08699,256.39299,0
1974-02-26T23:05:25.000Z,256.097,256.403,0
1974-02-27T00:03:27.000Z,256.10695,256.41295,0
1974-02-27T01:01:20.000Z,256.07698,256.38298,0
1974-02-27T01:59:22.000Z,256.07698,256.38298,0
1974-02-27T02:57:15.000Z,256.07698,256.38298,0
1974-02-27T03:55:17.000Z,256.13698,256.44298,0
1974-02-27T04:53:10.000Z,256.11696,256.42296,0
1974-02-27T05:51:12.000Z,256.08699,256.39299,0
1974-02-27T06:49:05.000Z,256.12697,256.43297,0
1974-02-27T07:47:07.000Z,256.097,256.403,0
1974-02-27T08:45:00.000Z,256.097,256.403,0
1974-02-27T09:43:02.000Z,256.097,256.403,0
1974-02-27T10:40:55.000Z,256.07698,256.38298,0
1974-02-27T11:38:57.000Z,256.06697,256.37297,0
1974-02-27T12:36:50.000Z,256.10695,256.41295,0
1974-02-27T13:34:52.000Z,256.097,256.403,0
1974-02-27T14:32:45.000Z,256.10695,256.41295,0
1974-02-27T15:53:27.000Z,256.06697,256.37297,0
1974-02-27T16:51:20.000Z,256.07698,256.38298,0
1974-02-27T17:49:22.000Z,256.10695,256.41295,0
1974-02-27T18:47:15.000Z,256.10695,256.41295,0
1974-02-27T19:45:17.000Z,256.13698,256.44298,0
1974-02-27T20:43:10.000Z,256.13698,256.44298,0
1974-02-27T21:41:12.000Z,256.10695,256.41295,0
1974-02-27T22:39:13.000Z,256.10695,256.41295,0
1974-02-27T23:37:07.000Z,256.10695,256.41295,0
1974-02-28T00:35:08.000Z,256.10695,256.41295,0
1974-02-28T01:33:02.000Z,256.13698,256.44298,0
1974-02-28T02:31:03.000Z,256.10695,256.41295,0
1974-02-28T03:28:57.000Z,256.10695,256.41295,0
1974-02-28T04:26:59.000Z,256.03694,256.34294,0
1974-02-28T05:24:52.000Z,256.10695,256.41295,0
1974-02-28T06:22:54.000Z,256.10695,256.41295,0
1974-02-28T07:20:47.000Z,256.10695,256.41295,0
1974-02-28T08:18:49.000Z,256.10745,256.41245,0
1974-02-28T09:16:42.000Z,256.10745,256.41245,0
1974-02-28T10:14:44.000Z,256.10695,256.41295,0
1974-02-28T11:12:37.000Z,256.11746,256.42246,0
1974-02-28T12:10:39.000Z,256.07748,256.38248,0
1974-02-28T13:08:32.000Z,256.07748,256.38248,0
1974-02-28T14:06:34.000Z,256.04745,256.35245,0
1974-02-28T15:04:27.000Z,256.04695,256.35295,0
1974-02-28T16:02:29.000Z,256.08749,256.39249,0
1974-02-28T17:00:30.000Z,256.08699,256.39299,0
1974-02-28T17:58:24.000Z,256.10745,256.41245,0
1974-02-28T18:56:25.000Z,256.07698,256.38298,0
1974-02-28T19:54:19.000Z,256.10745,256.41245,0
1974-02-28T20:52:20.000Z,256.07748,256.38248,0
1974-02-28T21:50:14.000Z,256.10695,256.41295,0
1974-02-28T22:48:15.000Z,256.10745,256.41245,0
1974-02-28T23:46:09.000Z,256.10745,256.41245,0
1974-03-01T00:44:10.000Z,256.10695,256.41295,0
1974-03-01T01:42:04.000Z,256.10745,256.41245,0
1974-03-01T02:54:34.000Z,256.10745,256.41245,0
1974-03-01T03:52:27.000Z,256.10745,256.41245,0
1974-03-01T04:50:29.000Z,256.07748,256.38248,0
1974-03-01T05:48:22.000Z,256.07698,256.38298,0
1974-03-01T06:46:24.000Z,256.10745,256.41245,0
1974-03-01T07:44:25.000Z,256.10745,256.41245,0
1974-03-01T08:42:19.000Z,256.07698,256.38298,0
1974-03-01T09:40:20.000Z,256.07748,256.38248,0
1974-03-01T10:38:14.000Z,256.10745,256.41245,0
1974-03-01T11:36:15.000Z,256.07748,256.38248,0
1974-03-01T12:34:09.000Z,256.10745,256.41245,0
1974-03-01T13:32:10.000Z,256.07748,256.38248,0
1974-03-01T14:54:30.000Z,256.10695,256.41295,0
1974-03-01T15:52:32.000Z,256.14749,256.45249,0
1974-03-01T16:50:25.000Z,256.11746,256.42246,0
1974-03-01T17:48:27.000Z,256.10745,256.41245,0
1974-03-01T18:46:20.000Z,256.14699,256.45299,0
1974-03-01T19:44:22.000Z,256.07698,256.38298,0
1974-03-01T20:42:15.000Z,256.14699,256.45299,0
1974-03-01T21:40:17.000Z,256.14699,256.45299,0
1974-03-01T22:30:56.000Z,256.10695,256.41295,0
1974-03-01T23:28:57.000Z,256.11746,256.42246,0
1974-03-02T00:26:59.000Z,256.07748,256.38248,0
1974-03-02T01:24:52.000Z,256.10745,256.41245,0
1974-03-02T02:22:54.000Z,256.11696,256.42296,0
1974-03-02T03:20:47.000Z,256.10695,256.41295,0
1974-03-02T04:18:49.000Z,256.14699,256.45299,0
1974-03-02T05:16:42.000Z,256.10745,256.41245,0
1974-03-02T06:14:44.000Z,256.07748,256.38248,0
1974-03-02T07:12:37.000Z,256.07748,256.38248,0
1974-03-02T08:10:39.000Z,256.07748,256.38248,0
1974-03-02T09:08:32.000Z,256.11746,256.42246,0
1974-03-02T10:06:34.000Z,256.10745,256.41245,0
1974-03-02T10:42:45.000Z,256.07748,256.38248,0
1974-03-02T11:26:18.000Z,256.07698,256.38298,0
1974-03-02T12:24:12.000Z,256.10695,256.41295,0
1974-03-02T13:22:13.000Z,256.07748,256.38248,0
1974-03-02T14:20:07.000Z,256.04745,256.35245,0
1974-03-02T15:18:08.000Z,256.14699,256.45299,0
1974-03-02T16:16:02.000Z,256.14699,256.45299,0
1974-03-02T17:14:03.000Z,256.10745,256.41245,0
1974-03-02T18:11:57.000Z,256.10745,256.41245,0
1974-03-02T19:09:58.000Z,256.07748,256.38248,0
1974-03-02T20:07:52.000Z,256.10745,256.41245,0
1974-03-02T21:05:53.000Z,256.10745,256.41245,0
1974-03-02T21:27:36.000Z,256.10745,256.41245,0
1974-03-02T22:25:37.000Z,256.07698,256.38298,0
1974-03-02T23:23:31.000Z,256.10695,256.41295,0
1974-03-02T23:59:42.000Z,256.13698,256.44298,0
1974-03-03T00:57:43.000Z,256.11696,256.42296,0
1974-03-03T01:55:45.000Z,256.11746,256.42246,0
1974-03-03T02:53:38.000Z,256.10745,256.41245,0
1974-03-03T03:51:40.000Z,256.07748,256.38248,0
1974-03-03T04:49:33.000Z,256.11746,256.42246,0
1974-03-03T05:47:35.000Z,256.14699,256.45299,0
1974-03-03T06:45:28.000Z,256.10745,256.41245,0
1974-03-03T07:43:30.000Z,256.10745,256.41245,0
1974-03-03T08:41:23.000Z,256.10745,256.41245,0
1974-03-03T09:39:25.000Z,256.14749,256.45249,0
1974-03-03T10:37:18.000Z,256.11746,256.42246,0
1974-03-03T11:35:20.000Z,256.11746,256.42246,0
1974-03-03T12:11:31.000Z,256.14749,256.45249,0
1974-03-03T12:25:59.000Z,256.11746,256.42246,0
1974-03-03T12:40:27.000Z,256.14749,256.45249,0
1974-03-03T12:55:04.000Z,256.11696,256.42296,0
1974-03-03T13:09:32.000Z,256.11746,256.42246,0
1974-03-03T13:31:15.000Z,256.07748,256.38248,0
1974-03-03T13:52:57.000Z,256.10745,256.41245,0
1974-03-03T14:50:59.000Z,256.07748,256.38248,0
1974-03-03T15:48:52.000Z,256.1575,256.4625,0
1974-03-03T16:32:26.000Z,256.11746,256.42246,0
1974-03-07T04:35:01.000Z,256.14749,256.45249,0
1974-03-07T05:18:26.000Z,256.18747,256.49247,0
1974-03-07T06:16:19.000Z,256.14749,256.45249,0
1974-03-07T07:14:29.000Z,256.11746,256.42246,0
1974-03-07T08:05:00.000Z,256.14749,256.45249,0
1974-03-07T09:03:10.000Z,256.14749,256.45249,0
1974-03-07T10:01:03.000Z,256.14749,256.45249,0
1974-03-07T10:58:57.000Z,256.14749,256.45249,0
1974-03-07T11:56:50.000Z,256.14749,256.45249,0
1974-03-07T12:55:00.000Z,256.08749,256.39249,0
1974-03-07T13:52:53.000Z,256.1575,256.4625,0
1974-03-07T14:50:47.000Z,256.18747,256.49247,0
1974-03-07T15:48:40.000Z,256.11746,256.42246,0
1974-03-07T16:46:50.000Z,256.12747,256.43247,0
1974-03-07T17:44:43.000Z,256.1575,256.4625,0
1974-03-07T18:42:37.000Z,256.1575,256.4625,0
1974-03-07T19:33:24.000Z,256.1575,256.4625,0
1974-03-07T19:47:53.000Z,256.08799,256.39199,0
1974-03-07T20:24:12.000Z,256.1575,256.4625,0
1974-03-07T21:22:05.000Z,256.11746,256.42246,0
1974-03-07T22:19:58.000Z,256.18847,256.49147,0
1974-03-07T23:18:08.000Z,256.11746,256.42246,0
1974-03-08T00:16:02.000Z,256.1575,256.4625,0
1974-03-08T00:37:36.000Z,256.1575,256.4625,0
1974-03-08T01:35:46.000Z,256.17746,256.48246,0
1974-03-08T02:33:39.000Z,256.10745,256.41245,0
1974-03-08T03:31:33.000Z,256.14749,256.45249,0
1974-03-08T04:29:42.000Z,256.07748,256.38248,0
1974-03-08T05:27:36.000Z,256.1575,256.4625,0
1974-03-08T06:25:29.000Z,256.10745,256.41245,0
1974-03-08T07:23:23.000Z,256.10745,256.41245,0
1974-03-08T07:52:19.000Z,256.10745,256.41245,0
1974-03-08T08:07:04.000Z,256.10745,256.41245,0
1974-03-08T09:04:57.000Z,256.14749,256.45249,0
1974-03-08T09:19:26.000Z,256.10745,256.41245,0
1974-03-08T10:17:19.000Z,256.07748,256.38248,0
1974-03-08T11:15:13.000Z,256.18747,256.49247,0
1974-03-08T12:13:22.000Z,256.10795,256.41195,0
1974-03-08T13:11:16.000Z,256.14749,256.45249,0
1974-03-08T14:09:09.000Z,256.14749,256.45249,0
1974-03-08T15:12:30.000Z,256.10795,256.41195,0
1974-03-08T16:10:40.000Z,256.10795,256.41195,0
1974-03-08T17:08:33.000Z,256.14749,256.45249,0
1974-03-08T18:06:27.000Z,256.10795,256.41195,0
1974-03-08T19:04:20.000Z,256.14749,256.45249,0
1974-03-08T20:02:30.000Z,256.10795,256.41195,0
1974-03-08T21:00:23.000Z,256.10745,256.41245,0
1974-03-08T21:58:17.000Z,256.10745,256.41245,0
1974-03-08T22:56:10.000Z,256.10745,256.41245,0
1974-03-08T23:54:20.000Z,256.07798,256.38198,0
1974-03-09T00:52:14.000Z,256.10795,256.41195,0
1974-03-09T01:21:10.000Z,256.10795,256.41195,0
1974-03-09T01:50:07.000Z,256.13748,256.44248,0
1974-03-09T02:40:54.000Z,256.11796,256.42196,0
1974-03-09T02:55:23.000Z,256.10745,256.41245,0
1974-03-09T03:53:16.000Z,256.14749,256.45249,0
1974-03-09T04:51:26.000Z,256.14749,256.45249,0
1974-03-09T05:49:19.000Z,256.10795,256.41195,0
1974-03-09T06:47:13.000Z,256.1575,256.4625,0
1974-03-09T07:45:06.000Z,256.11796,256.42196,0
1974-03-09T08:43:16.000Z,256.11796,256.42196,0
1974-03-09T09:19:19.000Z,256.07748,256.38248,0
1974-03-09T09:55:38.000Z,256.14749,256.45249,0
1974-03-09T11:29:50.000Z,256.14749,256.45249,0
1974-03-09T12:06:09.000Z,256.14749,256.45249,0
1974-03-09T13:04:03.000Z,256.14749,256.45249,0
1974-03-09T13:54:50.000Z,256.10795,256.41195,0
1974-03-09T14:52:43.000Z,256.11796,256.42196,0
1974-03-09T15:50:37.000Z,256.10795,256.41195,0
1974-03-09T16:48:30.000Z,256.10795,256.41195,0
1974-03-09T17:46:40.000Z,256.14749,256.45249,0
1974-03-09T18:44:33.000Z,256.13798,256.44198,0
1974-03-09T19:42:27.000Z,256.07798,256.38198,0
1974-03-09T20:40:37.000Z,256.10745,256.41245,0
1974-03-09T21:24:02.000Z,256.10795,256.41195,0
1974-03-09T22:00:04.000Z,256.10795,256.41195,0
1974-03-09T22:43:46.000Z,256.14799,256.45199,0
1974-03-09T23:12:43.000Z,256.10795,256.41195,0
1974-03-09T23:41:39.000Z,256.07798,256.38198,0
1974-03-10T00:17:58.000Z,256.10745,256.41245,0
1974-03-10T00:54:01.000Z,256.14799,256.45199,0
1974-03-10T01:51:54.000Z,256.14749,256.45249,0
1974-03-10T02:50:04.000Z,256.07798,256.38198,0
1974-03-10T03:47:58.000Z,256.10795,256.41195,0
1974-03-10T04:45:51.000Z,256.10745,256.41245,0
1974-03-10T05:44:01.000Z,256.10795,256.41195,0
1974-03-10T06:41:54.000Z,256.07798,256.38198,0
1974-03-10T07:39:48.000Z,256.11746,256.42246,0
1974-03-10T08:37:41.000Z,256.07748,256.38248,0
1974-03-10T09:42:57.000Z,256.07798,256.38198,0
1974-03-10T09:50:19.000Z,256.11796,256.42196,0
1974-03-10T10:55:19.000Z,256.10795,256.41195,0
1974-03-10T11:24:32.000Z,256.04795,256.35195,0
1974-03-10T12:22:25.000Z,256.07798,256.38198,0
1974-03-10T13:20:19.000Z,256.07798,256.38198,0
1974-03-10T14:18:12.000Z,256.07798,256.38198,0
1974-03-10T15:16:22.000Z,256.07798,256.38198,0
1974-03-10T16:14:15.000Z,256.07798,256.38198,0
1974-03-10T17:12:09.000Z,256.10745,256.41245,0
1974-03-10T18:10:02.000Z,256.10795,256.41195,0
1974-03-10T19:08:12.000Z,256.14799,256.45199,0
1974-03-10T20:06:05.000Z,256.07798,256.38198,0
1974-03-10T21:03:59.000Z,256.10795,256.41195,0
1974-03-10T22:01:52.000Z,256.07798,256.38198,0
1974-03-10T23:00:02.000Z,256.10795,256.41195,0
1974-03-10T23:57:55.000Z,256.10795,256.41195,0
1974-03-11T00:55:49.000Z,256.10795,256.41195,0
1974-03-11T01:53:58.000Z,256.10745,256.41245,0
1974-03-11T02:51:52.000Z,256.10795,256.41195,0
1974-03-11T03:13:26.000Z,256.10795,256.41195,0
1974-03-11T04:11:36.000Z,256.07798,256.38198,0
1974-03-11T05:09:29.000Z,256.10795,256.41195,0
1974-03-11T06:07:23.000Z,256.13798,256.44198,0
1974-03-11T06:50:48.000Z,256.10795,256.41195,0
1974-03-11T07:48:58.000Z,256.07798,256.38198,0
1974-03-11T08:53:57.000Z,256.10795,256.41195,0
1974-03-11T09:08:42.000Z,256.10795,256.41195,0
1974-03-11T10:06:35.000Z,256.10795,256.41195,0
1974-03-11T10:57:23.000Z,256.10795,256.41195,0
1974-03-11T11:33:25.000Z,256.10795,256.41195,0
1974-03-11T12:31:19.000Z,256.10795,256.41195,0
1974-03-11T13:29:28.000Z,256.10795,256.41195,0
1974-03-11T14:27:22.000Z,256.10795,256.41195,0
1974-03-11T15:47:06.000Z,256.10795,256.41195,0
1974-03-11T16:44:59.000Z,256.10795,256.41195,0
1974-03-11T17:42:53.000Z,256.13798,256.44198,0
1974-03-11T18:41:03.000Z,256.10795,256.41195,0
1974-03-11T19:38:56.000Z,256.13798,256.44198,0
1974-03-11T20:36:49.000Z,256.13798,256.44198,0
1974-03-11T21:34:43.000Z,256.10795,256.41195,0
1974-03-11T22:32:53.000Z,256.10795,256.41195,0
1974-03-11T23:30:46.000Z,256.07798,256.38198,0
1974-03-12T00:28:39.000Z,256.10795,256.41195,0
1974-03-12T01:26:33.000Z,256.10795,256.41195,0
1974-03-12T02:10:14.000Z,256.10795,256.41195,0
1974-03-12T02:39:11.000Z,256.07798,256.38198,0
1974-03-12T03:37:04.000Z,256.10795,256.41195,0
1974-03-12T04:34:58.000Z,256.07798,256.38198,0
1974-03-12T05:33:08.000Z,256.10795,256.41195,0
1974-03-12T06:31:01.000Z,256.07798,256.38198,0
1974-03-12T07:28:54.000Z,256.10795,256.41195,0
1974-03-12T08:26:48.000Z,256.10795,256.41195,0
1974-03-12T09:24:58.000Z,256.10795,256.41195,0
1974-03-12T10:22:51.000Z,256.11796,256.42196,0
1974-03-12T11:20:44.000Z,256.10795,256.41195,0
1974-03-12T12:18:38.000Z,256.10795,256.41195,0
1974-03-12T13:16:48.000Z,256.10795,256.41195,0
1974-03-12T14:14:41.000Z,256.10795,256.41195,0
1974-03-12T15:12:34.000Z,256.07798,256.38198,0
1974-03-12T16:10:28.000Z,256.10795,256.41195,0
1974-03-12T17:08:38.000Z,256.07798,256.38198,0
1974-03-12T18:06:31.000Z,256.13798,256.44198,0
1974-03-12T19:04:24.000Z,256.06797,256.37197,0
1974-03-12T20:02:34.000Z,256.13798,256.44198,0
1974-03-12T21:00:28.000Z,256.098,256.402,0
1974-03-12T21:58:21.000Z,256.06797,256.37197,0
1974-03-12T22:56:14.000Z,256.10795,256.41195,0
1974-03-12T23:54:24.000Z,256.12797,256.43197,0
1974-03-13T00:52:18.000Z,256.12797,256.43197,0
1974-03-13T01:50:11.000Z,256.16795,256.47195,0
1974-03-13T02:55:27.000Z,256.08799,256.39199,0
1974-03-13T03:53:20.000Z,256.08799,256.39199,0
1974-03-13T04:51:14.000Z,256.12797,256.43197,0
1974-03-13T05:49:23.000Z,256.08799,256.39199,0
1974-03-13T06:47:17.000Z,256.11796,256.42196,0
1974-03-13T07:45:10.000Z,256.11796,256.42196,0
1974-03-13T08:43:04.000Z,256.098,256.402,0
1974-03-13T09:41:13.000Z,256.11796,256.42196,0
1974-03-13T10:39:07.000Z,256.098,256.402,0
1974-03-13T11:37:00.000Z,256.07798,256.38198,0
1974-03-13T12:35:10.000Z,256.12797,256.43197,0
1974-03-13T13:33:03.000Z,256.08799,256.39199,0
1974-03-13T14:02:00.000Z,256.11796,256.42196,0
1974-03-13T15:44:24.000Z,256.13798,256.44198,0
1974-03-13T16:42:18.000Z,256.12797,256.43197,0
1974-03-13T17:40:11.000Z,256.098,256.402,0
1974-03-13T18:38:04.000Z,256.12797,256.43197,0
1974-03-13T19:36:14.000Z,256.05796,256.36196,0
1974-03-13T20:05:11.000Z,256.098,256.402,0
1974-03-13T21:03:04.000Z,256.08799,256.39199,0
1974-03-13T22:00:58.000Z,256.11796,256.42196,0
1974-03-13T22:59:07.000Z,256.08799,256.39199,0
1974-03-13T23:57:01.000Z,256.11796,256.42196,0
1974-03-14T00:54:54.000Z,256.14799,256.45199,0
1974-03-14T01:52:48.000Z,256.04795,256.35195,0
1974-03-14T02:50:57.000Z,256.10795,256.41195,0
1974-03-14T03:48:51.000Z,256.07798,256.38198,0
1974-03-14T04:46:44.000Z,256.10795,256.41195,0
1974-03-14T05:44:54.000Z,256.10795,256.41195,0
1974-03-14T06:42:47.000Z,256.10795,256.41195,0
1974-03-14T07:40:41.000Z,256.06797,256.37197,0
1974-03-14T08:38:34.000Z,256.10795,256.41195,0
1974-03-14T09:36:44.000Z,256.098,256.402,0
1974-03-14T10:34:38.000Z,256.098,256.402,0
1974-03-14T11:32:31.000Z,256.098,256.402,0
1974-03-14T12:30:24.000Z,256.08799,256.39199,0
1974-03-14T13:28:34.000Z,256.08799,256.39199,0
1974-03-14T14:26:28.000Z,256.12797,256.43197,0
1974-03-14T15:24:21.000Z,256.05796,256.36196,0
1974-03-14T16:22:14.000Z,256.08799,256.39199,0
1974-03-14T17:20:24.000Z,256.11796,256.42196,0
1974-03-14T18:18:18.000Z,256.08799,256.39199,0
1974-03-14T19:16:11.000Z,256.08799,256.39199,0
1974-03-14T20:14:04.000Z,256.08799,256.39199,0
1974-03-14T21:12:14.000Z,256.08799,256.39199,0
1974-03-14T22:10:08.000Z,256.14799,256.45199,0
1974-03-14T23:08:01.000Z,256.158,256.462,0
1974-03-15T00:05:54.000Z,256.08799,256.39199,0
1974-03-15T01:04:04.000Z,256.11796,256.42196,0
1974-03-15T02:01:58.000Z,256.14799,256.45199,0
1974-03-15T02:59:51.000Z,256.14799,256.45199,0
1974-03-15T03:58:01.000Z,256.10795,256.41195,0
1974-03-15T04:55:54.000Z,256.10795,256.41195,0
1974-03-15T05:17:29.000Z,256.14799,256.45199,0
1974-03-15T06:15:38.000Z,256.07798,256.38198,0
1974-03-15T07:13:32.000Z,256.10795,256.41195,0
1974-03-15T08:11:25.000Z,256.07798,256.38198,0
1974-03-15T09:09:19.000Z,256.10795,256.41195,0
1974-03-15T10:07:28.000Z,256.10795,256.41195,0
1974-03-15T11:05:22.000Z,256.14799,256.45199,0
1974-03-15T12:03:15.000Z,256.098,256.402,0
1974-03-15T13:01:09.000Z,256.07798,256.38198,0
1974-03-15T13:59:18.000Z,256.098,256.402,0
1974-03-15T14:57:12.000Z,256.07798,256.38198,0
1974-03-15T15:55:05.000Z,256.07798,256.38198,0
1974-03-15T16:53:15.000Z,256.098,256.402,0
1974-03-15T17:51:08.000Z,256.098,256.402,0
1974-03-15T18:49:02.000Z,256.12797,256.43197,0
1974-03-15T19:46:55.000Z,256.098,256.402,0
1974-03-15T20:45:05.000Z,256.12797,256.43197,0
1974-03-15T21:42:58.000Z,256.12797,256.43197,0
1974-03-15T22:40:52.000Z,256.12797,256.43197,0
1974-03-15T23:38:45.000Z,256.12797,256.43197,0
1974-03-16T00:36:55.000Z,256.12797,256.43197,0
1974-03-16T01:34:48.000Z,256.12797,256.43197,0
1974-03-16T02:32:42.000Z,256.12797,256.43197,0
1974-03-16T03:30:35.000Z,256.098,256.402,0
1974-03-16T04:28:45.000Z,256.098,256.402,0
1974-03-16T05:26:38.000Z,256.098,256.402,0
1974-03-16T06:24:32.000Z,256.12797,256.43197,0
1974-03-16T07:22:25.000Z,256.098,256.402,0
1974-03-16T08:20:35.000Z,256.12797,256.43197,0
1974-03-16T09:18:28.000Z,256.0985,256.4015,0
1974-03-16T09:54:47.000Z,256.098,256.402,0
1974-03-16T10:16:22.000Z,256.098,256.402,0
1974-03-16T10:30:50.000Z,256.158,256.462,0
1974-03-16T11:29:00.000Z,256.098,256.402,0
1974-03-16T12:26:53.000Z,256.098,256.402,0
1974-03-16T13:24:47.000Z,256.158,256.462,0
1974-03-16T14:22:40.000Z,256.08799,256.39199,0
1974-03-16T15:20:50.000Z,256.08799,256.39199,0
1974-03-16T15:49:47.000Z,256.12797,256.43197,0
1974-03-16T16:47:40.000Z,256.098,256.402,0
1974-03-16T17:45:34.000Z,256.12797,256.43197,0
1974-03-16T18:43:43.000Z,256.12797,256.43197,0
1974-03-16T19:41:37.000Z,256.05796,256.36196,0
1974-03-16T20:39:30.000Z,256.08799,256.39199,0
1974-03-16T21:37:24.000Z,256.12797,256.43197,0
1974-03-16T22:35:33.000Z,256.08799,256.39199,0
1974-03-16T23:33:27.000Z,256.11796,256.42196,0
1974-03-17T00:31:20.000Z,256.08799,256.39199,0
1974-03-17T01:29:14.000Z,256.08799,256.39199,0
1974-03-17T02:27:23.000Z,256.11796,256.42196,0
1974-03-17T02:56:20.000Z,256.11796,256.42196,0
1974-03-17T03:17:54.000Z,256.158,256.462,0
1974-03-17T04:16:04.000Z,256.11796,256.42196,0
1974-03-17T05:13:58.000Z,256.11796,256.42196,0
1974-03-17T06:11:51.000Z,256.11796,256.42196,0
1974-03-17T07:09:44.000Z,256.08799,256.39199,0
1974-03-17T08:07:54.000Z,256.158,256.462,0
1974-03-17T09:05:48.000Z,256.11796,256.42196,0
1974-03-17T09:27:38.000Z,256.11796,256.42196,0
1974-03-17T10:25:32.000Z,256.11796,256.42196,0
1974-03-17T11:30:47.000Z,256.11796,256.42196,0
1974-03-17T12:28:41.000Z,256.158,256.462,0
1974-03-17T13:26:34.000Z,256.11796,256.42196,0
1974-03-17T14:24:28.000Z,256.03794,256.34194,0
1974-03-17T15:22:38.000Z,256.11796,256.42196,0
1974-03-17T16:20:31.000Z,256.07798,256.38198,0
1974-03-17T17:18:24.000Z,256.11796,256.42196,0
1974-03-17T18:16:18.000Z,256.14799,256.45199,0
1974-03-17T19:14:28.000Z,256.11796,256.42196,0
1974-03-17T20:12:21.000Z,256.07798,256.38198,0
1974-03-17T21:10:14.000Z,256.11846,256.42146,0
1974-03-17T22:08:08.000Z,256.10795,256.41195,0
1974-03-17T23:06:18.000Z,256.11796,256.42196,0
1974-03-18T00:04:11.000Z,256.11796,256.42196,0
1974-03-18T01:02:04.000Z,256.11796,256.42196,0
1974-03-18T02:07:20.000Z,256.14799,256.45199,0
1974-03-18T03:05:14.000Z,256.07798,256.38198,0
1974-03-18T04:03:23.000Z,256.14799,256.45199,0
1974-03-18T05:01:17.000Z,256.11796,256.42196,0
1974-03-18T05:59:10.000Z,256.07798,256.38198,0
1974-03-18T06:57:04.000Z,256.14799,256.45199,0
1974-03-18T07:55:13.000Z,256.13798,256.44198,0
1974-03-18T08:53:07.000Z,256.14799,256.45199,0
1974-03-18T09:51:00.000Z,256.14799,256.45199,0
1974-03-18T10:48:54.000Z,256.03794,256.34194,0
1974-03-18T11:47:03.000Z,256.14799,256.45199,0
1974-03-18T12:44:57.000Z,256.06797,256.37197,0
1974-03-18T13:42:50.000Z,256.10845,256.41145,0
1974-03-18T15:25:14.000Z,256.10795,256.41195,0
1974-03-18T16:23:08.000Z,256.14849,256.45149,0
1974-03-18T16:52:04.000Z,256.11846,256.42146,0
1974-03-18T17:50:14.000Z,256.11796,256.42196,0
1974-03-18T18:48:07.000Z,256.14799,256.45199,0
1974-03-18T19:46:01.000Z,256.10845,256.41145,0
1974-03-18T20:43:54.000Z,256.10845,256.41145,0
1974-03-18T21:42:04.000Z,256.10795,256.41195,0
1974-03-18T22:39:58.000Z,256.098,256.402,0
1974-03-18T23:37:51.000Z,256.10795,256.41195,0
1974-03-19T00:35:44.000Z,256.10795,256.41195,0
1974-03-19T01:33:54.000Z,256.10795,256.41195,0
1974-03-19T02:31:48.000Z,256.10795,256.41195,0
1974-03-19T03:29:41.000Z,256.06847,256.37147,0
1974-03-19T04:27:51.000Z,256.06847,256.37147,0
1974-03-19T05:25:44.000Z,256.13848,256.44148,0
1974-03-19T06:23:38.000Z,256.13798,256.44198,0
1974-03-19T07:21:31.000Z,256.10845,256.41145,0
1974-03-19T08:19:41.000Z,256.06847,256.37147,0
1974-03-19T09:17:34.000Z,256.13798,256.44198,0
1974-03-19T10:15:28.000Z,256.13848,256.44148,0
1974-03-19T11:20:43.000Z,256.098,256.402,0
1974-03-19T11:42:34.000Z,256.13798,256.44198,0
1974-03-19T12:11:31.000Z,256.13848,256.44148,0
1974-03-19T13:09:24.000Z,256.06847,256.37147,0
1974-03-19T14:07:18.000Z,256.13848,256.44148,0
1974-03-19T15:05:11.000Z,256.0985,256.4015,0
1974-03-19T16:03:21.000Z,256.13848,256.44148,0
1974-03-19T17:01:14.000Z,256.13848,256.44148,0
1974-03-19T17:59:08.000Z,256.13798,256.44198,0
1974-03-19T18:28:04.000Z,256.098,256.402,0
1974-03-19T18:35:27.000Z,256.10795,256.41195,0
1974-03-19T19:33:20.000Z,256.0985,256.4015,0
1974-03-19T20:31:13.000Z,256.0985,256.4015,0
1974-03-19T21:29:23.000Z,256.06797,256.37197,0
1974-03-19T22:27:17.000Z,256.0985,256.4015,0
1974-03-19T23:25:10.000Z,256.13848,256.44148,0
1974-03-20T00:08:35.000Z,256.0985,256.4015,0
1974-03-20T01:06:45.000Z,256.098,256.402,0
1974-03-20T02:04:38.000Z,256.0985,256.4015,0
1974-03-20T03:02:32.000Z,256.098,256.402,0
1974-03-20T04:00:25.000Z,256.0985,256.4015,0
1974-03-20T04:58:35.000Z,256.0985,256.4015,0
1974-03-20T05:56:28.000Z,256.0985,256.4015,0
1974-03-20T06:54:22.000Z,256.12847,256.43147,0
1974-03-20T07:52:15.000Z,256.0985,256.4015,0
1974-03-20T08:50:25.000Z,256.12847,256.43147,0
1974-03-20T09:48:18.000Z,256.0985,256.4015,0
1974-03-20T10:46:12.000Z,256.0985,256.4015,0
1974-03-20T11:44:22.000Z,256.0985,256.4015,0
1974-03-20T12:42:15.000Z,256.0985,256.4015,0
1974-03-20T13:40:08.000Z,256.0985,256.4015,0
1974-03-20T14:38:02.000Z,256.0985,256.4015,0
1974-03-20T15:37:01.000Z,256.098,256.402,0
1974-03-20T16:34:54.000Z,256.12847,256.43147,0
1974-03-20T17:32:48.000Z,256.0985,256.4015,0
1974-03-20T18:30:57.000Z,256.0985,256.4015,0
1974-03-20T19:28:51.000Z,256.0985,256.4015,0
1974-03-20T20:26:44.000Z,256.0985,256.4015,0
1974-03-20T21:24:38.000Z,256.0985,256.4015,0
1974-03-20T22:22:47.000Z,256.0985,256.4015,0
1974-03-20T23:20:41.000Z,256.12847,256.43147,0
1974-03-21T00:18:34.000Z,256.12847,256.43147,0
1974-03-21T01:16:44.000Z,256.12847,256.43147,0
1974-03-21T02:14:37.000Z,256.0985,256.4015,0
1974-03-21T02:58:02.000Z,256.0985,256.4015,0
1974-03-21T03:55:56.000Z,256.098,256.402,0
1974-03-21T04:53:49.000Z,256.12847,256.43147,0
1974-03-21T05:51:59.000Z,256.0985,256.4015,0
1974-03-21T06:49:52.000Z,256.0985,256.4015,0
1974-03-21T07:47:46.000Z,256.0985,256.4015,0
1974-03-21T08:45:56.000Z,256.05846,256.36146,0
1974-03-21T09:43:49.000Z,256.12847,256.43147,0
1974-03-21T10:41:42.000Z,256.12847,256.43147,0
1974-03-21T11:39:36.000Z,256.12847,256.43147,0
1974-03-21T12:37:46.000Z,256.0985,256.4015,0
1974-03-21T13:35:39.000Z,256.12847,256.43147,0
1974-03-21T14:33:32.000Z,256.0985,256.4015,0
1974-03-21T15:31:26.000Z,256.0985,256.4015,0
1974-03-21T15:53:17.000Z,256.12847,256.43147,0
1974-03-21T16:51:10.000Z,256.12847,256.43147,0
1974-03-21T17:49:03.000Z,256.12847,256.43147,0
1974-03-21T18:47:13.000Z,256.12847,256.43147,0
1974-03-21T19:45:07.000Z,256.11846,256.42146,0
1974-03-21T20:43:00.000Z,256.11846,256.42146,0
1974-03-21T21:41:10.000Z,256.12847,256.43147,0
1974-03-21T22:39:03.000Z,256.12847,256.43147,0
1974-03-21T23:36:57.000Z,256.05846,256.36146,0
1974-03-22T00:34:50.000Z,256.12847,256.43147,0
1974-03-22T01:33:00.000Z,256.12847,256.43147,0
1974-03-22T02:30:53.000Z,256.12847,256.43147,0
1974-03-22T03:28:47.000Z,256.12847,256.43147,0
1974-03-22T04:26:40.000Z,256.12847,256.43147,0
1974-03-22T05:24:50.000Z,256.08849,256.39149,0
1974-03-22T06:22:43.000Z,256.12847,256.43147,0
1974-03-22T07:20:37.000Z,256.12847,256.43147,0
1974-03-22T08:18:30.000Z,256.05846,256.36146,0
1974-03-22T09:16:40.000Z,256.12847,256.43147,0
1974-03-22T10:14:33.000Z,256.08849,256.39149,0
1974-03-22T11:12:27.000Z,256.12847,256.43147,0
1974-03-22T12:10:20.000Z,256.1585,256.4615,0
1974-03-22T13:08:30.000Z,256.08849,256.39149,0
1974-03-22T14:06:23.000Z,256.11846,256.42146,0
1974-03-22T16:04:54.000Z,256.08849,256.39149,0
1974-03-22T17:03:04.000Z,256.11846,256.42146,0
1974-03-22T18:00:57.000Z,256.11846,256.42146,0
1974-03-22T18:58:51.000Z,256.12847,256.43147,0
1974-03-22T19:57:00.000Z,256.12847,256.43147,0
1974-03-22T20:54:54.000Z,256.1585,256.4615,0
1974-03-22T21:52:47.000Z,256.1585,256.4615,0
1974-03-22T22:50:41.000Z,256.08849,256.39149,0
1974-03-22T23:48:50.000Z,256.1585,256.4615,0
1974-03-23T00:46:44.000Z,256.1585,256.4615,0
1974-03-23T01:44:37.000Z,256.11846,256.42146,0
1974-03-23T02:42:31.000Z,256.11846,256.42146,0
1974-03-23T03:40:40.000Z,256.12847,256.43147,0
1974-03-23T04:38:34.000Z,256.12847,256.43147,0
1974-03-23T05:36:27.000Z,256.11846,256.42146,0
1974-03-23T06:34:21.000Z,256.12847,256.43147,0
1974-03-23T07:32:30.000Z,256.1585,256.4615,0
1974-03-23T08:30:24.000Z,256.11846,256.42146,0
1974-03-23T09:28:17.000Z,256.08849,256.39149,0
1974-03-23T10:26:11.000Z,256.08849,256.39149,0
1974-03-23T11:24:20.000Z,256.08849,256.39149,0
1974-03-23T12:22:14.000Z,256.11846,256.42146,0
1974-03-23T13:20:07.000Z,256.11846,256.42146,0
1974-03-23T14:18:01.000Z,256.08849,256.39149,0
1974-03-23T14:47:14.000Z,256.08849,256.39149,0
1974-03-23T15:45:07.000Z,256.1585,256.4615,0
1974-03-23T16:43:01.000Z,256.14849,256.45149,0
1974-03-23T17:40:54.000Z,256.11846,256.42146,0
1974-03-23T18:39:04.000Z,256.12847,256.43147,0
1974-03-23T19:36:57.000Z,256.08849,256.39149,0
1974-03-23T20:34:51.000Z,256.08849,256.39149,0
1974-03-23T21:32:44.000Z,256.11846,256.42146,0
1974-03-23T22:30:54.000Z,256.12847,256.43147,0
1974-03-23T23:28:47.000Z,256.08849,256.39149,0
1974-03-24T00:26:41.000Z,256.08849,256.39149,0
1974-03-24T01:24:34.000Z,256.08849,256.39149,0
1974-03-24T02:22:44.000Z,256.11846,256.42146,0
1974-03-24T03:20:37.000Z,256.11846,256.42146,0
1974-03-24T04:25:53.000Z,256.08849,256.39149,0
1974-03-24T05:23:46.000Z,256.11846,256.42146,0
1974-03-24T06:21:40.000Z,256.11846,256.42146,0
1974-03-24T07:19:50.000Z,256.08849,256.39149,0
1974-03-24T08:17:43.000Z,256.08849,256.39149,0
1974-03-24T09:15:36.000Z,256.11846,256.42146,0
1974-03-24T10:13:30.000Z,256.08849,256.39149,0
1974-03-24T11:11:40.000Z,256.14849,256.45149,0
1974-03-24T12:09:33.000Z,256.11846,256.42146,0
1974-03-24T12:45:52.000Z,256.11846,256.42146,0
1974-03-24T13:43:45.000Z,256.11846,256.42146,0
1974-03-24T14:41:39.000Z,256.08849,256.39149,0
1974-03-24T15:39:32.000Z,256.08849,256.39149,0
1974-03-24T16:37:42.000Z,256.08849,256.39149,0
1974-03-24T17:35:35.000Z,256.08849,256.39149,0
1974-03-24T18:33:29.000Z,256.08849,256.39149,0
1974-03-24T19:02:26.000Z,256.08849,256.39149,0
1974-03-24T19:24:16.000Z,256.11846,256.42146,0
1974-03-24T20:22:10.000Z,256.11846,256.42146,0
1974-03-24T21:20:03.000Z,256.11846,256.42146,0
1974-03-24T22:18:13.000Z,256.08849,256.39149,0
1974-03-24T23:16:06.000Z,256.08849,256.39149,0
1974-03-25T00:14:00.000Z,256.11846,256.42146,0
1974-03-25T01:11:53.000Z,256.08849,256.39149,0
1974-03-25T02:10:03.000Z,256.05896,256.36096,0
1974-03-25T03:00:34.000Z,256.14849,256.45149,0
1974-03-25T03:58:44.000Z,256.08899,256.39099,0
1974-03-25T04:56:37.000Z,256.11846,256.42146,0
1974-03-25T05:54:31.000Z,256.11846,256.42146,0
1974-03-25T06:52:24.000Z,256.11896,256.42096,0
1974-03-25T07:50:34.000Z,256.08899,256.39099,0
1974-03-25T08:48:27.000Z,256.08899,256.39099,0
1974-03-25T09:46:21.000Z,256.11846,256.42146,0
1974-03-25T10:44:14.000Z,256.11896,256.42096,0
1974-03-25T11:42:24.000Z,256.08899,256.39099,0
1974-03-25T12:40:17.000Z,256.08899,256.39099,0
1974-03-25T13:38:11.000Z,256.11846,256.42146,0
1974-03-25T14:23:30.000Z,256.11896,256.42096,0
1974-03-25T15:21:24.000Z,256.11846,256.42146,0
1974-03-25T16:19:34.000Z,256.11846,256.42146,0
1974-03-25T17:17:27.000Z,256.11846,256.42146,0
1974-03-25T18:15:20.000Z,256.11846,256.42146,0
1974-03-25T19:13:14.000Z,256.08849,256.39149,0
1974-03-25T20:11:24.000Z,256.08849,256.39149,0
1974-03-25T21:09:17.000Z,256.14849,256.45149,0
1974-03-25T22:07:10.000Z,256.11846,256.42146,0
1974-03-25T23:05:04.000Z,256.08899,256.39099,0
1974-03-26T00:03:14.000Z,256.11896,256.42096,0
1974-03-26T01:01:07.000Z,256.14849,256.45149,0
1974-03-26T01:59:00.000Z,256.11896,256.42096,0
1974-03-26T02:57:10.000Z,256.11846,256.42146,0
1974-03-26T03:55:04.000Z,256.11896,256.42096,0
1974-03-26T04:52:57.000Z,256.08899,256.39099,0
1974-03-26T05:50:50.000Z,256.11896,256.42096,0
1974-03-26T06:49:00.000Z,256.14899,256.45099,0
1974-03-26T07:46:54.000Z,256.08899,256.39099,0
1974-03-26T08:44:47.000Z,256.11896,256.42096,0
1974-03-26T09:06:38.000Z,256.08899,256.39099,0
1974-03-26T10:04:31.000Z,256.08899,256.39099,0
1974-03-26T11:02:25.000Z,256.11846,256.42146,0
1974-03-26T12:00:18.000Z,256.08899,256.39099,0
1974-03-26T12:58:28.000Z,256.11896,256.42096,0
1974-03-26T13:56:21.000Z,256.11896,256.42096,0
1974-03-26T14:54:15.000Z,256.11896,256.42096,0
1974-03-26T15:52:08.000Z,256.11896,256.42096,0
1974-03-26T16:50:18.000Z,256.07898,256.38098,0
1974-03-26T17:48:11.000Z,256.11896,256.42096,0
1974-03-26T18:46:05.000Z,256.11896,256.42096,0
1974-03-26T19:44:14.000Z,256.07898,256.38098,0
1974-03-26T20:42:08.000Z,256.11896,256.42096,0
1974-03-26T21:40:01.000Z,256.08899,256.39099,0
1974-03-26T22:37:55.000Z,256.11896,256.42096,0
1974-03-26T23:36:04.000Z,256.07898,256.38098,0
1974-03-27T00:33:58.000Z,256.11896,256.42096,0
1974-03-27T01:31:51.000Z,256.10845,256.41145,0
1974-03-27T02:29:45.000Z,256.10895,256.41095,0
1974-03-27T03:27:54.000Z,256.11896,256.42096,0
1974-03-27T04:25:48.000Z,256.14899,256.45099,0
1974-03-27T05:23:41.000Z,256.08899,256.39099,0
1974-03-27T06:21:35.000Z,256.11896,256.42096,0
1974-03-27T07:19:44.000Z,256.11896,256.42096,0
1974-03-27T08:03:10.000Z,256.07898,256.38098,0
1974-03-27T09:01:03.000Z,256.14899,256.45099,0
1974-03-27T09:15:31.000Z,256.11896,256.42096,0
1974-03-27T10:13:25.000Z,256.11896,256.42096,0
1974-03-27T11:11:34.000Z,256.11896,256.42096,0
1974-03-27T12:09:28.000Z,256.14899,256.45099,0
1974-03-27T13:07:21.000Z,256.11896,256.42096,0
1974-03-27T14:37:12.000Z,256.14899,256.45099,0
1974-03-27T15:35:05.000Z,256.11896,256.42096,0
1974-03-27T16:11:24.000Z,256.14899,256.45099,0
1974-03-27T16:32:58.000Z,256.14899,256.45099,0
1974-03-27T16:40:21.000Z,256.14899,256.45099,0
1974-03-27T17:01:55.000Z,256.14899,256.45099,0
1974-03-27T17:38:14.000Z,256.10895,256.41095,0
1974-03-27T18:36:08.000Z,256.10895,256.41095,0
1974-03-27T19:34:01.000Z,256.11896,256.42096,0
1974-03-27T20:32:11.000Z,256.14899,256.45099,0
1974-03-27T21:30:04.000Z,256.14899,256.45099,0
1974-03-27T22:27:58.000Z,256.14899,256.45099,0
1974-03-27T23:25:51.000Z,256.10895,256.41095,0
1974-03-28T00:24:01.000Z,256.11896,256.42096,0
1974-03-28T01:21:54.000Z,256.10895,256.41095,0
1974-03-28T02:19:48.000Z,256.07898,256.38098,0
1974-03-28T03:17:57.000Z,256.14899,256.45099,0
1974-03-28T04:15:51.000Z,256.13898,256.44098,0
1974-03-28T05:13:44.000Z,256.14899,256.45099,0
1974-03-28T06:11:38.000Z,256.08899,256.39099,0
1974-03-28T07:09:47.000Z,256.12897,256.43097,0
1974-03-28T08:07:41.000Z,256.11896,256.42096,0
1974-03-28T09:05:34.000Z,256.099,256.401,0
1974-03-28T10:03:28.000Z,256.11896,256.42096,0
1974-03-28T11:01:37.000Z,256.099,256.401,0
1974-03-28T11:23:12.000Z,256.10895,256.41095,0
1974-03-28T12:21:05.000Z,256.08899,256.39099,0
1974-03-28T13:19:15.000Z,256.08899,256.39099,0
1974-03-28T14:17:08.000Z,256.05896,256.36096,0
1974-03-28T15:07:56.000Z,256.08899,256.39099,0
1974-03-28T16:05:49.000Z,256.06897,256.37097,0
1974-03-28T17:03:43.000Z,256.10895,256.41095,0
1974-03-28T18:01:52.000Z,256.06897,256.37097,0
1974-03-28T18:59:46.000Z,256.07898,256.38098,0
1974-03-28T19:57:39.000Z,256.12897,256.43097,0
1974-03-28T20:55:33.000Z,256.12897,256.43097,0
1974-03-28T21:53:42.000Z,256.08899,256.39099,0
1974-03-28T22:58:42.000Z,256.099,256.401,0
1974-03-28T23:56:52.000Z,256.099,256.401,0
1974-03-29T00:54:45.000Z,256.099,256.401,0
1974-03-29T01:52:38.000Z,256.06897,256.37097,0
1974-03-29T02:57:54.000Z,256.10895,256.41095,0
1974-03-29T03:55:48.000Z,256.099,256.401,0
1974-03-29T04:53:41.000Z,256.06897,256.37097,0
1974-03-29T05:58:57.000Z,256.06897,256.37097,0
1974-03-29T06:27:54.000Z,256.10895,256.41095,0
1974-03-29T07:26:03.000Z,256.10895,256.41095,0
1974-03-29T07:33:09.000Z,256.06897,256.37097,0
1974-03-29T07:55:00.000Z,256.07948,256.38048,0
1974-03-29T09:00:16.000Z,256.10895,256.41095,0
1974-03-29T10:05:15.000Z,256.06947,256.37047,0
1974-03-29T11:03:25.000Z,256.10895,256.41095,0
1974-03-29T12:01:18.000Z,256.10895,256.41095,0
1974-03-29T12:59:12.000Z,256.10895,256.41095,0
1974-03-29T13:57:05.000Z,256.10895,256.41095,0
1974-03-29T14:55:15.000Z,256.10895,256.41095,0
1974-03-29T15:53:08.000Z,256.07948,256.38048,0
1974-03-29T16:51:02.000Z,256.13898,256.44098,0
1974-03-29T17:49:12.000Z,256.07948,256.38048,0
1974-03-29T18:47:05.000Z,256.10895,256.41095,0
1974-03-29T19:44:58.000Z,256.10895,256.41095,0
1974-03-29T20:42:52.000Z,256.10895,256.41095,0
1974-03-29T21:41:02.000Z,256.10895,256.41095,0
1974-03-29T22:38:55.000Z,256.10895,256.41095,0
1974-03-29T23:36:48.000Z,256.10895,256.41095,0
1974-03-30T00:34:42.000Z,256.07898,256.38098,0
1974-03-30T01:32:52.000Z,256.08899,256.39099,0
1974-03-30T02:30:45.000Z,256.07898,256.38098,0
1974-03-30T03:28:38.000Z,256.11946,256.42046,0
1974-03-30T04:26:32.000Z,256.11896,256.42096,0
1974-03-30T05:24:42.000Z,256.11896,256.42096,0
1974-03-30T06:22:35.000Z,256.08949,256.39049,0
1974-03-30T07:20:28.000Z,256.14899,256.45099,0
1974-03-30T08:18:22.000Z,256.10945,256.41045,0
1974-03-30T09:16:32.000Z,256.10895,256.41095,0
1974-03-30T09:59:57.000Z,256.10895,256.41095,0
1974-03-30T10:50:44.000Z,256.07898,256.38098,0
1974-03-30T11:48:38.000Z,256.10945,256.41045,0
1974-03-30T12:46:31.000Z,256.10945,256.41045,0
1974-03-30T13:44:24.000Z,256.10895,256.41095,0
1974-03-30T14:42:34.000Z,256.10945,256.41045,0
1974-03-30T15:40:28.000Z,256.10945,256.41045,0
1974-03-30T16:38:21.000Z,256.13948,256.44048,0
1974-03-30T17:29:08.000Z,256.10945,256.41045,0
1974-03-30T18:27:02.000Z,256.10945,256.41045,0
1974-03-30T19:24:55.000Z,256.10945,256.41045,0
1974-03-30T20:23:05.000Z,256.07948,256.38048,0
1974-03-30T21:20:58.000Z,256.07948,256.38048,0
1974-03-30T22:18:52.000Z,256.07948,256.38048,0
1974-03-30T23:17:02.000Z,256.07948,256.38048,0
1974-03-31T00:14:55.000Z,256.10945,256.41045,0
1974-03-31T01:12:48.000Z,256.07948,256.38048,0
1974-03-31T02:10:42.000Z,256.10945,256.41045,0
1974-03-31T02:54:23.000Z,256.10945,256.41045,0
1974-03-31T03:52:17.000Z,256.07948,256.38048,0
1974-03-31T04:50:10.000Z,256.10945,256.41045,0
1974-03-31T05:48:04.000Z,256.07948,256.38048,0
1974-03-31T06:46:13.000Z,256.10945,256.41045,0
1974-03-31T07:44:07.000Z,256.14949,256.45049,0
1974-03-31T08:42:00.000Z,256.10945,256.41045,0
1974-03-31T09:39:54.000Z,256.10945,256.41045,0
1974-03-31T10:38:03.000Z,256.10895,256.41095,0
1974-03-31T11:35:57.000Z,256.04945,256.35045,0
1974-03-31T12:33:50.000Z,256.10945,256.41045,0
1974-03-31T13:31:44.000Z,256.10945,256.41045,0
1974-03-31T14:29:53.000Z,256.10945,256.41045,0
1974-03-31T15:27:47.000Z,256.14949,256.45049,0
1974-03-31T16:25:40.000Z,256.07948,256.38048,0
1974-03-31T17:23:34.000Z,256.07948,256.38048,0
1974-03-31T18:21:43.000Z,256.10945,256.41045,0
1974-03-31T19:19:37.000Z,256.14949,256.45049,0
1974-03-31T20:17:30.000Z,256.14949,256.45049,0
1974-03-31T21:15:40.000Z,256.10945,256.41045,0
1974-03-31T22:13:33.000Z,256.10945,256.41045,0
1974-03-31T22:42:30.000Z,256.10945,256.41045,0
1974-03-31T23:40:23.000Z,256.10945,256.41045,0
1974-04-01T00:23:49.000Z,256.07948,256.38048,0
1974-04-01T01:29:04.000Z,256.10945,256.41045,0
1974-04-01T02:12:29.000Z,256.10945,256.41045,0
1974-04-01T02:41:42.000Z,256.10945,256.41045,0
1974-04-01T03:39:36.000Z,256.10945,256.41045,0
1974-04-01T04:37:29.000Z,256.10945,256.41045,0
1974-04-01T05:28:17.000Z,256.10945,256.41045,0
1974-04-01T05:42:45.000Z,256.10945,256.41045,0
1974-04-01T06:04:19.000Z,256.10945,256.41045,0
1974-04-01T06:33:32.000Z,256.10895,256.41095,0
1974-04-01T06:55:07.000Z,256.10995,256.40995,0
1974-04-01T08:07:45.000Z,256.10945,256.41045,0
1974-04-01T08:14:51.000Z,256.10945,256.41045,0
1974-04-01T08:36:42.000Z,256.10945,256.41045,0
1974-04-01T09:34:35.000Z,256.10945,256.41045,0
1974-04-01T11:01:25.000Z,256.10945,256.41045,0
1974-04-01T11:15:54.000Z,256.10945,256.41045,0
1974-04-01T11:45:07.000Z,256.13948,256.44048,0
1974-04-01T12:43:00.000Z,256.10995,256.40995,0
1974-04-01T13:40:53.000Z,256.17946,256.48046,0
1974-04-01T14:38:47.000Z,256.13948,256.44048,0
1974-04-01T15:36:57.000Z,256.13948,256.44048,0
1974-04-01T16:34:50.000Z,256.13948,256.44048,0
1974-04-01T17:25:37.000Z,256.13948,256.44048,0
1974-04-01T17:40:06.000Z,256.13948,256.44048,0
1974-04-01T17:47:12.000Z,256.13948,256.44048,0
1974-04-01T18:23:31.000Z,256.13948,256.44048,0
1974-04-01T18:30:37.000Z,256.13948,256.44048,0
1974-04-01T19:06:56.000Z,256.13948,256.44048,0
1974-04-01T20:04:49.000Z,256.13948,256.44048,0
1974-04-01T21:10:05.000Z,256.13948,256.44048,0
1974-04-01T21:17:27.000Z,256.13948,256.44048,0
1974-04-01T21:46:24.000Z,256.13948,256.44048,0
1974-04-01T22:44:18.000Z,256.13948,256.44048,0
1974-04-01T23:42:11.000Z,256.10945,256.41045,0
1974-04-02T00:40:21.000Z,256.10945,256.41045,0
1974-04-02T01:38:14.000Z,256.10945,256.41045,0
1974-04-02T02:36:08.000Z,256.10995,256.40995,0
1974-04-02T03:34:01.000Z,256.10945,256.41045,0
1974-04-02T04:32:11.000Z,256.17946,256.48046,0
1974-04-02T05:30:04.000Z,256.13948,256.44048,0
1974-04-02T06:49:48.000Z,256.13948,256.44048,0
1974-04-02T07:35:08.000Z,256.13948,256.44048,0
1974-04-02T08:40:07.000Z,256.13948,256.44048,0
1974-04-02T09:38:17.000Z,256.13948,256.44048,0
1974-04-02T10:36:11.000Z,256.10945,256.41045,0
1974-04-02T11:34:04.000Z,256.10945,256.41045,0
1974-04-02T12:31:58.000Z,256.13998,256.43998,0
1974-04-02T13:30:07.000Z,256.17946,256.48046,0
1974-04-02T14:28:01.000Z,256.14949,256.45049,0
1974-04-02T15:25:54.000Z,256.10995,256.40995,0
1974-04-02T16:24:04.000Z,256.14949,256.45049,0
1974-04-02T17:21:57.000Z,256.13948,256.44048,0
1974-04-02T18:19:51.000Z,256.10945,256.41045,0
1974-04-02T18:34:19.000Z,256.13948,256.44048,0
1974-04-02T19:32:12.000Z,256.10945,256.41045,0
1974-04-02T20:30:22.000Z,256.17946,256.48046,0
1974-04-02T21:28:16.000Z,256.10945,256.41045,0
1974-04-02T22:26:09.000Z,256.10995,256.40995,0
1974-04-02T23:24:03.000Z,256.13998,256.43998,0
1974-04-03T00:29:18.000Z,256.13948,256.44048,0
1974-04-03T00:36:41.000Z,256.10945,256.41045,0
1974-04-03T01:12:43.000Z,256.20949,256.51049,0
1974-04-03T01:49:02.000Z,256.10945,256.41045,0
1974-04-03T02:39:50.000Z,256.10945,256.41045,0
1974-04-03T03:37:43.000Z,256.14949,256.45049,0
1974-04-03T04:35:37.000Z,256.13948,256.44048,0
1974-04-03T05:33:46.000Z,256.17946,256.48046,0
1974-04-03T06:31:40.000Z,256.14999,256.44999,0
1974-04-03T07:29:33.000Z,256.17946,256.48046,0
1974-04-03T08:27:27.000Z,256.17946,256.48046,0
1974-04-03T09:25:36.000Z,256.17946,256.48046,0
1974-04-03T10:23:30.000Z,256.13948,256.44048,0
1974-04-03T11:21:23.000Z,256.13948,256.44048,0
1974-04-03T12:19:33.000Z,256.13948,256.44048,0
1974-04-03T13:17:26.000Z,256.10945,256.41045,0
1974-04-03T14:15:20.000Z,256.10995,256.40995,0
1974-04-03T15:13:13.000Z,256.13948,256.44048,0
1974-04-03T15:54:11.000Z,256.13948,256.44048,0
1974-04-03T16:52:04.000Z,256.17946,256.48046,0
1974-04-03T17:49:58.000Z,256.17946,256.48046,0
1974-04-03T18:47:51.000Z,256.17996,256.47996,0
1974-04-03T19:02:19.000Z,256.14949,256.45049,0
1974-04-03T19:24:10.000Z,256.17996,256.47996,0
1974-04-03T20:22:04.000Z,256.18997,256.48997,0
1974-04-03T21:05:45.000Z,256.10945,256.41045,0
1974-04-03T21:20:13.000Z,256.14999,256.44999,0
1974-04-03T21:34:42.000Z,256.14999,256.44999,0
1974-04-03T22:03:38.000Z,256.22,256.52,0
1974-04-03T22:18:07.000Z,256.10945,256.41045,0
1974-04-03T22:32:35.000Z,256.14999,256.44999,0
1974-04-03T23:30:29.000Z,256.11946,256.42046,0
1974-04-04T00:28:38.000Z,256.10995,256.40995,0
1974-04-04T01:26:32.000Z,256.10995,256.40995,0
1974-04-04T02:24:25.000Z,256.14949,256.45049,0
1974-04-04T03:22:19.000Z,256.10995,256.40995,0
1974-04-04T03:58:38.000Z,256.10995,256.40995,0
1974-04-04T04:27:34.000Z,256.10995,256.40995,0
1974-04-04T06:09:09.000Z,256.14999,256.44999,0
1974-04-04T06:30:44.000Z,256.10995,256.40995,0
1974-04-04T07:43:22.000Z,256.13998,256.43998,0
1974-04-04T08:41:15.000Z,256.14048,256.43948,0
1974-04-04T09:24:40.000Z,256.13998,256.43998,0
1974-04-04T10:29:56.000Z,256.11045,256.40945,0
1974-04-04T10:51:30.000Z,256.10995,256.40995,0
1974-04-04T11:49:40.000Z,256.13998,256.43998,0
1974-04-04T12:47:33.000Z,256.10995,256.40995,0
1974-04-04T13:45:27.000Z,256.13998,256.43998,0
1974-04-04T14:43:20.000Z,256.10945,256.41045,0
1974-04-04T15:41:30.000Z,256.10945,256.41045,0
1974-04-04T16:39:23.000Z,256.13998,256.43998,0
1974-04-04T17:37:17.000Z,256.13998,256.43998,0
1974-04-04T18:35:27.000Z,256.13998,256.43998,0
1974-04-04T19:33:20.000Z,256.13998,256.43998,0
1974-04-04T20:38:36.000Z,256.13998,256.43998,0
1974-04-04T20:45:42.000Z,256.13998,256.43998,0
1974-04-04T21:14:39.000Z,256.13998,256.43998,0
1974-04-04T22:12:48.000Z,256.17996,256.47996,0
1974-04-04T23:10:42.000Z,256.13998,256.43998,0
1974-04-05T00:01:29.000Z,256.13998,256.43998,0
1974-04-05T00:59:23.000Z,256.13998,256.43998,0
1974-04-05T01:57:16.000Z,256.17996,256.47996,0
1974-04-05T02:55:09.000Z,256.13998,256.43998,0
1974-04-05T03:53:19.000Z,256.17996,256.47996,0
1974-04-05T04:51:13.000Z,256.13998,256.43998,0
1974-04-05T05:49:06.000Z,256.17996,256.47996,0
1974-04-05T06:46:59.000Z,256.15049,256.44949,0
1974-04-05T07:45:09.000Z,256.14999,256.44999,0
1974-04-05T08:43:03.000Z,256.10995,256.40995,0
1974-04-05T09:40:56.000Z,256.14999,256.44999,0
1974-04-05T10:38:49.000Z,256.14999,256.44999,0
1974-04-05T11:08:03.000Z,256.17996,256.47996,0
1974-04-05T12:05:56.000Z,256.10995,256.40995,0
1974-04-05T13:03:49.000Z,256.17996,256.47996,0
1974-04-05T14:01:43.000Z,256.10995,256.40995,0
1974-04-05T14:59:53.000Z,256.13998,256.43998,0
1974-04-05T15:57:46.000Z,256.17996,256.47996,0
1974-04-05T16:55:39.000Z,256.14999,256.44999,0
1974-04-05T17:53:33.000Z,256.17996,256.47996,0
1974-04-05T18:51:43.000Z,256.17996,256.47996,0
1974-04-05T19:20:39.000Z,256.17996,256.47996,0
1974-04-05T20:13:05.000Z,256.14999,256.44999,0
1974-04-05T21:11:15.000Z,256.14999,256.44999,0
1974-04-05T22:09:08.000Z,256.17996,256.47996,0
1974-04-05T23:07:02.000Z,256.14999,256.44999,0
1974-04-06T00:04:55.000Z,256.14999,256.44999,0
1974-04-06T01:03:05.000Z,256.13998,256.43998,0
1974-04-06T02:00:58.000Z,256.17996,256.47996,0
1974-04-06T02:58:52.000Z,256.13998,256.43998,0
1974-04-06T03:56:45.000Z,256.14999,256.44999,0
1974-04-06T04:47:32.000Z,256.17996,256.47996,0
1974-04-06T05:45:26.000Z,256.14999,256.44999,0
1974-04-06T06:43:36.000Z,256.14999,256.44999,0
1974-04-06T07:41:29.000Z,256.14999,256.44999,0
1974-04-06T08:39:22.000Z,256.13998,256.43998,0
1974-04-06T09:37:16.000Z,256.14999,256.44999,0
1974-04-06T10:35:26.000Z,256.10995,256.40995,0
1974-04-06T11:33:19.000Z,256.18997,256.48997,0
1974-04-06T12:31:12.000Z,256.17996,256.47996,0
1974-04-06T13:29:22.000Z,256.10995,256.40995,0
1974-04-06T14:27:16.000Z,256.10995,256.40995,0
1974-04-06T15:25:09.000Z,256.10995,256.40995,0
1974-04-06T16:23:02.000Z,256.14999,256.44999,0
1974-04-06T17:21:12.000Z,256.10995,256.40995,0
1974-04-06T18:19:06.000Z,256.14999,256.44999,0
1974-04-06T19:16:59.000Z,256.17996,256.47996,0
1974-04-06T20:00:24.000Z,256.14999,256.44999,0
1974-04-06T20:58:34.000Z,256.14999,256.44999,0
1974-04-06T21:56:27.000Z,256.14048,256.43948,0
1974-04-06T22:10:56.000Z,256.17996,256.47996,0
1974-04-06T23:08:49.000Z,256.10995,256.40995,0
1974-04-06T23:30:40.000Z,256.10995,256.40995,0
1974-04-06T23:45:08.000Z,256.11996,256.41996,0
1974-04-07T00:14:05.000Z,256.17996,256.47996,0
1974-04-07T00:28:33.000Z,256.07998,256.37998,0
1974-04-07T00:57:30.000Z,256.18997,256.48997,0
1974-04-07T01:19:21.000Z,256.15049,256.44949,0
1974-04-07T01:48:17.000Z,256.17996,256.47996,0
1974-04-07T02:17:14.000Z,256.17996,256.47996,0
1974-04-07T02:31:42.000Z,256.13998,256.43998,0
1974-04-07T03:00:39.000Z,256.13998,256.43998,0
1974-04-07T03:15:07.000Z,256.13998,256.43998,0
1974-04-07T03:44:21.000Z,256.10995,256.40995,0
1974-04-07T04:05:55.000Z,256.15049,256.44949,0
1974-04-07T04:42:14.000Z,256.15049,256.44949,0
1974-04-07T05:40:07.000Z,256.14999,256.44999,0
1974-04-07T06:38:01.000Z,256.14999,256.44999,0
1974-04-07T07:36:11.000Z,256.13998,256.43998,0
1974-04-07T08:34:04.000Z,256.11045,256.40945,0
1974-04-07T09:31:57.000Z,256.11045,256.40945,0
1974-04-07T10:29:51.000Z,256.11045,256.40945,0
1974-04-07T11:28:01.000Z,256.15049,256.44949,0
1974-04-07T11:56:57.000Z,256.15049,256.44949,0
1974-04-07T12:54:51.000Z,256.19047,256.48947,0
1974-04-07T13:30:53.000Z,256.15049,256.44949,0
1974-04-07T14:29:03.000Z,256.14999,256.44999,0
1974-04-07T15:26:57.000Z,256.11045,256.40945,0
1974-04-07T16:25:06.000Z,256.12046,256.41946,0
1974-04-07T17:23:00.000Z,256.15049,256.44949,0
1974-04-07T18:20:53.000Z,256.07998,256.37998,0
1974-04-07T19:18:47.000Z,256.12046,256.41946,0
1974-04-07T20:16:56.000Z,256.12046,256.41946,0
1974-04-07T21:14:50.000Z,256.12046,256.41946,0
1974-04-07T22:12:43.000Z,256.11045,256.40945,0
1974-04-07T23:10:37.000Z,256.14048,256.43948,0
1974-04-07T23:25:05.000Z,256.15049,256.44949,0
1974-04-08T00:23:15.000Z,256.08048,256.37948,0
1974-04-08T01:21:08.000Z,256.15049,256.44949,0
1974-04-08T02:19:02.000Z,256.11045,256.40945,0
1974-04-08T03:17:11.000Z,256.14048,256.43948,0
1974-04-08T04:15:05.000Z,256.14048,256.43948,0
1974-04-08T05:12:58.000Z,256.08048,256.37948,0
1974-04-08T06:10:52.000Z,256.08048,256.37948,0
1974-04-08T07:09:01.000Z,256.11045,256.40945,0
1974-04-08T08:06:55.000Z,256.11045,256.40945,0
1974-04-08T09:04:48.000Z,256.11045,256.40945,0
1974-04-08T10:02:42.000Z,256.11045,256.40945,0
1974-04-08T11:00:51.000Z,256.11045,256.40945,0
1974-04-08T11:58:45.000Z,256.05045,256.34945,0
1974-04-08T12:56:38.000Z,256.11045,256.40945,0
1974-04-08T13:54:32.000Z,256.11045,256.40945,0
1974-04-08T15:19:43.000Z,256.11045,256.40945,0
1974-04-08T16:17:37.000Z,256.11045,256.40945,0
1974-04-08T17:15:47.000Z,256.15049,256.44949,0
1974-04-08T18:13:40.000Z,256.08048,256.37948,0
1974-04-08T19:11:33.000Z,256.08048,256.37948,0
1974-04-08T20:09:43.000Z,256.15049,256.44949,0
1974-04-08T21:07:37.000Z,256.11045,256.40945,0
1974-04-08T22:05:30.000Z,256.11045,256.40945,0
1974-04-08T23:03:23.000Z,256.11045,256.40945,0
1974-04-09T00:01:33.000Z,256.11045,256.40945,0
1974-04-09T00:59:27.000Z,256.11045,256.40945,0
1974-04-09T01:57:20.000Z,256.11045,256.40945,0
1974-04-09T02:55:13.000Z,256.11045,256.40945,0
1974-04-09T03:53:23.000Z,256.08048,256.37948,0
1974-04-09T04:51:17.000Z,256.08048,256.37948,0
1974-04-09T05:49:10.000Z,256.11045,256.40945,0
1974-04-09T06:47:03.000Z,256.15049,256.44949,0
1974-04-09T07:52:19.000Z,256.11045,256.40945,0
1974-04-09T09:04:57.000Z,256.11045,256.40945,0
1974-04-09T09:48:22.000Z,256.08048,256.37948,0
1974-04-09T10:46:16.000Z,256.08048,256.37948,0
1974-04-09T11:44:09.000Z,256.11045,256.40945,0
1974-04-09T12:42:19.000Z,256.08048,256.37948,0
1974-04-09T13:40:12.000Z,256.11045,256.40945,0
1974-04-09T14:38:06.000Z,256.14048,256.43948,0
1974-04-09T15:35:59.000Z,256.08048,256.37948,0
1974-04-09T16:34:09.000Z,256.08048,256.37948,0
1974-04-09T17:32:03.000Z,256.11045,256.40945,0
1974-04-09T18:29:56.000Z,256.11045,256.40945,0
1974-04-09T19:27:49.000Z,256.08048,256.37948,0
1974-04-09T20:25:59.000Z,256.11045,256.40945,0
1974-04-09T21:23:53.000Z,256.11045,256.40945,0
1974-04-09T22:21:46.000Z,256.11045,256.40945,0
1974-04-09T23:19:56.000Z,256.11045,256.40945,0
1974-04-10T00:17:49.000Z,256.08098,256.37898,0
1974-04-10T01:15:43.000Z,256.08098,256.37898,0
1974-04-10T02:13:36.000Z,256.11045,256.40945,0
1974-04-10T03:18:52.000Z,256.11045,256.40945,0
1974-04-10T03:26:14.000Z,256.11045,256.40945,0
1974-04-10T04:24:07.000Z,256.08048,256.37948,0
1974-04-10T05:29:23.000Z,256.11045,256.40945,0
1974-04-10T06:27:17.000Z,256.11045,256.40945,0
1974-04-10T07:03:36.000Z,256.11045,256.40945,0
1974-04-10T08:01:29.000Z,256.11045,256.40945,0
1974-04-10T08:59:23.000Z,256.14048,256.43948,0
1974-04-10T09:57:16.000Z,256.11045,256.40945,0
1974-04-10T10:55:26.000Z,256.11045,256.40945,0
1974-04-10T11:53:19.000Z,256.08048,256.37948,0
1974-04-10T12:51:13.000Z,256.08048,256.37948,0
1974-04-10T13:49:06.000Z,256.08048,256.37948,0
1974-04-10T14:47:16.000Z,256.08048,256.37948,0
1974-04-10T15:45:09.000Z,256.11045,256.40945,0
1974-04-10T16:43:03.000Z,256.08048,256.37948,0
1974-04-10T17:41:12.000Z,256.11045,256.40945,0
1974-04-10T18:39:06.000Z,256.11045,256.40945,0
1974-04-10T19:36:59.000Z,256.08048,256.37948,0
1974-04-10T20:34:53.000Z,256.11045,256.40945,0
1974-04-10T21:33:02.000Z,256.11045,256.40945,0
1974-04-10T22:30:56.000Z,256.08098,256.37898,0
1974-04-10T23:28:49.000Z,256.08048,256.37948,0
1974-04-11T00:26:43.000Z,256.14048,256.43948,0
1974-04-11T01:31:58.000Z,256.08048,256.37948,0
1974-04-11T02:29:52.000Z,256.08048,256.37948,0
1974-04-11T03:56:58.000Z,256.14048,256.43948,0
1974-04-11T04:47:46.000Z,256.11045,256.40945,0
1974-04-11T05:45:39.000Z,256.14048,256.43948,0
1974-04-11T06:00:07.000Z,256.08048,256.37948,0
1974-04-11T06:29:04.000Z,256.14048,256.43948,0
1974-04-11T07:12:29.000Z,256.11045,256.40945,0
1974-04-11T07:26:58.000Z,256.14048,256.43948,0
1974-04-11T08:25:07.000Z,256.101,256.399,0
1974-04-11T09:23:01.000Z,256.1005,256.3995,0
1974-04-11T10:20:54.000Z,256.101,256.399,0
1974-04-11T11:18:48.000Z,256.13047,256.42947,0
1974-04-11T12:16:57.000Z,256.13047,256.42947,0
1974-04-11T13:14:51.000Z,256.13047,256.42947,0
1974-04-11T14:12:44.000Z,256.09099,256.38899,0
1974-04-11T15:10:38.000Z,256.13047,256.42947,0
1974-04-11T16:08:47.000Z,256.09099,256.38899,0
1974-04-11T17:06:41.000Z,256.13097,256.42897,0
1974-04-11T18:04:34.000Z,256.15099,256.44899,0
1974-04-11T19:02:28.000Z,256.08098,256.37898,0
1974-04-11T20:00:37.000Z,256.12046,256.41946,0
1974-04-11T20:58:31.000Z,256.14098,256.43898,0
1974-04-11T21:56:24.000Z,256.1005,256.3995,0
1974-04-11T22:54:18.000Z,256.06096,256.35896,0
1974-04-11T23:52:27.000Z,256.13097,256.42897,0
1974-04-12T00:21:24.000Z,256.11045,256.40945,0
1974-04-12T00:42:59.000Z,256.14048,256.43948,0
1974-04-12T02:53:30.000Z,256.08098,256.37898,0
1974-04-12T03:51:23.000Z,256.11095,256.40895,0
1974-04-12T04:49:33.000Z,256.14098,256.43898,0
1974-04-12T05:04:02.000Z,256.14098,256.43898,0
1974-04-12T05:25:36.000Z,256.14098,256.43898,0
1974-04-12T06:23:46.000Z,256.06096,256.35896,0
1974-04-12T07:21:39.000Z,256.09099,256.38899,0
1974-04-12T07:57:42.000Z,256.09099,256.38899,0
1974-04-12T08:55:52.000Z,256.09099,256.38899,0
1974-04-12T09:53:45.000Z,256.12096,256.41896,0
1974-04-12T10:51:38.000Z,256.12096,256.41896,0
1974-04-12T11:49:32.000Z,256.15099,256.44899,0
1974-04-12T12:18:45.000Z,256.15049,256.44949,0
1974-04-12T12:33:13.000Z,256.05095,256.34895,0
1974-04-12T13:23:44.000Z,256.12096,256.41896,0
1974-04-12T14:21:54.000Z,256.08098,256.37898,0
1974-04-12T15:07:14.000Z,256.11095,256.40895,0
1974-04-12T15:50:39.000Z,256.15099,256.44899,0
1974-04-12T16:26:42.000Z,256.15099,256.44899,0
1974-04-12T16:55:38.000Z,256.11095,256.40895,0
1974-04-12T17:53:48.000Z,256.11095,256.40895,0
1974-04-12T18:51:42.000Z,256.11095,256.40895,0
1974-04-12T19:49:35.000Z,256.14098,256.43898,0
1974-04-12T20:47:45.000Z,256.11095,256.40895,0
1974-04-12T21:45:38.000Z,256.101,256.399,0
1974-04-12T22:43:32.000Z,256.11095,256.40895,0
1974-04-12T23:41:25.000Z,256.13097,256.42897,0
1974-04-13T03:18:47.000Z,256.09099,256.38899,0
1974-04-13T04:16:56.000Z,256.08098,256.37898,0
1974-04-13T05:14:50.000Z,256.09099,256.38899,0
1974-04-13T06:12:43.000Z,256.12096,256.41896,0
1974-04-13T07:10:37.000Z,256.13097,256.42897,0
1974-04-13T08:08:46.000Z,256.09099,256.38899,0
1974-04-13T09:06:40.000Z,256.09099,256.38899,0
1974-04-13T10:04:33.000Z,256.12096,256.41896,0
1974-04-13T11:02:27.000Z,256.12096,256.41896,0
1974-04-13T12:00:36.000Z,256.11095,256.40895,0
1974-04-13T12:58:30.000Z,256.12096,256.41896,0
1974-04-13T13:56:23.000Z,256.12096,256.41896,0
1974-04-13T14:54:17.000Z,256.12096,256.41896,0
1974-04-13T15:52:26.000Z,256.15099,256.44899,0
1974-04-13T16:50:20.000Z,256.15099,256.44899,0
1974-04-13T17:48:13.000Z,256.15099,256.44899,0
1974-04-13T18:46:07.000Z,256.11095,256.40895,0
1974-04-13T19:44:16.000Z,256.11095,256.40895,0
1974-04-13T20:42:10.000Z,256.11095,256.40895,0
1974-04-13T21:40:03.000Z,256.08098,256.37898,0
1974-04-13T22:38:13.000Z,256.08098,256.37898,0
1974-04-13T23:36:06.000Z,256.08098,256.37898,0
1974-04-14T00:34:00.000Z,256.11095,256.40895,0
1974-04-14T01:31:53.000Z,256.08098,256.37898,0
1974-04-14T02:15:35.000Z,256.14098,256.43898,0
1974-04-14T03:13:28.000Z,256.101,256.399,0
1974-04-14T04:11:22.000Z,256.11095,256.40895,0
1974-04-14T05:09:15.000Z,256.08098,256.37898,0
1974-04-14T06:07:25.000Z,256.11095,256.40895,0
1974-04-14T07:05:18.000Z,256.14098,256.43898,0
1974-04-14T08:03:12.000Z,256.101,256.399,0
1974-04-14T09:01:05.000Z,256.13097,256.42897,0
1974-04-14T09:59:15.000Z,256.13097,256.42897,0
1974-04-14T10:57:08.000Z,256.13097,256.42897,0
1974-04-14T11:55:02.000Z,256.13097,256.42897,0
1974-04-14T12:52:55.000Z,256.13097,256.42897,0
1974-04-14T13:51:05.000Z,256.13097,256.42897,0
1974-04-14T14:48:58.000Z,256.13097,256.42897,0
1974-04-14T15:46:52.000Z,256.101,256.399,0
1974-04-14T16:44:45.000Z,256.101,256.399,0
1974-04-14T17:42:55.000Z,256.101,256.399,0
1974-04-14T18:40:48.000Z,256.13097,256.42897,0
1974-04-14T19:38:42.000Z,256.13097,256.42897,0
1974-04-14T20:36:35.000Z,256.101,256.399,0
1974-04-14T21:34:45.000Z,256.13097,256.42897,0
1974-04-14T22:32:38.000Z,256.13097,256.42897,0
1974-04-14T23:30:32.000Z,256.13097,256.42897,0
1974-04-15T00:28:41.000Z,256.101,256.399,0
1974-04-15T01:26:35.000Z,256.161,256.459,0
1974-04-15T02:24:28.000Z,256.13097,256.42897,0
1974-04-15T03:22:22.000Z,256.06096,256.35896,0
1974-04-15T04:20:31.000Z,256.06146,256.35846,0
1974-04-15T05:18:25.000Z,256.161,256.459,0
1974-04-15T06:16:18.000Z,256.101,256.399,0
1974-04-15T07:14:12.000Z,256.161,256.459,0
1974-04-15T08:12:21.000Z,256.101,256.399,0
1974-04-15T09:10:15.000Z,256.09099,256.38899,0
1974-04-15T09:39:12.000Z,256.1615,256.4585,0
1974-04-15T10:37:05.000Z,256.09099,256.38899,0
1974-04-15T11:35:15.000Z,256.13147,256.42847,0
1974-04-15T12:04:11.000Z,256.13097,256.42897,0
1974-04-15T13:02:05.000Z,256.06096,256.35896,0
1974-04-15T13:59:58.000Z,256.09149,256.38849,0
1974-04-15T15:40:28.000Z,256.12096,256.41896,0
1974-04-15T16:38:37.000Z,256.13147,256.42847,0
1974-04-15T17:36:31.000Z,256.101,256.399,0
1974-04-15T18:34:24.000Z,256.13097,256.42897,0
1974-04-15T19:32:18.000Z,256.12096,256.41896,0
1974-04-15T20:30:27.000Z,256.1615,256.4585,0
1974-04-15T21:28:21.000Z,256.161,256.459,0
1974-04-15T22:26:14.000Z,256.12096,256.41896,0
1974-04-15T23:24:08.000Z,256.12096,256.41896,0
1974-04-16T00:22:17.000Z,256.12146,256.41846,0
1974-04-16T01:20:11.000Z,256.09099,256.38899,0
1974-04-16T02:18:04.000Z,256.12146,256.41846,0
1974-04-16T03:08:52.000Z,256.12146,256.41846,0
1974-04-16T04:06:45.000Z,256.09099,256.38899,0
1974-04-16T05:04:38.000Z,256.13147,256.42847,0
1974-04-16T06:02:48.000Z,256.12146,256.41846,0
1974-04-16T07:00:42.000Z,256.09099,256.38899,0
1974-04-16T07:58:35.000Z,256.12146,256.41846,0
1974-04-16T08:56:45.000Z,256.12146,256.41846,0
1974-04-16T09:54:38.000Z,256.09099,256.38899,0
1974-04-16T10:52:32.000Z,256.12096,256.41896,0
1974-04-16T11:50:25.000Z,256.09149,256.38849,0
1974-04-16T12:48:35.000Z,256.12146,256.41846,0
1974-04-16T13:46:28.000Z,256.12146,256.41846,0
1974-04-16T14:37:16.000Z,256.12146,256.41846,0
1974-04-16T15:35:09.000Z,256.08148,256.37848,0
1974-04-16T16:33:03.000Z,256.08148,256.37848,0
1974-04-16T17:30:56.000Z,256.15149,256.44849,0
1974-04-16T18:29:06.000Z,256.12146,256.41846,0
1974-04-16T19:26:59.000Z,256.12146,256.41846,0
1974-04-16T20:24:53.000Z,256.11145,256.40845,0
1974-04-16T21:22:46.000Z,256.12146,256.41846,0
1974-04-16T22:20:56.000Z,256.11145,256.40845,0
1974-04-16T23:18:49.000Z,256.04144,256.33844,0
1974-04-17T00:02:14.000Z,256.15149,256.44849,0
1974-04-17T01:00:08.000Z,256.11145,256.40845,0
1974-04-17T01:58:17.000Z,256.15149,256.44849,0
1974-04-17T02:56:11.000Z,256.11145,256.40845,0
1974-04-17T03:54:04.000Z,256.15149,256.44849,0
1974-04-17T04:51:58.000Z,256.11145,256.40845,0
1974-04-17T05:50:07.000Z,256.11145,256.40845,0
1974-04-17T06:55:07.000Z,256.15149,256.44849,0
1974-04-17T07:53:17.000Z,256.11145,256.40845,0
1974-04-17T08:51:10.000Z,256.08148,256.37848,0
1974-04-17T09:49:03.000Z,256.11145,256.40845,0
1974-04-17T10:46:57.000Z,256.11145,256.40845,0
1974-04-17T11:37:44.000Z,256.15149,256.44849,0
1974-04-17T12:35:38.000Z,256.11145,256.40845,0
1974-04-17T13:33:47.000Z,256.11145,256.40845,0
1974-04-17T14:31:41.000Z,256.15149,256.44849,0
1974-04-17T15:22:12.000Z,256.11145,256.40845,0
1974-04-17T16:20:22.000Z,256.11145,256.40845,0
1974-04-17T17:18:15.000Z,256.11145,256.40845,0
1974-04-17T18:16:25.000Z,256.15149,256.44849,0
1974-04-17T19:14:18.000Z,256.15149,256.44849,0
1974-04-17T20:12:12.000Z,256.11145,256.40845,0
1974-04-17T21:10:05.000Z,256.1015,256.3985,0
1974-04-17T22:08:15.000Z,256.11145,256.40845,0
1974-04-17T22:44:18.000Z,256.1015,256.3985,0
1974-04-17T23:42:11.000Z,256.14148,256.43848,0
1974-04-18T00:40:21.000Z,256.11145,256.40845,0
1974-04-18T01:38:14.000Z,256.15149,256.44849,0
1974-04-18T02:36:08.000Z,256.15149,256.44849,0
1974-04-18T03:34:17.000Z,256.11145,256.40845,0
1974-04-18T04:32:11.000Z,256.07147,256.36847,0
1974-04-18T05:30:04.000Z,256.1015,256.3985,0
1974-04-18T06:27:58.000Z,256.1015,256.3985,0
1974-04-18T07:26:07.000Z,256.11145,256.40845,0
1974-04-18T08:24:01.000Z,256.11145,256.40845,0
1974-04-18T09:21:54.000Z,256.11145,256.40845,0
1974-04-18T10:19:48.000Z,256.15149,256.44849,0
1974-04-18T11:17:57.000Z,256.1015,256.3985,0
1974-04-18T12:15:51.000Z,256.07147,256.36847,0
1974-04-18T13:13:44.000Z,256.1015,256.3985,0
1974-04-18T14:11:38.000Z,256.13147,256.42847,0
1974-04-18T15:09:47.000Z,256.17145,256.46845,0
1974-04-18T16:07:41.000Z,256.1015,256.3985,0
1974-04-18T17:05:34.000Z,256.13147,256.42847,0
1974-04-18T18:03:28.000Z,256.13147,256.42847,0
1974-04-18T19:01:37.000Z,256.11145,256.40845,0
1974-04-18T19:59:31.000Z,256.1015,256.3985,0
1974-04-18T20:57:24.000Z,256.1015,256.3985,0
1974-04-18T21:55:34.000Z,256.1015,256.3985,0
1974-04-18T22:53:27.000Z,256.1015,256.3985,0
1974-04-18T23:51:21.000Z,256.102,256.398,0
1974-04-19T00:49:14.000Z,256.1015,256.3985,0
1974-04-19T01:47:24.000Z,256.13147,256.42847,0
1974-04-19T02:45:18.000Z,256.13147,256.42847,0
1974-04-19T03:43:11.000Z,256.1015,256.3985,0
1974-04-19T04:41:04.000Z,256.13147,256.42847,0
1974-04-19T05:39:14.000Z,256.13147,256.42847,0
1974-04-19T06:37:08.000Z,256.13147,256.42847,0
1974-04-19T07:06:04.000Z,256.09149,256.38849,0
1974-04-19T07:20:33.000Z,256.13147,256.42847,0
1974-04-19T08:11:20.000Z,256.13147,256.42847,0
1974-04-19T08:40:17.000Z,256.14148,256.43848,0
1974-04-19T09:23:42.000Z,256.13147,256.42847,0
1974-04-19T10:00:01.000Z,256.13197,256.42797,0
1974-04-19T10:57:54.000Z,256.13197,256.42797,0
1974-04-19T11:55:48.000Z,256.102,256.398,0
1974-04-19T12:24:44.000Z,256.13147,256.42847,0
1974-04-19T13:22:54.000Z,256.13147,256.42847,0
1974-04-19T14:20:48.000Z,256.13147,256.42847,0
1974-04-19T15:07:46.000Z,256.13147,256.42847,0
1974-04-19T16:05:55.000Z,256.11195,256.40795,0
1974-04-19T17:03:49.000Z,256.13147,256.42847,0
1974-04-19T18:09:05.000Z,256.13197,256.42797,0
1974-04-19T19:28:49.000Z,256.09199,256.38799,0
1974-04-19T20:26:42.000Z,256.09199,256.38799,0
1974-04-19T21:24:36.000Z,256.13197,256.42797,0
1974-04-19T22:22:29.000Z,256.17145,256.46845,0
1974-04-19T23:20:39.000Z,256.17195,256.46795,0
1974-04-20T00:18:32.000Z,256.17145,256.46845,0
1974-04-20T01:16:26.000Z,256.13197,256.42797,0
1974-04-20T04:32:13.000Z,256.11195,256.40795,0
1974-04-20T04:39:19.000Z,256.13197,256.42797,0
1974-04-20T05:37:12.000Z,256.06196,256.35796,0
1974-04-20T06:35:22.000Z,256.13197,256.42797,0
1974-04-20T07:33:15.000Z,256.13197,256.42797,0
1974-04-20T08:31:09.000Z,256.13197,256.42797,0
1974-04-20T09:29:02.000Z,256.09199,256.38799,0
1974-04-20T10:27:12.000Z,256.09199,256.38799,0
1974-04-20T11:25:05.000Z,256.102,256.398,0
1974-04-20T12:22:59.000Z,256.09199,256.38799,0
1974-04-20T13:20:52.000Z,256.13197,256.42797,0
1974-04-20T14:19:02.000Z,256.13197,256.42797,0
1974-04-20T15:16:55.000Z,256.13147,256.42847,0
1974-04-20T15:53:15.000Z,256.1615,256.4585,0
1974-04-20T16:07:43.000Z,256.13197,256.42797,0
1974-04-20T16:22:11.000Z,256.102,256.398,0
1974-04-20T17:34:33.000Z,256.13197,256.42797,0
1974-04-20T17:41:55.000Z,256.11195,256.40795,0
1974-04-20T18:10:52.000Z,256.13197,256.42797,0
1974-04-20T19:01:23.000Z,256.13197,256.42797,0
1974-04-20T19:16:08.000Z,256.28199,256.57799,0
1974-04-20T19:59:33.000Z,256.28249,256.57749,0
1974-04-20T20:35:36.000Z,256.13299,256.34699,0
1974-04-20T20:50:04.000Z,256.13197,256.42797,0
1974-04-20T22:24:16.000Z,256.13197,256.42797,0
1974-04-20T22:31:39.000Z,256.13197,256.42797,0
1974-04-20T22:53:30.000Z,256.13197,256.42797,0
1974-04-20T23:22:26.000Z,256.09199,256.38799,0
1974-04-21T00:05:51.000Z,256.09199,256.38799,0
1974-04-21T01:03:45.000Z,256.162,256.458,0
1974-04-21T02:01:38.000Z,256.13197,256.42797,0
1974-04-21T02:59:48.000Z,256.13197,256.42797,0
1974-04-21T03:57:41.000Z,256.13197,256.42797,0
1974-04-21T04:55:35.000Z,256.09199,256.38799,0
1974-04-21T05:53:28.000Z,256.09199,256.38799,0
1974-04-21T06:51:38.000Z,256.12196,256.41796,0
1974-04-21T07:49:31.000Z,256.13197,256.42797,0
1974-04-21T08:47:25.000Z,256.09199,256.38799,0
1974-04-21T09:45:18.000Z,256.13197,256.42797,0
1974-04-21T10:43:28.000Z,256.09199,256.38799,0
1974-04-21T11:41:21.000Z,256.12196,256.41796,0
1974-04-21T12:17:40.000Z,256.09199,256.38799,0
1974-04-21T13:15:34.000Z,256.12196,256.41796,0
1974-04-21T14:13:27.000Z,256.09199,256.38799,0
1974-04-21T15:11:21.000Z,256.162,256.458,0
1974-04-21T16:09:30.000Z,256.162,256.458,0
1974-04-21T17:07:24.000Z,256.09199,256.38799,0
1974-04-21T18:05:17.000Z,256.12196,256.41796,0
1974-04-21T18:48:42.000Z,256.12196,256.41796,0
1974-04-21T19:46:52.000Z,256.13197,256.42797,0
1974-04-21T20:44:46.000Z,256.162,256.458,0
1974-04-21T20:59:14.000Z,256.09199,256.38799,0
1974-04-21T21:57:07.000Z,256.12246,256.41746,0
1974-04-21T22:55:17.000Z,256.09199,256.38799,0
1974-04-21T23:31:20.000Z,256.09249,256.38749,0
1974-04-22T00:29:13.000Z,256.09249,256.38749,0
1974-04-22T01:27:23.000Z,256.09199,256.38799,0
1974-04-22T02:25:16.000Z,256.162,256.458,0
1974-04-22T03:23:10.000Z,256.09199,256.38799,0
1974-04-22T04:21:20.000Z,256.09249,256.38749,0
1974-04-22T05:19:13.000Z,256.09249,256.38749,0
1974-04-22T06:17:06.000Z,256.12196,256.41796,0
1974-04-22T07:15:00.000Z,256.09249,256.38749,0
1974-04-22T08:13:10.000Z,256.09249,256.38749,0
1974-04-22T09:11:03.000Z,256.09249,256.38749,0
1974-04-22T10:08:56.000Z,256.12246,256.41746,0
1974-04-22T11:06:50.000Z,256.162,256.458,0
1974-04-22T12:05:00.000Z,256.12246,256.41746,0
1974-04-22T13:02:53.000Z,256.09249,256.38749,0
1974-04-22T14:00:46.000Z,256.15199,256.44799,0
1974-04-22T14:58:40.000Z,256.13247,256.42747,0
1974-04-22T15:13:08.000Z,256.162,256.458,0
1974-04-22T16:01:12.000Z,256.09249,256.38749,0
1974-04-22T16:59:05.000Z,256.12246,256.41746,0
1974-04-22T17:57:15.000Z,256.13247,256.42747,0
1974-04-22T18:55:08.000Z,256.09249,256.38749,0
1974-04-22T19:53:02.000Z,256.12246,256.41746,0
1974-04-22T20:51:12.000Z,256.09249,256.38749,0
1974-04-22T21:49:05.000Z,256.09249,256.38749,0
1974-04-22T22:46:58.000Z,256.09249,256.38749,0
1974-04-22T23:44:52.000Z,256.09249,256.38749,0
1974-04-23T00:43:02.000Z,256.09249,256.38749,0
1974-04-23T01:40:55.000Z,256.12246,256.41746,0
1974-04-23T02:38:48.000Z,256.09249,256.38749,0
1974-04-23T03:36:42.000Z,256.12246,256.41746,0
1974-04-23T04:34:52.000Z,256.09249,256.38749,0
1974-04-23T05:32:45.000Z,256.09249,256.38749,0
1974-04-23T06:30:38.000Z,256.09249,256.38749,0
1974-04-23T07:28:32.000Z,256.09249,256.38749,0
1974-04-23T08:26:42.000Z,256.12246,256.41746,0
1974-04-23T09:24:35.000Z,256.12246,256.41746,0
1974-04-23T10:22:28.000Z,256.09249,256.38749,0
1974-04-23T11:20:22.000Z,256.09249,256.38749,0
1974-04-23T12:18:32.000Z,256.09249,256.38749,0
1974-04-23T13:16:25.000Z,256.09249,256.38749,0
1974-04-23T14:07:12.000Z,256.09249,256.38749,0
1974-04-23T14:28:47.000Z,256.12246,256.41746,0
1974-04-23T15:26:57.000Z,256.09249,256.38749,0
1974-04-23T16:24:50.000Z,256.09249,256.38749,0
1974-04-23T17:22:43.000Z,256.15199,256.44799,0
1974-04-23T18:27:59.000Z,256.06246,256.35746,0
1974-04-23T19:25:53.000Z,256.15249,256.44749,0
1974-04-23T20:23:46.000Z,256.15249,256.44749,0
1974-04-23T21:21:56.000Z,256.12246,256.41746,0
1974-04-23T22:19:49.000Z,256.15249,256.44749,0
1974-04-23T23:17:43.000Z,256.15249,256.44749,0
1974-04-24T00:15:36.000Z,256.12196,256.41796,0
1974-04-24T01:13:46.000Z,256.12246,256.41746,0
1974-04-24T02:11:39.000Z,256.12246,256.41746,0
1974-04-24T03:09:33.000Z,256.12246,256.41746,0
1974-04-24T04:07:42.000Z,256.15249,256.44749,0
1974-04-24T05:05:36.000Z,256.09249,256.38749,0
1974-04-24T06:03:29.000Z,256.12246,256.41746,0
1974-04-24T07:01:23.000Z,256.09249,256.38749,0
1974-04-24T07:59:32.000Z,256.12246,256.41746,0
1974-04-24T08:57:26.000Z,256.15249,256.44749,0
1974-04-24T09:55:19.000Z,256.12246,256.41746,0
1974-04-24T10:53:13.000Z,256.12246,256.41746,0
1974-04-24T11:51:22.000Z,256.12246,256.41746,0
1974-04-24T12:56:22.000Z,256.12246,256.41746,0
1974-04-24T13:54:32.000Z,256.15249,256.44749,0
1974-04-24T14:54:20.000Z,256.12246,256.41746,0
1974-04-24T15:52:13.000Z,256.12246,256.41746,0
1974-04-24T16:21:10.000Z,256.1625,256.4575,0
1974-04-24T16:43:01.000Z,256.09249,256.38749,0
1974-04-24T17:48:00.000Z,256.15249,256.44749,0
1974-04-24T18:46:10.000Z,256.12246,256.41746,0
1974-04-24T19:44:03.000Z,256.12246,256.41746,0
1974-04-24T20:41:57.000Z,256.15249,256.44749,0
1974-04-24T21:39:50.000Z,256.12246,256.41746,0
1974-04-24T22:38:00.000Z,256.15249,256.44749,0
1974-04-24T23:35:53.000Z,256.15249,256.44749,0
1974-04-25T00:04:50.000Z,256.12246,256.41746,0
1974-04-25T01:02:43.000Z,256.15249,256.44749,0
1974-04-25T02:00:53.000Z,256.12246,256.41746,0
1974-04-25T03:20:21.000Z,256.23244,256.52744,0
1974-04-25T03:49:34.000Z,256.15249,256.44749,0
1974-04-25T04:04:02.000Z,256.15249,256.44749,0
1974-04-25T04:25:37.000Z,256.12246,256.41746,0
1974-04-25T04:40:05.000Z,256.08248,256.37748,0
1974-04-25T04:54:33.000Z,256.08298,256.37698,0
1974-04-25T05:16:24.000Z,256.15249,256.44749,0
1974-04-25T05:30:52.000Z,256.12246,256.41746,0
1974-04-25T06:28:46.000Z,256.08248,256.37748,0
1974-04-25T07:26:56.000Z,256.08248,256.37748,0
1974-04-25T08:24:49.000Z,256.12246,256.41746,0
1974-04-25T09:30:05.000Z,256.12246,256.41746,0
1974-04-25T09:37:11.000Z,256.12246,256.41746,0
1974-04-25T10:35:04.000Z,256.12246,256.41746,0
1974-04-25T11:33:14.000Z,256.12246,256.41746,0
1974-04-25T12:31:07.000Z,256.09249,256.38749,0
1974-04-25T13:29:01.000Z,256.12246,256.41746,0
1974-04-25T14:26:54.000Z,256.12246,256.41746,0
1974-04-25T15:25:04.000Z,256.08248,256.37748,0
1974-04-25T16:22:57.000Z,256.15249,256.44749,0
1974-04-25T17:20:51.000Z,256.09249,256.38749,0
1974-04-25T18:18:44.000Z,256.12296,256.41696,0
1974-04-25T19:16:54.000Z,256.08298,256.37698,0
1974-04-25T20:15:04.000Z,256.12246,256.41746,0
1974-04-25T21:12:41.000Z,256.15299,256.44699,0
1974-04-25T22:10:51.000Z,256.11245,256.40745,0
1974-04-25T23:08:44.000Z,256.12246,256.41746,0
1974-04-26T00:06:37.000Z,256.09249,256.38749,0
1974-04-26T01:04:31.000Z,256.08248,256.37748,0
1974-04-26T02:02:41.000Z,256.12246,256.41746,0
1974-04-26T03:00:34.000Z,256.12296,256.41696,0
1974-04-26T03:58:27.000Z,256.12296,256.41696,0
1974-04-26T04:56:21.000Z,256.12296,256.41696,0
1974-04-26T05:54:31.000Z,256.15249,256.44749,0
1974-04-26T06:52:24.000Z,256.08248,256.37748,0
1974-04-26T07:50:17.000Z,256.08248,256.37748,0
1974-04-26T08:48:11.000Z,256.12296,256.41696,0
1974-04-26T09:46:21.000Z,256.12296,256.41696,0
1974-04-26T10:44:14.000Z,256.08298,256.37698,0
1974-04-26T11:42:07.000Z,256.08248,256.37748,0
1974-04-26T12:40:01.000Z,256.15299,256.44699,0
1974-04-26T13:38:11.000Z,256.15299,256.44699,0
1974-04-26T15:50:20.000Z,256.08298,256.37698,0
1974-04-26T16:48:14.000Z,256.15299,256.44699,0
1974-04-26T17:46:07.000Z,256.15299,256.44699,0
1974-04-26T18:44:17.000Z,256.12296,256.41696,0
1974-04-26T19:42:11.000Z,256.11295,256.40695,0
1974-04-26T20:40:04.000Z,256.09299,256.38699,0
1974-04-26T21:38:14.000Z,256.14298,256.43698,0
1974-04-26T22:36:07.000Z,256.12296,256.41696,0
1974-04-26T23:34:01.000Z,256.103,256.397,0
1974-04-27T00:31:54.000Z,256.12296,256.41696,0
1974-04-27T01:30:04.000Z,256.09299,256.38699,0
1974-04-27T02:27:57.000Z,256.13297,256.42697,0
1974-04-27T03:25:51.000Z,256.07297,256.36697,0
1974-04-27T04:23:44.000Z,256.11295,256.40695,0
1974-04-27T05:21:54.000Z,256.15299,256.44699,0
1974-04-27T06:19:47.000Z,256.12296,256.41696,0
1974-04-27T07:17:41.000Z,256.08298,256.37698,0
1974-04-27T08:15:34.000Z,256.09299,256.38699,0
1974-04-27T09:13:44.000Z,256.163,256.457,0
1974-04-27T10:11:37.000Z,256.103,256.397,0
1974-04-27T11:09:31.000Z,256.13297,256.42697,0
1974-04-27T12:07:24.000Z,256.103,256.397,0
1974-04-27T13:05:34.000Z,256.103,256.397,0
1974-04-27T14:03:27.000Z,256.103,256.397,0
1974-04-27T15:01:21.000Z,256.14298,256.43698,0
1974-04-27T15:59:14.000Z,256.14298,256.43698,0
1974-04-27T16:57:24.000Z,256.14298,256.43698,0
1974-04-27T17:55:17.000Z,256.11295,256.40695,0
1974-04-27T18:53:11.000Z,256.17295,256.46695,0
1974-04-27T19:51:20.000Z,256.17295,256.46695,0
1974-04-27T20:49:14.000Z,256.14298,256.43698,0
1974-04-27T21:54:30.000Z,256.14298,256.43698,0
1974-04-27T22:01:36.000Z,256.14298,256.43698,0
1974-04-27T22:23:26.000Z,256.08298,256.37698,0
1974-04-27T23:21:20.000Z,256.11295,256.40695,0
1974-04-28T00:19:13.000Z,256.11295,256.40695,0
1974-04-28T01:17:23.000Z,256.11295,256.40695,0
1974-04-28T02:15:16.000Z,256.11295,256.40695,0
1974-04-28T03:13:10.000Z,256.11295,256.40695,0
1974-04-28T04:11:03.000Z,256.14298,256.43698,0
1974-04-28T05:09:13.000Z,256.08298,256.37698,0
1974-04-28T06:36:03.000Z,256.11295,256.40695,0
1974-04-28T07:33:56.000Z,256.11295,256.40695,0
1974-04-28T08:32:06.000Z,256.11295,256.40695,0
1974-04-28T09:30:00.000Z,256.08298,256.37698,0
1974-04-28T10:27:53.000Z,256.14298,256.43698,0
1974-04-28T11:25:46.000Z,256.14298,256.43698,0
1974-04-28T12:23:56.000Z,256.08298,256.37698,0
1974-04-28T13:21:50.000Z,256.14348,256.43648,0
1974-04-28T14:19:43.000Z,256.11345,256.40645,0
1974-04-28T15:17:36.000Z,256.15299,256.44699,0
1974-04-28T16:15:46.000Z,256.12346,256.41646,0
1974-04-28T17:13:40.000Z,256.12346,256.41646,0
1974-04-28T18:11:33.000Z,256.12296,256.41696,0
1974-04-28T19:09:26.000Z,256.12346,256.41646,0
1974-04-28T20:07:36.000Z,256.12346,256.41646,0
1974-04-28T21:05:30.000Z,256.12296,256.41696,0
1974-04-28T22:03:23.000Z,256.12346,256.41646,0
1974-04-28T23:01:16.000Z,256.08348,256.37648,0
1974-04-29T00:06:32.000Z,256.12346,256.41646,0
1974-04-29T01:04:42.000Z,256.12346,256.41646,0
1974-04-29T02:02:35.000Z,256.12346,256.41646,0
1974-04-29T03:00:29.000Z,256.08348,256.37648,0
1974-04-29T03:58:22.000Z,256.08348,256.37648,0
1974-04-29T04:56:32.000Z,256.12346,256.41646,0
1974-04-29T05:54:25.000Z,256.11345,256.40645,0
1974-04-29T06:52:19.000Z,256.11345,256.40645,0
1974-04-29T07:50:12.000Z,256.14348,256.43648,0
1974-04-29T08:48:22.000Z,256.11345,256.40645,0
1974-04-29T09:46:15.000Z,256.11345,256.40645,0
1974-04-29T10:44:09.000Z,256.11345,256.40645,0
1974-04-29T11:42:02.000Z,256.08348,256.37648,0
1974-04-29T12:40:12.000Z,256.11345,256.40645,0
1974-04-29T13:38:06.000Z,256.11345,256.40645,0
1974-04-29T15:14:13.000Z,258.39499,257.58499,0
1974-04-29T16:10:11.000Z,256.8925,256.8475,0
1974-04-29T17:08:05.000Z,256.66946,256.49046,0
1974-04-29T18:06:15.000Z,256.47645,256.42345,0
1974-04-29T19:04:08.000Z,256.31647,256.36347,0
1974-04-29T20:02:01.000Z,256.314,256.426,0
1974-04-29T20:59:55.000Z,256.25346,256.40646,0
1974-04-29T21:50:42.000Z,256.24196,256.41796,0
1974-04-29T22:34:07.000Z,256.20449,256.39549,0
1974-04-29T22:55:58.000Z,256.20149,256.39849,0
1974-04-29T23:10:26.000Z,256.22946,256.43046,0
1974-04-29T23:39:23.000Z,256.19599,256.40399,0
1974-04-30T00:01:14.000Z,256.19349,256.40649,0
1974-04-30T00:59:07.000Z,256.14845,256.37145,0
1974-04-30T01:57:01.000Z,256.21446,256.44546,0
1974-04-30T02:55:10.000Z,256.22147,256.45847,0
1974-04-30T03:53:04.000Z,256.17899,256.42099,0
1974-04-30T04:50:57.000Z,256.16648,256.41348,0
1974-04-30T05:48:51.000Z,256.13495,256.38495,0
1974-04-30T06:47:00.000Z,256.14346,256.39646,0
1974-04-30T07:44:54.000Z,256.13195,256.38795,0
1974-04-30T08:42:47.000Z,256.13045,256.38945,0
1974-04-30T09:40:41.000Z,256.12945,256.39045,0
1974-04-30T10:38:50.000Z,256.16849,256.43149,0
1974-04-30T11:36:44.000Z,256.12795,256.39195,0
1974-04-30T12:34:37.000Z,256.16699,256.43299,0
1974-04-30T13:32:31.000Z,256.12645,256.39345,0
1974-04-30T14:30:40.000Z,256.12595,256.39395,0
1974-04-30T15:28:34.000Z,256.12545,256.39445,0
1974-04-30T16:26:27.000Z,256.12495,256.39495,0
1974-04-30T17:24:37.000Z,256.12445,256.39545,0
1974-04-30T18:22:30.000Z,256.19396,256.46596,0
1974-04-30T19:20:24.000Z,256.16349,256.43649,0
1974-04-30T20:18:17.000Z,256.15348,256.42648,0
1974-04-30T21:16:27.000Z,256.19296,256.46696,0
1974-04-30T22:14:20.000Z,256.15248,256.42748,0
1974-04-30T23:12:14.000Z,256.15198,256.42798,0
1974-05-01T00:10:07.000Z,256.12195,256.39795,0
1974-05-01T00:53:49.000Z,256.16149,256.43849,0
1974-05-01T01:51:42.000Z,256.16149,256.43849,0
1974-05-01T02:49:36.000Z,256.19096,256.46896,0
1974-05-01T03:47:29.000Z,256.16099,256.43899,0
1974-05-01T04:45:39.000Z,256.12095,256.39895,0
1974-05-01T05:43:32.000Z,256.12095,256.39895,0
1974-05-01T06:12:29.000Z,256.16049,256.43949,0
1974-05-01T07:10:22.000Z,256.12045,256.39945,0
1974-05-01T08:08:32.000Z,256.18996,256.46996,0
1974-05-01T09:06:25.000Z,256.18996,256.46996,0
1974-05-01T10:04:19.000Z,256.14998,256.42998,0
1974-05-01T11:02:12.000Z,256.14998,256.42998,0
1974-05-01T12:00:22.000Z,256.15949,256.44049,0
1974-05-01T12:58:15.000Z,256.18946,256.47046,0
1974-05-01T13:56:09.000Z,256.15949,256.44049,0
1974-05-01T14:54:02.000Z,256.11945,256.40045,0
1974-05-01T15:52:12.000Z,256.14998,256.42998,0
1974-05-01T16:21:09.000Z,256.14898,256.43098,0
1974-05-01T16:35:37.000Z,256.18896,256.47096,0
1974-05-01T16:50:06.000Z,256.14898,256.43098,0
1974-05-01T17:30:47.000Z,256.15899,256.44099,0
1974-05-01T18:14:12.000Z,256.18896,256.47096,0
1974-05-01T19:12:22.000Z,256.14848,256.43148,0
1974-05-01T20:10:15.000Z,256.11895,256.40095,0
1974-05-01T21:08:08.000Z,256.18846,256.47146,0
1974-05-01T22:06:18.000Z,256.18896,256.47096,0
1974-05-01T23:25:46.000Z,256.14848,256.43148,0
1974-05-02T00:02:05.000Z,256.14848,256.43148,0
1974-05-02T01:07:21.000Z,256.14848,256.43148,0
1974-05-02T01:14:27.000Z,256.11795,256.40195,0
1974-05-02T02:12:37.000Z,256.14848,256.43148,0
1974-05-02T03:10:30.000Z,256.08848,256.37148,0
1974-05-02T04:08:23.000Z,256.14798,256.43198,0
1974-05-02T05:06:17.000Z,256.14798,256.43198,0
1974-05-02T06:04:27.000Z,256.14798,256.43198,0
1974-05-02T07:02:20.000Z,256.14798,256.43198,0
1974-05-02T08:00:13.000Z,256.18796,256.47196,0
1974-05-02T08:58:23.000Z,256.11795,256.40195,0
1974-05-02T09:56:17.000Z,256.11795,256.40195,0
1974-05-02T10:54:10.000Z,256.14748,256.43248,0
1974-05-02T11:52:03.000Z,256.14748,256.43248,0
1974-05-02T12:50:13.000Z,256.14748,256.43248,0
1974-05-02T13:48:07.000Z,256.14748,256.43248,0
1974-05-02T14:46:00.000Z,256.14698,256.43298,0
1974-05-02T15:43:53.000Z,256.18746,256.47246,0
1974-05-02T16:42:03.000Z,256.11745,256.40245,0
1974-05-02T17:39:57.000Z,256.11745,256.40245,0
1974-05-02T18:37:50.000Z,256.15699,256.44299,0
1974-05-02T19:35:43.000Z,256.17745,256.46245,0
1974-05-02T20:33:53.000Z,256.14698,256.43298,0
1974-05-02T21:31:47.000Z,256.11695,256.40295,0
1974-05-02T22:29:40.000Z,256.14698,256.43298,0
1974-05-02T23:27:50.000Z,256.14698,256.43298,0
1974-05-03T00:03:53.000Z,256.15699,256.44299,0
1974-05-03T01:01:46.000Z,256.14698,256.43298,0
1974-05-03T01:59:56.000Z,256.18696,256.47296,0
1974-05-03T02:57:49.000Z,256.14698,256.43298,0
1974-05-03T03:55:43.000Z,256.18696,256.47296,0
1974-05-03T04:53:52.000Z,256.11695,256.40295,0
1974-05-03T05:51:46.000Z,256.14698,256.43298,0
1974-05-03T06:49:39.000Z,256.14698,256.43298,0
1974-05-03T07:47:33.000Z,256.14698,256.43298,0
1974-05-03T08:45:42.000Z,256.14698,256.43298,0
1974-05-03T09:43:36.000Z,256.14698,256.43298,0
1974-05-03T10:41:29.000Z,256.14698,256.43298,0
1974-05-03T11:39:23.000Z,256.14648,256.43348,0
1974-05-03T12:37:32.000Z,256.18696,256.47296,0
1974-05-03T13:35:26.000Z,256.15649,256.44349,0
1974-05-03T14:33:19.000Z,256.15699,256.44299,0
1974-05-03T15:15:55.000Z,256.17645,256.46345,0
1974-05-03T16:13:48.000Z,256.11645,256.40345,0
1974-05-03T17:11:58.000Z,256.15649,256.44349,0
1974-05-03T18:09:52.000Z,256.15649,256.44349,0
1974-05-03T19:07:45.000Z,256.15649,256.44349,0
1974-05-03T20:05:39.000Z,256.18646,256.47346,0
1974-05-03T21:03:48.000Z,256.15649,256.44349,0
1974-05-03T22:01:42.000Z,256.11645,256.40345,0
1974-05-03T22:59:35.000Z,256.15649,256.44349,0
1974-05-03T23:57:29.000Z,256.15649,256.44349,0
1974-05-04T00:55:38.000Z,256.15649,256.44349,0
1974-05-04T01:53:32.000Z,256.19647,256.48347,0
1974-05-04T02:51:25.000Z,256.12646,256.41346,0
1974-05-04T03:49:35.000Z,256.15649,256.44349,0
1974-05-04T04:47:28.000Z,256.15649,256.44349,0
1974-05-04T05:45:22.000Z,256.15649,256.44349,0
1974-05-04T06:43:15.000Z,256.15649,256.44349,0
1974-05-04T07:41:25.000Z,256.19647,256.48347,0
1974-05-04T08:39:18.000Z,256.12646,256.41346,0
1974-05-04T09:37:12.000Z,256.12646,256.41346,0
1974-05-04T10:35:05.000Z,256.15649,256.44349,0
1974-05-04T11:33:15.000Z,256.19647,256.48347,0
1974-05-04T12:31:08.000Z,256.15649,256.44349,0
1974-05-04T13:29:02.000Z,256.15649,256.44349,0
1974-05-04T14:27:12.000Z,256.12646,256.41346,0
1974-05-04T14:41:40.000Z,256.19647,256.48347,0
1974-05-04T15:39:33.000Z,256.15649,256.44349,0
1974-05-04T16:37:27.000Z,256.18646,256.47346,0
1974-05-04T17:35:20.000Z,256.12646,256.41346,0
1974-05-04T18:11:39.000Z,256.12646,256.41346,0
1974-05-04T19:09:33.000Z,256.18646,256.47346,0
1974-05-04T20:07:42.000Z,256.18646,256.47346,0
1974-05-04T21:05:36.000Z,256.15599,256.44399,0
1974-05-04T22:03:29.000Z,256.15599,256.44399,0
1974-05-04T23:01:23.000Z,256.15649,256.44349,0
1974-05-04T23:59:32.000Z,256.1665,256.4535,0
1974-05-05T00:57:26.000Z,256.12646,256.41346,0
1974-05-05T01:55:19.000Z,256.12646,256.41346,0
1974-05-05T02:53:13.000Z,256.15599,256.44399,0
1974-05-05T03:51:22.000Z,256.15599,256.44399,0
1974-05-05T04:49:16.000Z,256.15599,256.44399,0
1974-05-05T05:47:09.000Z,256.12646,256.41346,0
1974-05-05T06:45:19.000Z,256.1665,256.4535,0
1974-05-05T07:43:12.000Z,256.12646,256.41346,0
1974-05-05T08:41:06.000Z,256.1665,256.4535,0
1974-05-05T09:38:59.000Z,256.15599,256.44399,0
1974-05-05T10:37:09.000Z,256.15599,256.44399,0
1974-05-05T11:35:02.000Z,256.166,256.454,0
1974-05-05T12:32:56.000Z,256.1665,256.4535,0
1974-05-05T13:30:49.000Z,256.12596,256.41396,0
1974-05-05T14:28:59.000Z,256.166,256.454,0
1974-05-05T15:26:52.000Z,256.20598,256.49398,0
1974-05-05T16:24:46.000Z,256.166,256.454,0
1974-05-05T17:22:39.000Z,256.166,256.454,0
1974-05-05T18:20:49.000Z,256.13597,256.42397,0
1974-05-05T19:18:43.000Z,256.15599,256.44399,0
1974-05-05T20:16:36.000Z,256.19597,256.48397,0
1974-05-05T21:14:46.000Z,256.166,256.454,0
1974-05-05T22:12:39.000Z,256.166,256.454,0
1974-05-05T23:10:33.000Z,256.19597,256.48397,0
1974-05-06T00:08:26.000Z,256.12596,256.41396,0
1974-05-06T01:06:36.000Z,256.19597,256.48397,0
1974-05-06T02:04:29.000Z,256.19597,256.48397,0
1974-05-06T03:02:23.000Z,256.19597,256.48397,0
1974-05-06T04:00:16.000Z,256.166,256.454,0
1974-05-06T04:58:26.000Z,256.166,256.454,0
1974-05-06T05:56:19.000Z,256.12596,256.41396,0
1974-05-06T06:54:13.000Z,256.12596,256.41396,0
1974-05-06T07:52:06.000Z,256.15599,256.44399,0
1974-05-06T08:50:16.000Z,256.166,256.454,0
1974-05-06T09:48:09.000Z,256.19597,256.48397,0
1974-05-06T10:31:34.000Z,256.166,256.454,0
1974-05-06T12:05:47.000Z,256.13597,256.42397,0
1974-05-06T13:03:40.000Z,256.12596,256.41396,0
1974-05-06T14:01:50.000Z,256.166,256.454,0
1974-05-06T15:01:38.000Z,256.12596,256.41396,0
1974-05-06T15:59:31.000Z,256.166,256.454,0
1974-05-06T16:57:25.000Z,256.166,256.454,0
1974-05-06T17:55:18.000Z,256.15599,256.44399,0
1974-05-06T18:53:28.000Z,256.166,256.454,0
1974-05-06T19:51:21.000Z,256.15599,256.44399,0
1974-05-06T20:49:15.000Z,256.15599,256.44399,0
1974-05-06T21:47:08.000Z,256.15599,256.44399,0
1974-05-06T22:45:18.000Z,256.15599,256.44399,0
1974-05-06T23:43:11.000Z,256.15599,256.44399,0
1974-05-07T00:05:02.000Z,256.15599,256.44399,0
1974-05-07T00:33:59.000Z,256.15599,256.44399,0
1974-05-07T01:31:52.000Z,256.15599,256.44399,0
1974-05-07T02:08:11.000Z,256.15599,256.44399,0
1974-05-07T03:06:05.000Z,256.15599,256.44399,0
1974-05-07T04:03:58.000Z,256.11595,256.40395,0
1974-05-07T05:01:52.000Z,256.15599,256.44399,0
1974-05-07T06:00:01.000Z,256.15599,256.44399,0
1974-05-07T06:57:55.000Z,256.15599,256.44399,0
1974-05-07T07:48:42.000Z,256.11595,256.40395,0
1974-05-07T08:46:36.000Z,256.15599,256.44399,0
1974-05-07T09:44:29.000Z,256.14598,256.43398,0
1974-05-07T10:20:48.000Z,256.11595,256.40395,0
1974-05-07T11:18:41.000Z,256.14598,256.43398,0
1974-05-07T12:16:35.000Z,256.14598,256.43398,0
1974-05-07T13:14:45.000Z,256.14598,256.43398,0
1974-05-07T14:12:38.000Z,256.14598,256.43398,0
1974-05-07T15:10:31.000Z,256.11595,256.40395,0
1974-05-07T16:08:41.000Z,256.11595,256.40395,0
1974-05-07T17:06:35.000Z,256.11595,256.40395,0
1974-05-07T18:04:28.000Z,256.11595,256.40395,0
1974-05-07T19:02:22.000Z,256.15599,256.44399,0
1974-05-07T20:00:31.000Z,256.15599,256.44399,0
1974-05-07T20:58:25.000Z,256.15599,256.44399,0
1974-05-07T21:56:18.000Z,256.11595,256.40395,0
1974-05-07T22:54:12.000Z,256.11645,256.40345,0
1974-05-07T23:52:21.000Z,256.08598,256.37398,0
1974-05-08T00:50:15.000Z,256.11595,256.40395,0
1974-05-08T01:48:08.000Z,256.11595,256.40395,0
1974-05-08T02:46:02.000Z,256.11595,256.40395,0
1974-05-08T03:44:11.000Z,256.11595,256.40395,0
1974-05-08T04:42:05.000Z,256.15599,256.44399,0
1974-05-08T05:39:58.000Z,256.11595,256.40395,0
1974-05-08T06:38:08.000Z,256.14598,256.43398,0
1974-05-08T07:36:01.000Z,256.12596,256.41396,0
1974-05-08T08:33:55.000Z,256.11595,256.40395,0
1974-05-08T09:31:48.000Z,256.12596,256.41396,0
1974-05-08T10:29:58.000Z,256.08598,256.37398,0
1974-05-08T11:27:51.000Z,256.11595,256.40395,0
1974-05-08T12:25:45.000Z,256.08598,256.37398,0
1974-05-08T13:23:38.000Z,256.15599,256.44399,0
1974-05-08T14:57:02.000Z,256.14598,256.43398,0
1974-05-08T15:54:55.000Z,256.08598,256.37398,0
1974-05-08T16:53:05.000Z,256.08598,256.37398,0
1974-05-08T17:50:58.000Z,256.11595,256.40395,0
1974-05-08T18:48:52.000Z,256.08598,256.37398,0
1974-05-08T19:46:45.000Z,256.08598,256.37398,0
1974-05-08T20:44:55.000Z,256.11595,256.40395,0
1974-05-08T21:42:48.000Z,256.08598,256.37398,0
1974-05-08T22:40:42.000Z,256.08598,256.37398,0
1974-05-08T23:38:35.000Z,256.15599,256.44399,0
1974-05-09T00:36:45.000Z,256.08598,256.37398,0
1974-05-09T01:34:38.000Z,256.11595,256.40395,0
1974-05-09T02:32:32.000Z,256.15599,256.44399,0
1974-05-09T03:30:25.000Z,256.11595,256.40395,0
1974-05-09T04:28:35.000Z,256.08598,256.37398,0
1974-05-09T05:26:28.000Z,256.11595,256.40395,0
1974-05-09T06:24:22.000Z,256.11645,256.40345,0
1974-05-09T07:22:31.000Z,256.11645,256.40345,0
1974-05-09T08:20:25.000Z,256.11595,256.40395,0
1974-05-09T09:18:18.000Z,256.11595,256.40395,0
1974-05-09T10:16:12.000Z,256.11595,256.40395,0
1974-05-09T11:14:21.000Z,256.11645,256.40345,0
1974-05-09T12:12:15.000Z,256.14648,256.43348,0
1974-05-09T13:10:08.000Z,256.11645,256.40345,0
1974-05-09T14:08:02.000Z,256.11645,256.40345,0
1974-05-09T15:06:11.000Z,256.11645,256.40345,0
1974-05-09T16:04:05.000Z,256.11595,256.40395,0
1974-05-09T17:01:58.000Z,256.11645,256.40345,0
1974-05-09T17:59:52.000Z,256.14598,256.43398,0
1974-05-09T18:58:01.000Z,256.11645,256.40345,0
1974-05-09T19:55:55.000Z,256.18596,256.47396,0
1974-05-09T20:53:48.000Z,256.14648,256.43348,0
1974-05-09T21:51:42.000Z,256.12646,256.41346,0
1974-05-09T22:49:51.000Z,256.08648,256.37348,0
1974-05-09T23:47:45.000Z,256.11645,256.40345,0
1974-05-10T00:45:38.000Z,256.15649,256.44349,0
1974-05-10T01:43:48.000Z,256.14648,256.43348,0
1974-05-10T02:41:41.000Z,256.11645,256.40345,0
1974-05-10T03:39:35.000Z,256.08648,256.37348,0
1974-05-10T04:37:28.000Z,256.08648,256.37348,0
1974-05-10T05:35:38.000Z,256.11645,256.40345,0
1974-05-10T06:33:31.000Z,256.15649,256.44349,0
1974-05-10T07:31:25.000Z,256.11645,256.40345,0
1974-05-10T08:29:18.000Z,256.11645,256.40345,0
1974-05-10T09:27:28.000Z,256.11645,256.40345,0
1974-05-10T10:25:21.000Z,256.11645,256.40345,0
1974-05-10T11:23:15.000Z,256.11645,256.40345,0
1974-05-10T12:21:08.000Z,256.11645,256.40345,0
1974-05-10T13:19:18.000Z,256.11645,256.40345,0
1974-05-10T14:46:08.000Z,256.15649,256.44349,0
1974-05-10T16:25:48.000Z,256.11645,256.40345,0
1974-05-10T17:23:42.000Z,256.14648,256.43348,0
1974-05-10T18:21:35.000Z,256.14648,256.43348,0
1974-05-10T19:19:45.000Z,256.11645,256.40345,0
1974-05-10T20:17:38.000Z,256.11645,256.40345,0
1974-05-10T21:15:32.000Z,256.11645,256.40345,0
1974-05-10T22:13:25.000Z,256.13647,256.42347,0
1974-05-10T23:11:35.000Z,256.11645,256.40345,0
1974-05-11T00:02:06.000Z,256.13647,256.42347,0
1974-05-11T01:00:16.000Z,256.13647,256.42347,0
1974-05-11T01:58:09.000Z,256.09649,256.38349,0
1974-05-11T02:56:03.000Z,256.17645,256.46345,0
1974-05-11T03:54:12.000Z,256.12646,256.41346,0
1974-05-11T04:52:06.000Z,256.12646,256.41346,0
1974-05-11T05:49:59.000Z,256.15649,256.44349,0
1974-05-11T06:47:53.000Z,256.1665,256.4535,0
1974-05-11T07:46:02.000Z,256.15649,256.44349,0
1974-05-11T08:43:56.000Z,256.07647,256.36347,0
1974-05-11T09:41:49.000Z,256.12646,256.41346,0
1974-05-11T10:39:43.000Z,256.1065,256.3935,0
1974-05-11T11:37:52.000Z,256.09649,256.38349,0
1974-05-11T12:35:46.000Z,256.1065,256.3935,0
1974-05-11T13:33:39.000Z,256.13647,256.42347,0
1974-05-11T14:31:33.000Z,256.09649,256.38349,0
1974-05-11T15:29:42.000Z,256.12646,256.41346,0
1974-05-11T16:27:36.000Z,256.14648,256.43348,0
1974-05-11T17:25:29.000Z,256.1065,256.3935,0
1974-05-11T18:23:23.000Z,256.09649,256.38349,0
1974-05-11T19:21:32.000Z,256.13647,256.42347,0
1974-05-11T20:19:26.000Z,256.1665,256.4535,0
1974-05-11T21:17:19.000Z,256.12646,256.41346,0
1974-05-11T22:15:29.000Z,256.15649,256.44349,0
1974-05-11T23:13:23.000Z,256.12646,256.41346,0
1974-05-12T00:11:16.000Z,256.15649,256.44349,0
1974-05-12T01:16:32.000Z,256.08648,256.37348,0
1974-05-12T01:31:00.000Z,256.15649,256.44349,0
1974-05-12T02:28:53.000Z,256.15649,256.44349,0
1974-05-12T03:26:47.000Z,256.11645,256.40345,0
1974-05-12T04:24:57.000Z,256.11645,256.40345,0
1974-05-12T05:22:50.000Z,256.18646,256.47346,0
1974-05-12T06:20:43.000Z,256.1065,256.3935,0
1974-05-12T07:18:37.000Z,256.14648,256.43348,0
1974-05-12T08:16:47.000Z,256.14648,256.43348,0
1974-05-12T09:14:40.000Z,256.1065,256.3935,0
1974-05-12T10:12:33.000Z,256.09649,256.38349,0
1974-05-12T11:10:43.000Z,256.13647,256.42347,0
1974-05-12T12:08:37.000Z,256.13647,256.42347,0
1974-05-12T13:06:30.000Z,256.12646,256.41346,0
1974-05-12T14:04:23.000Z,256.13647,256.42347,0
1974-05-12T15:02:33.000Z,256.09649,256.38349,0
1974-05-12T16:00:27.000Z,256.09649,256.38349,0
1974-05-12T16:58:20.000Z,256.1665,256.4535,0
1974-05-12T17:56:14.000Z,256.15649,256.44349,0
1974-05-12T18:54:23.000Z,256.12646,256.41346,0
1974-05-12T19:52:17.000Z,256.1665,256.4535,0
1974-05-12T20:50:10.000Z,256.12646,256.41346,0
1974-05-12T21:48:04.000Z,256.12646,256.41346,0
1974-05-12T22:46:13.000Z,256.15649,256.44349,0
1974-05-12T23:44:07.000Z,256.12646,256.41346,0
1974-05-13T00:42:00.000Z,256.08648,256.37348,0
1974-05-13T01:39:54.000Z,256.15649,256.44349,0
1974-05-13T02:30:41.000Z,256.15649,256.44349,0
1974-05-13T03:28:34.000Z,256.15649,256.44349,0
1974-05-13T04:26:44.000Z,256.15649,256.44349,0
1974-05-13T05:24:38.000Z,256.14648,256.43348,0
1974-05-13T06:22:31.000Z,256.11645,256.40345,0
1974-05-13T07:20:41.000Z,256.11645,256.40345,0
1974-05-13T08:18:34.000Z,256.11645,256.40345,0
1974-05-13T09:16:28.000Z,256.15649,256.44349,0
1974-05-13T10:14:21.000Z,256.14648,256.43348,0
1974-05-13T11:12:31.000Z,256.11645,256.40345,0
1974-05-13T12:10:24.000Z,256.11645,256.40345,0
1974-05-13T13:08:18.000Z,256.08648,256.37348,0
1974-05-13T14:06:11.000Z,256.1065,256.3935,0
1974-05-13T15:28:39.000Z,256.08648,256.37348,0
1974-05-13T16:26:32.000Z,256.12646,256.41346,0
1974-05-13T17:24:42.000Z,256.12646,256.41346,0
1974-05-13T18:22:36.000Z,256.15649,256.44349,0
1974-05-13T19:20:29.000Z,256.107,256.393,0
1974-05-13T20:18:22.000Z,256.11695,256.40295,0
1974-05-13T21:16:32.000Z,256.14698,256.43298,0
1974-05-13T22:14:26.000Z,256.13697,256.42297,0
1974-05-13T23:12:19.000Z,256.17645,256.46345,0
1974-05-14T00:10:29.000Z,256.107,256.393,0
1974-05-14T01:08:22.000Z,256.13697,256.42297,0
1974-05-14T02:06:16.000Z,256.13697,256.42297,0
1974-05-14T03:04:09.000Z,256.07697,256.36297,0
1974-05-14T04:02:19.000Z,256.13647,256.42347,0
1974-05-14T05:00:12.000Z,256.13697,256.42297,0
1974-05-14T05:58:06.000Z,256.13697,256.42297,0
1974-05-14T06:55:59.000Z,256.13697,256.42297,0
1974-05-14T07:54:09.000Z,256.13697,256.42297,0
1974-05-14T08:23:06.000Z,256.13697,256.42297,0
1974-05-14T09:20:59.000Z,256.13697,256.42297,0
1974-05-14T10:18:52.000Z,256.107,256.393,0
1974-05-14T11:17:02.000Z,256.107,256.393,0
1974-05-14T12:14:56.000Z,256.13697,256.42297,0
1974-05-14T13:12:49.000Z,256.13697,256.42297,0
1974-05-14T14:10:42.000Z,256.13697,256.42297,0
1974-05-14T15:08:52.000Z,256.13647,256.42347,0
1974-05-14T16:06:46.000Z,256.09699,256.38299,0
1974-05-14T17:04:39.000Z,256.13697,256.42297,0
1974-05-14T18:02:32.000Z,256.13697,256.42297,0
1974-05-14T19:00:42.000Z,256.13697,256.42297,0
1974-05-14T19:58:36.000Z,256.13697,256.42297,0
1974-05-14T20:56:29.000Z,256.06696,256.35296,0
1974-05-14T21:54:22.000Z,256.13697,256.42297,0
1974-05-14T22:52:32.000Z,256.13697,256.42297,0
1974-05-14T23:50:26.000Z,256.13697,256.42297,0
1974-05-15T00:04:54.000Z,256.1665,256.4535,0
1974-05-15T01:02:47.000Z,256.09699,256.38299,0
1974-05-15T02:00:57.000Z,256.13697,256.42297,0
1974-05-15T02:58:51.000Z,256.167,256.453,0
1974-05-15T03:56:44.000Z,256.12696,256.41296,0
1974-05-15T04:54:37.000Z,256.12696,256.41296,0
1974-05-15T05:52:47.000Z,256.12696,256.41296,0
1974-05-15T06:50:41.000Z,256.12696,256.41296,0
1974-05-15T07:48:34.000Z,256.12696,256.41296,0
1974-05-15T08:46:27.000Z,256.12696,256.41296,0
1974-05-15T09:44:37.000Z,256.09699,256.38299,0
1974-05-15T10:42:31.000Z,256.12696,256.41296,0
1974-05-15T11:40:24.000Z,256.167,256.453,0
1974-05-15T12:23:49.000Z,256.18696,256.47296,0
1974-05-15T13:21:59.000Z,256.12696,256.41296,0
1974-05-15T14:19:52.000Z,256.12696,256.41296,0
1974-05-15T15:17:46.000Z,256.12696,256.41296,0
1974-05-15T16:15:39.000Z,256.167,256.453,0
1974-05-15T17:13:49.000Z,256.12696,256.41296,0
1974-05-15T18:11:42.000Z,256.12696,256.41296,0
1974-05-15T19:09:36.000Z,256.12696,256.41296,0
1974-05-15T20:07:29.000Z,256.12696,256.41296,0
1974-05-15T20:43:15.000Z,256.12696,256.41296,0
1974-05-15T21:41:42.000Z,256.12696,256.41296,0
1974-05-15T22:39:51.000Z,256.12696,256.41296,0
1974-05-15T23:08:48.000Z,256.12696,256.41296,0
1974-05-16T00:06:41.000Z,256.12696,256.41296,0
1974-05-16T01:04:35.000Z,256.12696,256.41296,0
1974-05-16T02:02:45.000Z,256.12696,256.41296,0
1974-05-16T04:13:49.000Z,256.15699,256.44299,0
1974-05-16T04:57:30.000Z,256.12696,256.41296,0
1974-05-16T05:55:24.000Z,256.11695,256.40295,0
1974-05-16T06:53:17.000Z,256.15699,256.44299,0
1974-05-16T07:51:11.000Z,256.12696,256.41296,0
1974-05-16T08:49:20.000Z,256.107,256.393,0
1974-05-16T09:47:14.000Z,256.15699,256.44299,0
1974-05-16T10:45:07.000Z,256.11695,256.40295,0
1974-05-16T11:43:01.000Z,256.12696,256.41296,0
1974-05-16T12:41:10.000Z,256.12696,256.41296,0
1974-05-16T13:10:07.000Z,256.15699,256.44299,0
1974-05-16T13:24:36.000Z,256.07697,256.36297,0
1974-05-16T14:22:29.000Z,256.15699,256.44299,0
1974-05-16T15:20:22.000Z,256.15699,256.44299,0
1974-05-16T16:18:32.000Z,256.15699,256.44299,0
1974-05-16T17:16:26.000Z,256.11695,256.40295,0
1974-05-16T18:14:19.000Z,256.15699,256.44299,0
1974-05-16T19:12:12.000Z,256.14698,256.43298,0
1974-05-16T20:10:22.000Z,256.14698,256.43298,0
1974-05-16T21:08:16.000Z,256.11695,256.40295,0
1974-05-16T22:06:09.000Z,256.12696,256.41296,0
1974-05-16T23:04:19.000Z,256.11695,256.40295,0
1974-05-17T00:02:12.000Z,256.15699,256.44299,0
1974-05-17T01:00:06.000Z,256.14698,256.43298,0
1974-05-17T01:57:59.000Z,256.14698,256.43298,0
1974-05-17T03:10:37.000Z,256.14698,256.43298,0
1974-05-17T03:17:43.000Z,256.107,256.393,0
1974-05-17T04:15:37.000Z,256.14698,256.43298,0
1974-05-17T05:13:46.000Z,256.07697,256.36297,0
1974-05-17T06:11:40.000Z,256.14698,256.43298,0
1974-05-17T07:09:33.000Z,256.11695,256.40295,0
1974-05-17T08:07:27.000Z,256.107,256.393,0
1974-05-17T09:05:36.000Z,256.11695,256.40295,0
1974-05-17T10:03:30.000Z,256.107,256.393,0
1974-05-17T11:01:23.000Z,256.18696,256.47296,0
1974-05-17T11:59:33.000Z,256.107,256.393,0
1974-05-17T12:57:26.000Z,256.17695,256.46295,0
1974-05-17T13:55:20.000Z,256.107,256.393,0
1974-05-17T15:15:04.000Z,256.107,256.393,0
1974-05-17T16:12:57.000Z,256.14698,256.43298,0
1974-05-17T17:10:51.000Z,256.11695,256.40295,0
1974-05-17T18:09:00.000Z,256.11695,256.40295,0
1974-05-17T19:06:54.000Z,256.14698,256.43298,0
1974-05-17T20:04:47.000Z,256.107,256.393,0
1974-05-17T20:55:35.000Z,256.1075,256.3925,0
1974-05-17T21:02:41.000Z,256.14698,256.43298,0
1974-05-17T22:00:51.000Z,256.14698,256.43298,0
1974-05-17T22:58:44.000Z,256.14698,256.43298,0
1974-05-17T23:13:12.000Z,256.14698,256.43298,0
1974-05-17T23:49:31.000Z,256.14698,256.43298,0
1974-05-18T00:47:25.000Z,256.14748,256.43248,0
1974-05-18T01:45:18.000Z,256.14698,256.43298,0
1974-05-18T02:43:28.000Z,256.14698,256.43298,0
1974-05-18T03:41:21.000Z,256.1075,256.3925,0
1974-05-18T04:39:15.000Z,256.107,256.393,0
1974-05-18T05:37:08.000Z,256.14748,256.43248,0
1974-05-18T06:35:18.000Z,256.1075,256.3925,0
1974-05-18T07:33:11.000Z,256.14748,256.43248,0
1974-05-18T08:31:05.000Z,256.09749,256.38249,0
1974-05-18T09:28:58.000Z,256.13747,256.42247,0
1974-05-18T10:27:08.000Z,256.1075,256.3925,0
1974-05-18T11:25:01.000Z,256.14748,256.43248,0
1974-05-18T12:22:55.000Z,256.1075,256.3925,0
1974-05-18T13:20:48.000Z,256.14748,256.43248,0
1974-05-18T14:18:58.000Z,256.1075,256.3925,0
1974-05-18T15:16:51.000Z,256.1075,256.3925,0
1974-05-18T16:14:45.000Z,256.1075,256.3925,0
1974-05-18T17:12:38.000Z,256.13747,256.42247,0
1974-05-18T18:10:48.000Z,256.09749,256.38249,0
1974-05-18T19:08:41.000Z,256.1075,256.3925,0
1974-05-18T20:06:35.000Z,256.1075,256.3925,0
1974-05-18T21:04:28.000Z,256.20748,256.49248,0
1974-05-18T22:02:38.000Z,256.13747,256.42247,0
1974-05-18T23:00:31.000Z,256.13747,256.42247,0
1974-05-19T00:05:47.000Z,256.1075,256.3925,0
1974-05-19T01:03:41.000Z,256.1075,256.3925,0
1974-05-19T02:01:34.000Z,256.13747,256.42247,0
1974-05-19T02:59:44.000Z,256.1075,256.3925,0
1974-05-19T03:57:37.000Z,256.1075,256.3925,0
1974-05-19T04:55:31.000Z,256.13747,256.42247,0
1974-05-19T05:53:24.000Z,256.17745,256.46245,0
1974-05-19T06:51:34.000Z,256.13747,256.42247,0
1974-05-19T07:49:27.000Z,256.1075,256.3925,0
1974-05-19T08:47:21.000Z,256.1075,256.3925,0
1974-05-19T09:45:14.000Z,256.13747,256.42247,0
1974-05-19T10:43:24.000Z,256.1075,256.3925,0
1974-05-19T11:41:17.000Z,256.1075,256.3925,0
1974-05-19T12:39:11.000Z,256.13747,256.42247,0
1974-05-19T13:37:04.000Z,256.13747,256.42247,0
1974-05-19T14:35:14.000Z,256.14748,256.43248,0
1974-05-19T15:33:07.000Z,256.13747,256.42247,0
1974-05-19T16:31:01.000Z,256.1675,256.4525,0
1974-05-19T17:29:10.000Z,256.1675,256.4525,0
1974-05-19T18:27:04.000Z,256.1675,256.4525,0
1974-05-19T19:24:57.000Z,256.1675,256.4525,0
1974-05-19T20:22:51.000Z,256.12746,256.41246,0
1974-05-19T21:21:00.000Z,256.1675,256.4525,0
1974-05-19T22:18:54.000Z,256.1675,256.4525,0
1974-05-19T23:16:47.000Z,256.1075,256.3925,0
1974-05-20T00:14:41.000Z,256.13747,256.42247,0
1974-05-20T01:12:51.000Z,256.13747,256.42247,0
1974-05-20T02:10:44.000Z,256.12796,256.41196,0
1974-05-20T03:08:37.000Z,256.09749,256.38249,0
1974-05-20T04:06:31.000Z,256.13747,256.42247,0
1974-05-20T05:04:41.000Z,256.1675,256.4525,0
1974-05-20T06:02:34.000Z,256.1675,256.4525,0
1974-05-20T07:00:27.000Z,256.1675,256.4525,0
1974-05-20T07:58:21.000Z,256.12746,256.41246,0
1974-05-20T08:56:31.000Z,256.12746,256.41246,0
1974-05-20T10:01:30.000Z,256.12746,256.41246,0
1974-05-20T10:59:40.000Z,256.1675,256.4525,0
1974-05-20T11:57:33.000Z,256.1675,256.4525,0
1974-05-20T12:55:27.000Z,256.1675,256.4525,0
1974-05-20T13:53:36.000Z,256.12746,256.41246,0
1974-05-20T14:58:36.000Z,256.09799,256.38199,0
1974-05-20T15:48:34.000Z,256.12746,256.41246,0
1974-05-20T16:46:27.000Z,256.09799,256.38199,0
1974-05-20T17:44:21.000Z,256.13797,256.42197,0
1974-05-20T18:42:31.000Z,256.13797,256.42197,0
1974-05-20T19:40:24.000Z,256.168,256.452,0
1974-05-20T20:38:17.000Z,256.13797,256.42197,0
1974-05-20T21:36:11.000Z,256.168,256.452,0
1974-05-20T22:34:21.000Z,256.168,256.452,0
1974-05-20T23:32:14.000Z,256.168,256.452,0
1974-05-21T00:30:07.000Z,256.12746,256.41246,0
1974-05-21T01:28:01.000Z,256.168,256.452,0
1974-05-21T02:26:11.000Z,256.168,256.452,0
1974-05-21T03:24:04.000Z,256.12796,256.41196,0
1974-05-21T04:21:57.000Z,256.13797,256.42197,0
1974-05-21T05:19:51.000Z,256.13797,256.42197,0
1974-05-21T06:18:01.000Z,256.12796,256.41196,0
1974-05-21T07:15:54.000Z,256.15799,256.44199,0
1974-05-21T08:13:47.000Z,256.12796,256.41196,0
1974-05-21T09:11:41.000Z,256.13797,256.42197,0
1974-05-21T10:09:51.000Z,256.168,256.452,0
1974-05-21T11:07:44.000Z,256.13797,256.42197,0
1974-05-21T12:05:37.000Z,256.12796,256.41196,0
1974-05-21T13:03:47.000Z,256.13797,256.42197,0
1974-05-21T14:01:41.000Z,256.12796,256.41196,0
1974-05-21T14:59:34.000Z,256.12796,256.41196,0
1974-05-21T15:57:27.000Z,256.09799,256.38199,0
1974-05-21T16:55:37.000Z,256.12796,256.41196,0
1974-05-21T17:53:31.000Z,256.09799,256.38199,0
1974-05-21T18:51:24.000Z,256.15799,256.44199,0
1974-05-21T19:49:18.000Z,256.168,256.452,0
1974-05-21T20:47:27.000Z,256.12796,256.41196,0
1974-05-21T21:45:21.000Z,256.12796,256.41196,0
1974-05-21T22:43:14.000Z,256.12796,256.41196,0
1974-05-21T23:41:08.000Z,256.15799,256.44199,0
1974-05-22T00:39:17.000Z,256.12796,256.41196,0
1974-05-22T01:37:11.000Z,256.12796,256.41196,0
1974-05-22T02:13:30.000Z,256.09799,256.38199,0
1974-05-22T03:11:23.000Z,256.12796,256.41196,0
1974-05-22T04:09:17.000Z,256.12796,256.41196,0
1974-05-22T05:07:10.000Z,256.168,256.452,0
1974-05-22T06:05:20.000Z,256.12796,256.41196,0
1974-05-22T07:03:13.000Z,256.09799,256.38199,0
1974-05-22T08:01:07.000Z,256.09799,256.38199,0
1974-05-22T08:59:00.000Z,256.12796,256.41196,0
1974-05-22T09:35:19.000Z,256.19797,256.48197,0
1974-05-22T10:33:13.000Z,256.12796,256.41196,0
1974-05-22T11:31:22.000Z,256.12796,256.41196,0
1974-05-22T12:29:16.000Z,256.15799,256.44199,0
1974-05-22T13:27:09.000Z,256.12846,256.41146,0
1974-05-22T14:25:03.000Z,256.168,256.452,0
1974-05-22T15:21:18.000Z,256.15799,256.44199,0
1974-05-22T16:19:11.000Z,256.13797,256.42197,0
1974-05-22T17:17:21.000Z,256.108,256.392,0
1974-05-22T18:15:14.000Z,256.13797,256.42197,0
1974-05-22T19:13:08.000Z,256.13797,256.42197,0
1974-05-22T20:11:01.000Z,256.13797,256.42197,0
1974-05-22T21:09:11.000Z,256.12796,256.41196,0
1974-05-22T22:07:04.000Z,256.108,256.392,0
1974-05-22T23:04:58.000Z,256.13797,256.42197,0
1974-05-23T00:02:51.000Z,256.13847,256.42147,0
1974-05-23T01:01:01.000Z,256.168,256.452,0
1974-05-23T01:58:54.000Z,256.12796,256.41196,0
1974-05-23T02:56:48.000Z,256.1685,256.4515,0
1974-05-23T03:54:41.000Z,256.12846,256.41146,0
1974-05-23T04:52:51.000Z,256.12846,256.41146,0
1974-05-23T05:50:44.000Z,256.168,256.452,0
1974-05-23T06:48:38.000Z,256.13797,256.42197,0
1974-05-23T07:46:31.000Z,256.1685,256.4515,0
1974-05-23T08:44:41.000Z,256.15849,256.44149,0
1974-05-23T09:06:15.000Z,256.12846,256.41146,0
1974-05-23T10:04:25.000Z,256.15849,256.44149,0
1974-05-23T11:02:18.000Z,256.09849,256.38149,0
1974-05-23T12:00:12.000Z,256.12846,256.41146,0
1974-05-23T12:58:05.000Z,256.09849,256.38149,0
1974-05-23T13:56:15.000Z,256.12846,256.41146,0
1974-05-23T14:54:08.000Z,256.15849,256.44149,0
1974-05-23T15:52:02.000Z,256.12846,256.41146,0
1974-05-23T16:49:55.000Z,256.12846,256.41146,0
1974-05-23T17:26:14.000Z,256.15849,256.44149,0
1974-05-23T17:55:11.000Z,256.12846,256.41146,0
1974-05-23T18:53:04.000Z,256.15849,256.44149,0
1974-05-23T19:51:14.000Z,256.15849,256.44149,0
1974-05-23T20:49:08.000Z,256.15849,256.44149,0
1974-05-23T21:18:04.000Z,256.15849,256.44149,0
1974-05-23T22:37:48.000Z,256.15849,256.44149,0
1974-05-23T23:35:42.000Z,256.12846,256.41146,0
1974-05-24T00:33:52.000Z,256.15849,256.44149,0
1974-05-24T01:31:45.000Z,256.12846,256.41146,0
1974-05-24T02:29:39.000Z,256.09849,256.38149,0
1974-05-24T03:27:32.000Z,256.15849,256.44149,0
1974-05-24T04:25:42.000Z,256.12846,256.41146,0
1974-05-24T05:23:35.000Z,256.12846,256.41146,0
1974-05-24T06:21:29.000Z,256.15849,256.44149,0
1974-05-24T07:19:22.000Z,256.15849,256.44149,0
1974-05-24T08:17:32.000Z,256.15849,256.44149,0
1974-05-24T09:15:25.000Z,256.12846,256.41146,0
1974-05-24T10:13:19.000Z,256.12846,256.41146,0
1974-05-24T11:11:12.000Z,256.12846,256.41146,0
1974-05-24T12:09:22.000Z,256.09849,256.38149,0
1974-05-24T13:07:15.000Z,256.12846,256.41146,0
1974-05-24T14:05:09.000Z,256.15849,256.44149,0
1974-05-24T14:48:34.000Z,256.15849,256.44149,0
1974-05-24T15:32:15.000Z,256.12846,256.41146,0
1974-05-24T16:30:08.000Z,256.12846,256.41146,0
1974-05-24T17:28:02.000Z,256.12846,256.41146,0
1974-05-24T18:25:55.000Z,256.12846,256.41146,0
1974-05-24T19:24:05.000Z,256.12846,256.41146,0
1974-05-24T20:21:58.000Z,256.12846,256.41146,0
1974-05-24T21:19:52.000Z,256.12846,256.41146,0
1974-05-24T22:17:45.000Z,256.12846,256.41146,0
1974-05-24T23:15:55.000Z,256.12846,256.41146,0
1974-05-25T00:13:48.000Z,256.12846,256.41146,0
1974-05-25T01:11:42.000Z,256.12846,256.41146,0
1974-05-25T02:09:35.000Z,256.12896,256.41096,0
1974-05-25T03:07:45.000Z,256.15849,256.44149,0
1974-05-25T04:05:39.000Z,256.12846,256.41146,0
1974-05-25T05:03:32.000Z,256.12896,256.41096,0
1974-05-25T06:01:25.000Z,256.12846,256.41146,0
1974-05-25T06:59:35.000Z,256.15849,256.44149,0
1974-05-25T07:57:29.000Z,256.12896,256.41096,0
1974-05-25T08:55:22.000Z,256.12846,256.41146,0
1974-05-25T09:53:32.000Z,256.09899,256.38099,0
1974-05-25T10:51:25.000Z,256.15849,256.44149,0
1974-05-25T11:49:19.000Z,256.12846,256.41146,0
1974-05-25T12:47:12.000Z,256.08848,256.37148,0
1974-05-25T13:45:22.000Z,256.12846,256.41146,0
1974-05-25T14:43:15.000Z,256.15849,256.44149,0
1974-05-25T15:41:09.000Z,256.12846,256.41146,0
1974-05-25T16:39:02.000Z,256.12896,256.41096,0
1974-05-25T17:37:12.000Z,256.12846,256.41146,0
1974-05-25T17:51:40.000Z,256.12896,256.41096,0
1974-05-25T18:49:34.000Z,256.15899,256.44099,0
1974-05-25T19:47:27.000Z,256.15849,256.44149,0
1974-05-25T20:45:20.000Z,256.12846,256.41146,0
1974-05-25T21:43:30.000Z,256.15849,256.44149,0
1974-05-25T22:41:24.000Z,256.12896,256.41096,0
1974-05-25T23:39:17.000Z,256.11895,256.40095,0
1974-05-26T00:37:27.000Z,256.12896,256.41096,0
1974-05-26T01:35:20.000Z,256.12896,256.41096,0
1974-05-26T02:33:14.000Z,256.12896,256.41096,0
1974-05-26T03:31:07.000Z,256.11895,256.40095,0
1974-05-26T04:29:17.000Z,256.12896,256.41096,0
1974-05-26T05:27:10.000Z,256.11845,256.40145,0
1974-05-26T06:25:04.000Z,256.169,256.451,0
1974-05-26T07:22:57.000Z,256.17895,256.46095,0
1974-05-26T08:21:07.000Z,256.15899,256.44099,0
1974-05-26T09:19:00.000Z,256.13897,256.42097,0
1974-05-26T10:16:54.000Z,256.15899,256.44099,0
1974-05-26T11:14:47.000Z,256.17895,256.46095,0
1974-05-26T12:12:57.000Z,256.11895,256.40095,0
1974-05-26T13:10:50.000Z,256.12896,256.41096,0
1974-05-26T14:08:44.000Z,256.17895,256.46095,0
1974-05-26T15:06:37.000Z,256.14898,256.43098,0
1974-05-26T16:04:47.000Z,256.13897,256.42097,0
1974-05-26T17:02:40.000Z,256.14898,256.43098,0
1974-05-26T18:00:34.000Z,256.14898,256.43098,0
1974-05-26T18:58:27.000Z,256.15899,256.44099,0
1974-05-26T19:49:14.000Z,256.11895,256.40095,0
1974-05-26T20:25:34.000Z,256.08898,256.37098,0
1974-05-26T20:47:08.000Z,256.09899,256.38099,0
1974-05-26T21:16:21.000Z,256.09899,256.38099,0
1974-05-26T22:14:14.000Z,256.13897,256.42097,0
1974-05-26T23:12:08.000Z,256.13897,256.42097,0
1974-05-27T00:02:55.000Z,256.13897,256.42097,0
1974-05-27T01:00:49.000Z,256.13897,256.42097,0
1974-05-27T01:58:42.000Z,256.109,256.391,0
1974-05-27T02:56:52.000Z,256.109,256.391,0
1974-05-27T03:54:45.000Z,256.13897,256.42097,0
1974-05-27T04:52:39.000Z,256.17895,256.46095,0
1974-05-27T05:50:32.000Z,256.17945,256.46045,0
1974-05-27T06:48:42.000Z,256.109,256.391,0
1974-05-27T07:46:35.000Z,256.1095,256.3905,0
1974-05-27T08:44:29.000Z,256.109,256.391,0
1974-05-27T09:42:38.000Z,256.109,256.391,0
1974-05-27T10:40:32.000Z,256.14898,256.43098,0
1974-05-27T11:38:25.000Z,256.14898,256.43098,0
1974-05-27T12:36:19.000Z,256.1095,256.3905,0
1974-05-27T13:34:28.000Z,256.14898,256.43098,0
1974-05-27T14:50:23.000Z,256.14948,256.43048,0
1974-05-27T15:48:17.000Z,256.14948,256.43048,0
1974-05-27T16:46:26.000Z,256.11945,256.40045,0
1974-05-27T17:44:20.000Z,256.11945,256.40045,0
1974-05-27T18:42:13.000Z,256.14948,256.43048,0
1974-05-27T19:40:07.000Z,256.14948,256.43048,0
1974-05-27T20:38:16.000Z,256.14948,256.43048,0
1974-05-27T21:36:10.000Z,256.14948,256.43048,0
1974-05-27T21:50:38.000Z,256.17945,256.46045,0
1974-05-27T22:12:29.000Z,256.14948,256.43048,0
1974-05-27T22:41:26.000Z,256.11945,256.40045,0
1974-05-27T23:39:19.000Z,256.11945,256.40045,0
1974-05-28T00:37:12.000Z,256.11945,256.40045,0
1974-05-28T01:35:22.000Z,256.17945,256.46045,0
1974-05-28T02:33:16.000Z,256.11945,256.40045,0
1974-05-28T03:31:09.000Z,256.15949,256.44049,0
1974-05-28T04:29:02.000Z,256.12946,256.41046,0
1974-05-28T05:27:12.000Z,256.12946,256.41046,0
1974-05-28T06:25:06.000Z,256.15949,256.44049,0
1974-05-28T07:22:59.000Z,256.12946,256.41046,0
1974-05-28T08:20:52.000Z,256.12946,256.41046,0
1974-05-28T09:19:02.000Z,256.15949,256.44049,0
1974-05-28T10:16:56.000Z,256.11945,256.40045,0
1974-05-28T11:14:49.000Z,256.19947,256.48047,0
1974-05-28T12:12:42.000Z,256.11945,256.40045,0
1974-05-28T13:10:52.000Z,256.14948,256.43048,0
1974-05-28T14:08:46.000Z,256.11945,256.40045,0
1974-05-28T15:06:39.000Z,256.11945,256.40045,0
1974-05-28T16:04:49.000Z,256.14948,256.43048,0
1974-05-28T17:02:42.000Z,256.11945,256.40045,0
1974-05-28T18:00:36.000Z,256.14948,256.43048,0
1974-05-28T18:58:29.000Z,256.14948,256.43048,0
1974-05-28T19:56:39.000Z,256.11945,256.40045,0
1974-05-28T20:54:32.000Z,256.11945,256.40045,0
1974-05-28T21:52:26.000Z,256.08948,256.37048,0
1974-05-28T22:50:19.000Z,256.14948,256.43048,0
1974-05-28T23:48:29.000Z,256.11945,256.40045,0
1974-05-29T00:46:22.000Z,256.11945,256.40045,0
1974-05-29T01:44:16.000Z,256.11945,256.40045,0
1974-05-29T02:42:09.000Z,256.11995,256.39995,0
1974-05-29T03:40:19.000Z,256.14998,256.42998,0
1974-05-29T04:38:12.000Z,256.14998,256.42998,0
1974-05-29T05:36:06.000Z,256.14998,256.42998,0
1974-05-29T06:33:59.000Z,256.11995,256.39995,0
1974-05-29T07:32:09.000Z,256.15999,256.43999,0
1974-05-29T08:30:02.000Z,256.11995,256.39995,0
1974-05-29T09:27:56.000Z,256.11945,256.40045,0
1974-05-29T10:26:06.000Z,256.11995,256.39995,0
1974-05-29T11:31:05.000Z,256.11995,256.39995,0
1974-05-29T12:29:15.000Z,256.14998,256.42998,0
1974-05-29T13:27:08.000Z,256.11995,256.39995,0
1974-05-29T14:25:02.000Z,256.11995,256.39995,0
1974-05-29T15:22:55.000Z,256.15949,256.44049,0
1974-05-29T16:21:05.000Z,256.11995,256.39995,0
1974-05-29T17:18:58.000Z,256.11995,256.39995,0
1974-05-29T18:16:52.000Z,256.15999,256.43999,0
1974-05-29T19:14:45.000Z,256.11995,256.39995,0
1974-05-29T20:02:49.000Z,256.11995,256.39995,0
1974-05-29T21:00:42.000Z,256.11995,256.39995,0
1974-05-29T22:13:20.000Z,256.08998,256.36998,0
1974-05-29T23:11:13.000Z,256.15999,256.43999,0
1974-05-30T00:09:07.000Z,256.15949,256.44049,0
1974-05-30T01:07:17.000Z,256.11945,256.40045,0
1974-05-30T02:05:10.000Z,256.11995,256.39995,0
1974-05-30T03:03:03.000Z,256.11995,256.39995,0
1974-05-30T04:00:57.000Z,256.11995,256.39995,0
1974-05-30T04:59:07.000Z,256.11995,256.39995,0
1974-05-30T05:57:00.000Z,256.14998,256.42998,0
1974-05-30T06:54:54.000Z,256.14998,256.42998,0
1974-05-30T07:52:47.000Z,256.14998,256.42998,0
1974-05-30T08:50:57.000Z,256.14998,256.42998,0
1974-05-30T09:48:50.000Z,256.14998,256.42998,0
1974-05-30T10:46:44.000Z,256.14998,256.42998,0
1974-05-30T11:44:53.000Z,256.08998,256.36998,0
1974-05-30T12:49:53.000Z,256.11995,256.39995,0
1974-05-30T13:55:08.000Z,256.11995,256.39995,0
1974-05-30T14:53:02.000Z,256.11995,256.39995,0
1974-05-30T15:51:12.000Z,256.14998,256.42998,0
1974-05-30T16:49:05.000Z,256.14998,256.42998,0
1974-05-30T17:46:59.000Z,256.11995,256.39995,0
1974-05-30T18:44:52.000Z,256.14998,256.42998,0
1974-05-30T19:43:02.000Z,256.11995,256.39995,0
1974-05-30T22:44:04.000Z,256.18996,256.46996,0
1974-05-30T23:41:58.000Z,256.15048,256.42948,0
1974-05-31T00:03:48.000Z,256.14998,256.42998,0
1974-05-31T01:01:42.000Z,256.14998,256.42998,0
1974-05-31T01:59:35.000Z,256.14998,256.42998,0
1974-05-31T02:57:45.000Z,256.12045,256.39945,0
1974-05-31T04:31:58.000Z,256.14998,256.42998,0
1974-05-31T05:18:06.000Z,256.18996,256.46996,0
1974-05-31T05:54:09.000Z,256.12045,256.39945,0
1974-05-31T06:08:54.000Z,256.15048,256.42948,0
1974-05-31T07:06:47.000Z,256.15048,256.42948,0
1974-05-31T08:04:41.000Z,256.15048,256.42948,0
1974-05-31T09:02:34.000Z,256.12045,256.39945,0
1974-05-31T10:00:44.000Z,256.19046,256.46946,0
1974-05-31T10:58:37.000Z,256.15048,256.42948,0
1974-05-31T11:56:31.000Z,256.14998,256.42998,0
1974-05-31T12:54:24.000Z,256.15048,256.42948,0
1974-05-31T13:52:34.000Z,256.15048,256.42948,0
1974-05-31T14:50:27.000Z,256.14998,256.42998,0
1974-05-31T15:48:21.000Z,256.19046,256.46946,0
1974-05-31T16:46:14.000Z,256.15048,256.42948,0
1974-05-31T17:44:24.000Z,256.12045,256.39945,0
1974-05-31T18:42:17.000Z,256.15048,256.42948,0
1974-05-31T19:40:11.000Z,256.15048,256.42948,0
1974-05-31T20:38:20.000Z,256.15048,256.42948,0
1974-05-31T21:36:14.000Z,256.19046,256.46946,0
1974-05-31T22:34:07.000Z,256.15048,256.42948,0
1974-05-31T23:32:01.000Z,256.18045,256.45945,0
1974-06-01T00:22:48.000Z,256.22049,256.49949,0
1974-06-01T01:20:42.000Z,256.15048,256.42948,0
1974-06-01T02:18:51.000Z,256.18045,256.45945,0
1974-06-01T03:16:45.000Z,256.15048,256.42948,0
1974-06-01T04:14:38.000Z,256.18045,256.45945,0
1974-06-01T05:12:32.000Z,256.19046,256.46946,0
1974-06-01T06:10:41.000Z,256.22049,256.49949,0
1974-06-01T06:32:16.000Z,256.15048,256.42948,0
1974-06-01T07:30:25.000Z,256.18045,256.45945,0
1974-06-01T08:28:19.000Z,256.15048,256.42948,0
1974-06-01T09:26:12.000Z,256.15048,256.42948,0
1974-06-01T10:24:06.000Z,256.15048,256.42948,0
1974-06-01T11:22:15.000Z,256.18045,256.45945,0
1974-06-01T12:20:09.000Z,256.15048,256.42948,0
1974-06-01T13:03:34.000Z,256.19046,256.46946,0
1974-06-01T14:01:27.000Z,256.12045,256.39945,0
1974-06-01T14:59:37.000Z,256.19046,256.46946,0
1974-06-01T15:57:31.000Z,256.19046,256.46946,0
1974-06-01T16:55:24.000Z,256.18045,256.45945,0
1974-06-01T17:53:17.000Z,256.22049,256.49949,0
1974-06-01T18:51:27.000Z,256.19046,256.46946,0
1974-06-01T19:49:21.000Z,256.22049,256.49949,0
1974-06-01T20:47:14.000Z,256.19046,256.46946,0
1974-06-01T21:45:07.000Z,256.19046,256.46946,0
1974-06-01T22:43:17.000Z,256.19046,256.46946,0
1974-06-01T23:41:11.000Z,256.19046,256.46946,0
1974-06-02T00:39:04.000Z,256.19046,256.46946,0
1974-06-02T01:37:14.000Z,256.15048,256.42948,0
1974-06-02T02:35:07.000Z,256.22049,256.49949,0
1974-06-02T02:56:42.000Z,256.12045,256.39945,0
1974-06-02T03:54:51.000Z,256.19046,256.46946,0
1974-06-02T04:52:45.000Z,256.16049,256.43949,0
1974-06-02T05:50:38.000Z,256.16049,256.43949,0
1974-06-02T06:48:32.000Z,256.16049,256.43949,0
1974-06-02T07:24:51.000Z,256.16049,256.43949,0
1974-06-02T08:22:44.000Z,256.19046,256.46946,0
1974-06-02T09:20:54.000Z,256.19046,256.46946,0
1974-06-02T10:18:47.000Z,256.16099,256.43899,0
1974-06-02T11:16:41.000Z,256.19046,256.46946,0
1974-06-02T12:14:34.000Z,256.22049,256.49949,0
1974-06-02T12:36:25.000Z,256.16049,256.43949,0
1974-06-02T13:34:18.000Z,256.19046,256.46946,0
1974-06-02T14:32:28.000Z,256.15048,256.42948,0
1974-06-02T15:30:21.000Z,256.16049,256.43949,0
1974-06-02T16:28:15.000Z,256.19046,256.46946,0
1974-06-02T16:50:06.000Z,256.19046,256.46946,0
1974-06-02T17:19:02.000Z,256.19046,256.46946,0
1974-06-02T18:16:56.000Z,256.20047,256.47947,0
1974-06-02T19:14:49.000Z,256.19096,256.46896,0
1974-06-02T20:12:59.000Z,256.19096,256.46896,0
1974-06-02T21:10:52.000Z,256.19046,256.46946,0
1974-06-02T22:08:46.000Z,256.15098,256.42898,0
1974-06-02T23:06:39.000Z,256.19096,256.46896,0
1974-06-03T00:04:49.000Z,256.15098,256.42898,0
1974-06-03T01:02:42.000Z,256.15098,256.42898,0
1974-06-03T02:00:36.000Z,256.19046,256.46946,0
1974-06-03T02:58:45.000Z,256.18095,256.45895,0
1974-06-03T03:56:39.000Z,256.16099,256.43899,0
1974-06-03T04:54:32.000Z,256.12095,256.39895,0
1974-06-03T05:52:26.000Z,256.19046,256.46946,0
1974-06-03T06:50:35.000Z,256.15098,256.42898,0
1974-06-03T07:48:29.000Z,256.15098,256.42898,0
1974-06-03T08:46:22.000Z,256.19096,256.46896,0
1974-06-03T09:44:16.000Z,256.15098,256.42898,0
1974-06-03T10:42:25.000Z,256.15098,256.42898,0
1974-06-03T11:40:19.000Z,256.19096,256.46896,0
1974-06-03T12:38:12.000Z,256.19046,256.46946,0
1974-06-03T13:36:06.000Z,256.16099,256.43899,0
1974-06-03T14:34:15.000Z,256.20097,256.47897,0
1974-06-03T15:37:37.000Z,256.16099,256.43899,0
1974-06-03T16:35:30.000Z,256.15098,256.42898,0
1974-06-03T17:33:23.000Z,256.19096,256.46896,0
1974-06-03T18:31:33.000Z,256.19096,256.46896,0
1974-06-03T19:29:27.000Z,256.20097,256.47897,0
1974-06-03T20:05:46.000Z,256.16099,256.43899,0
1974-06-03T21:03:39.000Z,256.16099,256.43899,0
1974-06-03T22:01:32.000Z,256.171,256.449,0
1974-06-03T22:59:26.000Z,256.12095,256.39895,0
1974-06-04T00:04:42.000Z,256.16099,256.43899,0
1974-06-04T01:02:51.000Z,256.12095,256.39895,0
1974-06-04T02:00:45.000Z,256.13096,256.40896,0
1974-06-04T02:58:38.000Z,256.15098,256.42898,0
1974-06-04T03:56:32.000Z,256.20097,256.47897,0
1974-06-04T04:54:41.000Z,256.171,256.449,0
1974-06-04T05:52:35.000Z,256.20097,256.47897,0
1974-06-04T06:50:28.000Z,256.231,256.509,0
1974-06-04T07:48:22.000Z,256.16099,256.43899,0
1974-06-04T08:46:31.000Z,256.20097,256.47897,0
1974-06-04T09:44:25.000Z,256.16099,256.43899,0
1974-06-04T10:42:18.000Z,256.16099,256.43899,0
1974-06-04T11:40:12.000Z,256.16099,256.43899,0
1974-06-04T12:38:22.000Z,256.12095,256.39895,0
1974-06-04T13:36:15.000Z,256.16099,256.43899,0
1974-06-04T14:34:08.000Z,256.15098,256.42898,0
1974-06-04T15:32:18.000Z,256.16149,256.43849,0
1974-06-04T16:08:21.000Z,256.16099,256.43899,0
1974-06-04T16:15:43.000Z,256.12145,256.39845,0
1974-06-04T17:13:37.000Z,256.19096,256.46896,0
1974-06-04T18:11:30.000Z,256.16149,256.43849,0
1974-06-04T19:09:40.000Z,256.19096,256.46896,0
1974-06-05T01:17:13.000Z,256.15148,256.42848,0
1974-06-05T02:15:06.000Z,256.13146,256.40846,0
1974-06-05T02:36:57.000Z,256.12145,256.39845,0
1974-06-05T03:34:50.000Z,256.1715,256.4485,0
1974-06-05T04:33:00.000Z,256.14147,256.41847,0
1974-06-05T05:30:53.000Z,256.15148,256.42848,0
1974-06-05T06:28:47.000Z,256.15148,256.42848,0
1974-06-05T07:26:40.000Z,256.10149,256.37849,0
1974-06-05T08:24:50.000Z,256.1715,256.4485,0
1974-06-05T09:22:43.000Z,256.13146,256.40846,0
1974-06-05T10:20:37.000Z,256.1715,256.4485,0
1974-06-05T11:18:30.000Z,256.1715,256.4485,0
1974-06-05T12:16:40.000Z,256.14147,256.41847,0
1974-06-05T13:14:33.000Z,256.13146,256.40846,0
1974-06-05T14:12:27.000Z,256.18145,256.45845,0
1974-06-05T15:07:36.000Z,256.1715,256.4485,0
1974-06-05T16:05:46.000Z,256.14147,256.41847,0
1974-06-05T17:03:40.000Z,256.1715,256.4485,0
1974-06-05T18:01:33.000Z,256.1715,256.4485,0
1974-06-05T18:59:43.000Z,256.14147,256.41847,0
1974-06-05T19:57:36.000Z,256.18145,256.45845,0
1974-06-05T20:55:30.000Z,256.10149,256.37849,0
1974-06-05T21:53:23.000Z,256.1715,256.4485,0
1974-06-05T22:51:33.000Z,256.14147,256.41847,0
1974-06-05T23:49:26.000Z,256.14147,256.41847,0
1974-06-06T00:47:20.000Z,256.1715,256.4485,0
1974-06-06T01:45:13.000Z,256.10149,256.37849,0
1974-06-06T02:43:23.000Z,256.1715,256.4485,0
1974-06-06T03:41:16.000Z,256.13146,256.40846,0
1974-06-06T04:39:10.000Z,256.16149,256.43849,0
1974-06-06T05:37:03.000Z,256.13146,256.40846,0
1974-06-06T06:35:13.000Z,256.14147,256.41847,0
1974-06-06T07:33:06.000Z,256.16149,256.43849,0
1974-06-06T08:31:00.000Z,256.13146,256.40846,0
1974-06-06T08:38:22.000Z,256.16149,256.43849,0
1974-06-06T09:36:15.000Z,256.13146,256.40846,0
1974-06-06T10:34:09.000Z,256.13146,256.40846,0
1974-06-06T11:32:19.000Z,256.13146,256.40846,0
1974-06-06T12:30:12.000Z,256.10149,256.37849,0
1974-06-06T13:28:05.000Z,256.13146,256.40846,0
1974-06-06T14:25:59.000Z,256.13146,256.40846,0
1974-06-06T15:24:09.000Z,256.13196,256.40796,0
1974-06-06T16:22:02.000Z,256.13146,256.40846,0
1974-06-06T17:19:55.000Z,256.13196,256.40796,0
1974-06-06T18:17:49.000Z,256.13196,256.40796,0
1974-06-06T19:15:59.000Z,256.16199,256.43799,0
1974-06-06T20:13:52.000Z,256.13146,256.40846,0
1974-06-06T21:11:45.000Z,256.13196,256.40796,0
1974-06-06T22:09:55.000Z,256.16199,256.43799,0
1974-06-06T23:07:49.000Z,256.16199,256.43799,0
1974-06-07T00:05:42.000Z,256.16199,256.43799,0
1974-06-07T01:03:35.000Z,256.19196,256.46796,0
1974-06-07T02:01:45.000Z,256.16199,256.43799,0
1974-06-07T02:59:39.000Z,256.16199,256.43799,0
1974-06-07T03:57:32.000Z,256.12195,256.39795,0
1974-06-07T04:55:26.000Z,256.16199,256.43799,0
1974-06-07T05:53:35.000Z,256.16199,256.43799,0
1974-06-07T06:51:29.000Z,256.16199,256.43799,0
1974-06-07T07:49:22.000Z,256.16199,256.43799,0
1974-06-07T08:47:16.000Z,256.16199,256.43799,0
1974-06-07T09:45:25.000Z,256.16199,256.43799,0
1974-06-07T10:43:19.000Z,256.12195,256.39795,0
1974-06-07T11:41:12.000Z,256.16199,256.43799,0
1974-06-07T12:39:06.000Z,256.12195,256.39795,0
1974-06-07T13:37:15.000Z,256.16199,256.43799,0
1974-06-07T14:35:09.000Z,256.12195,256.39795,0
1974-06-07T15:30:18.000Z,256.16199,256.43799,0
1974-06-07T16:14:00.000Z,256.16199,256.43799,0
1974-06-07T17:11:53.000Z,256.16199,256.43799,0
1974-06-07T18:09:47.000Z,256.12195,256.39795,0
1974-06-07T19:07:40.000Z,256.12195,256.39795,0
1974-06-07T20:05:50.000Z,256.16199,256.43799,0
1974-06-07T21:03:43.000Z,256.12195,256.39795,0
1974-06-07T22:01:37.000Z,256.12195,256.39795,0
1974-06-07T22:59:30.000Z,256.16199,256.43799,0
1974-06-08T00:04:46.000Z,256.12195,256.39795,0
1974-06-08T01:02:39.000Z,256.16199,256.43799,0
1974-06-08T02:00:49.000Z,256.12195,256.39795,0
1974-06-08T02:58:42.000Z,256.12195,256.39795,0
1974-06-08T03:56:36.000Z,256.12195,256.39795,0
1974-06-08T04:54:29.000Z,256.12195,256.39795,0
1974-06-08T05:52:39.000Z,256.15198,256.42798,0
1974-06-08T06:50:32.000Z,256.12195,256.39795,0
1974-06-08T07:48:26.000Z,256.14197,256.41797,0
1974-06-08T08:46:36.000Z,256.15198,256.42798,0
1974-06-08T09:44:29.000Z,256.10199,256.37799,0
1974-06-08T10:42:22.000Z,256.172,256.448,0
1974-06-08T11:40:16.000Z,256.16199,256.43799,0
1974-06-08T12:38:26.000Z,256.16199,256.43799,0
1974-06-08T13:36:19.000Z,256.16249,256.43749,0
1974-06-08T14:34:12.000Z,256.12195,256.39795,0
1974-06-08T15:32:06.000Z,256.12245,256.39745,0
1974-06-08T16:30:16.000Z,256.16199,256.43799,0
1974-06-08T17:28:09.000Z,256.16199,256.43799,0
1974-06-08T18:26:02.000Z,256.16199,256.43799,0
1974-06-08T19:23:56.000Z,256.16249,256.43749,0
1974-06-08T20:22:06.000Z,256.20247,256.47747,0
1974-06-08T21:19:59.000Z,256.16249,256.43749,0
1974-06-08T22:17:52.000Z,256.12195,256.39795,0
1974-06-08T23:15:46.000Z,256.13246,256.40746,0
1974-06-09T00:13:56.000Z,256.16249,256.43749,0
1974-06-09T01:11:49.000Z,256.12245,256.39745,0
1974-06-09T02:09:42.000Z,256.12245,256.39745,0
1974-06-09T03:07:52.000Z,256.15248,256.42748,0
1974-06-09T04:05:46.000Z,256.12245,256.39745,0
1974-06-09T05:03:39.000Z,256.15248,256.42748,0
1974-06-09T06:01:32.000Z,256.12245,256.39745,0
1974-06-09T06:59:42.000Z,256.12245,256.39745,0
1974-06-09T07:57:36.000Z,256.15248,256.42748,0
1974-06-09T08:55:29.000Z,256.1125,256.3875,0
1974-06-09T09:53:23.000Z,256.18245,256.45745,0
1974-06-09T10:51:32.000Z,256.14247,256.41747,0
1974-06-09T11:49:26.000Z,256.14247,256.41747,0
1974-06-09T12:47:19.000Z,256.14247,256.41747,0
1974-06-09T13:45:13.000Z,256.10249,256.37749,0
1974-06-09T14:43:22.000Z,256.15248,256.42748,0
1974-06-09T15:41:16.000Z,256.14247,256.41747,0
1974-06-09T16:24:41.000Z,256.1725,256.4475,0
1974-06-09T17:22:34.000Z,256.14247,256.41747,0
1974-06-09T18:27:50.000Z,256.16249,256.43749,0
1974-06-09T19:25:43.000Z,256.14247,256.41747,0
1974-06-09T20:23:53.000Z,256.14247,256.41747,0
1974-06-09T21:21:47.000Z,256.13246,256.40746,0
1974-06-09T22:19:40.000Z,256.1125,256.3875,0
1974-06-09T23:17:50.000Z,256.18245,256.45745,0
1974-06-10T00:15:43.000Z,256.14247,256.41747,0
1974-06-10T01:13:37.000Z,256.13246,256.40746,0
1974-06-10T02:11:30.000Z,256.19246,256.46746,0
1974-06-10T03:09:40.000Z,256.1125,256.3875,0
1974-06-10T04:07:33.000Z,256.14247,256.41747,0
1974-06-10T05:05:27.000Z,256.13246,256.40746,0
1974-06-10T06:03:20.000Z,256.10249,256.37749,0
1974-06-10T07:01:30.000Z,256.16249,256.43749,0
1974-06-10T07:59:23.000Z,256.16249,256.43749,0
1974-06-10T08:57:17.000Z,256.10249,256.37749,0
1974-06-10T09:55:10.000Z,256.16249,256.43749,0
1974-06-10T10:53:20.000Z,256.16249,256.43749,0
1974-06-10T11:51:13.000Z,256.16249,256.43749,0
1974-06-10T12:49:07.000Z,256.15248,256.42748,0
1974-06-10T13:47:00.000Z,256.12245,256.39745,0
1974-06-10T14:45:10.000Z,256.12245,256.39745,0
1974-06-10T15:43:03.000Z,256.15248,256.42748,0
1974-06-10T16:40:57.000Z,256.18245,256.45745,0
1974-06-10T17:39:06.000Z,256.14247,256.41747,0
1974-06-10T18:37:00.000Z,256.18245,256.45745,0
1974-06-10T20:10:07.000Z,256.14247,256.41747,0
1974-06-10T21:08:17.000Z,256.1125,256.3875,0
1974-06-10T22:06:10.000Z,256.18245,256.45745,0
1974-06-10T22:49:35.000Z,256.14297,256.41697,0
1974-06-10T23:04:03.000Z,256.18245,256.45745,0
1974-06-11T00:01:57.000Z,256.10299,256.37699,0
1974-06-11T01:00:07.000Z,256.10299,256.37699,0
1974-06-11T01:58:00.000Z,256.10299,256.37699,0
1974-06-11T02:55:53.000Z,256.14297,256.41697,0
1974-06-11T03:53:47.000Z,256.1725,256.4475,0
1974-06-11T04:51:57.000Z,256.13296,256.40696,0
1974-06-11T05:49:50.000Z,256.09298,256.36698,0
1974-06-11T06:47:43.000Z,256.16249,256.43749,0
1974-06-11T07:45:53.000Z,256.12295,256.39695,0
1974-06-11T08:43:47.000Z,256.16299,256.43699,0
1974-06-11T09:41:40.000Z,256.16299,256.43699,0
1974-06-11T10:39:33.000Z,256.16299,256.43699,0
1974-06-11T11:37:43.000Z,256.15298,256.42698,0
1974-06-11T12:35:37.000Z,256.15298,256.42698,0
1974-06-11T13:33:30.000Z,256.12295,256.39695,0
1974-06-11T14:31:23.000Z,256.113,256.387,0
1974-06-11T15:29:33.000Z,256.12295,256.39695,0
1974-06-11T16:27:27.000Z,256.14297,256.41697,0
1974-06-11T17:25:20.000Z,256.09298,256.36698,0
1974-06-11T17:47:11.000Z,256.15298,256.42698,0
1974-06-11T18:45:04.000Z,256.15298,256.42698,0
1974-06-11T19:42:58.000Z,256.18295,256.45695,0
1974-06-11T20:41:07.000Z,256.18295,256.45695,0
1974-06-11T21:39:01.000Z,256.113,256.387,0
1974-06-11T22:36:54.000Z,256.14297,256.41697,0
1974-06-11T23:34:48.000Z,256.14297,256.41697,0
1974-06-12T00:03:44.000Z,256.15298,256.42698,0
1974-06-12T01:01:54.000Z,256.18295,256.45695,0
1974-06-12T01:59:48.000Z,256.14297,256.41697,0
1974-06-12T02:57:41.000Z,256.15298,256.42698,0
1974-06-12T03:55:34.000Z,256.14297,256.41697,0
1974-06-12T04:53:44.000Z,256.14297,256.41697,0
1974-06-12T05:51:38.000Z,256.173,256.447,0
1974-06-12T06:49:31.000Z,256.14297,256.41697,0
1974-06-12T07:47:41.000Z,256.14297,256.41697,0
1974-06-12T08:45:34.000Z,256.14297,256.41697,0
1974-06-12T09:43:28.000Z,256.14297,256.41697,0
1974-06-12T10:41:21.000Z,256.14297,256.41697,0
1974-06-12T11:39:31.000Z,256.14297,256.41697,0
1974-06-12T12:37:24.000Z,256.14297,256.41697,0
1974-06-12T13:35:18.000Z,256.14297,256.41697,0
1974-06-12T14:33:11.000Z,256.1735,256.4465,0
1974-06-12T15:22:04.000Z,256.113,256.387,0
1974-06-12T16:20:14.000Z,256.113,256.387,0
1974-06-12T17:18:07.000Z,256.173,256.447,0
1974-06-12T18:16:00.000Z,256.14297,256.41697,0
1974-06-12T19:14:10.000Z,256.14347,256.41647,0
1974-06-12T20:12:04.000Z,256.1135,256.3865,0
1974-06-12T21:09:57.000Z,256.1735,256.4465,0
1974-06-12T22:07:50.000Z,256.14347,256.41647,0
1974-06-12T23:06:00.000Z,256.1735,256.4465,0
1974-06-13T00:03:54.000Z,256.20347,256.47647,0
1974-06-13T01:01:47.000Z,256.173,256.447,0
1974-06-13T01:59:40.000Z,256.13346,256.40646,0
1974-06-13T02:57:50.000Z,256.1735,256.4465,0
1974-06-13T03:55:44.000Z,256.13346,256.40646,0
1974-06-13T04:53:37.000Z,256.13346,256.40646,0
1974-06-13T05:51:30.000Z,256.1735,256.4465,0
1974-06-13T06:49:40.000Z,256.1735,256.4465,0
1974-06-13T07:47:34.000Z,256.1735,256.4465,0
1974-06-13T08:45:27.000Z,256.16349,256.43649,0
1974-06-13T09:43:20.000Z,256.10349,256.37649,0
1974-06-13T10:41:30.000Z,256.1735,256.4465,0
1974-06-13T11:39:24.000Z,256.1735,256.4465,0
1974-06-13T12:37:17.000Z,256.13346,256.40646,0
1974-06-13T13:35:10.000Z,256.1735,256.4465,0
1974-06-13T14:33:20.000Z,256.1735,256.4465,0
1974-06-13T14:47:49.000Z,256.13346,256.40646,0
1974-06-13T15:45:42.000Z,256.13346,256.40646,0
1974-06-13T16:43:35.000Z,256.13346,256.40646,0
1974-06-13T17:41:45.000Z,256.13346,256.40646,0
1974-06-13T18:39:39.000Z,256.16349,256.43649,0
1974-06-13T19:30:26.000Z,256.12345,256.39645,0
1974-06-13T19:52:00.000Z,256.13346,256.40646,0
1974-06-13T20:49:54.000Z,256.13346,256.40646,0
1974-06-13T21:48:04.000Z,256.16349,256.43649,0
1974-06-13T22:09:38.000Z,256.13346,256.40646,0
1974-06-13T23:07:48.000Z,256.16349,256.43649,0
1974-06-14T00:05:41.000Z,256.16349,256.43649,0
1974-06-14T01:03:34.000Z,256.16349,256.43649,0
1974-06-14T02:01:28.000Z,256.13346,256.40646,0
1974-06-14T02:59:38.000Z,256.16349,256.43649,0
1974-06-14T03:57:31.000Z,256.12345,256.39645,0
1974-06-14T04:55:24.000Z,256.16349,256.43649,0
1974-06-14T05:53:18.000Z,256.13346,256.40646,0
1974-06-14T06:29:37.000Z,256.13346,256.40646,0
1974-06-14T07:27:30.000Z,256.12345,256.39645,0
1974-06-14T08:25:40.000Z,256.19346,256.46646,0
1974-06-14T09:23:34.000Z,256.12345,256.39645,0
1974-06-14T10:21:27.000Z,256.19346,256.46646,0
1974-06-14T11:19:20.000Z,256.19346,256.46646,0
1974-06-14T12:17:30.000Z,256.12345,256.39645,0
1974-06-14T13:51:43.000Z,256.16349,256.43649,0
1974-06-14T14:35:08.000Z,256.13346,256.40646,0
1974-06-14T15:33:01.000Z,256.19346,256.46646,0
1974-06-14T16:30:55.000Z,256.19346,256.46646,0
1974-06-14T17:21:42.000Z,256.15348,256.42648,0
1974-06-14T18:19:35.000Z,256.15348,256.42648,0
1974-06-14T18:48:32.000Z,256.15348,256.42648,0
1974-06-14T19:46:42.000Z,256.19346,256.46646,0
1974-06-14T20:44:35.000Z,256.12345,256.39645,0
1974-06-14T21:42:29.000Z,256.15348,256.42648,0
1974-06-14T22:18:48.000Z,256.16349,256.43649,0
1974-06-14T23:16:41.000Z,256.15348,256.42648,0
1974-06-14T23:38:32.000Z,256.15348,256.42648,0
1974-06-15T00:36:25.000Z,256.15348,256.42648,0
1974-06-15T01:34:19.000Z,256.15398,256.42598,0
1974-06-15T02:32:12.000Z,256.15348,256.42648,0
1974-06-15T03:30:22.000Z,256.19346,256.46646,0
1974-06-15T04:28:15.000Z,256.114,256.386,0
1974-06-15T05:26:09.000Z,256.15348,256.42648,0
1974-06-15T06:24:19.000Z,256.15348,256.42648,0
1974-06-15T07:22:12.000Z,256.1135,256.3865,0
1974-06-15T08:20:05.000Z,256.15348,256.42648,0
1974-06-15T09:17:59.000Z,256.114,256.386,0
1974-06-15T10:16:09.000Z,256.15398,256.42598,0
1974-06-15T11:14:02.000Z,256.15398,256.42598,0
1974-06-15T12:11:55.000Z,256.114,256.386,0
1974-06-15T13:09:49.000Z,256.15398,256.42598,0
1974-06-15T14:07:59.000Z,256.114,256.386,0
1974-06-15T15:05:52.000Z,256.15398,256.42598,0
1974-06-15T16:03:45.000Z,256.15398,256.42598,0
1974-06-15T17:01:39.000Z,256.14397,256.41597,0
1974-06-15T17:59:49.000Z,256.114,256.386,0
1974-06-15T18:57:42.000Z,256.15398,256.42598,0
1974-06-15T19:55:35.000Z,256.114,256.386,0
1974-06-15T20:53:29.000Z,256.14397,256.41597,0
1974-06-15T21:51:39.000Z,256.15398,256.42598,0
1974-06-15T22:49:32.000Z,256.114,256.386,0
1974-06-15T23:47:25.000Z,256.15398,256.42598,0
1974-06-16T00:01:54.000Z,256.14397,256.41597,0
1974-06-16T01:00:04.000Z,256.174,256.446,0
1974-06-16T01:57:57.000Z,256.14397,256.41597,0
1974-06-16T02:55:50.000Z,256.21398,256.48598,0
1974-06-16T03:53:44.000Z,256.14397,256.41597,0
1974-06-16T04:51:54.000Z,256.114,256.386,0
1974-06-16T05:49:47.000Z,256.14397,256.41597,0
1974-06-16T06:47:40.000Z,256.14397,256.41597,0
1974-06-16T07:45:34.000Z,256.14397,256.41597,0
1974-06-16T08:43:44.000Z,256.114,256.386,0
1974-06-16T09:41:37.000Z,256.174,256.446,0
1974-06-16T10:39:30.000Z,256.10399,256.37599,0
1974-06-16T11:37:24.000Z,256.10399,256.37599,0
1974-06-16T12:35:34.000Z,256.174,256.446,0
1974-06-16T13:33:27.000Z,256.14397,256.41597,0
1974-06-16T14:31:20.000Z,256.18395,256.45595,0
1974-06-16T15:29:14.000Z,256.114,256.386,0
1974-06-16T16:27:24.000Z,256.21398,256.48598,0
1974-06-16T17:25:17.000Z,256.174,256.446,0
1974-06-16T18:23:10.000Z,256.14397,256.41597,0
1974-06-16T19:21:20.000Z,256.14397,256.41597,0
1974-06-16T20:19:14.000Z,256.14397,256.41597,0
1974-06-16T21:02:39.000Z,256.174,256.446,0
1974-06-16T22:00:32.000Z,256.14397,256.41597,0
1974-06-16T22:58:42.000Z,256.14397,256.41597,0
1974-06-16T23:56:35.000Z,256.174,256.446,0
1974-06-17T00:54:29.000Z,256.14397,256.41597,0
1974-06-17T01:16:19.000Z,256.14397,256.41597,0
1974-06-17T02:14:13.000Z,256.174,256.446,0
1974-06-17T03:12:06.000Z,256.14397,256.41597,0
1974-06-17T04:10:00.000Z,256.14397,256.41597,0
1974-06-17T05:08:09.000Z,256.14397,256.41597,0
1974-06-17T06:06:03.000Z,256.13446,256.40546,0
1974-06-17T07:03:56.000Z,256.174,256.446,0
1974-06-17T08:01:50.000Z,256.1745,256.4455,0
1974-06-17T08:59:59.000Z,256.1745,256.4455,0
1974-06-17T09:57:53.000Z,256.1745,256.4455,0
1974-06-17T10:55:46.000Z,256.174,256.446,0
1974-06-17T11:53:56.000Z,256.1745,256.4455,0
1974-06-17T12:51:49.000Z,256.1745,256.4455,0
1974-06-17T14:26:02.000Z,256.1745,256.4455,0
1974-06-17T15:23:55.000Z,256.10449,256.37549,0
1974-06-17T16:21:49.000Z,256.1745,256.4455,0
1974-06-17T17:19:42.000Z,256.14447,256.41547,0
1974-06-17T18:17:52.000Z,256.1745,256.4455,0
1974-06-17T19:15:45.000Z,256.1745,256.4455,0
1974-06-17T20:13:39.000Z,256.1745,256.4455,0
1974-06-17T20:28:07.000Z,256.1745,256.4455,0
1974-06-17T20:42:35.000Z,256.13446,256.40546,0
1974-06-17T20:57:04.000Z,256.14447,256.41547,0
1974-06-17T21:55:14.000Z,256.1745,256.4455,0
1974-06-17T22:53:07.000Z,256.1745,256.4455,0
1974-06-17T23:51:00.000Z,256.13446,256.40546,0
1974-06-18T00:12:51.000Z,256.1745,256.4455,0
1974-06-18T00:27:19.000Z,256.1745,256.4455,0
1974-06-18T01:25:13.000Z,256.14447,256.41547,0
1974-06-18T02:23:06.000Z,256.16449,256.43549,0
1974-06-18T03:21:16.000Z,256.1745,256.4455,0
1974-06-18T04:19:10.000Z,256.1745,256.4455,0
1974-06-18T05:17:03.000Z,256.13446,256.40546,0
1974-06-18T05:31:31.000Z,256.1745,256.4455,0
1974-06-18T06:29:41.000Z,256.13446,256.40546,0
1974-06-18T07:05:44.000Z,256.1745,256.4455,0
1974-06-18T08:03:37.000Z,256.16449,256.43549,0
1974-06-18T09:01:47.000Z,256.1745,256.4455,0
1974-06-18T09:59:40.000Z,256.1745,256.4455,0
1974-06-18T10:57:34.000Z,256.13446,256.40546,0
1974-06-18T11:55:44.000Z,256.13446,256.40546,0
1974-06-18T12:53:37.000Z,256.13446,256.40546,0
1974-06-18T13:51:30.000Z,256.1745,256.4455,0
1974-06-18T14:42:18.000Z,256.1745,256.4455,0
1974-06-18T15:40:11.000Z,256.1745,256.4455,0
1974-06-18T17:21:30.000Z,256.13446,256.40546,0
1974-06-18T18:05:11.000Z,256.16449,256.43549,0
1974-06-18T19:03:05.000Z,256.16449,256.43549,0
1974-06-18T20:00:58.000Z,256.13446,256.40546,0
1974-06-18T20:58:51.000Z,256.13446,256.40546,0
1974-06-18T21:57:01.000Z,256.13446,256.40546,0
1974-06-18T22:54:55.000Z,256.175,256.445,0
1974-06-18T23:52:48.000Z,256.13446,256.40546,0
1974-06-19T00:14:39.000Z,256.13496,256.40496,0
1974-06-19T01:12:32.000Z,256.13446,256.40546,0
1974-06-19T02:03:19.000Z,256.10449,256.37549,0
1974-06-19T02:54:07.000Z,256.13496,256.40496,0
1974-06-19T03:08:35.000Z,256.1745,256.4455,0
1974-06-19T03:44:38.000Z,256.16449,256.43549,0
1974-06-19T04:42:48.000Z,256.20497,256.47497,0
1974-06-19T05:47:47.000Z,256.20447,256.47547,0
1974-06-19T05:55:10.000Z,256.16449,256.43549,0
1974-06-19T06:02:15.000Z,256.16499,256.43499,0
1974-06-19T06:31:29.000Z,256.16499,256.43499,0
1974-06-19T07:29:22.000Z,256.13446,256.40546,0
1974-06-19T08:27:15.000Z,256.16499,256.43499,0
1974-06-19T09:25:09.000Z,256.16499,256.43499,0
1974-06-19T10:23:19.000Z,256.13446,256.40546,0
1974-06-19T11:21:12.000Z,256.10499,256.37499,0
1974-06-19T12:19:05.000Z,256.20497,256.47497,0
1974-06-19T13:16:59.000Z,256.20497,256.47497,0
1974-06-19T14:30:26.000Z,256.13496,256.40496,0
1974-06-19T15:21:14.000Z,256.13496,256.40496,0
1974-06-19T16:19:07.000Z,256.13496,256.40496,0
1974-06-19T19:13:04.000Z,256.16499,256.43499,0
1974-06-19T19:27:32.000Z,256.16499,256.43499,0
1974-06-19T19:56:29.000Z,256.16499,256.43499,0
1974-06-19T20:18:19.000Z,256.13496,256.40496,0
1974-06-19T20:47:16.000Z,256.16499,256.43499,0
1974-06-19T21:23:19.000Z,256.16499,256.43499,0
1974-06-19T21:59:38.000Z,256.16499,256.43499,0
1974-06-19T23:04:54.000Z,256.13496,256.40496,0
1974-06-19T23:19:22.000Z,256.13496,256.40496,0
1974-06-19T23:41:13.000Z,256.20497,256.47497,0
1974-06-20T00:02:47.000Z,256.10499,256.37499,0
1974-06-20T01:00:40.000Z,256.13496,256.40496,0
1974-06-20T01:58:50.000Z,256.13496,256.40496,0
1974-06-20T02:56:44.000Z,256.13496,256.40496,0
1974-06-20T04:23:34.000Z,256.13496,256.40496,0
1974-06-20T04:45:24.000Z,256.13496,256.40496,0
1974-06-20T06:41:11.000Z,256.16499,256.43499,0
1974-06-20T07:39:21.000Z,256.16499,256.43499,0
1974-06-20T08:37:14.000Z,256.16499,256.43499,0
1974-06-20T09:35:08.000Z,256.16499,256.43499,0
1974-06-20T10:33:01.000Z,256.16499,256.43499,0
1974-06-20T11:31:11.000Z,256.13496,256.40496,0
1974-06-20T12:29:04.000Z,256.13496,256.40496,0
1974-06-20T13:26:58.000Z,256.16499,256.43499,0
1974-06-20T14:25:08.000Z,256.16499,256.43499,0
1974-06-20T15:23:01.000Z,256.13496,256.40496,0
1974-06-20T16:20:54.000Z,256.10499,256.37499,0
1974-06-20T17:18:48.000Z,256.16499,256.43499,0
1974-06-20T18:16:58.000Z,256.13496,256.40496,0
1974-06-20T19:14:51.000Z,256.16499,256.43499,0
1974-06-20T20:12:44.000Z,256.13496,256.40496,0
1974-06-20T21:10:38.000Z,256.16499,256.43499,0
1974-06-20T22:08:48.000Z,256.13496,256.40496,0
1974-06-20T23:06:41.000Z,256.10499,256.37499,0
1974-06-21T00:04:35.000Z,256.13546,256.40446,0
1974-06-21T01:02:28.000Z,256.16499,256.43499,0
1974-06-21T02:00:38.000Z,256.16549,256.43449,0
1974-06-21T02:58:31.000Z,256.16499,256.43499,0
1974-06-21T03:56:25.000Z,256.13496,256.40496,0
1974-06-21T04:18:15.000Z,256.16499,256.43499,0
1974-06-21T04:32:44.000Z,256.16499,256.43499,0
1974-06-21T05:01:40.000Z,256.13496,256.40496,0
1974-06-21T05:45:05.000Z,256.16549,256.43449,0
1974-06-21T06:14:02.000Z,256.16499,256.43499,0
1974-06-21T06:21:24.000Z,256.16499,256.43499,0
1974-06-21T07:19:18.000Z,256.16499,256.43499,0
1974-06-21T08:17:11.000Z,256.16549,256.43449,0
1974-06-21T09:15:21.000Z,256.16549,256.43449,0
1974-06-21T10:13:14.000Z,256.13546,256.40446,0
1974-06-21T11:11:08.000Z,256.13546,256.40446,0
1974-06-21T12:09:01.000Z,256.13546,256.40446,0
1974-06-21T13:07:11.000Z,256.16549,256.43449,0
1974-06-21T14:05:04.000Z,256.19546,256.46446,0
1974-06-21T15:20:10.000Z,256.19546,256.46446,0
1974-06-21T16:18:03.000Z,256.13546,256.40446,0
1974-06-21T17:16:13.000Z,256.16549,256.43449,0
1974-06-21T18:14:07.000Z,256.13546,256.40446,0
1974-06-21T19:12:00.000Z,256.20547,256.47447,0
1974-06-21T20:10:10.000Z,256.16549,256.43449,0
1974-06-21T21:08:03.000Z,256.16549,256.43449,0
1974-06-21T22:05:57.000Z,256.13546,256.40446,0
1974-06-21T23:03:50.000Z,256.16549,256.43449,0
1974-06-22T00:02:00.000Z,256.19546,256.46446,0
1974-06-22T00:59:53.000Z,256.16549,256.43449,0
1974-06-22T01:57:47.000Z,256.20547,256.47447,0
1974-06-22T02:55:40.000Z,256.19546,256.46446,0
1974-06-22T03:53:50.000Z,256.13546,256.40446,0
1974-06-22T04:51:43.000Z,256.13546,256.40446,0
1974-06-22T05:49:37.000Z,256.16549,256.43449,0
1974-06-22T06:47:30.000Z,256.16549,256.43449,0
1974-06-22T07:45:40.000Z,256.13546,256.40446,0
1974-06-22T08:43:33.000Z,256.16549,256.43449,0
1974-06-22T09:41:27.000Z,256.13546,256.40446,0
1974-06-22T10:39:20.000Z,256.13546,256.40446,0
1974-06-22T11:37:30.000Z,256.16549,256.43449,0
1974-06-22T12:35:23.000Z,256.16549,256.43449,0
1974-06-22T13:33:17.000Z,256.13546,256.40446,0
1974-06-22T14:31:10.000Z,256.16549,256.43449,0
1974-06-22T15:29:20.000Z,256.13546,256.40446,0
1974-06-22T16:27:13.000Z,256.16549,256.43449,0
1974-06-22T17:25:07.000Z,256.13546,256.40446,0
1974-06-22T18:23:17.000Z,256.16549,256.43449,0
1974-06-22T19:21:10.000Z,256.16549,256.43449,0
1974-06-22T20:19:03.000Z,256.16549,256.43449,0
1974-06-22T21:16:57.000Z,256.16549,256.43449,0
1974-06-22T22:15:07.000Z,256.13546,256.40446,0
1974-06-22T23:13:00.000Z,256.16549,256.43449,0
1974-06-23T00:10:53.000Z,256.16599,256.43399,0
1974-06-23T01:08:47.000Z,256.15548,256.42448,0
1974-06-23T02:06:57.000Z,256.16549,256.43449,0
1974-06-23T03:04:50.000Z,256.16599,256.43399,0
1974-06-23T04:02:43.000Z,256.16599,256.43399,0
1974-06-23T05:00:37.000Z,256.15548,256.42448,0
1974-06-23T05:58:47.000Z,256.12595,256.39395,0
1974-06-23T06:56:40.000Z,256.16599,256.43399,0
1974-06-23T07:54:33.000Z,256.15598,256.42398,0
1974-06-23T08:52:27.000Z,256.12595,256.39395,0
1974-06-23T09:50:37.000Z,256.19596,256.46396,0
1974-06-23T10:48:30.000Z,256.15598,256.42398,0
1974-06-23T11:46:23.000Z,256.19596,256.46396,0
1974-06-23T12:44:17.000Z,256.19596,256.46396,0
1974-06-23T13:42:27.000Z,256.19596,256.46396,0
1974-06-23T14:40:20.000Z,256.19596,256.46396,0
1974-06-23T15:38:13.000Z,256.15598,256.42398,0
1974-06-23T16:36:23.000Z,256.15598,256.42398,0
1974-06-23T17:12:26.000Z,256.19596,256.46396,0
1974-06-23T18:10:19.000Z,256.16599,256.43399,0
1974-06-23T19:08:29.000Z,256.15598,256.42398,0
1974-06-23T20:06:23.000Z,256.16599,256.43399,0
1974-06-23T21:04:16.000Z,256.19596,256.46396,0
1974-06-23T21:47:41.000Z,256.16599,256.43399,0
1974-06-23T22:45:51.000Z,256.16599,256.43399,0
1974-06-23T23:43:44.000Z,256.16599,256.43399,0
1974-06-24T00:05:35.000Z,256.16599,256.43399,0
1974-06-24T01:03:28.000Z,256.15598,256.42398,0
1974-06-24T02:01:22.000Z,256.19596,256.46396,0
1974-06-24T02:59:15.000Z,256.15598,256.42398,0
1974-06-24T03:57:25.000Z,256.19596,256.46396,0
1974-06-24T04:55:18.000Z,256.16599,256.43399,0
1974-06-24T05:53:12.000Z,256.12595,256.39395,0
1974-06-24T06:51:05.000Z,256.16599,256.43399,0
1974-06-24T07:49:15.000Z,256.19596,256.46396,0
1974-06-24T08:47:08.000Z,256.19596,256.46396,0
1974-06-24T09:45:02.000Z,256.15598,256.42398,0
1974-06-24T10:42:55.000Z,256.12595,256.39395,0
1974-06-24T11:41:05.000Z,256.16599,256.43399,0
1974-06-24T12:38:58.000Z,256.15598,256.42398,0
1974-06-24T13:36:52.000Z,256.15598,256.42398,0
1974-06-24T14:46:46.000Z,256.15598,256.42398,0
1974-06-24T15:44:39.000Z,256.19596,256.46396,0
1974-06-24T16:42:33.000Z,256.19596,256.46396,0
1974-06-24T17:40:26.000Z,256.16599,256.43399,0
1974-06-24T18:38:36.000Z,256.16599,256.43399,0
1974-06-24T19:36:30.000Z,256.18645,256.45345,0
1974-06-24T20:34:23.000Z,256.176,256.444,0
1974-06-24T21:32:16.000Z,256.1165,256.3835,0
1974-06-24T22:30:26.000Z,256.13646,256.40346,0
1974-06-24T23:06:29.000Z,256.13646,256.40346,0
1974-06-24T23:35:26.000Z,256.1165,256.3835,0
1974-06-24T23:57:16.000Z,256.15598,256.42398,0
1974-06-25T00:19:07.000Z,256.19646,256.46346,0
1974-06-25T01:17:00.000Z,256.13596,256.40396,0
1974-06-25T02:14:54.000Z,256.16649,256.43349,0
1974-06-25T03:12:47.000Z,256.1765,256.4435,0
1974-06-25T04:10:57.000Z,256.1765,256.4435,0
1974-06-25T04:32:31.000Z,256.13646,256.40346,0
1974-06-25T05:30:41.000Z,256.14647,256.41347,0
1974-06-25T06:28:35.000Z,256.16649,256.43349,0
1974-06-25T07:26:28.000Z,256.12645,256.39345,0
1974-06-25T08:24:21.000Z,256.13646,256.40346,0
1974-06-25T09:22:31.000Z,256.1765,256.4435,0
1974-06-25T10:20:25.000Z,256.1765,256.4435,0
1974-06-25T11:18:18.000Z,256.14647,256.41347,0
1974-06-25T12:16:11.000Z,256.14647,256.41347,0
1974-06-25T13:14:21.000Z,256.14647,256.41347,0
1974-06-25T14:12:15.000Z,256.14647,256.41347,0
1974-06-25T14:48:34.000Z,256.14647,256.41347,0
1974-06-25T15:46:27.000Z,256.1165,256.3835,0
1974-06-25T16:44:20.000Z,256.18645,256.45345,0
1974-06-25T17:42:14.000Z,256.14647,256.41347,0
1974-06-25T18:40:24.000Z,256.15648,256.42348,0
1974-06-25T19:38:17.000Z,256.12645,256.39345,0
1974-06-25T20:36:10.000Z,256.18645,256.45345,0
1974-06-25T21:34:04.000Z,256.15648,256.42348,0
1974-06-25T22:32:14.000Z,256.15648,256.42348,0
1974-06-25T23:30:07.000Z,256.18645,256.45345,0
1974-06-26T00:28:00.000Z,256.18645,256.45345,0
1974-06-26T01:26:10.000Z,256.1165,256.3835,0
1974-06-26T02:24:04.000Z,256.18695,256.45295,0
1974-06-26T03:21:57.000Z,256.15648,256.42348,0
1974-06-26T03:58:16.000Z,256.18645,256.45345,0
1974-06-26T04:56:10.000Z,256.15648,256.42348,0
1974-06-26T05:54:03.000Z,256.15698,256.42298,0
1974-06-26T06:51:56.000Z,256.18645,256.45345,0
1974-06-26T07:50:06.000Z,256.15698,256.42298,0
1974-06-26T08:33:31.000Z,256.15698,256.42298,0
1974-06-26T09:38:47.000Z,256.15698,256.42298,0
1974-06-26T09:45:53.000Z,256.15698,256.42298,0
1974-06-26T10:44:03.000Z,256.12695,256.39295,0
1974-06-26T11:41:56.000Z,256.15698,256.42298,0
1974-06-26T12:39:50.000Z,256.12695,256.39295,0
1974-06-26T13:37:43.000Z,256.15698,256.42298,0
1974-06-26T15:05:39.000Z,256.19646,256.46346,0
1974-06-26T16:03:32.000Z,256.13646,256.40346,0
1974-06-26T17:01:42.000Z,256.16649,256.43349,0
1974-06-26T17:59:35.000Z,256.19646,256.46346,0
1974-06-26T18:57:29.000Z,256.13646,256.40346,0
1974-06-26T19:55:22.000Z,256.16649,256.43349,0
1974-06-26T20:53:32.000Z,256.12695,256.39295,0
1974-06-26T21:51:25.000Z,256.12695,256.39295,0
1974-06-26T22:49:19.000Z,256.15698,256.42298,0
1974-06-26T23:47:12.000Z,256.15698,256.42298,0
1974-06-27T00:37:59.000Z,256.15698,256.42298,0
1974-06-27T01:35:53.000Z,256.15698,256.42298,0
1974-06-27T02:34:03.000Z,256.12695,256.39295,0
1974-06-27T03:31:56.000Z,256.15698,256.42298,0
1974-06-27T04:29:50.000Z,256.15698,256.42298,0
1974-06-27T05:27:43.000Z,256.15698,256.42298,0
1974-06-27T06:25:53.000Z,256.15698,256.42298,0
1974-06-27T07:23:46.000Z,256.12695,256.39295,0
1974-06-27T08:21:40.000Z,256.12695,256.39295,0
1974-06-27T09:19:49.000Z,256.15698,256.42298,0
1974-06-27T10:17:43.000Z,256.12695,256.39295,0
1974-06-27T11:01:08.000Z,256.15698,256.42298,0
1974-06-27T11:59:01.000Z,256.12695,256.39295,0
1974-06-27T12:57:11.000Z,256.12745,256.39245,0
1974-06-27T13:26:08.000Z,256.15748,256.42248,0
1974-06-27T14:16:39.000Z,256.19696,256.46296,0
1974-06-27T14:45:35.000Z,256.15698,256.42298,0
1974-06-27T14:52:58.000Z,256.15698,256.42298,0
1974-06-27T15:50:51.000Z,256.15698,256.42298,0
1974-06-27T16:49:01.000Z,256.15748,256.42248,0
1974-06-27T17:46:54.000Z,256.15748,256.42248,0
1974-06-27T18:44:48.000Z,256.15748,256.42248,0
1974-06-27T19:42:41.000Z,256.19696,256.46296,0
1974-06-27T20:40:51.000Z,256.15698,256.42298,0
1974-06-27T21:38:44.000Z,256.15748,256.42248,0
1974-06-27T22:36:38.000Z,256.15748,256.42248,0
1974-06-27T23:34:31.000Z,256.15748,256.42248,0
1974-06-28T00:03:44.000Z,256.19696,256.46296,0
1974-06-28T01:01:38.000Z,256.15748,256.42248,0
1974-06-28T01:59:31.000Z,256.16699,256.43299,0
1974-06-28T02:57:25.000Z,256.15748,256.42248,0
1974-06-28T03:55:34.000Z,256.15748,256.42248,0
1974-06-28T05:00:34.000Z,256.12745,256.39245,0
1974-06-28T05:58:44.000Z,256.16699,256.43299,0
1974-06-28T06:56:37.000Z,256.15698,256.42298,0
1974-06-28T07:40:02.000Z,256.12745,256.39245,0
1974-06-28T08:37:55.000Z,256.12745,256.39245,0
1974-06-28T09:36:05.000Z,256.12745,256.39245,0
1974-06-28T10:33:59.000Z,256.12745,256.39245,0
1974-06-28T11:31:52.000Z,256.12745,256.39245,0
1974-06-28T12:29:45.000Z,256.12745,256.39245,0
1974-06-28T13:52:13.000Z,256.12745,256.39245,0
1974-06-28T14:50:23.000Z,256.12745,256.39245,0
1974-06-28T15:19:20.000Z,256.15748,256.42248,0
1974-06-28T15:55:23.000Z,256.16699,256.43299,0
1974-06-28T16:31:42.000Z,256.15698,256.42298,0
1974-06-28T17:15:07.000Z,256.19746,256.46246,0
1974-06-28T18:13:00.000Z,256.15748,256.42248,0
1974-06-28T19:11:10.000Z,256.15748,256.42248,0
1974-06-28T20:09:03.000Z,256.15748,256.42248,0
1974-06-28T21:06:57.000Z,256.16749,256.43249,0
1974-06-28T22:05:07.000Z,256.12745,256.39245,0
1974-06-28T23:03:00.000Z,256.12745,256.39245,0
1974-06-29T00:00:53.000Z,256.15748,256.42248,0
1974-06-29T00:58:47.000Z,256.16749,256.43249,0
1974-06-29T01:56:57.000Z,256.12745,256.39245,0
1974-06-29T02:54:50.000Z,256.12745,256.39245,0
1974-06-29T03:52:43.000Z,256.19746,256.46246,0
1974-06-29T04:50:37.000Z,256.12745,256.39245,0
1974-06-29T05:48:47.000Z,256.12745,256.39245,0
1974-06-29T06:46:40.000Z,256.12745,256.39245,0
1974-06-29T07:44:33.000Z,256.12745,256.39245,0
1974-06-29T08:42:27.000Z,256.19746,256.46246,0
1974-06-29T09:40:37.000Z,256.19746,256.46246,0
1974-06-29T10:38:30.000Z,256.19746,256.46246,0
1974-06-29T11:36:23.000Z,256.15748,256.42248,0
1974-06-29T12:34:17.000Z,256.19746,256.46246,0
1974-06-29T13:32:27.000Z,256.20747,256.47247,0
1974-06-29T14:30:20.000Z,256.15748,256.42248,0
1974-06-29T15:28:13.000Z,256.19746,256.46246,0
1974-06-29T16:26:23.000Z,256.16749,256.43249,0
1974-06-29T17:31:23.000Z,256.16799,256.43199,0
1974-06-29T18:22:10.000Z,256.238,256.502,0
1974-06-29T19:20:03.000Z,256.19746,256.46246,0
1974-06-29T20:18:13.000Z,256.20747,256.47247,0
1974-06-29T21:16:07.000Z,256.20747,256.47247,0
1974-06-29T22:14:00.000Z,256.20747,256.47247,0
1974-06-29T22:35:51.000Z,256.16799,256.43199,0
1974-06-29T23:33:44.000Z,256.20747,256.47247,0
1974-06-30T00:31:38.000Z,256.20797,256.47197,0
1974-06-30T01:29:47.000Z,256.16749,256.43249,0
1974-06-30T02:27:41.000Z,256.20797,256.47197,0
1974-06-30T03:25:34.000Z,256.20747,256.47247,0
1974-06-30T04:23:28.000Z,256.20797,256.47197,0
1974-06-30T05:21:37.000Z,256.12795,256.39195,0
1974-06-30T06:19:31.000Z,256.16799,256.43199,0
1974-06-30T07:17:24.000Z,256.20797,256.47197,0
1974-06-30T08:15:18.000Z,256.19796,256.46196,0
1974-06-30T09:13:27.000Z,256.19796,256.46196,0
1974-06-30T10:11:21.000Z,256.20797,256.47197,0
1974-06-30T11:09:14.000Z,256.238,256.502,0
1974-06-30T12:00:02.000Z,256.19746,256.46246,0
1974-06-30T12:57:55.000Z,256.16799,256.43199,0
1974-06-30T13:55:48.000Z,256.20797,256.47197,0
1974-06-30T14:53:58.000Z,256.16799,256.43199,0
1974-06-30T15:51:52.000Z,256.16799,256.43199,0
1974-06-30T16:49:45.000Z,256.19796,256.46196,0
1974-06-30T17:47:55.000Z,256.16799,256.43199,0
1974-06-30T18:45:48.000Z,256.20797,256.47197,0
1974-06-30T19:43:42.000Z,256.19796,256.46196,0
1974-06-30T20:41:35.000Z,256.22799,256.49199,0
1974-06-30T21:39:45.000Z,256.19796,256.46196,0
1974-06-30T22:37:38.000Z,256.19796,256.46196,0
1974-06-30T23:35:32.000Z,256.19796,256.46196,0
1974-07-01T00:33:25.000Z,256.15798,256.42198,0
1974-07-01T01:31:35.000Z,256.15798,256.42198,0
1974-07-01T02:29:28.000Z,256.16799,256.43199,0
1974-07-01T03:27:22.000Z,256.19796,256.46196,0
1974-07-01T04:25:31.000Z,256.19796,256.46196,0
1974-07-01T05:23:25.000Z,256.19796,256.46196,0
1974-07-01T06:21:18.000Z,256.238,256.502,0
1974-07-01T07:19:12.000Z,256.238,256.502,0
1974-07-01T08:17:21.000Z,256.15798,256.42198,0
1974-07-01T09:15:15.000Z,256.19796,256.46196,0
1974-07-01T10:13:08.000Z,256.19796,256.46196,0
1974-07-01T11:11:02.000Z,256.19796,256.46196,0
1974-07-01T12:09:11.000Z,256.16799,256.43199,0
1974-07-01T13:07:05.000Z,256.19846,256.46146,0
1974-07-01T14:04:58.000Z,256.19846,256.46146,0
1974-07-01T15:08:19.000Z,256.16799,256.43199,0
1974-07-01T16:06:29.000Z,256.19796,256.46196,0
1974-07-01T17:04:23.000Z,256.19796,256.46196,0
1974-07-01T18:02:16.000Z,256.16849,256.43149,0
1974-07-01T19:00:09.000Z,256.16849,256.43149,0
1974-07-01T19:58:19.000Z,256.16849,256.43149,0
1974-07-01T20:56:13.000Z,256.16799,256.43199,0
1974-07-01T21:54:06.000Z,256.19796,256.46196,0
1974-07-01T22:51:59.000Z,256.16849,256.43149,0
1974-07-01T23:50:09.000Z,256.20847,256.47147,0
1974-07-02T00:04:38.000Z,256.16849,256.43149,0
1974-07-02T01:02:31.000Z,256.16799,256.43199,0
1974-07-02T02:00:24.000Z,256.19846,256.46146,0
1974-07-02T02:58:34.000Z,256.19846,256.46146,0
1974-07-02T03:56:28.000Z,256.16849,256.43149,0
1974-07-02T04:54:21.000Z,256.19846,256.46146,0
1974-07-02T05:52:14.000Z,256.16849,256.43149,0
1974-07-02T06:50:24.000Z,256.16849,256.43149,0
1974-07-02T07:48:18.000Z,256.16849,256.43149,0
1974-07-02T08:46:11.000Z,256.19846,256.46146,0
1974-07-02T09:44:04.000Z,256.2385,256.5015,0
1974-07-02T10:42:14.000Z,256.19846,256.46146,0
1974-07-02T11:40:08.000Z,256.16849,256.43149,0
1974-07-02T12:38:01.000Z,256.19846,256.46146,0
1974-07-02T13:36:11.000Z,256.19846,256.46146,0
1974-07-02T14:34:04.000Z,256.19846,256.46146,0
1974-07-02T15:31:58.000Z,256.19846,256.46146,0
1974-07-02T16:29:51.000Z,256.20847,256.47147,0
1974-07-02T17:28:01.000Z,256.19846,256.46146,0
1974-07-02T18:25:54.000Z,256.16849,256.43149,0
1974-07-02T19:23:48.000Z,256.19846,256.46146,0
1974-07-02T20:21:41.000Z,256.16849,256.43149,0
1974-07-02T21:19:51.000Z,256.20847,256.47147,0
1974-07-02T22:17:44.000Z,256.16849,256.43149,0
1974-07-02T23:15:38.000Z,256.20847,256.47147,0
1974-07-03T00:13:47.000Z,256.20847,256.47147,0
1974-07-03T01:11:41.000Z,256.20897,256.47097,0
1974-07-03T02:09:34.000Z,256.16849,256.43149,0
1974-07-03T03:07:28.000Z,256.16849,256.43149,0
1974-07-03T04:05:37.000Z,256.20847,256.47147,0
1974-07-03T05:03:31.000Z,256.179,256.441,0
1974-07-03T06:01:24.000Z,256.20847,256.47147,0
1974-07-03T06:15:53.000Z,256.16899,256.43099,0
1974-07-03T06:37:43.000Z,256.20897,256.47097,0
1974-07-03T07:21:08.000Z,256.179,256.441,0
1974-07-03T07:42:59.000Z,256.20897,256.47097,0
1974-07-03T08:19:02.000Z,256.16899,256.43099,0
1974-07-03T08:40:53.000Z,256.16899,256.43099,0
1974-07-03T09:09:49.000Z,256.20847,256.47147,0
1974-07-03T10:07:43.000Z,256.16899,256.43099,0
1974-07-03T11:05:52.000Z,256.16899,256.43099,0
1974-07-03T12:03:46.000Z,256.16899,256.43099,0
1974-07-03T13:01:39.000Z,256.16899,256.43099,0
1974-07-03T13:59:33.000Z,256.20897,256.47097,0
1974-07-03T15:02:05.000Z,256.20897,256.47097,0
1974-07-03T15:59:58.000Z,256.20897,256.47097,0
1974-07-03T16:58:08.000Z,256.20897,256.47097,0
1974-07-03T17:56:01.000Z,256.20897,256.47097,0
1974-07-03T18:53:55.000Z,256.20897,256.47097,0
1974-07-03T19:51:48.000Z,256.20897,256.47097,0
1974-07-03T20:49:58.000Z,256.16899,256.43099,0
1974-07-03T21:47:51.000Z,256.16899,256.43099,0
1974-07-03T22:45:45.000Z,256.20897,256.47097,0
1974-07-03T23:43:54.000Z,256.20897,256.47097,0
1974-07-04T00:41:48.000Z,256.20897,256.47097,0
1974-07-04T01:39:41.000Z,256.20897,256.47097,0
1974-07-04T02:37:35.000Z,256.20897,256.47097,0
1974-07-04T03:35:44.000Z,256.16899,256.43099,0
1974-07-04T04:33:38.000Z,256.20897,256.47097,0
1974-07-04T05:31:31.000Z,256.16899,256.43099,0
1974-07-04T06:29:25.000Z,256.19896,256.46096,0
1974-07-04T07:27:34.000Z,256.239,256.501,0
1974-07-04T07:49:09.000Z,256.20897,256.47097,0
1974-07-04T08:47:19.000Z,256.20897,256.47097,0
1974-07-04T09:45:12.000Z,256.19896,256.46096,0
1974-07-04T10:43:05.000Z,256.20897,256.47097,0
1974-07-04T11:40:59.000Z,256.19896,256.46096,0
1974-07-04T12:39:09.000Z,256.19896,256.46096,0
1974-07-04T13:37:02.000Z,256.16899,256.43099,0
1974-07-04T14:34:55.000Z,256.16899,256.43099,0
1974-07-04T15:32:49.000Z,256.16899,256.43099,0
1974-07-04T16:30:59.000Z,256.19896,256.46096,0
1974-07-04T17:28:52.000Z,256.13946,256.40046,0
1974-07-04T18:26:45.000Z,256.16899,256.43099,0
1974-07-04T19:24:55.000Z,256.16949,256.43049,0
1974-07-04T20:22:49.000Z,256.19946,256.46046,0
1974-07-04T21:20:42.000Z,256.20897,256.47097,0
1974-07-04T22:18:35.000Z,256.16949,256.43049,0
1974-07-04T23:16:45.000Z,256.16899,256.43099,0
1974-07-05T00:14:39.000Z,256.16899,256.43099,0
1974-07-05T01:12:32.000Z,256.16899,256.43099,0
1974-07-05T02:10:25.000Z,256.12945,256.39045,0
1974-07-05T03:08:35.000Z,256.15898,256.42098,0
1974-07-05T04:06:29.000Z,256.19896,256.46096,0
1974-07-05T05:04:22.000Z,256.19896,256.46096,0
1974-07-05T06:02:15.000Z,256.16949,256.43049,0
1974-07-05T07:00:25.000Z,256.16899,256.43099,0
1974-07-05T07:58:19.000Z,256.2395,256.5005,0
1974-07-05T08:56:12.000Z,256.19946,256.46046,0
1974-07-05T10:01:28.000Z,256.19946,256.46046,0
1974-07-05T10:59:21.000Z,256.19946,256.46046,0
1974-07-05T11:57:31.000Z,256.13946,256.40046,0
1974-07-05T12:55:24.000Z,256.16949,256.43049,0
1974-07-05T13:53:18.000Z,256.19946,256.46046,0
1974-07-05T15:22:03.000Z,256.19946,256.46046,0
1974-07-05T16:12:50.000Z,256.16949,256.43049,0
1974-07-05T17:10:44.000Z,256.16949,256.43049,0
1974-07-05T18:08:37.000Z,256.16949,256.43049,0
1974-07-05T19:06:47.000Z,256.16949,256.43049,0
1974-07-05T20:04:40.000Z,256.16949,256.43049,0
1974-07-05T21:02:34.000Z,256.16949,256.43049,0
1974-07-05T21:31:30.000Z,256.16949,256.43049,0
1974-07-05T21:53:21.000Z,256.19946,256.46046,0
1974-07-05T22:22:18.000Z,256.19946,256.46046,0
1974-07-05T22:36:46.000Z,256.16949,256.43049,0
1974-07-05T23:34:39.000Z,256.16949,256.43049,0
1974-07-06T00:03:53.000Z,256.19946,256.46046,0
1974-07-06T01:01:46.000Z,256.19946,256.46046,0
1974-07-06T01:59:39.000Z,256.16949,256.43049,0
1974-07-06T02:57:33.000Z,256.19946,256.46046,0
1974-07-06T03:55:43.000Z,256.16949,256.43049,0
1974-07-06T04:39:08.000Z,256.13946,256.40046,0
1974-07-06T05:37:01.000Z,256.13946,256.40046,0
1974-07-06T06:34:54.000Z,256.12945,256.39045,0
1974-07-06T07:33:04.000Z,256.12945,256.39045,0
1974-07-06T08:30:58.000Z,256.16949,256.43049,0
1974-07-06T09:28:51.000Z,256.13946,256.40046,0
1974-07-06T10:26:44.000Z,256.16949,256.43049,0
1974-07-06T11:24:54.000Z,256.20947,256.47047,0
1974-07-06T12:22:48.000Z,256.16949,256.43049,0
1974-07-06T13:20:41.000Z,256.12945,256.39045,0
1974-07-06T14:18:34.000Z,256.16949,256.43049,0
1974-07-06T15:16:44.000Z,256.16999,256.42999,0
1974-07-06T16:14:38.000Z,256.19996,256.45996,0
1974-07-06T17:12:31.000Z,256.15948,256.42048,0
1974-07-06T18:10:24.000Z,256.16999,256.42999,0
1974-07-06T19:08:34.000Z,256.16999,256.42999,0
1974-07-06T20:06:28.000Z,256.12995,256.38995,0
1974-07-06T21:04:21.000Z,256.16999,256.42999,0
1974-07-06T21:33:18.000Z,256.16999,256.42999,0
1974-07-06T22:24:05.000Z,256.16999,256.42999,0
1974-07-06T22:45:56.000Z,256.16999,256.42999,0
1974-07-06T23:43:49.000Z,256.16999,256.42999,0
1974-07-07T00:41:43.000Z,256.15998,256.41998,0
1974-07-07T01:39:53.000Z,256.15998,256.41998,0
1974-07-07T02:37:46.000Z,256.19996,256.45996,0
1974-07-07T03:35:39.000Z,256.12995,256.38995,0
1974-07-07T04:33:33.000Z,256.15998,256.41998,0
1974-07-07T05:31:43.000Z,256.15998,256.41998,0
1974-07-07T06:22:14.000Z,256.12995,256.38995,0
1974-07-07T07:20:23.000Z,256.12995,256.38995,0
1974-07-07T08:18:17.000Z,256.12995,256.38995,0
1974-07-07T09:16:10.000Z,256.15998,256.41998,0
1974-07-07T10:14:04.000Z,256.15998,256.41998,0
1974-07-07T11:12:13.000Z,256.12995,256.38995,0
1974-07-07T12:10:07.000Z,256.16999,256.42999,0
1974-07-07T13:08:00.000Z,256.12995,256.38995,0
1974-07-07T14:05:54.000Z,256.16999,256.42999,0
1974-07-07T15:04:03.000Z,256.15998,256.41998,0
1974-07-07T16:01:57.000Z,256.15998,256.41998,0
1974-07-07T16:59:50.000Z,256.16999,256.42999,0
1974-07-07T17:57:44.000Z,256.22999,256.48999,0
1974-07-07T18:55:53.000Z,256.18,256.44,0
1974-07-07T19:53:47.000Z,256.12995,256.38995,0
1974-07-07T20:51:40.000Z,256.12995,256.38995,0
1974-07-07T21:49:34.000Z,256.14997,256.40997,0
1974-07-07T22:25:53.000Z,256.18,256.44,0
1974-07-07T23:31:08.000Z,256.22999,256.48999,0
1974-07-08T00:29:02.000Z,256.14997,256.40997,0
1974-07-08T01:26:55.000Z,256.24,256.5,0
1974-07-08T01:48:46.000Z,256.1805,256.4395,0
1974-07-08T01:56:08.000Z,256.17049,256.42949,0
1974-07-08T02:10:37.000Z,256.16999,256.42999,0
1974-07-08T03:08:30.000Z,256.14997,256.40997,0
1974-07-08T04:06:24.000Z,256.14997,256.40997,0
1974-07-08T05:04:17.000Z,256.15047,256.40947,0
1974-07-08T05:33:30.000Z,256.15047,256.40947,0
1974-07-08T06:31:23.000Z,256.15047,256.40947,0
1974-07-08T07:29:17.000Z,256.14997,256.40997,0
1974-07-08T08:27:10.000Z,256.1805,256.4395,0
1974-07-08T09:25:20.000Z,256.15047,256.40947,0
1974-07-08T10:23:13.000Z,256.15047,256.40947,0
1974-07-08T11:21:07.000Z,256.17049,256.42949,0
1974-07-08T12:19:00.000Z,256.14046,256.39946,0
1974-07-08T13:17:10.000Z,256.1805,256.4395,0
1974-07-08T14:47:33.000Z,256.15998,256.41998,0
1974-07-08T15:45:43.000Z,256.13045,256.38945,0
1974-07-08T16:43:36.000Z,256.16048,256.41948,0
1974-07-08T17:41:30.000Z,256.18995,256.44995,0
1974-07-08T18:17:49.000Z,256.13045,256.38945,0
1974-07-08T19:15:42.000Z,256.16048,256.41948,0
1974-07-08T20:13:36.000Z,256.19045,256.44945,0
1974-07-08T21:11:45.000Z,256.15047,256.40947,0
1974-07-08T22:09:39.000Z,256.15047,256.40947,0
1974-07-08T23:07:32.000Z,256.19045,256.44945,0
1974-07-09T00:05:26.000Z,256.15047,256.40947,0
1974-07-09T01:10:41.000Z,256.15047,256.40947,0
1974-07-09T01:32:32.000Z,256.14997,256.40997,0
1974-07-09T01:47:01.000Z,256.13996,256.39996,0
1974-07-09T02:37:48.000Z,256.17049,256.42949,0
1974-07-09T03:13:51.000Z,256.17049,256.42949,0
1974-07-09T04:12:00.000Z,256.17049,256.42949,0
1974-07-09T04:40:57.000Z,256.19045,256.44945,0
1974-07-09T05:02:31.000Z,256.1805,256.4395,0
1974-07-09T05:38:51.000Z,256.15998,256.41998,0
1974-07-09T06:36:44.000Z,256.13045,256.38945,0
1974-07-09T07:20:09.000Z,256.20046,256.45946,0
1974-07-09T08:25:25.000Z,256.13045,256.38945,0
1974-07-09T08:54:22.000Z,256.14046,256.39946,0
1974-07-09T09:52:31.000Z,256.15047,256.40947,0
1974-07-09T10:50:25.000Z,256.1805,256.4395,0
1974-07-09T11:48:18.000Z,256.17049,256.42949,0
1974-07-09T12:46:12.000Z,256.16048,256.41948,0
1974-07-09T13:44:21.000Z,256.15047,256.40947,0
1974-07-09T14:42:15.000Z,256.15047,256.40947,0
1974-07-09T15:40:08.000Z,256.14046,256.39946,0
1974-07-09T16:38:02.000Z,256.14046,256.39946,0
1974-07-09T17:36:11.000Z,256.17049,256.42949,0
1974-07-09T18:34:05.000Z,256.17049,256.42949,0
1974-07-09T19:31:58.000Z,256.14046,256.39946,0
1974-07-09T20:29:52.000Z,256.13045,256.38945,0
1974-07-09T21:28:01.000Z,256.17049,256.42949,0
1974-07-09T22:25:55.000Z,256.19045,256.44945,0
1974-07-09T23:23:48.000Z,256.13045,256.38945,0
1974-07-10T00:07:13.000Z,256.16048,256.41948,0
1974-07-10T00:29:04.000Z,256.19045,256.44945,0
1974-07-10T01:19:51.000Z,256.16048,256.41948,0
1974-07-10T02:03:16.000Z,256.19045,256.44945,0
1974-07-10T02:54:04.000Z,256.15047,256.40947,0
1974-07-10T03:51:57.000Z,256.19045,256.44945,0
1974-07-10T04:20:54.000Z,256.19045,256.44945,0
1974-07-10T05:18:47.000Z,256.15047,256.40947,0
1974-07-10T05:40:38.000Z,256.14046,256.39946,0
1974-07-10T06:38:31.000Z,256.15047,256.40947,0
1974-07-10T06:53:00.000Z,256.181,256.439,0
1974-07-10T07:14:51.000Z,256.1805,256.4395,0
1974-07-10T08:12:44.000Z,256.15047,256.40947,0
1974-07-10T09:10:37.000Z,256.14046,256.39946,0
1974-07-10T10:08:47.000Z,256.15047,256.40947,0
1974-07-10T11:06:41.000Z,256.1805,256.4395,0
1974-07-10T12:04:34.000Z,256.21047,256.46947,0
1974-07-10T13:02:27.000Z,256.17049,256.42949,0
1974-07-10T13:59:32.000Z,256.17049,256.42949,0
1974-07-10T14:57:41.000Z,256.14046,256.39946,0
1974-07-10T15:55:35.000Z,256.17049,256.42949,0
1974-07-10T16:53:28.000Z,256.17049,256.42949,0
1974-07-10T17:51:22.000Z,256.17099,256.42899,0
1974-07-10T18:27:41.000Z,256.14046,256.39946,0
1974-07-10T18:35:03.000Z,256.17049,256.42949,0
1974-07-10T19:32:57.000Z,256.14046,256.39946,0
1974-07-10T20:30:50.000Z,256.17049,256.42949,0
1974-07-10T21:28:43.000Z,256.17049,256.42949,0
1974-07-10T22:26:53.000Z,256.17099,256.42899,0
1974-07-10T23:24:47.000Z,256.17099,256.42899,0
1974-07-11T00:22:40.000Z,256.16098,256.41898,0
1974-07-11T01:20:33.000Z,256.16048,256.41948,0
1974-07-11T02:18:43.000Z,256.16098,256.41898,0
1974-07-11T02:47:40.000Z,256.20096,256.45896,0
1974-07-11T03:23:59.000Z,256.13095,256.38895,0
1974-07-11T03:31:05.000Z,256.16098,256.41898,0
1974-07-11T04:28:58.000Z,256.17099,256.42899,0
1974-07-11T05:05:17.000Z,256.20096,256.45896,0
1974-07-11T06:03:11.000Z,256.19095,256.44895,0
1974-07-11T07:01:21.000Z,256.15097,256.40897,0
1974-07-11T07:59:14.000Z,256.19095,256.44895,0
1974-07-11T08:57:07.000Z,256.19095,256.44895,0
1974-07-11T09:55:01.000Z,256.15097,256.40897,0
1974-07-11T10:53:11.000Z,256.121,256.379,0
1974-07-11T11:51:04.000Z,256.19095,256.44895,0
1974-07-11T12:48:57.000Z,256.19095,256.44895,0
1974-07-11T13:46:51.000Z,256.15097,256.40897,0
1974-07-11T14:45:01.000Z,256.15097,256.40897,0
1974-07-11T15:42:54.000Z,256.15097,256.40897,0
1974-07-11T16:40:47.000Z,256.15097,256.40897,0
1974-07-11T17:38:41.000Z,256.15097,256.40897,0
1974-07-11T18:36:51.000Z,256.15097,256.40897,0
1974-07-11T19:34:44.000Z,256.181,256.439,0
1974-07-11T20:32:37.000Z,256.181,256.439,0
1974-07-11T21:30:31.000Z,256.181,256.439,0
1974-07-11T22:28:41.000Z,256.15097,256.40897,0
1974-07-11T23:26:34.000Z,256.181,256.439,0
1974-07-12T00:24:27.000Z,256.181,256.439,0
1974-07-12T01:22:21.000Z,256.15097,256.40897,0
1974-07-12T02:20:31.000Z,256.181,256.439,0
1974-07-12T03:18:24.000Z,256.181,256.439,0
1974-07-12T04:16:17.000Z,256.21097,256.46897,0
1974-07-12T05:07:05.000Z,256.181,256.439,0
1974-07-12T05:43:24.000Z,256.15097,256.40897,0
1974-07-12T06:04:58.000Z,256.181,256.439,0
1974-07-12T07:03:08.000Z,256.181,256.439,0
1974-07-12T07:24:42.000Z,256.21097,256.46897,0
1974-07-12T08:29:58.000Z,256.181,256.439,0
1974-07-12T09:27:52.000Z,256.14096,256.39896,0
1974-07-12T10:25:45.000Z,256.181,256.439,0
1974-07-12T11:23:55.000Z,256.11099,256.36899,0
1974-07-12T12:21:48.000Z,256.14146,256.39846,0
1974-07-12T13:19:42.000Z,256.21097,256.46897,0
1974-07-12T14:17:35.000Z,256.181,256.439,0
1974-07-12T15:11:06.000Z,256.21147,256.46847,0
1974-07-12T16:09:00.000Z,256.15097,256.40897,0
1974-07-12T17:07:10.000Z,256.1815,256.4385,0
1974-07-12T18:05:03.000Z,256.181,256.439,0
1974-07-12T19:02:56.000Z,256.181,256.439,0
1974-07-12T20:00:50.000Z,256.21147,256.46847,0
1974-07-12T20:59:00.000Z,256.1815,256.4385,0
1974-07-12T21:56:53.000Z,256.1815,256.4385,0
1974-07-12T22:54:46.000Z,256.17149,256.42849,0
1974-07-12T23:52:56.000Z,256.17149,256.42849,0
1974-07-13T00:50:50.000Z,256.21147,256.46847,0
1974-07-13T01:48:43.000Z,256.14146,256.39846,0
1974-07-13T02:46:36.000Z,256.21147,256.46847,0
1974-07-13T03:44:46.000Z,256.1815,256.4385,0
1974-07-13T04:42:40.000Z,256.1815,256.4385,0
1974-07-13T05:40:33.000Z,256.17149,256.42849,0
1974-07-13T06:38:26.000Z,256.2415,256.4985,0
1974-07-13T07:36:36.000Z,256.14146,256.39846,0
1974-07-13T08:34:30.000Z,256.17149,256.42849,0
1974-07-13T08:48:58.000Z,256.20146,256.45846,0
1974-07-13T09:17:55.000Z,256.17149,256.42849,0
1974-07-13T09:39:45.000Z,256.17149,256.42849,0
1974-07-13T10:01:20.000Z,256.17149,256.42849,0
1974-07-13T10:37:39.000Z,256.17149,256.42849,0
1974-07-13T10:59:29.000Z,256.17149,256.42849,0
1974-07-13T11:35:32.000Z,256.20146,256.45846,0
1974-07-13T11:57:23.000Z,256.17149,256.42849,0
1974-07-13T12:55:16.000Z,256.17149,256.42849,0
1974-07-13T13:53:10.000Z,256.20146,256.45846,0
1974-07-13T14:51:19.000Z,256.14146,256.39846,0
1974-07-13T15:49:13.000Z,256.20146,256.45846,0
1974-07-13T16:47:06.000Z,256.17149,256.42849,0
1974-07-13T17:45:00.000Z,256.17149,256.42849,0
1974-07-13T18:43:10.000Z,256.20146,256.45846,0
1974-07-13T19:41:03.000Z,256.2415,256.4985,0
1974-07-13T20:38:56.000Z,256.20146,256.45846,0
1974-07-13T21:36:50.000Z,256.20146,256.45846,0
1974-07-13T22:35:00.000Z,256.20146,256.45846,0
1974-07-13T23:32:53.000Z,256.20146,256.45846,0
1974-07-14T00:01:50.000Z,256.20146,256.45846,0
1974-07-14T00:30:46.000Z,256.20146,256.45846,0
1974-07-14T01:21:34.000Z,256.20146,256.45846,0
1974-07-14T02:04:59.000Z,256.20146,256.45846,0
1974-07-14T03:02:52.000Z,256.20146,256.45846,0
1974-07-14T04:08:08.000Z,256.16148,256.41848,0
1974-07-14T05:06:01.000Z,256.16148,256.41848,0
1974-07-14T06:04:11.000Z,256.20146,256.45846,0
1974-07-14T07:02:05.000Z,256.20146,256.45846,0
1974-07-14T07:59:58.000Z,256.20146,256.45846,0
1974-07-14T08:28:55.000Z,256.16148,256.41848,0
1974-07-14T08:50:45.000Z,256.16148,256.41848,0
1974-07-14T09:48:39.000Z,256.16148,256.41848,0
1974-07-14T10:53:55.000Z,256.16148,256.41848,0
1974-07-14T11:51:48.000Z,256.16148,256.41848,0
1974-07-14T12:49:58.000Z,256.20146,256.45846,0
1974-07-14T13:47:51.000Z,256.20196,256.45796,0
1974-07-14T14:45:45.000Z,256.19145,256.44845,0
1974-07-14T15:43:38.000Z,256.15197,256.40797,0
1974-07-14T16:41:48.000Z,256.16198,256.41798,0
1974-07-14T17:39:41.000Z,256.16198,256.41798,0
1974-07-14T18:37:35.000Z,256.16198,256.41798,0
1974-07-14T19:35:28.000Z,256.16198,256.41798,0
1974-07-14T20:33:38.000Z,256.20146,256.45846,0
1974-07-14T21:31:31.000Z,256.16198,256.41798,0
1974-07-14T22:29:25.000Z,256.19195,256.44795,0
1974-07-14T23:27:18.000Z,256.16198,256.41798,0
1974-07-15T00:25:28.000Z,256.122,256.378,0
1974-07-15T01:23:21.000Z,256.20146,256.45846,0
1974-07-15T02:21:15.000Z,256.20196,256.45796,0
1974-07-15T03:12:02.000Z,256.20196,256.45796,0
1974-07-15T03:40:59.000Z,256.16198,256.41798,0
1974-07-15T04:02:50.000Z,256.16198,256.41798,0
1974-07-15T04:31:46.000Z,256.122,256.378,0
1974-07-15T04:53:21.000Z,256.122,256.378,0
1974-07-15T05:00:43.000Z,256.16198,256.41798,0
1974-07-15T06:34:55.000Z,256.15197,256.40797,0
1974-07-15T07:03:52.000Z,256.122,256.378,0
1974-07-15T07:18:20.000Z,256.16198,256.41798,0
1974-07-15T07:40:11.000Z,256.16198,256.41798,0
1974-07-15T08:09:08.000Z,256.20196,256.45796,0
1974-07-15T08:45:11.000Z,256.20196,256.45796,0
1974-07-15T09:43:20.000Z,256.15197,256.40797,0
1974-07-15T10:41:14.000Z,256.16198,256.41798,0
1974-07-15T11:39:07.000Z,256.19195,256.44795,0
1974-07-15T12:22:32.000Z,256.19195,256.44795,0
1974-07-15T13:13:20.000Z,256.16198,256.41798,0
1974-07-15T14:11:13.000Z,256.15197,256.40797,0
1974-07-15T14:57:38.000Z,256.19195,256.44795,0
1974-07-15T15:11:01.000Z,256.15197,256.40797,0
1974-07-15T15:18:24.000Z,256.19195,256.44795,0
1974-07-15T16:16:17.000Z,256.15197,256.40797,0
1974-07-15T17:21:33.000Z,256.19195,256.44795,0
1974-07-15T17:43:07.000Z,256.19195,256.44795,0
1974-07-15T18:41:17.000Z,256.16198,256.41798,0
1974-07-15T19:39:10.000Z,256.182,256.438,0
1974-07-15T20:37:04.000Z,256.15197,256.40797,0
1974-07-15T21:34:57.000Z,256.19195,256.44795,0
1974-07-15T22:11:16.000Z,256.15247,256.40747,0
1974-07-15T23:02:04.000Z,256.15197,256.40797,0
1974-07-15T23:31:00.000Z,256.182,256.438,0
1974-07-15T23:52:51.000Z,256.15197,256.40797,0
1974-07-16T00:50:44.000Z,256.19195,256.44795,0
1974-07-16T01:56:00.000Z,256.19195,256.44795,0
1974-07-16T02:32:03.000Z,256.182,256.438,0
1974-07-16T02:46:31.000Z,256.15247,256.40747,0
1974-07-16T03:08:22.000Z,256.19195,256.44795,0
1974-07-16T03:37:19.000Z,256.182,256.438,0
1974-07-16T03:51:47.000Z,256.15197,256.40797,0
1974-07-16T04:28:06.000Z,256.182,256.438,0
1974-07-16T04:35:12.000Z,256.182,256.438,0
1974-07-16T04:49:40.000Z,256.1225,256.3775,0
1974-07-16T05:40:28.000Z,256.182,256.438,0
1974-07-16T06:09:25.000Z,256.15247,256.40747,0
1974-07-16T06:16:47.000Z,256.19195,256.44795,0
1974-07-16T06:53:06.000Z,256.15247,256.40747,0
1974-07-16T07:22:03.000Z,256.182,256.438,0
1974-07-16T08:19:56.000Z,256.182,256.438,0
1974-07-16T09:17:50.000Z,256.15247,256.40747,0
1974-07-16T10:15:43.000Z,256.182,256.438,0
1974-07-16T11:13:53.000Z,256.1825,256.4375,0
1974-07-16T12:11:46.000Z,256.15247,256.40747,0
1974-07-16T13:09:40.000Z,256.182,256.438,0
1974-07-16T14:00:27.000Z,256.15247,256.40747,0
1974-07-16T14:29:24.000Z,256.182,256.438,0
1974-07-16T15:27:17.000Z,256.15247,256.40747,0
1974-07-16T16:25:27.000Z,256.15247,256.40747,0
1974-07-16T17:23:20.000Z,256.15247,256.40747,0
1974-07-16T18:21:14.000Z,256.14246,256.39746,0
1974-07-16T19:19:07.000Z,256.1825,256.4375,0
1974-07-16T20:17:17.000Z,256.1825,256.4375,0
1974-07-16T21:15:10.000Z,256.1825,256.4375,0
1974-07-16T22:13:04.000Z,256.1825,256.4375,0
1974-07-16T23:10:57.000Z,256.1825,256.4375,0
1974-07-17T00:09:07.000Z,256.17249,256.42749,0
1974-07-17T01:07:00.000Z,256.14246,256.39746,0
1974-07-17T01:43:19.000Z,256.14246,256.39746,0
1974-07-17T02:41:13.000Z,256.15247,256.40747,0
1974-07-17T03:39:06.000Z,256.1825,256.4375,0
1974-07-17T04:37:00.000Z,256.17249,256.42749,0
1974-07-17T05:35:09.000Z,256.17249,256.42749,0
1974-07-17T06:33:03.000Z,256.1825,256.4375,0
1974-07-17T07:30:56.000Z,256.1825,256.4375,0
1974-07-17T08:28:50.000Z,256.14246,256.39746,0
1974-07-17T09:26:59.000Z,256.17249,256.42749,0
1974-07-17T10:24:53.000Z,256.14246,256.39746,0
1974-07-17T11:30:09.000Z,256.1825,256.4375,0
1974-07-17T12:28:02.000Z,256.17249,256.42749,0
1974-07-17T13:25:55.000Z,256.1825,256.4375,0
1974-07-17T14:24:05.000Z,256.14246,256.39746,0
1974-07-17T15:06:25.000Z,256.17249,256.42749,0
1974-07-17T15:57:12.000Z,256.21247,256.46747,0
1974-07-17T16:55:06.000Z,256.1825,256.4375,0
1974-07-17T17:53:15.000Z,256.21247,256.46747,0
1974-07-17T18:51:09.000Z,256.17249,256.42749,0
1974-07-17T19:12:59.000Z,256.21247,256.46747,0
1974-07-17T20:10:53.000Z,256.1825,256.4375,0
1974-07-17T21:08:46.000Z,256.21247,256.46747,0
1974-07-17T22:06:40.000Z,256.17249,256.42749,0
1974-07-17T23:04:49.000Z,256.17249,256.42749,0
1974-07-18T00:02:43.000Z,256.2425,256.4975,0
1974-07-18T01:00:36.000Z,256.21247,256.46747,0
1974-07-18T01:58:30.000Z,256.21247,256.46747,0
1974-07-18T02:56:39.000Z,256.14246,256.39746,0
1974-07-18T03:54:33.000Z,256.17249,256.42749,0
1974-07-18T04:52:26.000Z,256.183,256.437,0
1974-07-18T05:50:20.000Z,256.14296,256.39696,0
1974-07-18T06:48:30.000Z,256.17249,256.42749,0
1974-07-18T07:46:23.000Z,256.17249,256.42749,0
1974-07-18T08:44:16.000Z,256.17299,256.42699,0
1974-07-18T09:42:10.000Z,256.21247,256.46747,0
1974-07-18T10:40:20.000Z,256.21247,256.46747,0
1974-07-18T11:38:13.000Z,256.17299,256.42699,0
1974-07-18T12:36:06.000Z,256.17299,256.42699,0
1974-07-18T13:34:16.000Z,256.14296,256.39696,0
1974-07-18T14:32:10.000Z,256.21297,256.46697,0
1974-07-18T15:30:03.000Z,256.17299,256.42699,0
1974-07-18T16:27:56.000Z,256.17299,256.42699,0
1974-07-18T17:26:06.000Z,256.17299,256.42699,0
1974-07-18T18:09:31.000Z,256.17299,256.42699,0
1974-07-18T19:07:25.000Z,256.17299,256.42699,0
1974-07-18T20:05:18.000Z,256.11299,256.36699,0
1974-07-18T21:03:28.000Z,256.17299,256.42699,0
1974-07-18T22:01:21.000Z,256.17299,256.42699,0
1974-07-18T22:59:15.000Z,256.21297,256.46697,0
1974-07-18T23:57:08.000Z,256.14296,256.39696,0
1974-07-19T00:55:18.000Z,256.17299,256.42699,0
1974-07-19T01:53:11.000Z,256.17299,256.42699,0
1974-07-19T02:51:05.000Z,256.17299,256.42699,0
1974-07-19T03:48:58.000Z,256.21297,256.46697,0
1974-07-19T04:47:08.000Z,256.17299,256.42699,0
1974-07-19T05:45:01.000Z,256.17299,256.42699,0
1974-07-19T06:42:55.000Z,256.14296,256.39696,0
1974-07-19T07:40:48.000Z,256.17299,256.42699,0
1974-07-19T08:38:58.000Z,256.21297,256.46697,0
1974-07-19T09:36:51.000Z,256.14296,256.39696,0
1974-07-19T10:34:45.000Z,256.17299,256.42699,0
1974-07-19T11:32:38.000Z,256.20296,256.45696,0
1974-07-19T12:30:48.000Z,256.17299,256.42699,0
1974-07-19T13:28:41.000Z,256.17299,256.42699,0
1974-07-19T14:26:35.000Z,256.21297,256.46697,0
1974-07-19T15:20:06.000Z,256.21297,256.46697,0
1974-07-19T16:03:31.000Z,256.21297,256.46697,0
1974-07-19T17:01:24.000Z,256.14346,256.39646,0
1974-07-19T17:59:34.000Z,256.17299,256.42699,0
1974-07-19T18:57:28.000Z,256.17299,256.42699,0
1974-07-19T19:55:21.000Z,256.17299,256.42699,0
1974-07-19T20:53:14.000Z,256.17299,256.42699,0
1974-07-19T21:51:24.000Z,256.17299,256.42699,0
1974-07-19T22:49:18.000Z,256.14346,256.39646,0
1974-07-19T23:47:11.000Z,256.17299,256.42699,0
1974-07-20T00:45:04.000Z,256.20296,256.45696,0
1974-07-20T01:43:14.000Z,256.17349,256.42649,0
1974-07-20T02:41:08.000Z,256.21297,256.46697,0
1974-07-20T03:39:01.000Z,256.17349,256.42649,0
1974-07-20T04:00:52.000Z,256.17349,256.42649,0
1974-07-20T04:51:06.000Z,256.17299,256.42699,0
1974-07-20T04:58:45.000Z,256.17349,256.42649,0
1974-07-20T05:56:39.000Z,256.17349,256.42649,0
1974-07-20T06:54:48.000Z,256.183,256.437,0
1974-07-20T07:52:42.000Z,256.21347,256.46647,0
1974-07-20T08:50:35.000Z,256.14346,256.39646,0
1974-07-20T09:48:29.000Z,256.20346,256.45646,0
1974-07-20T10:46:38.000Z,256.20346,256.45646,0
1974-07-20T11:44:32.000Z,256.20346,256.45646,0
1974-07-20T12:42:25.000Z,256.17349,256.42649,0
1974-07-20T13:40:19.000Z,256.14346,256.39646,0
1974-07-20T14:38:28.000Z,256.20296,256.45696,0
1974-07-20T15:36:22.000Z,256.20346,256.45646,0
1974-07-20T16:34:15.000Z,256.17349,256.42649,0
1974-07-20T17:32:25.000Z,256.17349,256.42649,0
1974-07-20T18:30:18.000Z,256.17349,256.42649,0
1974-07-20T19:28:12.000Z,256.17349,256.42649,0
1974-07-20T20:26:05.000Z,256.20346,256.45646,0
1974-07-20T21:24:15.000Z,256.20346,256.45646,0
1974-07-20T22:22:08.000Z,256.20346,256.45646,0
1974-07-20T23:20:02.000Z,256.17349,256.42649,0
1974-07-21T00:17:55.000Z,256.20346,256.45646,0
1974-07-21T01:16:05.000Z,256.17349,256.42649,0
1974-07-21T02:13:58.000Z,256.17349,256.42649,0
1974-07-21T03:11:52.000Z,256.17349,256.42649,0
1974-07-21T04:09:45.000Z,256.17349,256.42649,0
1974-07-21T05:07:55.000Z,256.20346,256.45646,0
1974-07-21T06:05:48.000Z,256.17349,256.42649,0
1974-07-21T07:03:42.000Z,256.20346,256.45646,0
1974-07-21T08:01:35.000Z,256.17349,256.42649,0
1974-07-21T08:59:45.000Z,256.14346,256.39646,0
1974-07-21T09:57:39.000Z,256.17349,256.42649,0
1974-07-21T10:55:32.000Z,256.20346,256.45646,0
1974-07-21T11:53:25.000Z,256.20346,256.45646,0
1974-07-21T12:51:35.000Z,256.20346,256.45646,0
1974-07-21T13:49:29.000Z,256.23349,256.48649,0
1974-07-21T14:47:22.000Z,256.17349,256.42649,0
1974-07-21T15:45:32.000Z,256.17349,256.42649,0
1974-07-21T16:43:25.000Z,256.17349,256.42649,0
1974-07-21T17:41:19.000Z,256.20346,256.45646,0
1974-07-21T18:39:12.000Z,256.17399,256.42599,0
1974-07-21T19:37:22.000Z,256.17349,256.42649,0
1974-07-21T20:35:15.000Z,256.20346,256.45646,0
1974-07-21T21:33:09.000Z,256.17399,256.42599,0
1974-07-21T22:31:02.000Z,256.17399,256.42599,0
1974-07-21T23:29:12.000Z,256.17399,256.42599,0
1974-07-22T05:53:08.000Z,256.17399,256.42599,0
1974-07-22T06:51:01.000Z,256.23399,256.48599,0
1974-07-22T07:48:54.000Z,256.20396,256.45596,0
1974-07-22T08:47:04.000Z,256.20396,256.45596,0
1974-07-22T09:44:58.000Z,256.17399,256.42599,0
1974-07-22T10:42:51.000Z,256.20396,256.45596,0
1974-07-22T11:40:44.000Z,256.16398,256.41598,0
1974-07-22T12:38:54.000Z,256.20396,256.45596,0
1974-07-22T13:36:48.000Z,256.17399,256.42599,0
1974-07-22T15:34:29.000Z,256.23399,256.48599,0
1974-07-22T16:32:23.000Z,256.23399,256.48599,0
1974-07-22T17:30:32.000Z,256.17399,256.42599,0
1974-07-22T18:28:26.000Z,256.17399,256.42599,0
1974-07-22T19:26:19.000Z,256.17399,256.42599,0
1974-07-22T20:24:13.000Z,256.23399,256.48599,0
1974-07-22T21:22:22.000Z,256.20396,256.45596,0
1974-07-22T22:20:16.000Z,256.20396,256.45596,0
1974-07-22T23:18:09.000Z,256.20396,256.45596,0
1974-07-23T00:16:03.000Z,256.16398,256.41598,0
1974-07-23T01:14:12.000Z,256.16398,256.41598,0
1974-07-23T02:12:06.000Z,256.23399,256.48599,0
1974-07-23T03:09:59.000Z,256.23399,256.48599,0
1974-07-23T04:07:53.000Z,256.16398,256.41598,0
1974-07-23T05:06:02.000Z,256.20396,256.45596,0
1974-07-23T06:03:56.000Z,256.20396,256.45596,0
1974-07-23T07:01:49.000Z,256.23399,256.48599,0
1974-07-23T07:59:59.000Z,256.16398,256.41598,0
1974-07-23T08:57:52.000Z,256.16398,256.41598,0
1974-07-23T09:55:46.000Z,256.17399,256.42599,0
1974-07-23T11:29:58.000Z,256.20396,256.45596,0
1974-07-23T11:37:21.000Z,256.16398,256.41598,0
1974-07-23T12:35:14.000Z,256.20396,256.45596,0
1974-07-23T13:40:30.000Z,256.20396,256.45596,0
1974-07-23T14:38:23.000Z,256.16398,256.41598,0
1974-07-23T15:36:17.000Z,256.20396,256.45596,0
1974-07-23T16:34:10.000Z,256.20396,256.45596,0
1974-07-23T17:32:20.000Z,256.16398,256.41598,0
1974-07-23T18:30:13.000Z,256.20396,256.45596,0
1974-07-23T19:28:07.000Z,256.17399,256.42599,0
1974-07-23T20:26:00.000Z,256.17449,256.42549,0
1974-07-23T21:24:10.000Z,256.16398,256.41598,0
1974-07-23T22:22:03.000Z,256.23399,256.48599,0
1974-07-23T23:19:57.000Z,256.16448,256.41548,0
1974-07-24T00:17:50.000Z,256.20446,256.45546,0
1974-07-24T01:16:00.000Z,256.20446,256.45546,0
1974-07-24T02:13:53.000Z,256.20446,256.45546,0
1974-07-24T03:11:47.000Z,256.17449,256.42549,0
1974-07-24T04:09:57.000Z,256.16398,256.41598,0
1974-07-24T05:07:50.000Z,256.20446,256.45546,0
1974-07-24T06:05:43.000Z,256.1845,256.4355,0
1974-07-24T07:03:37.000Z,256.13445,256.38545,0
1974-07-24T08:01:47.000Z,256.1845,256.4355,0
1974-07-24T08:59:40.000Z,256.16448,256.41548,0
1974-07-24T09:57:33.000Z,256.1845,256.4355,0
1974-07-24T10:55:27.000Z,256.22448,256.47548,0
1974-07-24T11:53:37.000Z,256.17449,256.42549,0
1974-07-24T12:51:30.000Z,256.17449,256.42549,0
1974-07-24T13:05:58.000Z,256.21447,256.46547,0
1974-07-24T14:03:52.000Z,256.15447,256.40547,0
1974-07-24T15:21:41.000Z,256.15447,256.40547,0
1974-07-24T16:05:23.000Z,256.1845,256.4355,0
1974-07-24T17:03:16.000Z,256.16448,256.41548,0
1974-07-24T18:01:09.000Z,256.17449,256.42549,0
1974-07-24T18:59:03.000Z,256.1845,256.4355,0
1974-07-24T19:57:13.000Z,256.1845,256.4355,0
1974-07-24T20:55:06.000Z,256.1845,256.4355,0
1974-07-24T22:07:28.000Z,256.15447,256.40547,0
1974-07-24T23:05:38.000Z,256.15447,256.40547,0
1974-07-25T00:03:31.000Z,256.22448,256.47548,0
1974-07-25T01:01:24.000Z,256.1245,256.3755,0
1974-07-25T01:59:18.000Z,256.19445,256.44545,0
1974-07-25T02:57:28.000Z,256.1245,256.3755,0
1974-07-25T03:55:21.000Z,256.16448,256.41548,0
1974-07-25T04:53:14.000Z,256.19445,256.44545,0
1974-07-25T05:51:08.000Z,256.19445,256.44545,0
1974-07-25T06:49:18.000Z,256.19445,256.44545,0
1974-07-25T07:47:11.000Z,256.16448,256.41548,0
1974-07-25T08:45:04.000Z,256.16448,256.41548,0
1974-07-25T09:42:58.000Z,256.16448,256.41548,0
1974-07-25T10:41:08.000Z,256.19495,256.44495,0
1974-07-25T11:39:01.000Z,256.19445,256.44545,0
1974-07-25T12:36:54.000Z,256.16448,256.41548,0
1974-07-25T13:34:48.000Z,256.19495,256.44495,0
1974-07-25T14:32:58.000Z,256.19495,256.44495,0
1974-07-25T15:30:51.000Z,256.19495,256.44495,0
1974-07-25T16:28:44.000Z,256.16498,256.41498,0
1974-07-25T17:26:54.000Z,256.16498,256.41498,0
1974-07-25T18:24:48.000Z,256.19495,256.44495,0
1974-07-25T19:22:41.000Z,256.19495,256.44495,0
1974-07-25T20:20:35.000Z,256.16498,256.41498,0
1974-07-25T21:25:50.000Z,256.19495,256.44495,0
1974-07-25T22:23:44.000Z,256.16498,256.41498,0
1974-07-25T23:21:53.000Z,256.20496,256.45496,0
1974-07-26T00:05:19.000Z,256.17499,256.42499,0
1974-07-26T01:03:12.000Z,256.20496,256.45496,0
1974-07-26T02:01:05.000Z,256.20496,256.45496,0
1974-07-26T02:59:15.000Z,256.17499,256.42499,0
1974-07-26T03:57:09.000Z,256.14496,256.39496,0
1974-07-26T04:55:02.000Z,256.14496,256.39496,0
1974-07-26T05:52:55.000Z,256.17499,256.42499,0
1974-07-26T06:51:05.000Z,256.185,256.435,0
1974-07-26T07:48:59.000Z,256.14496,256.39496,0
1974-07-26T08:46:52.000Z,256.14496,256.39496,0
1974-07-26T09:44:45.000Z,256.14496,256.39496,0
1974-07-26T10:42:55.000Z,256.17499,256.42499,0
1974-07-26T11:40:49.000Z,256.20496,256.45496,0
1974-07-26T12:38:42.000Z,256.20496,256.45496,0
1974-07-26T13:36:52.000Z,256.245,256.495,0
1974-07-26T15:00:09.000Z,256.20496,256.45496,0
1974-07-26T15:36:12.000Z,256.17499,256.42499,0
1974-07-26T16:19:53.000Z,256.17499,256.42499,0
1974-07-26T16:34:21.000Z,256.245,256.495,0
1974-07-26T17:17:46.000Z,256.14496,256.39496,0
1974-07-26T17:39:21.000Z,256.17499,256.42499,0
1974-07-26T17:46:43.000Z,256.20496,256.45496,0
1974-07-26T18:01:11.000Z,256.20496,256.45496,0
1974-07-26T18:30:08.000Z,256.17499,256.42499,0
1974-07-26T18:59:05.000Z,256.20496,256.45496,0
1974-07-26T19:13:33.000Z,256.20496,256.45496,0
1974-07-26T20:04:21.000Z,256.20496,256.45496,0
1974-07-26T20:33:17.000Z,256.16498,256.41498,0
1974-07-26T21:31:11.000Z,256.20496,256.45496,0
1974-07-26T22:29:21.000Z,256.20496,256.45496,0
1974-07-26T23:27:14.000Z,256.16548,256.41448,0
1974-07-27T00:25:07.000Z,256.20546,256.45446,0
1974-07-27T01:23:01.000Z,256.20496,256.45496,0
1974-07-27T02:21:11.000Z,256.20546,256.45446,0
1974-07-27T03:19:04.000Z,256.13545,256.38445,0
1974-07-27T04:16:57.000Z,256.20546,256.45446,0
1974-07-27T05:15:07.000Z,256.17549,256.42449,0
1974-07-27T06:13:01.000Z,256.20546,256.45446,0
1974-07-27T07:10:54.000Z,256.20546,256.45446,0
1974-07-27T08:08:47.000Z,256.20546,256.45446,0
1974-07-27T09:06:57.000Z,256.16548,256.41448,0
1974-07-27T10:04:51.000Z,256.20546,256.45446,0
1974-07-27T11:02:44.000Z,256.16548,256.41448,0
1974-07-27T12:00:37.000Z,256.16548,256.41448,0
1974-07-27T12:58:47.000Z,256.13545,256.38445,0
1974-07-27T13:56:41.000Z,256.17549,256.42449,0
1974-07-27T14:54:34.000Z,256.16548,256.41448,0
1974-07-27T15:52:27.000Z,256.16548,256.41448,0
1974-07-27T16:50:37.000Z,256.20546,256.45446,0
1974-07-27T17:48:31.000Z,256.13545,256.38445,0
1974-07-27T18:46:24.000Z,256.21547,256.46447,0
1974-07-27T19:44:17.000Z,256.17549,256.42449,0
1974-07-27T20:42:27.000Z,256.13545,256.38445,0
1974-07-27T21:40:21.000Z,256.13545,256.38445,0
1974-07-27T22:38:14.000Z,256.17549,256.42449,0
1974-07-27T23:36:24.000Z,256.13545,256.38445,0
1974-07-28T00:34:17.000Z,256.13545,256.38445,0
1974-07-28T01:32:11.000Z,256.13545,256.38445,0
1974-07-28T02:30:04.000Z,256.13545,256.38445,0
1974-07-28T03:28:14.000Z,256.17549,256.42449,0
1974-07-28T04:26:07.000Z,256.21547,256.46447,0
1974-07-28T05:24:01.000Z,256.16548,256.41448,0
1974-07-28T06:21:54.000Z,256.2455,256.4945,0
1974-07-28T07:20:04.000Z,256.2455,256.4945,0
1974-07-28T08:17:57.000Z,256.20546,256.45446,0
1974-07-28T09:15:51.000Z,256.16548,256.41448,0
1974-07-28T10:13:44.000Z,256.17549,256.42449,0
1974-07-28T11:11:54.000Z,256.20546,256.45446,0
1974-07-28T12:09:47.000Z,256.21597,256.46397,0
1974-07-28T13:07:41.000Z,256.21547,256.46447,0
1974-07-28T14:05:51.000Z,256.21547,256.46447,0
1974-07-28T15:03:44.000Z,256.186,256.434,0
1974-07-28T16:09:00.000Z,256.1855,256.4345,0
1974-07-28T17:06:53.000Z,256.21597,256.46397,0
1974-07-28T18:04:47.000Z,256.21597,256.46397,0
1974-07-28T19:02:40.000Z,256.21597,256.46397,0
1974-07-28T20:00:50.000Z,256.21597,256.46397,0
1974-07-28T20:58:43.000Z,256.21597,256.46397,0
1974-07-28T21:56:37.000Z,256.246,256.494,0
1974-07-28T22:54:30.000Z,256.21597,256.46397,0
1974-07-28T23:52:40.000Z,256.21597,256.46397,0
1974-07-29T00:50:33.000Z,256.21597,256.46397,0
1974-07-29T01:48:27.000Z,256.186,256.434,0
1974-07-29T02:31:52.000Z,256.246,256.494,0
1974-07-29T02:46:36.000Z,256.21597,256.46397,0
1974-07-29T03:37:07.000Z,256.246,256.494,0
1974-07-29T04:35:17.000Z,256.17599,256.42399,0
1974-07-29T05:33:11.000Z,256.186,256.434,0
1974-07-29T06:31:04.000Z,256.186,256.434,0
1974-07-29T07:28:57.000Z,256.21597,256.46397,0
1974-07-29T08:27:07.000Z,256.21597,256.46397,0
1974-07-29T09:25:01.000Z,256.21597,256.46397,0
1974-07-29T10:22:54.000Z,256.246,256.494,0
1974-07-29T11:20:47.000Z,256.21597,256.46397,0
1974-07-29T12:18:57.000Z,256.20546,256.45446,0
1974-07-29T13:16:51.000Z,256.20596,256.45396,0
1974-07-29T14:14:44.000Z,256.21597,256.46397,0
1974-07-29T14:54:36.000Z,256.16598,256.41398,0
1974-07-29T15:52:30.000Z,256.20596,256.45396,0
1974-07-29T16:50:39.000Z,256.21597,256.46397,0
1974-07-29T17:48:33.000Z,256.246,256.494,0
1974-07-29T18:46:26.000Z,256.246,256.494,0
1974-07-29T19:44:20.000Z,256.17599,256.42399,0
1974-07-29T20:42:29.000Z,256.21597,256.46397,0
1974-07-29T21:40:23.000Z,256.21597,256.46397,0
1974-07-29T22:38:16.000Z,256.246,256.494,0
1974-07-29T23:36:26.000Z,256.21647,256.46347,0
1974-07-30T00:05:23.000Z,256.20646,256.45346,0
1974-07-30T01:03:16.000Z,256.27596,256.52396,0
1974-07-30T02:01:09.000Z,256.17599,256.42399,0
1974-07-30T02:59:03.000Z,256.21597,256.46397,0
1974-07-30T03:57:13.000Z,256.20596,256.45396,0
1974-07-30T04:55:06.000Z,256.246,256.494,0
1974-07-30T05:52:59.000Z,256.20646,256.45346,0
1974-07-30T06:51:09.000Z,256.20596,256.45396,0
1974-07-30T07:49:03.000Z,256.2465,256.4935,0
1974-07-30T08:46:56.000Z,256.246,256.494,0
1974-07-30T09:44:49.000Z,256.20646,256.45346,0
1974-07-30T10:42:59.000Z,256.16648,256.41348,0
1974-07-30T11:40:53.000Z,256.20596,256.45396,0
1974-07-30T12:38:46.000Z,256.2465,256.4935,0
1974-07-30T13:36:39.000Z,256.20596,256.45396,0
1974-07-30T14:34:49.000Z,256.20646,256.45346,0
1974-07-30T15:32:43.000Z,256.20646,256.45346,0
1974-07-30T16:30:36.000Z,256.20646,256.45346,0
1974-07-30T17:28:30.000Z,256.16598,256.41398,0
1974-07-30T18:26:39.000Z,256.20646,256.45346,0
1974-07-30T19:24:33.000Z,256.20646,256.45346,0
1974-07-30T20:22:26.000Z,256.20646,256.45346,0
1974-07-30T21:20:36.000Z,256.20646,256.45346,0
1974-07-30T22:18:29.000Z,256.20646,256.45346,0
1974-07-30T23:16:23.000Z,256.20646,256.45346,0
1974-07-31T00:14:16.000Z,256.2465,256.4935,0
1974-07-31T01:12:26.000Z,256.20646,256.45346,0
1974-07-31T02:10:19.000Z,256.17649,256.42349,0
1974-07-31T03:08:13.000Z,256.20646,256.45346,0
1974-07-31T04:06:06.000Z,256.2465,256.4935,0
1974-07-31T05:04:16.000Z,256.20646,256.45346,0
1974-07-31T06:02:09.000Z,256.17649,256.42349,0
1974-07-31T07:00:03.000Z,256.21647,256.46347,0
1974-07-31T08:05:19.000Z,256.21647,256.46347,0
1974-07-31T09:03:12.000Z,256.21647,256.46347,0
1974-07-31T10:01:22.000Z,256.20646,256.45346,0
1974-07-31T10:59:15.000Z,256.17649,256.42349,0
1974-07-31T11:57:09.000Z,256.17649,256.42349,0
1974-07-31T12:55:02.000Z,256.17649,256.42349,0
1974-07-31T13:53:12.000Z,256.17649,256.42349,0
1974-07-31T14:55:27.000Z,256.17649,256.42349,0
1974-07-31T15:53:37.000Z,256.20646,256.45346,0
1974-07-31T16:51:31.000Z,256.20646,256.45346,0
1974-07-31T17:49:24.000Z,256.20646,256.45346,0
1974-07-31T18:47:34.000Z,256.21647,256.46347,0
1974-07-31T19:45:27.000Z,256.17649,256.42349,0
1974-07-31T20:43:21.000Z,256.21697,256.46297,0
1974-07-31T21:41:14.000Z,256.20646,256.45346,0
1974-07-31T22:39:24.000Z,256.20646,256.45346,0
1974-07-31T23:37:17.000Z,256.21647,256.46347,0
1974-08-01T00:35:11.000Z,256.247,256.493,0
1974-08-01T01:33:04.000Z,256.17699,256.42299,0
1974-08-01T02:31:14.000Z,256.21647,256.46347,0
1974-08-01T03:29:07.000Z,256.21697,256.46297,0
1974-08-01T04:27:01.000Z,256.247,256.493,0
1974-08-01T05:24:54.000Z,256.20646,256.45346,0
1974-08-01T06:01:13.000Z,256.23649,256.48349,0
1974-08-01T06:23:04.000Z,256.17699,256.42299,0
1974-08-01T07:20:57.000Z,256.17699,256.42299,0
1974-08-01T08:18:51.000Z,256.17699,256.42299,0
1974-08-01T09:17:00.000Z,256.20696,256.45296,0
1974-08-01T10:14:54.000Z,256.20696,256.45296,0
1974-08-01T11:12:47.000Z,256.20696,256.45296,0
1974-08-01T11:49:06.000Z,256.16698,256.41298,0
1974-08-01T11:56:12.000Z,256.20696,256.45296,0
1974-08-01T12:54:22.000Z,256.16698,256.41298,0
1974-08-01T13:52:15.000Z,256.20696,256.45296,0
1974-08-01T14:50:09.000Z,256.20696,256.45296,0
1974-08-01T15:48:02.000Z,256.247,256.493,0
1974-08-01T16:46:12.000Z,256.23699,256.48299,0
1974-08-01T17:44:05.000Z,256.23699,256.48299,0
1974-08-01T18:41:59.000Z,256.17699,256.42299,0
1974-08-01T19:39:52.000Z,256.20696,256.45296,0
1974-08-01T20:38:02.000Z,256.23699,256.48299,0
1974-08-01T21:35:55.000Z,256.27696,256.52296,0
1974-08-01T22:33:49.000Z,256.16698,256.41298,0
1974-08-01T23:31:42.000Z,256.21697,256.46297,0
1974-08-02T00:29:52.000Z,256.23699,256.48299,0
1974-08-02T01:27:45.000Z,256.20696,256.45296,0
1974-08-02T02:25:39.000Z,256.247,256.493,0
1974-08-02T03:23:49.000Z,256.247,256.493,0
1974-08-02T04:21:42.000Z,256.247,256.493,0
1974-08-02T05:19:35.000Z,256.17699,256.42299,0
1974-08-02T06:17:29.000Z,256.21697,256.46297,0
1974-08-02T07:15:39.000Z,256.21697,256.46297,0
1974-08-02T08:13:32.000Z,256.17699,256.42299,0
1974-08-02T09:11:26.000Z,256.21697,256.46297,0
1974-08-02T10:09:19.000Z,256.2475,256.4925,0
1974-08-02T11:07:29.000Z,256.247,256.493,0
1974-08-02T12:05:22.000Z,256.20696,256.45296,0
1974-08-02T13:03:16.000Z,256.20696,256.45296,0
1974-08-02T14:01:09.000Z,256.20696,256.45296,0
1974-08-02T14:59:19.000Z,256.27696,256.52296,0
1974-08-02T15:57:12.000Z,256.20746,256.45246,0
1974-08-02T16:55:06.000Z,256.16698,256.41298,0
1974-08-02T17:53:15.000Z,256.20746,256.45246,0
1974-08-02T18:51:09.000Z,256.2475,256.4925,0
1974-08-02T19:49:02.000Z,256.2475,256.4925,0
1974-08-02T20:46:56.000Z,256.2475,256.4925,0
1974-08-02T21:45:05.000Z,256.2475,256.4925,0
1974-08-02T22:42:59.000Z,256.20746,256.45246,0
1974-08-02T23:40:52.000Z,256.2475,256.4925,0
1974-08-03T00:02:43.000Z,256.21747,256.46247,0
1974-08-03T01:00:36.000Z,256.20746,256.45246,0
1974-08-03T01:58:30.000Z,256.21747,256.46247,0
1974-08-03T02:56:39.000Z,256.21747,256.46247,0
1974-08-03T03:54:33.000Z,256.20746,256.45246,0
1974-08-03T04:52:26.000Z,256.2475,256.4925,0
1974-08-03T05:50:20.000Z,256.17749,256.42249,0
1974-08-03T06:48:30.000Z,256.21747,256.46247,0
1974-08-03T07:46:23.000Z,256.2475,256.4925,0
1974-08-03T08:44:16.000Z,256.17749,256.42249,0
1974-08-03T09:42:10.000Z,256.16748,256.41248,0
1974-08-03T10:40:20.000Z,256.17749,256.42249,0
1974-08-03T11:38:13.000Z,256.23749,256.48249,0
1974-08-03T12:36:06.000Z,256.20746,256.45246,0
1974-08-03T13:34:00.000Z,256.17749,256.42249,0
1974-08-03T14:32:10.000Z,256.17749,256.42249,0
1974-08-03T15:30:03.000Z,256.17749,256.42249,0
1974-08-03T16:27:56.000Z,256.20746,256.45246,0
1974-08-03T17:26:06.000Z,256.20746,256.45246,0
1974-08-03T18:24:00.000Z,256.20746,256.45246,0
1974-08-03T19:21:53.000Z,256.20746,256.45246,0
1974-08-03T20:19:46.000Z,256.20746,256.45246,0
1974-08-03T21:17:56.000Z,256.16748,256.41248,0
1974-08-03T22:15:50.000Z,256.17749,256.42249,0
1974-08-03T23:13:43.000Z,256.23799,256.48199,0
1974-08-04T00:11:36.000Z,256.20746,256.45246,0
1974-08-04T01:09:46.000Z,256.20746,256.45246,0
1974-08-04T02:07:40.000Z,256.17749,256.42249,0
1974-08-04T03:05:33.000Z,256.20746,256.45246,0
1974-08-04T04:03:26.000Z,256.17749,256.42249,0
1974-08-04T05:01:36.000Z,256.20746,256.45246,0
1974-08-04T05:59:30.000Z,256.17749,256.42249,0
1974-08-04T06:57:23.000Z,256.20746,256.45246,0
1974-08-04T07:55:33.000Z,256.13745,256.38245,0
1974-08-04T08:53:26.000Z,256.20746,256.45246,0
1974-08-04T09:51:20.000Z,256.16798,256.41198,0
1974-08-04T10:49:13.000Z,256.20746,256.45246,0
1974-08-04T11:47:23.000Z,256.20796,256.45196,0
1974-08-04T12:45:16.000Z,256.20796,256.45196,0
1974-08-04T13:43:10.000Z,256.13795,256.38195,0
1974-08-04T14:41:03.000Z,256.17799,256.42199,0
1974-08-04T15:39:13.000Z,256.17799,256.42199,0
1974-08-04T16:37:06.000Z,256.17799,256.42199,0
1974-08-04T17:35:00.000Z,256.17799,256.42199,0
1974-08-04T18:32:53.000Z,256.17799,256.42199,0
1974-08-04T19:31:03.000Z,256.17799,256.42199,0
1974-08-04T20:28:56.000Z,256.17799,256.42199,0
1974-08-04T21:26:50.000Z,256.20796,256.45196,0
1974-08-04T22:24:59.000Z,256.17799,256.42199,0
1974-08-04T23:22:53.000Z,256.20796,256.45196,0
1974-08-05T00:20:46.000Z,256.20796,256.45196,0
1974-08-05T01:18:40.000Z,256.17799,256.42199,0
1974-08-05T02:16:49.000Z,256.17799,256.42199,0
1974-08-05T03:14:43.000Z,256.17799,256.42199,0
1974-08-05T04:12:36.000Z,256.17799,256.42199,0
1974-08-05T05:10:30.000Z,256.17799,256.42199,0
1974-08-05T06:08:39.000Z,256.20796,256.45196,0
1974-08-05T07:06:33.000Z,256.20796,256.45196,0
1974-08-05T08:04:26.000Z,256.20796,256.45196,0
1974-08-05T09:02:20.000Z,256.17799,256.42199,0
1974-08-05T10:00:30.000Z,256.16798,256.41198,0
1974-08-05T10:58:23.000Z,256.17799,256.42199,0
1974-08-05T11:56:16.000Z,256.16798,256.41198,0
1974-08-05T12:54:10.000Z,256.20796,256.45196,0
1974-08-05T13:52:20.000Z,256.13795,256.38195,0
1974-08-05T15:18:20.000Z,256.19795,256.44195,0
1974-08-05T16:16:14.000Z,256.16798,256.41198,0
1974-08-05T17:14:07.000Z,256.20796,256.45196,0
1974-08-05T18:12:17.000Z,256.20796,256.45196,0
1974-08-05T19:10:11.000Z,256.23799,256.48199,0
1974-08-05T20:08:04.000Z,256.19795,256.44195,0
1974-08-05T21:05:57.000Z,256.20796,256.45196,0
1974-08-05T22:04:07.000Z,256.20796,256.45196,0
1974-08-05T23:02:01.000Z,256.13795,256.38195,0
1974-08-05T23:59:54.000Z,256.23799,256.48199,0
1974-08-06T00:57:47.000Z,256.20796,256.45196,0
1974-08-06T01:55:57.000Z,256.19845,256.44145,0
1974-08-06T02:53:51.000Z,256.19795,256.44195,0
1974-08-06T03:51:44.000Z,256.13795,256.38195,0
1974-08-06T04:49:37.000Z,256.19795,256.44195,0
1974-08-06T05:47:47.000Z,256.17849,256.42149,0
1974-08-06T06:45:41.000Z,256.16848,256.41148,0
1974-08-06T07:43:34.000Z,256.19845,256.44145,0
1974-08-06T08:41:44.000Z,256.1885,256.4315,0
1974-08-06T09:39:37.000Z,256.17849,256.42149,0
1974-08-06T10:37:31.000Z,256.17849,256.42149,0
1974-08-06T11:35:24.000Z,256.17849,256.42149,0
1974-08-06T12:33:34.000Z,256.20846,256.45146,0
1974-08-06T13:31:27.000Z,256.17849,256.42149,0
1974-08-06T14:29:21.000Z,256.17849,256.42149,0
1974-08-06T15:27:14.000Z,256.17849,256.42149,0
1974-08-06T16:25:24.000Z,256.21847,256.46147,0
1974-08-06T17:23:17.000Z,256.17849,256.42149,0
1974-08-06T18:21:11.000Z,256.1885,256.4315,0
1974-08-06T19:19:04.000Z,256.17849,256.42149,0
1974-08-06T20:17:14.000Z,256.17849,256.42149,0
1974-08-06T21:15:07.000Z,256.21847,256.46147,0
1974-08-06T22:05:55.000Z,256.20846,256.45146,0
1974-08-06T23:03:48.000Z,256.17849,256.42149,0
1974-08-07T00:01:41.000Z,256.20846,256.45146,0
1974-08-07T00:59:35.000Z,256.17849,256.42149,0
1974-08-07T01:57:45.000Z,256.17849,256.42149,0
1974-08-07T02:55:38.000Z,256.17849,256.42149,0
1974-08-07T03:53:31.000Z,256.16848,256.41148,0
1974-08-07T04:51:41.000Z,256.19845,256.44145,0
1974-08-07T05:49:35.000Z,256.19845,256.44145,0
1974-08-07T06:47:28.000Z,256.19845,256.44145,0
1974-08-07T07:45:21.000Z,256.16848,256.41148,0
1974-08-07T08:43:31.000Z,256.15847,256.40147,0
1974-08-07T09:41:25.000Z,256.15847,256.40147,0
1974-08-07T10:39:18.000Z,256.15847,256.40147,0
1974-08-07T11:37:11.000Z,256.15847,256.40147,0
1974-08-07T12:35:21.000Z,256.1885,256.4315,0
1974-08-07T13:04:18.000Z,256.15847,256.40147,0
1974-08-07T14:02:11.000Z,256.17849,256.42149,0
1974-08-07T14:51:53.000Z,256.1885,256.4315,0
1974-08-07T15:50:03.000Z,256.16848,256.41148,0
1974-08-07T16:47:56.000Z,256.19845,256.44145,0
1974-08-07T17:45:50.000Z,256.15847,256.40147,0
1974-08-07T18:44:00.000Z,256.20846,256.45146,0
1974-08-07T19:41:53.000Z,256.21847,256.46147,0
1974-08-07T20:39:47.000Z,256.22848,256.47148,0
1974-08-07T21:37:40.000Z,256.1885,256.4315,0
1974-08-07T22:35:50.000Z,256.21847,256.46147,0
1974-08-07T23:04:46.000Z,256.2485,256.4915,0
1974-08-08T00:02:40.000Z,256.16848,256.41148,0
1974-08-08T01:00:33.000Z,256.16848,256.41148,0
1974-08-08T01:58:27.000Z,256.1885,256.4315,0
1974-08-08T02:56:36.000Z,256.189,256.431,0
1974-08-08T03:54:30.000Z,256.17849,256.42149,0
1974-08-08T04:52:23.000Z,256.14846,256.39146,0
1974-08-08T05:50:33.000Z,256.20846,256.45146,0
1974-08-08T06:48:26.000Z,256.17849,256.42149,0
1974-08-08T07:46:20.000Z,256.17849,256.42149,0
1974-08-08T08:44:13.000Z,256.20846,256.45146,0
1974-08-08T09:42:23.000Z,256.20846,256.45146,0
1974-08-08T10:40:16.000Z,256.20846,256.45146,0
1974-08-08T11:38:10.000Z,256.19845,256.44145,0
1974-08-08T12:36:03.000Z,256.22848,256.47148,0
1974-08-08T13:34:13.000Z,256.19845,256.44145,0
1974-08-08T14:32:06.000Z,256.22848,256.47148,0
1974-08-08T15:30:00.000Z,256.19845,256.44145,0
1974-08-08T16:27:53.000Z,256.19845,256.44145,0
1974-08-08T17:26:03.000Z,256.1885,256.4315,0
1974-08-08T18:23:56.000Z,256.22848,256.47148,0
1974-08-08T19:21:50.000Z,256.22848,256.47148,0
1974-08-08T20:19:43.000Z,256.1885,256.4315,0
1974-08-08T21:17:53.000Z,256.19845,256.44145,0
1974-08-08T22:15:47.000Z,256.1885,256.4315,0
1974-08-08T23:13:40.000Z,256.14846,256.39146,0
1974-08-09T00:11:50.000Z,256.21847,256.46147,0
1974-08-09T01:09:43.000Z,256.21847,256.46147,0
1974-08-09T02:07:37.000Z,256.17899,256.42099,0
1974-08-09T03:05:30.000Z,256.17899,256.42099,0
1974-08-09T04:03:40.000Z,256.17849,256.42149,0
1974-08-09T05:01:33.000Z,256.21897,256.46097,0
1974-08-09T05:59:27.000Z,256.17899,256.42099,0
1974-08-09T06:57:20.000Z,256.17849,256.42149,0
1974-08-09T07:55:30.000Z,256.17899,256.42099,0
1974-08-09T08:53:23.000Z,256.17849,256.42149,0
1974-08-09T09:51:17.000Z,256.17899,256.42099,0
1974-08-09T10:49:10.000Z,256.19895,256.44095,0
1974-08-09T11:47:20.000Z,256.23899,256.48099,0
1974-08-09T12:45:13.000Z,256.16898,256.41098,0
1974-08-09T13:43:07.000Z,256.16898,256.41098,0
1974-08-09T14:57:23.000Z,256.19895,256.44095,0
1974-08-09T15:55:16.000Z,256.23899,256.48099,0
1974-08-09T16:53:26.000Z,256.15897,256.40097,0
1974-08-09T17:51:20.000Z,256.15897,256.40097,0
1974-08-09T18:49:13.000Z,256.23899,256.48099,0
1974-08-09T19:47:06.000Z,256.19895,256.44095,0
1974-08-09T20:45:16.000Z,256.15897,256.40097,0
1974-08-09T21:35:47.000Z,256.19895,256.44095,0
1974-08-09T21:50:16.000Z,256.15897,256.40097,0
1974-08-09T22:19:29.000Z,256.19895,256.44095,0
1974-08-09T22:41:03.000Z,256.19895,256.44095,0
1974-08-09T23:38:56.000Z,256.23899,256.48099,0
1974-08-10T00:37:06.000Z,256.189,256.431,0
1974-08-10T01:35:00.000Z,256.22898,256.47098,0
1974-08-10T02:32:53.000Z,256.15897,256.40097,0
1974-08-10T03:31:03.000Z,256.15897,256.40097,0
1974-08-10T04:28:56.000Z,256.189,256.431,0
1974-08-10T05:26:50.000Z,256.189,256.431,0
1974-08-10T06:24:43.000Z,256.189,256.431,0
1974-08-10T07:22:53.000Z,256.22898,256.47098,0
1974-08-10T08:20:46.000Z,256.189,256.431,0
1974-08-10T09:18:40.000Z,256.189,256.431,0
1974-08-10T10:16:33.000Z,256.21897,256.46097,0
1974-08-10T11:14:43.000Z,256.189,256.431,0
1974-08-10T12:12:36.000Z,256.1895,256.4305,0
1974-08-10T13:10:30.000Z,256.21947,256.46047,0
1974-08-10T14:08:23.000Z,256.189,256.431,0
1974-08-10T15:06:33.000Z,256.21897,256.46097,0
1974-08-10T16:04:26.000Z,256.21897,256.46097,0
1974-08-10T17:02:20.000Z,256.1895,256.4305,0
1974-08-10T18:00:13.000Z,256.21947,256.46047,0
1974-08-10T18:58:23.000Z,256.21897,256.46097,0
1974-08-10T19:56:16.000Z,256.21947,256.46047,0
1974-08-10T20:54:10.000Z,256.17949,256.42049,0
1974-08-10T21:52:20.000Z,256.21947,256.46047,0
1974-08-10T22:50:13.000Z,256.21947,256.46047,0
1974-08-10T23:48:06.000Z,256.1895,256.4305,0
1974-08-11T00:02:35.000Z,256.1895,256.4305,0
1974-08-11T01:00:28.000Z,256.1895,256.4305,0
1974-08-11T01:58:38.000Z,256.21947,256.46047,0
1974-08-11T02:56:31.000Z,256.2495,256.4905,0
1974-08-11T03:54:25.000Z,256.1895,256.4305,0
1974-08-11T04:52:18.000Z,256.21947,256.46047,0
1974-08-11T05:50:28.000Z,256.21947,256.46047,0
1974-08-11T06:48:21.000Z,256.21947,256.46047,0
1974-08-11T07:46:15.000Z,256.2495,256.4905,0
1974-08-11T08:44:08.000Z,256.17949,256.42049,0
1974-08-11T09:42:18.000Z,256.21947,256.46047,0
1974-08-11T10:40:11.000Z,256.1895,256.4305,0
1974-08-11T11:38:05.000Z,256.14946,256.39046,0
1974-08-11T12:35:58.000Z,256.14946,256.39046,0
1974-08-11T14:02:15.000Z,256.17949,256.42049,0
1974-08-11T15:00:09.000Z,256.21947,256.46047,0
1974-08-11T15:58:02.000Z,256.14946,256.39046,0
1974-08-11T16:55:56.000Z,256.17949,256.42049,0
1974-08-11T17:54:06.000Z,256.1895,256.4305,0
1974-08-11T18:51:59.000Z,256.17949,256.42049,0
1974-08-11T19:49:52.000Z,256.17949,256.42049,0
1974-08-11T20:47:46.000Z,256.2495,256.4905,0
1974-08-11T21:45:56.000Z,256.17949,256.42049,0
1974-08-11T22:43:49.000Z,256.20946,256.45046,0
1974-08-11T23:41:42.000Z,256.21997,256.45997,0
1974-08-12T00:39:36.000Z,256.20946,256.45046,0
1974-08-12T01:37:46.000Z,256.20946,256.45046,0
1974-08-12T02:35:39.000Z,256.17949,256.42049,0
1974-08-12T03:33:32.000Z,256.16948,256.41048,0
1974-08-12T04:31:26.000Z,256.21947,256.46047,0
1974-08-12T05:29:36.000Z,256.20946,256.45046,0
1974-08-12T06:27:29.000Z,256.20946,256.45046,0
1974-08-12T07:25:22.000Z,256.20946,256.45046,0
1974-08-12T08:23:32.000Z,256.20946,256.45046,0
1974-08-12T09:21:26.000Z,256.20946,256.45046,0
1974-08-12T10:19:19.000Z,256.20946,256.45046,0
1974-08-16T15:18:56.000Z,256.23098,256.46898,0
1974-08-16T16:17:06.000Z,256.191,256.429,0
1974-08-16T17:15:00.000Z,256.1905,256.4295,0
1974-08-16T18:12:53.000Z,256.191,256.429,0
1974-08-16T18:56:18.000Z,256.1905,256.4295,0
1974-08-16T19:25:15.000Z,256.22047,256.45947,0
1974-08-16T20:23:24.000Z,256.1905,256.4295,0
1974-08-16T21:28:24.000Z,256.1905,256.4295,0
1974-08-16T22:26:34.000Z,256.22097,256.45897,0
1974-08-16T23:24:27.000Z,256.22097,256.45897,0
1974-08-17T00:22:20.000Z,256.22097,256.45897,0
1974-08-17T01:20:30.000Z,256.22047,256.45947,0
1974-08-17T02:18:24.000Z,256.18099,256.41899,0
1974-08-17T03:16:17.000Z,256.22097,256.45897,0
1974-08-17T04:14:11.000Z,256.21096,256.44896,0
1974-08-17T05:12:20.000Z,256.18099,256.41899,0
1974-08-17T06:10:14.000Z,256.22097,256.45897,0
1974-08-17T07:08:07.000Z,256.18099,256.41899,0
1974-08-17T08:06:01.000Z,256.18099,256.41899,0
1974-08-17T09:04:10.000Z,256.18099,256.41899,0
1974-08-17T10:02:04.000Z,256.18099,256.41899,0
1974-08-17T10:59:57.000Z,256.22097,256.45897,0
1974-08-17T11:57:51.000Z,256.22097,256.45897,0
1974-08-17T12:56:00.000Z,256.23098,256.46898,0
1974-08-17T13:53:54.000Z,256.18099,256.41899,0
1974-08-17T14:51:47.000Z,256.22097,256.45897,0
1974-08-17T15:49:41.000Z,256.18099,256.41899,0
1974-08-17T16:47:50.000Z,256.22097,256.45897,0
1974-08-17T17:45:44.000Z,256.22097,256.45897,0
1974-08-17T18:43:37.000Z,256.18099,256.41899,0
1974-08-17T19:41:31.000Z,256.22097,256.45897,0
1974-08-17T20:17:50.000Z,256.191,256.429,0
1974-08-17T21:15:43.000Z,256.22097,256.45897,0
1974-08-17T22:13:53.000Z,256.18099,256.41899,0
1974-08-17T22:57:18.000Z,256.22097,256.45897,0
1974-08-17T23:55:11.000Z,256.18099,256.41899,0
1974-08-18T00:53:05.000Z,256.251,256.489,0
1974-08-18T01:51:15.000Z,256.21096,256.44896,0
1974-08-18T02:49:08.000Z,256.18099,256.41899,0
1974-08-18T03:47:01.000Z,256.18099,256.41899,0
1974-08-18T04:44:55.000Z,256.18099,256.41899,0
1974-08-18T05:43:05.000Z,256.22097,256.45897,0
1974-08-18T06:40:58.000Z,256.21096,256.44896,0
1974-08-18T07:38:51.000Z,256.21096,256.44896,0
1974-08-18T08:36:45.000Z,256.24099,256.47899,0
1974-08-18T09:34:55.000Z,256.22097,256.45897,0
1974-08-18T10:32:48.000Z,256.18149,256.41849,0
1974-08-18T11:30:41.000Z,256.18149,256.41849,0
1974-08-18T12:28:51.000Z,256.18099,256.41899,0
1974-08-18T13:26:45.000Z,256.18149,256.41849,0
1974-08-18T14:24:38.000Z,256.18149,256.41849,0
1974-08-18T15:22:31.000Z,256.22097,256.45897,0
1974-08-18T16:20:41.000Z,256.18099,256.41899,0
1974-08-18T17:18:35.000Z,256.18149,256.41849,0
1974-08-18T18:16:28.000Z,256.18149,256.41849,0
1974-08-18T19:14:21.000Z,256.21146,256.44846,0
1974-08-18T20:12:31.000Z,256.2515,256.4885,0
1974-08-18T21:10:25.000Z,256.18149,256.41849,0
1974-08-18T22:08:18.000Z,256.18149,256.41849,0
1974-08-18T23:06:11.000Z,256.18149,256.41849,0
1974-08-19T00:04:21.000Z,256.18149,256.41849,0
1974-08-19T01:02:15.000Z,256.18149,256.41849,0
1974-08-19T02:00:08.000Z,256.18149,256.41849,0
1974-08-19T02:58:01.000Z,256.18149,256.41849,0
1974-08-19T03:56:11.000Z,256.21146,256.44846,0
1974-08-19T04:54:05.000Z,256.21146,256.44846,0
1974-08-19T05:51:58.000Z,256.21146,256.44846,0
1974-08-19T06:50:08.000Z,256.18149,256.41849,0
1974-08-19T07:48:01.000Z,256.24149,256.47849,0
1974-08-19T08:45:55.000Z,256.21146,256.44846,0
1974-08-19T09:43:48.000Z,256.21146,256.44846,0
1974-08-19T10:41:58.000Z,256.18149,256.41849,0
1974-08-19T11:39:51.000Z,256.18149,256.41849,0
1974-08-19T12:37:45.000Z,256.21146,256.44846,0
1974-08-19T13:35:38.000Z,256.21146,256.44846,0
1974-08-19T14:33:48.000Z,256.18149,256.41849,0
1974-08-19T15:31:41.000Z,256.21146,256.44846,0
1974-08-19T16:26:02.000Z,256.21146,256.44846,0
1974-08-19T17:23:55.000Z,256.18149,256.41849,0
1974-08-19T17:52:52.000Z,256.18149,256.41849,0
1974-08-19T18:51:02.000Z,256.21146,256.44846,0
1974-08-19T19:48:55.000Z,256.22147,256.45847,0
1974-08-19T20:46:48.000Z,256.21146,256.44846,0
1974-08-19T21:01:17.000Z,256.21146,256.44846,0
1974-08-19T21:59:10.000Z,256.18149,256.41849,0
1974-08-19T22:57:20.000Z,256.21146,256.44846,0
1974-08-19T23:55:13.000Z,256.18149,256.41849,0
1974-08-20T00:53:07.000Z,256.21146,256.44846,0
1974-08-20T01:51:00.000Z,256.21146,256.44846,0
1974-08-20T02:49:10.000Z,256.18149,256.41849,0
1974-08-20T03:47:03.000Z,256.24149,256.47849,0
1974-08-20T04:44:57.000Z,256.21146,256.44846,0
1974-08-20T05:42:50.000Z,256.2515,256.4885,0
1974-08-20T06:41:00.000Z,256.24149,256.47849,0
1974-08-20T07:38:53.000Z,256.24149,256.47849,0
1974-08-20T08:36:47.000Z,256.21146,256.44846,0
1974-08-20T09:34:40.000Z,256.21146,256.44846,0
1974-08-20T10:32:50.000Z,256.18149,256.41849,0
1974-08-20T11:30:43.000Z,256.21146,256.44846,0
1974-08-20T12:28:37.000Z,256.24149,256.47849,0
1974-08-20T13:26:47.000Z,256.24149,256.47849,0
1974-08-20T14:24:40.000Z,256.21146,256.44846,0
1974-08-20T15:22:33.000Z,256.21196,256.44796,0
1974-08-20T16:20:27.000Z,256.21196,256.44796,0
1974-08-20T17:18:37.000Z,256.18149,256.41849,0
1974-08-20T18:16:30.000Z,256.18149,256.41849,0
1974-08-20T19:14:23.000Z,256.21146,256.44846,0
1974-08-20T20:19:39.000Z,256.21146,256.44846,0
1974-08-20T20:26:45.000Z,256.24199,256.47799,0
1974-08-20T20:55:58.000Z,256.24199,256.47799,0
1974-08-20T21:53:52.000Z,256.24199,256.47799,0
1974-08-20T22:51:45.000Z,256.18149,256.41849,0
1974-08-20T23:49:39.000Z,256.21196,256.44796,0
1974-08-21T00:47:48.000Z,256.24199,256.47799,0
1974-08-21T01:45:42.000Z,256.24149,256.47849,0
1974-08-21T02:43:35.000Z,256.21196,256.44796,0
1974-08-21T03:41:29.000Z,256.24199,256.47799,0
1974-08-21T04:39:38.000Z,256.24199,256.47799,0
1974-08-21T05:37:32.000Z,256.21196,256.44796,0
1974-08-21T06:35:25.000Z,256.18199,256.41799,0
1974-08-21T07:33:19.000Z,256.22197,256.45797,0
1974-08-21T08:31:28.000Z,256.21196,256.44796,0
1974-08-21T09:29:22.000Z,256.18199,256.41799,0
1974-08-21T10:27:15.000Z,256.18199,256.41799,0
1974-08-21T11:25:09.000Z,256.21196,256.44796,0
1974-08-21T12:23:18.000Z,256.24199,256.47799,0
1974-08-21T13:21:12.000Z,256.24199,256.47799,0
1974-08-21T14:19:05.000Z,256.24199,256.47799,0
1974-08-21T15:29:49.000Z,256.21196,256.44796,0
1974-08-21T16:27:42.000Z,256.18199,256.41799,0
1974-08-21T17:25:35.000Z,256.21196,256.44796,0
1974-08-21T18:23:45.000Z,256.21196,256.44796,0
1974-08-21T19:21:39.000Z,256.21196,256.44796,0
1974-08-21T20:19:32.000Z,256.21196,256.44796,0
1974-08-21T21:17:42.000Z,256.21196,256.44796,0
1974-08-21T22:15:35.000Z,256.24199,256.47799,0
1974-08-21T23:13:29.000Z,256.21196,256.44796,0
1974-08-22T00:11:22.000Z,256.18199,256.41799,0
1974-08-22T01:09:32.000Z,256.21196,256.44796,0
1974-08-22T02:07:25.000Z,256.24199,256.47799,0
1974-08-22T03:05:19.000Z,256.24199,256.47799,0
1974-08-22T04:03:12.000Z,256.17198,256.40798,0
1974-08-22T05:01:22.000Z,256.21196,256.44796,0
1974-08-22T05:59:15.000Z,256.24199,256.47799,0
1974-08-22T06:57:09.000Z,256.24199,256.47799,0
1974-08-22T07:55:02.000Z,256.24199,256.47799,0
1974-08-22T08:53:12.000Z,256.21196,256.44796,0
1974-08-22T09:51:05.000Z,256.24199,256.47799,0
1974-08-22T10:48:59.000Z,256.21196,256.44796,0
1974-08-22T11:46:52.000Z,256.21196,256.44796,0
1974-08-22T12:45:02.000Z,256.17198,256.40798,0
1974-08-22T13:42:55.000Z,256.24199,256.47799,0
1974-08-22T14:40:49.000Z,256.21246,256.44746,0
1974-08-22T15:38:42.000Z,256.24249,256.47749,0
1974-08-22T16:00:33.000Z,256.21196,256.44796,0
1974-08-22T16:58:26.000Z,256.15246,256.38746,0
1974-08-22T17:56:36.000Z,256.26194,256.49794,0
1974-08-22T18:54:29.000Z,256.22197,256.45797,0
1974-08-22T19:52:23.000Z,256.23198,256.46798,0
1974-08-22T20:50:16.000Z,256.2525,256.4875,0
1974-08-22T21:48:26.000Z,256.23248,256.46748,0
1974-08-22T23:08:10.000Z,256.21246,256.44746,0
1974-08-22T23:29:45.000Z,256.22197,256.45797,0
1974-08-23T00:06:04.000Z,256.22247,256.45747,0
1974-08-23T01:04:46.000Z,256.22247,256.45747,0
1974-08-23T01:54:44.000Z,256.26244,256.49744,0
1974-08-23T02:52:38.000Z,256.20245,256.43745,0
1974-08-23T03:50:31.000Z,256.21196,256.44796,0
1974-08-23T04:48:41.000Z,256.17248,256.40748,0
1974-08-23T05:46:34.000Z,256.21196,256.44796,0
1974-08-23T06:44:28.000Z,256.22247,256.45747,0
1974-08-23T07:42:21.000Z,256.1925,256.4275,0
1974-08-23T08:40:31.000Z,256.1925,256.4275,0
1974-08-23T09:38:24.000Z,256.23248,256.46748,0
1974-08-23T10:36:18.000Z,256.1925,256.4275,0
1974-08-23T12:17:53.000Z,256.20245,256.43745,0
1974-08-23T13:15:46.000Z,256.23248,256.46748,0
1974-08-23T14:13:40.000Z,256.17248,256.40748,0
1974-08-23T15:07:11.000Z,256.20245,256.43745,0
1974-08-23T16:05:04.000Z,256.20245,256.43745,0
1974-08-23T17:02:58.000Z,256.17248,256.40748,0
1974-08-23T18:01:07.000Z,256.20245,256.43745,0
1974-08-23T18:59:01.000Z,256.20245,256.43745,0
1974-08-23T19:56:54.000Z,256.20245,256.43745,0
1974-08-23T20:54:48.000Z,256.20245,256.43745,0
1974-08-23T21:52:57.000Z,256.20245,256.43745,0
1974-08-24T01:51:53.000Z,256.20245,256.43745,0
1974-08-24T02:49:47.000Z,256.20245,256.43745,0
1974-08-24T03:47:57.000Z,256.20245,256.43745,0
1974-08-24T04:45:50.000Z,256.20245,256.43745,0
1974-08-24T05:43:43.000Z,256.20245,256.43745,0
1974-08-24T06:41:53.000Z,256.20245,256.43745,0
1974-08-24T07:39:47.000Z,256.17248,256.40748,0
1974-08-24T08:37:40.000Z,256.18249,256.41749,0
1974-08-24T09:35:33.000Z,256.21246,256.44746,0
1974-08-24T10:33:43.000Z,256.21246,256.44746,0
1974-08-24T11:31:37.000Z,256.21246,256.44746,0
1974-08-24T12:29:30.000Z,256.17248,256.40748,0
1974-08-24T13:27:23.000Z,256.21246,256.44746,0
1974-08-24T14:25:33.000Z,256.20245,256.43745,0
1974-08-24T15:23:27.000Z,256.18299,256.41699,0
1974-08-24T16:21:20.000Z,256.193,256.427,0
1974-08-24T17:19:13.000Z,256.23298,256.46698,0
1974-08-24T18:17:23.000Z,256.24299,256.47699,0
1974-08-24T19:15:17.000Z,256.23248,256.46748,0
1974-08-24T20:13:10.000Z,256.18249,256.41749,0
1974-08-24T21:11:03.000Z,256.22247,256.45747,0
1974-08-24T22:09:13.000Z,256.22297,256.45697,0
1974-08-24T23:07:07.000Z,256.253,256.487,0
1974-08-25T00:05:00.000Z,256.18249,256.41749,0
1974-08-25T01:03:10.000Z,256.18299,256.41699,0
1974-08-25T02:01:03.000Z,256.18299,256.41699,0
1974-08-25T02:58:57.000Z,256.21296,256.44696,0
1974-08-25T03:56:50.000Z,256.21296,256.44696,0
1974-08-25T04:55:00.000Z,256.21296,256.44696,0
1974-08-25T05:52:53.000Z,256.21296,256.44696,0
1974-08-25T06:50:47.000Z,256.253,256.487,0
1974-08-25T07:48:40.000Z,256.21296,256.44696,0
1974-08-25T08:46:50.000Z,256.21296,256.44696,0
1974-08-25T09:44:43.000Z,256.18299,256.41699,0
1974-08-25T10:42:37.000Z,256.21296,256.44696,0
1974-08-25T11:40:30.000Z,256.21296,256.44696,0
1974-08-25T12:38:40.000Z,256.21296,256.44696,0
1974-08-25T13:36:33.000Z,256.17298,256.40698,0
1974-08-25T14:34:27.000Z,256.21296,256.44696,0
1974-08-25T15:32:20.000Z,256.17298,256.40698,0
1974-08-25T16:30:30.000Z,256.21296,256.44696,0
1974-08-25T17:28:23.000Z,256.17298,256.40698,0
1974-08-25T18:26:17.000Z,256.17298,256.40698,0
1974-08-25T19:24:27.000Z,256.21296,256.44696,0
1974-08-25T20:22:20.000Z,256.21296,256.44696,0
1974-08-25T21:20:13.000Z,256.21296,256.44696,0
1974-08-25T22:18:07.000Z,256.17298,256.40698,0
1974-08-25T23:16:17.000Z,256.21296,256.44696,0
1974-08-26T00:14:10.000Z,256.22297,256.45697,0
1974-08-26T01:12:03.000Z,256.18299,256.41699,0
1974-08-26T02:09:57.000Z,256.18299,256.41699,0
1974-08-26T03:08:07.000Z,256.193,256.427,0
1974-08-26T04:06:00.000Z,256.193,256.427,0
1974-08-26T05:03:53.000Z,256.22347,256.45647,0
1974-08-26T06:01:47.000Z,256.193,256.427,0
1974-08-26T06:59:57.000Z,256.22297,256.45697,0
1974-08-26T07:57:50.000Z,256.18299,256.41699,0
1974-08-26T08:55:43.000Z,256.22297,256.45697,0
1974-08-26T10:00:59.000Z,256.22297,256.45697,0
1974-08-26T10:58:53.000Z,256.18299,256.41699,0
1974-08-26T11:57:02.000Z,256.22297,256.45697,0
1974-08-26T12:54:56.000Z,256.22297,256.45697,0
1974-08-26T13:52:49.000Z,256.22347,256.45647,0
1974-08-26T14:50:43.000Z,256.15346,256.38646,0
1974-08-26T15:33:19.000Z,256.21296,256.44696,0
1974-08-26T16:31:28.000Z,256.21346,256.44646,0
1974-08-26T17:29:22.000Z,256.1935,256.4265,0
1974-08-26T18:27:15.000Z,256.22347,256.45647,0
1974-08-26T19:25:09.000Z,256.18349,256.41649,0
1974-08-26T20:23:18.000Z,256.22347,256.45647,0
1974-08-26T21:21:12.000Z,256.22347,256.45647,0
1974-08-26T22:19:05.000Z,256.22347,256.45647,0
1974-08-27T00:07:46.000Z,256.22347,256.45647,0
1974-08-27T01:05:39.000Z,256.22347,256.45647,0
1974-08-27T02:03:49.000Z,256.21346,256.44646,0
1974-08-27T03:01:43.000Z,256.22347,256.45647,0
1974-08-27T03:59:36.000Z,256.22347,256.45647,0
1974-08-27T04:57:29.000Z,256.22347,256.45647,0
1974-08-27T05:55:39.000Z,256.22347,256.45647,0
1974-08-27T06:53:33.000Z,256.2535,256.4865,0
1974-08-27T07:51:26.000Z,256.1935,256.4265,0
1974-08-27T08:49:19.000Z,256.1935,256.4265,0
1974-08-27T09:47:29.000Z,256.1935,256.4265,0
1974-08-27T10:45:23.000Z,256.1935,256.4265,0
1974-08-27T11:43:16.000Z,256.22347,256.45647,0
1974-08-27T12:41:26.000Z,256.1935,256.4265,0
1974-08-27T13:39:19.000Z,256.26344,256.49644,0
1974-08-27T14:30:07.000Z,256.22347,256.45647,0
1974-08-27T15:28:00.000Z,256.23348,256.46648,0
1974-08-27T16:25:53.000Z,256.22347,256.45647,0
1974-08-27T17:23:47.000Z,256.1935,256.4265,0
1974-08-27T18:21:57.000Z,256.22347,256.45647,0
1974-08-27T19:19:50.000Z,256.18349,256.41649,0
1974-08-27T20:17:43.000Z,256.22347,256.45647,0
1974-08-27T21:15:37.000Z,256.22347,256.45647,0
1974-08-27T22:13:47.000Z,256.2535,256.4865,0
1974-08-27T23:11:40.000Z,256.22347,256.45647,0
1974-08-28T00:09:34.000Z,256.22347,256.45647,0
1974-08-28T01:07:27.000Z,256.2535,256.4865,0
1974-08-28T02:05:37.000Z,256.2535,256.4865,0
1974-08-28T03:03:30.000Z,256.22347,256.45647,0
1974-08-28T04:01:24.000Z,256.22347,256.45647,0
1974-08-28T04:59:33.000Z,256.2535,256.4865,0
1974-08-28T05:57:27.000Z,256.22347,256.45647,0
1974-08-28T06:55:20.000Z,256.2535,256.4865,0
1974-08-28T07:53:14.000Z,256.22347,256.45647,0
1974-08-28T08:51:23.000Z,256.18349,256.41649,0
1974-08-28T09:49:17.000Z,256.22347,256.45647,0
1974-08-28T10:47:10.000Z,256.22347,256.45647,0
1974-08-28T11:45:04.000Z,256.22397,256.45597,0
1974-08-28T12:43:13.000Z,256.1935,256.4265,0
1974-08-28T13:41:07.000Z,256.22397,256.45597,0
1974-08-28T14:39:00.000Z,256.254,256.486,0
1974-08-28T15:41:32.000Z,256.22397,256.45597,0
1974-08-28T16:39:26.000Z,256.22397,256.45597,0
1974-08-28T17:37:35.000Z,256.2535,256.4865,0
1974-08-28T18:35:29.000Z,256.22347,256.45647,0
1974-08-28T19:33:22.000Z,256.254,256.486,0
1974-08-28T20:31:16.000Z,256.21346,256.44646,0
1974-08-28T21:29:25.000Z,256.254,256.486,0
1974-08-28T22:27:19.000Z,256.194,256.426,0
1974-08-28T23:25:12.000Z,256.23398,256.46598,0
1974-08-29T00:23:06.000Z,256.2535,256.4865,0
1974-08-29T01:21:15.000Z,256.254,256.486,0
1974-08-29T02:19:09.000Z,256.254,256.486,0
1974-08-29T03:17:02.000Z,256.21396,256.44596,0
1974-08-29T04:15:12.000Z,256.22397,256.45597,0
1974-08-29T05:13:05.000Z,256.254,256.486,0
1974-08-29T06:10:59.000Z,256.28396,256.51596,0
1974-08-29T07:08:52.000Z,256.21396,256.44596,0
1974-08-29T08:07:02.000Z,256.22397,256.45597,0
1974-08-29T09:04:55.000Z,256.26394,256.49594,0
1974-08-29T10:02:49.000Z,256.26394,256.49594,0
1974-08-29T11:00:42.000Z,256.26394,256.49594,0
1974-08-29T11:58:52.000Z,256.26394,256.49594,0
1974-08-29T12:56:45.000Z,256.26344,256.49644,0
1974-08-29T13:54:39.000Z,256.26394,256.49594,0
1974-08-29T14:52:32.000Z,256.22397,256.45597,0
1974-08-29T15:50:42.000Z,256.18449,256.41549,0
1974-08-29T16:48:35.000Z,256.26344,256.49644,0
1974-08-29T17:46:29.000Z,256.22397,256.45597,0
1974-08-29T18:44:39.000Z,256.26394,256.49594,0
1974-08-29T19:42:32.000Z,256.26394,256.49594,0
1974-08-29T20:40:25.000Z,256.24399,256.47599,0
1974-08-29T21:38:19.000Z,256.22397,256.45597,0
1974-08-29T22:36:29.000Z,256.18399,256.41599,0
1974-08-29T23:34:22.000Z,256.22397,256.45597,0
1974-08-30T00:32:15.000Z,256.26394,256.49594,0
1974-08-30T01:30:09.000Z,256.22397,256.45597,0
1974-08-30T02:28:19.000Z,256.22397,256.45597,0
1974-08-30T03:26:12.000Z,256.254,256.486,0
1974-08-30T04:24:05.000Z,256.22397,256.45597,0
1974-08-30T05:21:59.000Z,256.21396,256.44596,0
1974-08-30T06:20:09.000Z,256.254,256.486,0
1974-08-30T07:18:02.000Z,256.26394,256.49594,0
1974-08-30T08:15:55.000Z,256.26394,256.49594,0
1974-08-30T09:14:05.000Z,256.22397,256.45597,0
1974-08-30T10:11:59.000Z,256.22397,256.45597,0
1974-08-30T11:09:52.000Z,256.22447,256.45547,0
1974-08-30T12:07:45.000Z,256.2545,256.4855,0
1974-08-30T13:05:55.000Z,256.2545,256.4855,0
1974-08-30T14:03:49.000Z,256.2545,256.4855,0
1974-08-30T15:42:23.000Z,256.254,256.486,0
1974-08-30T16:40:33.000Z,256.26394,256.49594,0
1974-08-30T17:38:27.000Z,256.23398,256.46598,0
1974-08-30T18:36:20.000Z,256.23398,256.46598,0
1974-08-30T19:34:13.000Z,256.254,256.486,0
1974-08-30T20:32:23.000Z,256.194,256.426,0
1974-08-30T20:46:51.000Z,256.23398,256.46598,0
1974-08-30T21:44:45.000Z,256.1945,256.4255,0
1974-08-30T22:42:38.000Z,256.254,256.486,0
1974-08-30T23:40:48.000Z,256.2545,256.4855,0
1974-08-31T00:02:22.000Z,256.22447,256.45547,0
1974-08-31T01:00:16.000Z,256.22447,256.45547,0
1974-08-31T01:58:26.000Z,256.2545,256.4855,0
1974-08-31T02:56:19.000Z,256.2545,256.4855,0
1974-08-31T03:54:12.000Z,256.22447,256.45547,0
1974-08-31T04:52:22.000Z,256.1945,256.4255,0
1974-08-31T05:50:16.000Z,256.2545,256.4855,0
1974-08-31T06:48:09.000Z,256.2545,256.4855,0
1974-08-31T07:46:02.000Z,256.2545,256.4855,0
1974-08-31T08:44:12.000Z,256.2545,256.4855,0
1974-08-31T09:42:06.000Z,256.22447,256.45547,0
1974-08-31T10:39:59.000Z,256.22447,256.45547,0
1974-08-31T11:37:52.000Z,256.2545,256.4855,0
1974-08-31T12:36:02.000Z,256.2545,256.4855,0
1974-08-31T13:33:56.000Z,256.22447,256.45547,0
1974-08-31T14:31:49.000Z,256.2545,256.4855,0
1974-08-31T15:29:42.000Z,256.2545,256.4855,0
1974-08-31T16:27:52.000Z,256.2545,256.4855,0
1974-08-31T17:25:46.000Z,256.22447,256.45547,0
1974-08-31T18:31:01.000Z,256.22447,256.45547,0
1974-08-31T19:28:55.000Z,256.22447,256.45547,0
1974-08-31T20:26:48.000Z,256.18449,256.41549,0
1974-08-31T21:24:58.000Z,256.22447,256.45547,0
1974-08-31T22:22:51.000Z,256.22447,256.45547,0
1974-08-31T23:20:45.000Z,256.26444,256.49544,0
1974-09-01T00:18:38.000Z,256.22447,256.45547,0
1974-09-01T01:16:48.000Z,256.22447,256.45547,0
1974-09-01T02:14:41.000Z,256.26444,256.49544,0
1974-09-01T02:29:10.000Z,256.22497,256.45497,0
1974-09-01T03:27:03.000Z,256.22447,256.45547,0
1974-09-01T04:25:13.000Z,256.22447,256.45547,0
1974-09-01T05:23:06.000Z,256.2545,256.4855,0
1974-09-01T06:21:00.000Z,256.22447,256.45547,0
1974-09-01T07:18:53.000Z,256.22447,256.45547,0
1974-09-01T08:17:03.000Z,256.24449,256.47549,0
1974-09-01T09:14:56.000Z,256.22447,256.45547,0
1974-09-01T10:12:50.000Z,256.2545,256.4855,0
1974-09-01T11:10:43.000Z,256.22447,256.45547,0
1974-09-01T12:08:53.000Z,256.2545,256.4855,0
1974-09-01T13:06:46.000Z,256.255,256.485,0
1974-09-01T14:04:40.000Z,256.18499,256.41499,0
1974-09-01T15:02:33.000Z,256.2545,256.4855,0
1974-09-01T16:00:43.000Z,256.255,256.485,0
1974-09-01T16:58:36.000Z,256.18499,256.41499,0
1974-09-01T17:56:30.000Z,256.21496,256.44496,0
1974-09-01T18:54:23.000Z,256.21446,256.44546,0
1974-09-01T19:52:33.000Z,256.2545,256.4855,0
1974-09-01T20:50:27.000Z,256.21496,256.44496,0
1974-09-01T21:48:20.000Z,256.2545,256.4855,0
1974-09-01T22:46:30.000Z,256.22447,256.45547,0
1974-09-01T23:44:23.000Z,256.21496,256.44496,0
1974-09-02T00:42:17.000Z,256.18499,256.41499,0
1974-09-02T01:40:10.000Z,256.21496,256.44496,0
1974-09-02T02:38:20.000Z,256.21496,256.44496,0
1974-09-02T03:36:13.000Z,256.18499,256.41499,0
1974-09-02T04:34:07.000Z,256.18499,256.41499,0
1974-09-02T05:32:00.000Z,256.21496,256.44496,0
1974-09-02T06:30:10.000Z,256.21496,256.44496,0
1974-09-02T07:28:03.000Z,256.24499,256.47499,0
1974-09-02T08:25:57.000Z,256.24499,256.47499,0
1974-09-02T09:23:50.000Z,256.21496,256.44496,0
1974-09-02T10:22:00.000Z,256.24499,256.47499,0
1974-09-02T11:19:53.000Z,256.21496,256.44496,0
1974-09-02T12:17:47.000Z,256.21496,256.44496,0
1974-09-02T13:15:56.000Z,256.21496,256.44496,0
1974-09-02T14:13:50.000Z,256.21496,256.44496,0
1974-09-02T15:10:54.000Z,256.21496,256.44496,0
1974-09-02T16:08:47.000Z,256.21496,256.44496,0
1974-09-02T17:06:41.000Z,256.21496,256.44496,0
1974-09-02T17:21:09.000Z,256.21496,256.44496,0
1974-09-02T18:19:19.000Z,256.18499,256.41499,0
1974-09-02T19:24:18.000Z,256.18499,256.41499,0
1974-09-02T20:22:28.000Z,256.18499,256.41499,0
1974-09-02T21:20:22.000Z,256.22497,256.45497,0
1974-09-02T22:18:15.000Z,256.18499,256.41499,0
1974-09-02T23:16:08.000Z,256.18499,256.41499,0
1974-09-03T00:14:18.000Z,256.18499,256.41499,0
1974-09-03T01:12:12.000Z,256.18499,256.41499,0
1974-09-03T02:10:05.000Z,256.22497,256.45497,0
1974-09-03T03:07:58.000Z,256.21496,256.44496,0
1974-09-03T04:06:08.000Z,256.18499,256.41499,0
1974-09-03T05:04:02.000Z,256.18499,256.41499,0
1974-09-03T06:01:55.000Z,256.22497,256.45497,0
1974-09-03T07:00:05.000Z,256.255,256.485,0
1974-09-03T07:57:58.000Z,256.21496,256.44496,0
1974-09-03T08:19:33.000Z,256.18499,256.41499,0
1974-09-03T09:17:42.000Z,256.15496,256.38496,0
1974-09-03T10:15:36.000Z,256.21496,256.44496,0
1974-09-03T11:13:29.000Z,256.255,256.485,0
1974-09-03T12:11:23.000Z,256.18499,256.41499,0
1974-09-03T13:09:32.000Z,256.18549,256.41449,0
1974-09-03T14:07:26.000Z,256.21546,256.44446,0
1974-09-03T15:05:19.000Z,256.18549,256.41449,0
1974-09-03T16:03:29.000Z,256.18549,256.41449,0
1974-09-03T17:01:22.000Z,256.18549,256.41449,0
1974-09-03T17:59:16.000Z,256.255,256.485,0
1974-09-03T18:57:09.000Z,256.21496,256.44496,0
1974-09-03T19:55:19.000Z,256.22497,256.45497,0
1974-09-03T20:53:12.000Z,256.18549,256.41449,0
1974-09-03T21:51:06.000Z,256.21546,256.44446,0
1974-09-03T22:48:59.000Z,256.255,256.485,0
1974-09-03T23:47:09.000Z,256.21496,256.44496,0
1974-09-04T00:01:37.000Z,256.18549,256.41449,0
1974-09-04T00:59:31.000Z,256.18549,256.41449,0
1974-09-04T01:57:24.000Z,256.18549,256.41449,0
1974-09-04T02:55:18.000Z,256.21546,256.44446,0
1974-09-04T03:53:27.000Z,256.24499,256.47499,0
1974-09-04T04:51:21.000Z,256.20545,256.43445,0
1974-09-04T05:49:14.000Z,256.255,256.485,0
1974-09-04T06:47:24.000Z,256.2555,256.4845,0
1974-09-04T07:45:17.000Z,256.20545,256.43445,0
1974-09-04T07:59:46.000Z,256.21496,256.44496,0
1974-09-04T08:14:14.000Z,256.21496,256.44496,0
1974-09-04T09:05:02.000Z,256.14545,256.37445,0
1974-09-04T10:02:55.000Z,256.22547,256.45447,0
1974-09-04T11:00:48.000Z,256.22547,256.45447,0
1974-09-04T11:58:42.000Z,256.18499,256.41499,0
1974-09-04T12:56:52.000Z,256.24549,256.47449,0
1974-09-04T13:54:45.000Z,256.21546,256.44446,0
1974-09-04T15:00:01.000Z,256.18549,256.41449,0
1974-09-04T15:57:54.000Z,256.17548,256.40448,0
1974-09-04T16:55:48.000Z,256.21546,256.44446,0
1974-09-04T17:53:57.000Z,256.21546,256.44446,0
1974-09-04T18:51:51.000Z,256.22547,256.45447,0
1974-09-04T19:49:44.000Z,256.195,256.425,0
1974-09-04T20:47:38.000Z,256.21546,256.44446,0
1974-09-04T21:45:47.000Z,256.21546,256.44446,0
1974-09-04T22:43:41.000Z,256.1955,256.4245,0
1974-09-04T23:41:34.000Z,256.21546,256.44446,0
1974-09-05T00:39:28.000Z,256.20545,256.43445,0
1974-09-05T01:37:37.000Z,256.1955,256.4245,0
1974-09-05T02:35:31.000Z,256.22547,256.45447,0
1974-09-05T03:33:24.000Z,256.1955,256.4245,0
1974-09-05T04:31:18.000Z,256.20545,256.43445,0
1974-09-05T05:29:27.000Z,256.1955,256.4245,0
1974-09-05T06:27:21.000Z,256.1955,256.4245,0
1974-09-05T07:25:14.000Z,256.22547,256.45447,0
1974-09-05T08:23:24.000Z,256.1955,256.4245,0
1974-09-05T09:21:17.000Z,256.22547,256.45447,0
1974-09-05T10:11:48.000Z,256.22547,256.45447,0
1974-09-05T11:17:04.000Z,256.22547,256.45447,0
1974-09-05T11:53:23.000Z,256.22547,256.45447,0
1974-09-05T12:29:42.000Z,256.18549,256.41449,0
1974-09-05T13:27:36.000Z,256.21546,256.44446,0
1974-09-05T14:25:29.000Z,256.21546,256.44446,0
1974-09-05T15:23:23.000Z,256.17548,256.40448,0
1974-09-05T16:21:32.000Z,256.17548,256.40448,0
1974-09-05T17:19:26.000Z,256.23548,256.46448,0
1974-09-05T18:17:19.000Z,256.20545,256.43445,0
1974-09-05T19:15:13.000Z,256.20545,256.43445,0
1974-09-05T20:13:22.000Z,256.20545,256.43445,0
1974-09-05T21:11:16.000Z,256.23548,256.46448,0
1974-09-05T22:09:09.000Z,256.20545,256.43445,0
1974-09-05T23:07:19.000Z,256.20545,256.43445,0
1974-09-06T00:05:12.000Z,256.20545,256.43445,0
1974-09-06T01:03:06.000Z,256.18549,256.41449,0
1974-09-06T02:00:59.000Z,256.16547,256.39447,0
1974-09-06T02:59:09.000Z,256.21546,256.44446,0
1974-09-06T03:57:02.000Z,256.24549,256.47449,0
1974-09-06T04:54:56.000Z,256.23548,256.46448,0
1974-09-06T05:52:49.000Z,256.1955,256.4245,0
1974-09-06T06:50:59.000Z,256.23548,256.46448,0
1974-09-06T07:48:52.000Z,256.1955,256.4245,0
1974-09-06T08:46:46.000Z,256.1955,256.4245,0
1974-09-06T09:44:39.000Z,256.1955,256.4245,0
1974-09-06T10:42:49.000Z,256.2555,256.4845,0
1974-09-06T11:40:42.000Z,256.21546,256.44446,0
1974-09-06T12:38:36.000Z,256.23548,256.46448,0
1974-09-06T13:36:29.000Z,256.1955,256.4245,0
1974-09-11T00:06:48.000Z,256.21646,256.44346,0
1974-09-11T00:51:18.000Z,256.21646,256.44346,0
1974-09-11T01:49:12.000Z,256.2565,256.4835,0
1974-09-11T02:03:40.000Z,256.18649,256.41349,0
1974-09-11T03:01:33.000Z,256.21646,256.44346,0
1974-09-11T03:59:43.000Z,256.18649,256.41349,0
1974-09-11T04:57:37.000Z,256.21646,256.44346,0
1974-09-11T05:55:30.000Z,256.21646,256.44346,0
1974-09-11T06:53:23.000Z,256.21646,256.44346,0
1974-09-11T07:51:33.000Z,256.21646,256.44346,0
1974-09-11T08:49:27.000Z,256.24649,256.47349,0
1974-09-11T09:47:20.000Z,256.17648,256.40348,0
1974-09-11T10:45:13.000Z,256.21646,256.44346,0
1974-09-11T11:43:23.000Z,256.21646,256.44346,0
1974-09-11T12:41:17.000Z,256.21646,256.44346,0
1974-09-11T13:39:10.000Z,256.21646,256.44346,0
1974-09-11T14:37:20.000Z,256.21646,256.44346,0
1974-09-11T15:35:13.000Z,256.21646,256.44346,0
1974-09-11T16:33:07.000Z,256.21646,256.44346,0
1974-09-11T17:31:00.000Z,256.21646,256.44346,0
1974-09-11T18:29:10.000Z,256.21646,256.44346,0
1974-09-11T19:27:03.000Z,256.21646,256.44346,0
1974-09-11T20:24:57.000Z,256.20645,256.43345,0
1974-09-11T21:22:50.000Z,256.21646,256.44346,0
1974-09-11T22:21:00.000Z,256.24649,256.47349,0
1974-09-11T23:18:53.000Z,256.21646,256.44346,0
1974-09-12T00:02:18.000Z,256.21646,256.44346,0
1974-09-12T01:00:12.000Z,256.24649,256.47349,0
1974-09-12T01:58:22.000Z,256.21646,256.44346,0
1974-09-12T02:56:15.000Z,256.24649,256.47349,0
1974-09-12T03:54:08.000Z,256.21646,256.44346,0
1974-09-12T04:52:02.000Z,256.21646,256.44346,0
1974-09-12T05:50:12.000Z,256.21646,256.44346,0
1974-09-12T06:48:05.000Z,256.21696,256.44296,0
1974-09-12T07:45:58.000Z,256.24649,256.47349,0
1974-09-12T08:43:52.000Z,256.21696,256.44296,0
1974-09-12T09:42:02.000Z,256.20645,256.43345,0
1974-09-12T10:39:55.000Z,256.21646,256.44346,0
1974-09-12T11:37:48.000Z,256.21646,256.44346,0
1974-09-12T12:35:42.000Z,256.24699,256.47299,0
1974-09-12T13:33:52.000Z,256.17698,256.40298,0
1974-09-12T14:31:45.000Z,256.20695,256.43295,0
1974-09-12T15:29:38.000Z,256.27695,256.50295,0
1974-09-12T16:27:48.000Z,256.20695,256.43295,0
1974-09-12T17:25:42.000Z,256.24699,256.47299,0
1974-09-12T18:23:35.000Z,256.27695,256.50295,0
1974-09-12T19:21:28.000Z,256.21696,256.44296,0
1974-09-12T20:19:38.000Z,256.24699,256.47299,0
1974-09-12T21:17:32.000Z,256.24699,256.47299,0
1974-09-12T22:15:25.000Z,256.20695,256.43295,0
1974-09-12T23:13:18.000Z,256.20695,256.43295,0
1974-09-13T00:11:28.000Z,256.24699,256.47299,0
1974-09-13T01:09:22.000Z,256.23698,256.46298,0
1974-09-13T02:07:15.000Z,256.23698,256.46298,0
1974-09-13T03:05:08.000Z,256.27695,256.50295,0
1974-09-13T04:03:18.000Z,256.197,256.423,0
1974-09-13T05:01:12.000Z,256.23698,256.46298,0
1974-09-13T05:59:05.000Z,256.23648,256.46348,0
1974-09-13T06:56:58.000Z,256.197,256.423,0
1974-09-13T07:40:40.000Z,256.197,256.423,0
1974-09-13T08:38:33.000Z,256.23698,256.46298,0
1974-09-13T09:36:27.000Z,256.27695,256.50295,0
1974-09-13T10:34:20.000Z,256.197,256.423,0
1974-09-13T11:32:30.000Z,256.23698,256.46298,0
1974-09-13T12:30:23.000Z,256.197,256.423,0
1974-09-13T12:44:52.000Z,256.197,256.423,0
1974-09-13T12:59:20.000Z,256.23698,256.46298,0
1974-09-13T13:21:11.000Z,256.20695,256.43295,0
1974-09-13T13:35:39.000Z,256.197,256.423,0
1974-09-13T14:33:32.000Z,256.197,256.423,0
1974-09-13T15:32:31.000Z,256.197,256.423,0
1974-09-13T16:30:25.000Z,256.23698,256.46298,0
1974-09-13T17:28:18.000Z,256.23698,256.46298,0
1974-09-13T18:40:40.000Z,256.23698,256.46298,0
1974-09-13T18:55:25.000Z,256.23698,256.46298,0
1974-09-13T19:24:21.000Z,256.23698,256.46298,0
1974-09-13T19:53:18.000Z,256.197,256.423,0
1974-09-13T20:51:12.000Z,256.197,256.423,0
1974-09-13T21:49:05.000Z,256.197,256.423,0
1974-09-13T22:10:56.000Z,256.22697,256.45297,0
1974-09-13T23:08:49.000Z,256.23698,256.46298,0
1974-09-14T00:06:43.000Z,256.22697,256.45297,0
1974-09-14T01:04:52.000Z,256.197,256.423,0
1974-09-14T02:02:46.000Z,256.22697,256.45297,0
1974-09-14T03:00:39.000Z,256.197,256.423,0
1974-09-14T03:58:33.000Z,256.197,256.423,0
1974-09-14T04:56:42.000Z,256.197,256.423,0
1974-09-14T05:54:36.000Z,256.22697,256.45297,0
1974-09-14T06:52:29.000Z,256.197,256.423,0
1974-09-14T07:50:23.000Z,256.22697,256.45297,0
1974-09-14T08:48:32.000Z,256.23748,256.46248,0
1974-09-14T09:46:26.000Z,256.22697,256.45297,0
1974-09-14T10:44:19.000Z,256.22697,256.45297,0
1974-09-14T11:42:29.000Z,256.22747,256.45247,0
1974-09-14T12:40:22.000Z,256.22697,256.45297,0
1974-09-14T13:45:38.000Z,256.23698,256.46298,0
1974-09-14T14:21:41.000Z,256.22697,256.45297,0
1974-09-14T14:50:38.000Z,256.22697,256.45297,0
1974-09-14T15:12:28.000Z,256.22697,256.45297,0
1974-09-14T15:55:53.000Z,256.257,256.483,0
1974-09-14T16:03:16.000Z,256.26694,256.49294,0
1974-09-14T17:01:09.000Z,256.22697,256.45297,0
1974-09-14T17:59:02.000Z,256.197,256.423,0
1974-09-14T18:57:12.000Z,256.1975,256.4225,0
1974-09-14T19:55:06.000Z,256.257,256.483,0
1974-09-14T20:52:59.000Z,256.22697,256.45297,0
1974-09-14T21:50:52.000Z,256.1975,256.4225,0
1974-09-14T22:49:02.000Z,256.1975,256.4225,0
1974-09-14T23:46:56.000Z,256.22697,256.45297,0
1974-09-15T00:44:49.000Z,256.22697,256.45297,0
1974-09-15T01:42:43.000Z,256.22697,256.45297,0
1974-09-15T02:40:52.000Z,256.22697,256.45297,0
1974-09-15T03:02:27.000Z,256.22697,256.45297,0
1974-09-15T04:00:20.000Z,256.1975,256.4225,0
1974-09-15T04:58:30.000Z,256.26694,256.49294,0
1974-09-15T05:56:23.000Z,256.22747,256.45247,0
1974-09-15T06:54:17.000Z,256.1975,256.4225,0
1974-09-15T07:52:10.000Z,256.26694,256.49294,0
1974-09-15T08:50:20.000Z,256.22747,256.45247,0
1974-09-15T09:48:13.000Z,256.22747,256.45247,0
1974-09-15T10:46:07.000Z,256.22697,256.45297,0
1974-09-15T11:29:32.000Z,256.1975,256.4225,0
1974-09-15T12:27:42.000Z,256.197,256.423,0
1974-09-15T13:25:35.000Z,256.22747,256.45247,0
1974-09-15T14:23:28.000Z,256.1975,256.4225,0
1974-09-15T15:21:38.000Z,256.257,256.483,0
1974-09-15T16:19:32.000Z,256.1975,256.4225,0
1974-09-15T17:17:25.000Z,256.23748,256.46248,0
1974-09-15T18:15:18.000Z,256.22747,256.45247,0
1974-09-15T19:13:28.000Z,256.22747,256.45247,0
1974-09-15T20:11:22.000Z,256.1975,256.4225,0
1974-09-15T21:09:15.000Z,256.22697,256.45297,0
1974-09-15T22:07:08.000Z,256.22747,256.45247,0
1974-09-15T23:05:18.000Z,256.22747,256.45247,0
1974-09-16T00:03:12.000Z,256.22747,256.45247,0
1974-09-16T01:01:05.000Z,256.22747,256.45247,0
1974-09-16T01:58:58.000Z,256.18749,256.41249,0
1974-09-16T02:57:08.000Z,256.22747,256.45247,0
1974-09-16T03:55:02.000Z,256.1975,256.4225,0
1974-09-16T05:00:17.000Z,256.22747,256.45247,0
1974-09-16T05:14:46.000Z,256.22747,256.45247,0
1974-09-16T05:21:52.000Z,256.22747,256.45247,0
1974-09-16T06:20:01.000Z,256.1975,256.4225,0
1974-09-16T07:17:55.000Z,256.22747,256.45247,0
1974-09-16T08:15:48.000Z,256.2575,256.4825,0
1974-09-16T09:13:42.000Z,256.22747,256.45247,0
1974-09-16T10:11:51.000Z,256.22747,256.45247,0
1974-09-16T11:09:45.000Z,256.22747,256.45247,0
1974-09-16T12:07:38.000Z,256.22747,256.45247,0
1974-09-16T13:05:32.000Z,256.22747,256.45247,0
1974-09-16T14:03:42.000Z,256.22747,256.45247,0
1974-09-16T15:09:46.000Z,256.2575,256.4825,0
1974-09-16T16:07:40.000Z,256.22747,256.45247,0
1974-09-16T16:22:08.000Z,256.1975,256.4225,0
1974-09-16T17:20:02.000Z,256.1975,256.4225,0
1974-09-16T18:18:11.000Z,256.2575,256.4825,0
1974-09-16T19:16:05.000Z,256.18749,256.41249,0
1974-09-16T20:13:58.000Z,256.22747,256.45247,0
1974-09-16T21:11:52.000Z,256.21746,256.44246,0
1974-09-16T21:26:20.000Z,256.22747,256.45247,0
1974-09-16T22:24:30.000Z,256.2575,256.4825,0
1974-09-16T23:22:23.000Z,256.2575,256.4825,0
1974-09-17T00:20:17.000Z,256.22747,256.45247,0
1974-09-17T01:18:26.000Z,256.21746,256.44246,0
1974-09-17T02:16:20.000Z,256.2575,256.4825,0
1974-09-17T03:14:13.000Z,256.22747,256.45247,0
1974-09-17T04:12:07.000Z,256.21746,256.44246,0
1974-09-17T04:33:57.000Z,256.2575,256.4825,0
1974-09-17T05:31:51.000Z,256.2575,256.4825,0
1974-09-17T06:29:44.000Z,256.2575,256.4825,0
1974-09-17T07:27:54.000Z,256.21746,256.44246,0
1974-09-17T08:25:47.000Z,256.18749,256.41249,0
1974-09-17T09:23:41.000Z,256.2575,256.4825,0
1974-09-17T10:21:34.000Z,256.18799,256.41199,0
1974-09-17T11:19:44.000Z,256.22747,256.45247,0
1974-09-17T12:17:37.000Z,256.2575,256.4825,0
1974-09-17T13:15:31.000Z,256.15796,256.38196,0
1974-09-17T14:13:41.000Z,256.21746,256.44246,0
1974-09-17T15:11:34.000Z,256.2575,256.4825,0
1974-09-17T16:09:27.000Z,256.21746,256.44246,0
1974-09-17T16:45:46.000Z,256.2575,256.4825,0
1974-09-17T17:00:15.000Z,256.22747,256.45247,0
1974-09-17T17:21:49.000Z,256.2575,256.4825,0
1974-09-17T17:43:40.000Z,256.22797,256.45197,0
1974-09-17T18:05:31.000Z,256.18749,256.41249,0
1974-09-17T18:34:27.000Z,256.2575,256.4825,0
1974-09-17T18:41:33.000Z,256.21746,256.44246,0
1974-09-17T19:03:24.000Z,256.21746,256.44246,0
1974-09-17T20:01:17.000Z,256.21746,256.44246,0
1974-09-17T20:59:11.000Z,256.21746,256.44246,0
1974-09-17T21:57:21.000Z,256.2575,256.4825,0
1974-09-17T22:55:14.000Z,256.24749,256.47249,0
1974-09-17T23:53:07.000Z,256.21796,256.44196,0
1974-09-18T00:51:01.000Z,256.21796,256.44196,0
1974-09-18T01:49:11.000Z,256.21746,256.44246,0
1974-09-18T02:47:04.000Z,256.21746,256.44246,0
1974-09-18T03:44:57.000Z,256.21746,256.44246,0
1974-09-18T04:42:51.000Z,256.29797,256.52197,0
1974-09-18T05:41:01.000Z,256.18799,256.41199,0
1974-09-18T06:38:54.000Z,256.18799,256.41199,0
1974-09-18T07:36:47.000Z,256.21796,256.44196,0
1974-09-18T08:34:41.000Z,256.22747,256.45247,0
1974-09-18T09:32:51.000Z,256.21796,256.44196,0
1974-09-18T10:30:44.000Z,256.21746,256.44246,0
1974-09-18T11:28:37.000Z,256.24749,256.47249,0
1974-09-18T12:26:47.000Z,256.21746,256.44246,0
1974-09-18T13:24:41.000Z,256.258,256.482,0
1974-09-18T14:22:34.000Z,256.28746,256.51246,0
1974-09-18T15:14:11.000Z,256.18799,256.41199,0
1974-09-18T16:12:04.000Z,256.2575,256.4825,0
1974-09-18T17:10:14.000Z,256.21796,256.44196,0
1974-09-18T18:08:07.000Z,256.21796,256.44196,0
1974-09-18T19:06:01.000Z,256.22797,256.45197,0
1974-09-18T20:03:54.000Z,256.2575,256.4825,0
1974-09-18T21:02:04.000Z,256.21796,256.44196,0
1974-09-18T21:59:57.000Z,256.21796,256.44196,0
1974-09-18T22:57:51.000Z,256.18799,256.41199,0
1974-09-18T23:55:44.000Z,256.21796,256.44196,0
1974-09-19T00:53:54.000Z,256.21796,256.44196,0
1974-09-19T01:51:47.000Z,256.18799,256.41199,0
1974-09-19T02:49:41.000Z,256.18799,256.41199,0
1974-09-19T03:47:34.000Z,256.24799,256.47199,0
1974-09-19T04:45:44.000Z,256.22797,256.45197,0
1974-09-19T05:43:37.000Z,256.258,256.482,0
1974-09-19T06:41:31.000Z,256.258,256.482,0
1974-09-19T07:39:40.000Z,256.258,256.482,0
1974-09-19T08:37:34.000Z,256.18799,256.41199,0
1974-09-19T09:35:27.000Z,256.24799,256.47199,0
1974-09-19T10:33:21.000Z,256.24799,256.47199,0
1974-09-19T11:31:31.000Z,256.24799,256.47199,0
1974-09-19T12:29:24.000Z,256.21796,256.44196,0
1974-09-19T13:27:17.000Z,256.18799,256.41199,0
1974-09-19T14:25:11.000Z,256.21796,256.44196,0
1974-09-19T15:23:21.000Z,256.24799,256.47199,0
1974-09-19T16:21:14.000Z,256.18799,256.41199,0
1974-09-19T17:19:07.000Z,256.22797,256.45197,0
1974-09-19T18:17:01.000Z,256.21796,256.44196,0
1974-09-19T19:15:11.000Z,256.18799,256.41199,0
1974-09-19T20:13:04.000Z,256.21796,256.44196,0
1974-09-19T21:10:57.000Z,256.24799,256.47199,0
1974-09-19T22:08:51.000Z,256.21796,256.44196,0
1974-09-19T23:07:01.000Z,256.24799,256.47199,0
1974-09-20T00:04:54.000Z,256.21796,256.44196,0
1974-09-20T01:02:47.000Z,256.21796,256.44196,0
1974-09-20T02:00:57.000Z,256.24799,256.47199,0
1974-09-20T02:58:51.000Z,256.21796,256.44196,0
1974-09-20T03:56:44.000Z,256.17798,256.40198,0
1974-09-20T04:54:37.000Z,256.20795,256.43195,0
1974-09-20T05:52:47.000Z,256.24799,256.47199,0
1974-09-20T06:50:41.000Z,256.24799,256.47199,0
1974-09-20T07:48:34.000Z,256.21796,256.44196,0
1974-09-20T08:46:27.000Z,256.21796,256.44196,0
1974-09-20T09:44:37.000Z,256.24799,256.47199,0
1974-09-20T10:42:31.000Z,256.21796,256.44196,0
1974-09-20T11:40:24.000Z,256.24799,256.47199,0
1974-09-20T12:38:17.000Z,256.21796,256.44196,0
1974-09-20T13:36:27.000Z,256.24799,256.47199,0
1974-09-20T15:43:59.000Z,256.21846,256.44146,0
1974-09-20T16:18:23.000Z,256.21796,256.44196,0
1974-09-20T16:40:14.000Z,256.24799,256.47199,0
1974-09-20T17:02:04.000Z,256.24799,256.47199,0
1974-09-20T17:38:07.000Z,256.24849,256.47149,0
1974-09-20T18:28:54.000Z,256.21846,256.44146,0
1974-09-20T19:26:48.000Z,256.24799,256.47199,0
1974-09-20T19:55:45.000Z,256.21846,256.44146,0
1974-09-20T20:03:07.000Z,256.24849,256.47149,0
1974-09-20T20:53:54.000Z,256.21846,256.44146,0
1974-09-20T21:29:57.000Z,256.24799,256.47199,0
1974-09-20T22:27:50.000Z,256.21846,256.44146,0
1974-09-20T23:26:00.000Z,256.21846,256.44146,0
1974-09-21T00:23:54.000Z,256.21796,256.44196,0
1974-09-21T01:21:47.000Z,256.21846,256.44146,0
1974-09-21T02:19:57.000Z,256.21846,256.44146,0
1974-09-21T03:17:50.000Z,256.21846,256.44146,0
1974-09-21T04:15:44.000Z,256.24849,256.47149,0
1974-09-21T05:13:37.000Z,256.22797,256.45197,0
1974-09-21T06:11:47.000Z,256.21846,256.44146,0
1974-09-21T07:09:40.000Z,256.23848,256.46148,0
1974-09-21T08:07:34.000Z,256.17848,256.40148,0
1974-09-21T09:05:27.000Z,256.198,256.422,0
1974-09-21T10:03:37.000Z,256.23848,256.46148,0
1974-09-21T11:01:30.000Z,256.24799,256.47199,0
1974-09-21T11:59:24.000Z,256.22847,256.45147,0
1974-09-21T12:57:17.000Z,256.22847,256.45147,0
1974-09-21T13:55:27.000Z,256.20845,256.43145,0
1974-09-21T14:53:20.000Z,256.1985,256.4215,0
1974-09-21T15:51:14.000Z,256.20845,256.43145,0
1974-09-21T16:49:07.000Z,256.21846,256.44146,0
1974-09-21T17:47:17.000Z,256.258,256.482,0
1974-09-21T18:45:10.000Z,256.22847,256.45147,0
1974-09-21T19:50:26.000Z,256.22797,256.45197,0
1974-09-21T20:48:20.000Z,256.1985,256.4215,0
1974-09-21T21:46:13.000Z,256.16847,256.39147,0
1974-09-21T22:44:23.000Z,256.26844,256.49144,0
1974-09-21T23:42:16.000Z,256.1985,256.4215,0
1974-09-22T00:40:10.000Z,256.20845,256.43145,0
1974-09-22T01:38:03.000Z,256.20845,256.43145,0
1974-09-22T02:36:13.000Z,256.23848,256.46148,0
1974-09-22T03:34:06.000Z,256.26844,256.49144,0
1974-09-22T04:32:00.000Z,256.20845,256.43145,0
1974-09-22T05:29:53.000Z,256.23848,256.46148,0
1974-09-22T06:28:03.000Z,256.20845,256.43145,0
1974-09-22T07:11:28.000Z,256.20845,256.43145,0
1974-09-22T08:09:21.000Z,256.20845,256.43145,0
1974-09-22T09:07:15.000Z,256.20845,256.43145,0
1974-09-22T10:05:24.000Z,256.20845,256.43145,0
1974-09-22T11:03:18.000Z,256.20845,256.43145,0
1974-09-22T12:01:11.000Z,256.27845,256.50145,0
1974-09-22T12:59:05.000Z,256.23848,256.46148,0
1974-09-22T13:57:14.000Z,256.23848,256.46148,0
1974-09-22T14:55:08.000Z,256.20845,256.43145,0
1974-09-22T15:53:01.000Z,256.20845,256.43145,0
1974-09-22T16:50:55.000Z,256.24849,256.47149,0
1974-09-22T17:49:04.000Z,256.24849,256.47149,0
1974-09-22T18:46:58.000Z,256.20845,256.43145,0
1974-09-22T19:44:51.000Z,256.21846,256.44146,0
1974-09-22T20:43:01.000Z,256.24849,256.47149,0
1974-09-22T21:40:54.000Z,256.21846,256.44146,0
1974-09-22T22:38:48.000Z,256.21846,256.44146,0
1974-09-22T23:36:41.000Z,256.21896,256.44096,0
1974-09-23T00:34:51.000Z,256.18899,256.41099,0
1974-09-23T01:32:44.000Z,256.27845,256.50145,0
1974-09-23T02:30:38.000Z,256.23898,256.46098,0
1974-09-23T03:28:31.000Z,256.23898,256.46098,0
1974-09-23T04:26:41.000Z,256.199,256.421,0
1974-09-23T05:24:35.000Z,256.23898,256.46098,0
1974-09-23T06:22:28.000Z,256.1985,256.4215,0
1974-09-23T07:20:21.000Z,256.22897,256.45097,0
1974-09-23T08:18:31.000Z,256.22897,256.45097,0
1974-09-23T08:47:28.000Z,256.22897,256.45097,0
1974-09-23T09:01:56.000Z,256.22897,256.45097,0
1974-09-23T09:59:50.000Z,256.22897,256.45097,0
1974-09-23T10:57:43.000Z,256.22897,256.45097,0
1974-09-23T11:55:53.000Z,256.21896,256.44096,0
1974-09-23T12:53:46.000Z,256.22897,256.45097,0
1974-09-23T14:13:30.000Z,256.18899,256.41099,0
1974-09-23T15:11:24.000Z,256.22897,256.45097,0
1974-09-23T16:09:17.000Z,256.21896,256.44096,0
1974-09-23T17:07:27.000Z,256.21896,256.44096,0
1974-09-23T18:05:20.000Z,256.259,256.481,0
1974-09-23T19:03:14.000Z,256.21896,256.44096,0
1974-09-23T20:01:07.000Z,256.21896,256.44096,0
1974-09-23T20:59:17.000Z,256.21896,256.44096,0
1974-09-23T21:28:14.000Z,256.21896,256.44096,0
1974-09-23T22:04:16.000Z,256.259,256.481,0
1974-09-23T22:40:35.000Z,256.18899,256.41099,0
1974-09-23T23:09:32.000Z,256.21896,256.44096,0
1974-09-23T23:16:54.000Z,256.21896,256.44096,0
1974-09-24T00:14:48.000Z,256.21896,256.44096,0
1974-09-24T00:36:39.000Z,256.22897,256.45097,0
1974-09-24T00:58:13.000Z,256.259,256.481,0
1974-09-24T01:12:41.000Z,256.21896,256.44096,0
1974-09-24T02:10:51.000Z,256.21896,256.44096,0
1974-09-24T03:08:44.000Z,256.259,256.481,0
1974-09-24T04:06:38.000Z,256.21896,256.44096,0
1974-09-24T05:04:31.000Z,256.22897,256.45097,0
1974-09-24T06:02:41.000Z,256.18899,256.41099,0
1974-09-24T07:00:35.000Z,256.22847,256.45147,0
1974-09-24T07:58:28.000Z,256.22897,256.45097,0
1974-09-24T08:56:21.000Z,256.18899,256.41099,0
1974-09-24T09:54:31.000Z,256.22897,256.45097,0
1974-09-24T10:59:31.000Z,256.22897,256.45097,0
1974-09-24T11:57:40.000Z,256.22897,256.45097,0
1974-09-24T12:12:09.000Z,256.22897,256.45097,0
1974-09-24T13:10:02.000Z,256.18899,256.41099,0
1974-09-24T14:07:55.000Z,256.18899,256.41099,0
1974-09-24T15:06:05.000Z,256.18899,256.41099,0
1974-09-24T16:03:59.000Z,256.22897,256.45097,0
1974-09-24T17:01:52.000Z,256.26894,256.49094,0
1974-09-24T17:59:45.000Z,256.22897,256.45097,0
1974-09-24T18:57:55.000Z,256.199,256.421,0
1974-09-24T19:55:49.000Z,256.23898,256.46098,0
1974-09-24T20:53:42.000Z,256.199,256.421,0
1974-09-24T21:51:35.000Z,256.22897,256.45097,0
1974-09-24T22:49:45.000Z,256.23898,256.46098,0
1974-09-24T23:47:39.000Z,256.23898,256.46098,0
1974-09-25T00:45:32.000Z,256.26894,256.49094,0
1974-09-25T01:43:26.000Z,256.23898,256.46098,0
1974-09-25T02:41:35.000Z,256.22897,256.45097,0
1974-09-25T03:39:29.000Z,256.23898,256.46098,0
1974-09-25T04:37:22.000Z,256.27895,256.50095,0
1974-09-25T05:35:32.000Z,256.24899,256.47099,0
1974-09-25T06:33:25.000Z,256.20895,256.43095,0
1974-09-25T07:31:19.000Z,256.26894,256.49094,0
1974-09-25T08:29:12.000Z,256.23948,256.46048,0
1974-09-25T09:27:22.000Z,256.23898,256.46098,0
1974-09-25T10:25:15.000Z,256.23898,256.46098,0
1974-09-25T11:23:09.000Z,256.18949,256.41049,0
1974-09-25T12:21:02.000Z,256.27895,256.50095,0
1974-09-25T13:19:12.000Z,256.24899,256.47099,0
1974-09-25T14:17:05.000Z,256.21946,256.44046,0
1974-09-25T15:14:59.000Z,256.21946,256.44046,0
1974-09-25T16:12:52.000Z,256.27895,256.50095,0
1974-09-25T17:11:02.000Z,256.23948,256.46048,0
1974-09-25T18:08:55.000Z,256.27945,256.50045,0
1974-09-25T19:06:49.000Z,256.27895,256.50095,0
1974-09-25T20:04:42.000Z,256.27945,256.50045,0
1974-09-25T21:02:52.000Z,256.24899,256.47099,0
1974-09-25T22:00:45.000Z,256.24899,256.47099,0
1974-09-25T22:58:39.000Z,256.27895,256.50095,0
1974-09-25T23:56:49.000Z,256.28896,256.51096,0
1974-09-26T00:54:42.000Z,256.24949,256.47049,0
1974-09-26T01:52:35.000Z,256.24899,256.47099,0
1974-09-26T03:12:20.000Z,256.27945,256.50045,0
1974-09-26T04:10:13.000Z,256.24899,256.47099,0
1974-09-26T05:08:06.000Z,256.24949,256.47049,0
1974-09-26T06:06:16.000Z,256.27945,256.50045,0
1974-09-26T07:04:10.000Z,256.24899,256.47099,0
1974-09-26T08:02:03.000Z,256.23898,256.46098,0
1974-09-26T09:00:13.000Z,256.23948,256.46048,0
1974-09-26T09:58:06.000Z,256.27945,256.50045,0
1974-09-26T10:56:00.000Z,256.27895,256.50095,0
1974-09-26T11:53:53.000Z,256.23898,256.46098,0
1974-09-26T12:52:03.000Z,256.29897,256.52097,0
1974-09-26T13:49:56.000Z,256.22897,256.45097,0
1974-09-26T14:47:50.000Z,256.24949,256.47049,0
1974-09-26T15:45:43.000Z,256.23948,256.46048,0
1974-09-26T16:43:53.000Z,256.26944,256.49044,0
1974-09-26T17:41:46.000Z,256.2595,256.4805,0
1974-09-26T18:39:40.000Z,256.26944,256.49044,0
1974-09-26T19:37:33.000Z,256.26944,256.49044,0
1974-09-26T20:35:43.000Z,256.1995,256.4205,0
1974-09-26T21:33:36.000Z,256.29947,256.52047,0
1974-09-26T22:31:30.000Z,256.23998,256.45998,0
1974-09-26T23:29:39.000Z,256.26894,256.49094,0
1974-09-27T00:27:33.000Z,256.26944,256.49044,0
1974-09-27T01:25:26.000Z,256.26944,256.49044,0
1974-09-27T02:23:20.000Z,256.2595,256.4805,0
1974-09-27T03:21:29.000Z,256.22947,256.45047,0
1974-09-27T04:19:23.000Z,256.18949,256.41049,0
1974-09-27T05:17:16.000Z,256.26944,256.49044,0
1974-09-27T06:15:10.000Z,256.2595,256.4805,0
1974-09-27T06:37:00.000Z,256.26944,256.49044,0
1974-09-27T07:34:54.000Z,256.22947,256.45047,0
1974-09-27T08:32:47.000Z,256.26944,256.49044,0
1974-09-27T09:30:57.000Z,256.29897,256.52097,0
1974-09-27T10:28:50.000Z,256.21946,256.44046,0
1974-09-27T11:26:44.000Z,256.21946,256.44046,0
1974-09-27T12:24:54.000Z,256.18949,256.41049,0
1974-09-27T13:22:47.000Z,256.18949,256.41049,0
1974-09-27T14:20:40.000Z,256.2595,256.4805,0
1974-09-27T15:14:12.000Z,256.21946,256.44046,0
1974-09-27T16:12:05.000Z,256.21946,256.44046,0
1974-09-27T17:09:58.000Z,256.21946,256.44046,0
1974-09-27T18:08:08.000Z,256.21946,256.44046,0
1974-09-27T19:06:02.000Z,256.2595,256.4805,0
1974-09-27T20:03:55.000Z,256.2595,256.4805,0
1974-09-27T21:01:48.000Z,256.21946,256.44046,0
1974-09-27T21:59:58.000Z,256.21946,256.44046,0
1974-09-27T22:57:52.000Z,256.29947,256.52047,0
1974-09-28T00:03:07.000Z,256.24999,256.46999,0
1974-09-28T01:01:01.000Z,256.2595,256.4805,0
1974-09-28T01:58:54.000Z,256.21946,256.44046,0
1974-09-28T02:56:48.000Z,256.28946,256.51046,0
1974-09-28T03:54:57.000Z,256.2595,256.4805,0
1974-09-28T04:52:51.000Z,256.29947,256.52047,0
1974-09-28T05:50:44.000Z,256.2595,256.4805,0
1974-09-28T06:48:54.000Z,256.29947,256.52047,0
1974-09-28T07:46:47.000Z,256.2595,256.4805,0
1974-09-28T08:44:41.000Z,256.2595,256.4805,0
1974-09-28T09:42:34.000Z,256.29997,256.51997,0
1974-09-28T10:04:25.000Z,256.2595,256.4805,0
1974-09-28T11:02:18.000Z,256.29947,256.52047,0
1974-09-28T12:00:12.000Z,256.29947,256.52047,0
1974-09-28T12:58:22.000Z,256.29947,256.52047,0
1974-09-28T13:34:24.000Z,256.21996,256.43996,0
1974-09-28T14:32:34.000Z,256.26,256.48,0
1974-09-28T15:30:28.000Z,256.26,256.48,0
1974-09-28T16:28:21.000Z,256.22947,256.45047,0
1974-09-28T17:26:14.000Z,256.26944,256.49044,0
1974-09-28T18:24:24.000Z,256.22997,256.44997,0
1974-09-28T19:22:18.000Z,256.22997,256.44997,0
1974-09-28T20:20:11.000Z,256.26,256.48,0
1974-09-28T21:18:21.000Z,256.26,256.48,0
1974-09-28T22:16:14.000Z,256.26,256.48,0
1974-09-28T23:14:08.000Z,256.23948,256.46048,0
1974-09-29T00:12:01.000Z,256.2595,256.4805,0
1974-09-29T01:10:11.000Z,256.28996,256.50996,0
1974-09-29T02:08:04.000Z,256.26,256.48,0
1974-09-29T03:05:58.000Z,256.2595,256.4805,0
1974-09-29T04:03:51.000Z,256.2595,256.4805,0
1974-09-29T05:02:01.000Z,256.22997,256.44997,0
1974-09-29T05:59:54.000Z,256.26,256.48,0
1974-09-29T06:57:48.000Z,256.22997,256.44997,0
1974-09-29T07:55:41.000Z,256.26994,256.48994,0
1974-09-29T08:53:51.000Z,256.29997,256.51997,0
1974-09-29T09:51:44.000Z,256.22997,256.44997,0
1974-09-29T10:49:38.000Z,256.30998,256.52998,0
1974-09-29T11:47:47.000Z,256.29997,256.51997,0
1974-09-29T12:45:41.000Z,256.26994,256.48994,0
1974-09-29T13:43:34.000Z,256.22997,256.44997,0
1974-09-29T14:41:28.000Z,256.29997,256.51997,0
1974-09-29T15:39:37.000Z,256.29997,256.51997,0
1974-09-29T16:37:31.000Z,256.26,256.48,0
1974-09-29T17:35:24.000Z,256.22997,256.44997,0
1974-09-29T18:33:18.000Z,256.22997,256.44997,0
1974-09-29T19:31:27.000Z,256.23998,256.45998,0
1974-09-29T20:29:21.000Z,256.26994,256.48994,0
1974-09-29T21:27:14.000Z,256.26994,256.48994,0
1974-09-29T22:25:08.000Z,256.23998,256.45998,0
1974-09-29T23:23:17.000Z,256.26994,256.48994,0
1974-09-30T00:21:11.000Z,256.22997,256.44997,0
1974-09-30T01:19:04.000Z,256.26,256.48,0
1974-09-30T02:17:14.000Z,256.26,256.48,0
1974-09-30T03:15:07.000Z,256.22997,256.44997,0
1974-09-30T04:13:01.000Z,256.22997,256.44997,0
1974-09-30T05:10:54.000Z,256.26,256.48,0
1974-09-30T06:09:04.000Z,256.26,256.48,0
1974-09-30T07:06:57.000Z,256.26994,256.48994,0
1974-09-30T08:04:51.000Z,256.26,256.48,0
1974-09-30T09:02:44.000Z,256.2,256.42,0
1974-09-30T10:00:54.000Z,256.22997,256.44997,0
1974-09-30T10:58:47.000Z,256.26,256.48,0
1974-09-30T11:56:41.000Z,256.26,256.48,0
1974-09-30T12:54:34.000Z,256.22997,256.44997,0
1974-09-30T13:52:44.000Z,256.26,256.48,0
1974-09-30T15:02:22.000Z,256.29997,256.51997,0
1974-09-30T16:00:15.000Z,256.29997,256.51997,0
1974-09-30T16:58:25.000Z,256.26,256.48,0
1974-09-30T17:56:19.000Z,256.22997,256.44997,0
1974-09-30T18:54:12.000Z,256.26994,256.48994,0
1974-09-30T19:52:05.000Z,256.29997,256.51997,0
1974-09-30T20:50:15.000Z,256.26994,256.48994,0
1974-09-30T21:48:09.000Z,256.26994,256.48994,0
1974-09-30T22:46:02.000Z,256.26994,256.48994,0
1974-09-30T23:43:55.000Z,256.26,256.48,0
1974-10-01T00:42:05.000Z,256.22997,256.44997,0
1974-10-01T01:39:59.000Z,256.26,256.48,0
1974-10-01T01:47:21.000Z,256.22997,256.44997,0
1974-10-01T02:08:55.000Z,256.26994,256.48994,0
1974-10-01T02:52:20.000Z,256.21996,256.43996,0
1974-10-01T03:50:30.000Z,256.22997,256.44997,0
1974-10-01T04:48:24.000Z,256.26994,256.48994,0
1974-10-01T05:46:17.000Z,256.26994,256.48994,0
1974-10-01T06:44:10.000Z,256.26994,256.48994,0
1974-10-01T07:49:26.000Z,256.26,256.48,0
1974-10-01T08:47:20.000Z,256.21996,256.43996,0
1974-10-01T09:45:29.000Z,256.29997,256.51997,0
1974-10-01T10:43:23.000Z,256.29997,256.51997,0
1974-10-01T11:41:16.000Z,256.26,256.48,0
1974-10-01T12:39:26.000Z,256.29997,256.51997,0
1974-10-01T13:37:19.000Z,256.26,256.48,0
1974-10-01T14:35:13.000Z,256.23047,256.44947,0
1974-10-01T15:33:06.000Z,256.24048,256.45948,0
1974-10-01T16:31:16.000Z,256.29997,256.51997,0
1974-10-01T17:29:09.000Z,256.22997,256.44997,0
1974-10-01T18:27:03.000Z,256.21996,256.43996,0
1974-10-01T19:24:56.000Z,256.26,256.48,0
1974-10-01T20:23:06.000Z,256.18999,256.40999,0
1974-10-01T21:20:59.000Z,256.26994,256.48994,0
1974-10-01T22:18:53.000Z,256.21996,256.43996,0
1974-10-01T23:16:46.000Z,256.26,256.48,0
1974-10-02T00:07:34.000Z,256.26,256.48,0
1974-10-02T00:22:02.000Z,256.19049,256.40949,0
1974-10-02T00:50:59.000Z,256.24999,256.46999,0
1974-10-02T01:49:09.000Z,256.29046,256.50946,0
1974-10-02T02:03:37.000Z,256.2605,256.4795,0
1974-10-02T02:54:08.000Z,256.22046,256.43946,0
1974-10-02T03:52:18.000Z,256.22046,256.43946,0
1974-10-02T04:50:11.000Z,256.19049,256.40949,0
1974-10-02T05:48:05.000Z,256.22046,256.43946,0
1974-10-02T06:45:58.000Z,256.22046,256.43946,0
1974-10-02T07:44:08.000Z,256.2605,256.4795,0
1974-10-02T08:42:01.000Z,256.22046,256.43946,0
1974-10-02T09:39:55.000Z,256.27044,256.48944,0
1974-10-02T10:38:04.000Z,256.22997,256.44997,0
1974-10-02T11:35:58.000Z,256.27044,256.48944,0
1974-10-02T12:33:51.000Z,256.2005,256.4195,0
1974-10-02T13:31:45.000Z,256.27044,256.48944,0
1974-10-02T14:33:27.000Z,256.27044,256.48944,0
1974-10-02T15:31:21.000Z,256.27044,256.48944,0
1974-10-02T16:29:14.000Z,256.16046,256.37946,0
1974-10-02T17:27:24.000Z,256.19049,256.40949,0
1974-10-02T18:25:17.000Z,256.23047,256.44947,0
1974-10-02T19:23:11.000Z,256.23047,256.44947,0
1974-10-02T20:21:04.000Z,256.2605,256.4795,0
1974-10-02T21:19:14.000Z,256.23047,256.44947,0
1974-10-02T22:17:07.000Z,256.23047,256.44947,0
1974-10-02T23:15:01.000Z,256.22046,256.43946,0
1974-10-03T00:12:54.000Z,256.22046,256.43946,0
1974-10-03T01:11:04.000Z,256.22046,256.43946,0
1974-10-03T02:08:57.000Z,256.2605,256.4795,0
1974-10-03T03:06:51.000Z,256.2605,256.4795,0
1974-10-03T04:05:01.000Z,256.2605,256.4795,0
1974-10-03T05:02:54.000Z,256.22046,256.43946,0
1974-10-03T06:00:47.000Z,256.2605,256.4795,0
1974-10-03T06:58:41.000Z,256.22046,256.43946,0
1974-10-03T07:56:51.000Z,256.2605,256.4795,0
1974-10-03T08:54:44.000Z,256.2605,256.4795,0
1974-10-03T09:52:37.000Z,256.25049,256.46949,0
1974-10-03T10:50:31.000Z,256.22046,256.43946,0
1974-10-03T11:48:41.000Z,256.18048,256.39948,0
1974-10-03T12:46:34.000Z,256.25049,256.46949,0
1974-10-03T13:44:27.000Z,256.29046,256.50946,0
1974-10-03T14:42:21.000Z,256.2605,256.4795,0
1974-10-03T15:40:31.000Z,256.29046,256.50946,0
1974-10-03T16:38:24.000Z,256.18048,256.39948,0
1974-10-03T17:36:17.000Z,256.2605,256.4795,0
1974-10-03T18:34:11.000Z,256.29046,256.50946,0
1974-10-03T19:32:21.000Z,256.25049,256.46949,0
1974-10-03T20:30:14.000Z,256.21045,256.42945,0
1974-10-03T21:28:07.000Z,256.25049,256.46949,0
1974-10-03T22:26:17.000Z,256.21045,256.42945,0
1974-10-03T23:24:11.000Z,256.21045,256.42945,0
1974-10-04T00:22:04.000Z,256.24048,256.45948,0
1974-10-04T01:19:58.000Z,256.18048,256.39948,0
1974-10-04T02:18:07.000Z,256.21045,256.42945,0
1974-10-04T03:16:01.000Z,256.21045,256.42945,0
1974-10-04T04:13:54.000Z,256.18048,256.39948,0
1974-10-04T05:11:48.000Z,256.25049,256.46949,0
1974-10-04T06:09:57.000Z,256.22046,256.43946,0
1974-10-04T07:07:51.000Z,256.23047,256.44947,0
1974-10-04T08:05:44.000Z,256.2605,256.4795,0
1974-10-04T09:03:38.000Z,256.27044,256.48944,0
1974-10-04T10:01:47.000Z,256.23047,256.44947,0
1974-10-04T10:59:41.000Z,256.2005,256.4195,0
1974-10-04T11:57:34.000Z,256.2605,256.4795,0
1974-10-04T12:55:28.000Z,256.23047,256.44947,0
1974-10-04T13:53:37.000Z,256.2605,256.4795,0
1974-10-04T15:06:48.000Z,256.2605,256.4795,0
1974-10-04T16:04:58.000Z,256.2005,256.4195,0
1974-10-04T17:02:51.000Z,256.24048,256.45948,0
1974-10-04T18:00:45.000Z,256.201,256.419,0
1974-10-04T18:58:38.000Z,256.24048,256.45948,0
1974-10-04T19:56:48.000Z,256.23047,256.44947,0
1974-10-04T20:54:41.000Z,256.201,256.419,0
1974-10-04T21:52:35.000Z,256.24048,256.45948,0
1974-10-04T22:50:28.000Z,256.2005,256.4195,0
1974-10-04T23:48:38.000Z,256.201,256.419,0
1974-10-05T00:46:31.000Z,256.2605,256.4795,0
1974-10-05T01:44:25.000Z,256.2605,256.4795,0
1974-10-05T02:42:35.000Z,256.2605,256.4795,0
1974-10-05T03:40:28.000Z,256.22046,256.43946,0
1974-10-05T04:38:22.000Z,256.24098,256.45898,0
1974-10-05T06:12:34.000Z,256.24048,256.45948,0
1974-10-05T07:10:27.000Z,256.24048,256.45948,0
1974-10-05T08:08:37.000Z,256.24048,256.45948,0
1974-10-05T09:06:31.000Z,256.24048,256.45948,0
1974-10-05T10:04:24.000Z,256.21045,256.42945,0
1974-10-05T11:02:17.000Z,256.21045,256.42945,0
1974-10-05T12:00:27.000Z,256.24048,256.45948,0
1974-10-05T12:58:21.000Z,256.27044,256.48944,0
1974-10-05T13:56:14.000Z,256.16046,256.37946,0
1974-10-05T14:54:07.000Z,256.23047,256.44947,0
1974-10-05T15:52:17.000Z,256.21045,256.42945,0
1974-10-05T16:50:11.000Z,256.2005,256.4195,0
1974-10-05T17:48:04.000Z,256.2005,256.4195,0
1974-10-05T18:45:57.000Z,256.21045,256.42945,0
1974-10-05T19:44:07.000Z,256.22046,256.43946,0
1974-10-05T20:42:01.000Z,256.24048,256.45948,0
1974-10-05T21:39:54.000Z,256.2605,256.4795,0
1974-10-05T22:37:47.000Z,256.2605,256.4795,0
1974-10-05T23:35:57.000Z,256.25049,256.46949,0
1974-10-06T00:04:54.000Z,256.25049,256.46949,0
1974-10-06T01:02:47.000Z,256.21045,256.42945,0
1974-10-06T02:00:41.000Z,256.23047,256.44947,0
1974-10-06T02:58:51.000Z,256.23097,256.44897,0
1974-10-06T03:56:44.000Z,256.23097,256.44897,0
1974-10-06T04:54:37.000Z,256.23097,256.44897,0
1974-10-06T05:52:31.000Z,256.22096,256.43896,0
1974-10-06T06:50:41.000Z,256.261,256.479,0
1974-10-06T07:48:34.000Z,256.22096,256.43896,0
1974-10-06T08:46:27.000Z,256.25099,256.46899,0
1974-10-06T09:44:21.000Z,256.22096,256.43896,0
1974-10-06T10:42:31.000Z,256.22046,256.43946,0
1974-10-06T11:40:24.000Z,256.24098,256.45898,0
1974-10-06T12:38:17.000Z,256.24098,256.45898,0
1974-10-06T13:36:27.000Z,256.24048,256.45948,0
1974-10-06T14:34:21.000Z,256.24098,256.45898,0
1974-10-06T15:32:14.000Z,256.24098,256.45898,0
1974-10-06T16:30:07.000Z,256.2005,256.4195,0
1974-10-06T17:42:46.000Z,256.24098,256.45898,0
1974-10-06T18:40:39.000Z,256.201,256.419,0
1974-10-06T19:38:32.000Z,256.27044,256.48944,0
1974-10-06T20:36:26.000Z,256.24098,256.45898,0
1974-10-06T21:34:36.000Z,256.23097,256.44897,0
1974-10-06T22:32:29.000Z,256.23047,256.44947,0
1974-10-06T23:30:22.000Z,256.23097,256.44897,0
1974-10-07T00:28:16.000Z,256.23097,256.44897,0
1974-10-07T01:26:26.000Z,256.2605,256.4795,0
1974-10-07T02:24:19.000Z,256.23047,256.44947,0
1974-10-07T03:22:12.000Z,256.23097,256.44897,0
1974-10-07T04:27:28.000Z,256.2605,256.4795,0
1974-10-07T05:25:22.000Z,256.23097,256.44897,0
1974-10-07T06:23:31.000Z,256.21045,256.42945,0
1974-10-07T07:21:25.000Z,256.25099,256.46899,0
1974-10-07T08:19:18.000Z,256.22096,256.43896,0
1974-10-07T09:17:12.000Z,256.22096,256.43896,0
1974-10-07T10:15:21.000Z,256.21095,256.42895,0
1974-10-07T11:13:15.000Z,256.25099,256.46899,0
1974-10-07T12:11:08.000Z,256.22096,256.43896,0
1974-10-07T13:09:02.000Z,256.22096,256.43896,0
1974-10-07T14:07:11.000Z,256.25099,256.46899,0
1974-10-07T15:16:49.000Z,256.25099,256.46899,0
1974-10-07T16:14:43.000Z,256.25099,256.46899,0
1974-10-07T17:12:53.000Z,256.25099,256.46899,0
1974-10-07T18:10:46.000Z,256.25099,256.46899,0
1974-10-07T19:08:39.000Z,256.22096,256.43896,0
1974-10-07T20:06:33.000Z,256.25099,256.46899,0
1974-10-07T21:04:43.000Z,256.25099,256.46899,0
1974-10-07T22:02:36.000Z,256.21095,256.42895,0
1974-10-07T23:00:29.000Z,256.201,256.419,0
1974-10-07T23:58:23.000Z,256.24098,256.45898,0
1974-10-08T00:56:33.000Z,256.21095,256.42895,0
1974-10-08T01:18:07.000Z,256.25099,256.46899,0
1974-10-08T02:16:17.000Z,256.24098,256.45898,0
1974-10-08T03:14:10.000Z,256.24098,256.45898,0
1974-10-08T04:12:04.000Z,256.24098,256.45898,0
1974-10-08T05:09:57.000Z,256.24098,256.45898,0
1974-10-08T06:08:07.000Z,256.24098,256.45898,0
1974-10-08T07:06:00.000Z,256.21095,256.42895,0
1974-10-08T08:03:54.000Z,256.24098,256.45898,0
1974-10-08T08:47:19.000Z,256.24098,256.45898,0
1974-10-08T09:45:28.000Z,256.23097,256.44897,0
1974-10-08T10:43:22.000Z,256.24098,256.45898,0
1974-10-08T11:41:15.000Z,256.201,256.419,0
1974-10-08T12:39:09.000Z,256.23097,256.44897,0
1974-10-08T13:37:18.000Z,256.27094,256.48894,0
1974-10-08T14:13:21.000Z,256.27094,256.48894,0
1974-10-08T15:11:31.000Z,256.24098,256.45898,0
1974-10-08T16:09:24.000Z,256.24098,256.45898,0
1974-10-08T17:07:18.000Z,256.23097,256.44897,0
1974-10-08T18:05:11.000Z,256.23097,256.44897,0
1974-10-08T18:48:53.000Z,256.23097,256.44897,0
1974-10-08T19:46:46.000Z,256.27094,256.48894,0
1974-10-08T20:44:39.000Z,256.27094,256.48894,0
1974-10-08T21:42:33.000Z,256.23097,256.44897,0
1974-10-08T22:40:43.000Z,256.23097,256.44897,0
1974-10-08T23:38:36.000Z,256.23097,256.44897,0
1974-10-09T00:14:39.000Z,256.23097,256.44897,0
1974-10-09T01:12:48.000Z,256.23097,256.44897,0
1974-10-09T02:10:42.000Z,256.201,256.419,0
1974-10-09T03:08:35.000Z,256.23097,256.44897,0
1974-10-09T04:06:45.000Z,256.23097,256.44897,0
1974-10-09T05:04:38.000Z,256.23097,256.44897,0
1974-10-09T06:02:32.000Z,256.261,256.479,0
1974-10-09T07:00:25.000Z,256.23097,256.44897,0
1974-10-09T07:58:35.000Z,256.23097,256.44897,0
1974-10-09T08:56:28.000Z,256.23097,256.44897,0
1974-10-09T09:54:22.000Z,256.27094,256.48894,0
1974-10-09T10:52:15.000Z,256.23097,256.44897,0
1974-10-09T11:50:25.000Z,256.23097,256.44897,0
1974-10-09T12:48:19.000Z,256.261,256.479,0
1974-10-09T13:46:12.000Z,256.23097,256.44897,0
1974-10-09T15:19:35.000Z,256.261,256.479,0
1974-10-09T16:17:29.000Z,256.23097,256.44897,0
1974-10-09T17:15:22.000Z,256.23097,256.44897,0
1974-10-09T18:13:32.000Z,256.261,256.479,0
1974-10-09T19:11:25.000Z,256.29096,256.50896,0
1974-10-09T20:09:19.000Z,256.23097,256.44897,0
1974-10-10T00:01:09.000Z,256.23097,256.44897,0
1974-10-10T00:59:02.000Z,256.22096,256.43896,0
1974-10-10T01:57:12.000Z,256.22096,256.43896,0
1974-10-10T02:47:43.000Z,256.261,256.479,0
1974-10-10T07:52:11.000Z,256.22096,256.43896,0
1974-10-10T08:50:04.000Z,256.261,256.479,0
1974-10-10T09:47:58.000Z,256.22096,256.43896,0
1974-10-10T10:45:51.000Z,256.261,256.479,0
1974-10-10T11:44:01.000Z,256.22096,256.43896,0
1974-10-10T12:41:55.000Z,256.261,256.479,0
1974-10-10T13:39:48.000Z,256.22096,256.43896,0
1974-10-10T14:37:58.000Z,256.22096,256.43896,0
1974-10-10T15:35:51.000Z,256.22096,256.43896,0
1974-10-10T16:33:45.000Z,256.22096,256.43896,0
1974-10-10T17:31:38.000Z,256.261,256.479,0
1974-10-10T18:29:48.000Z,256.261,256.479,0
1974-10-10T18:44:16.000Z,256.22096,256.43896,0
1974-10-10T19:42:09.000Z,256.22096,256.43896,0
1974-10-10T20:40:03.000Z,256.22096,256.43896,0
1974-10-10T22:14:15.000Z,256.22096,256.43896,0
1974-10-10T23:19:31.000Z,256.22146,256.43846,0
1974-10-11T00:17:25.000Z,256.22146,256.43846,0
1974-10-11T03:47:40.000Z,256.22146,256.43846,0
1974-10-11T04:45:34.000Z,256.25099,256.46899,0
1974-10-11T05:43:27.000Z,256.22146,256.43846,0
1974-10-11T06:41:20.000Z,256.22096,256.43896,0
1974-10-11T07:39:30.000Z,256.22096,256.43896,0
1974-10-11T08:37:24.000Z,256.261,256.479,0
1974-10-11T09:35:17.000Z,256.25099,256.46899,0
1974-10-11T10:33:10.000Z,256.22146,256.43846,0
1974-10-11T11:31:20.000Z,256.22096,256.43896,0
1974-10-11T12:29:14.000Z,256.21145,256.42845,0
1974-10-11T13:27:07.000Z,256.25149,256.46849,0
1974-10-11T14:50:24.000Z,256.28095,256.49895,0
1974-10-11T15:48:34.000Z,256.22146,256.43846,0
1974-10-11T16:46:27.000Z,256.25149,256.46849,0
1974-10-11T17:44:21.000Z,256.22146,256.43846,0
1974-10-11T18:42:14.000Z,256.22146,256.43846,0
1974-10-11T19:40:24.000Z,256.22146,256.43846,0
1974-10-11T20:38:17.000Z,256.22146,256.43846,0
1974-10-11T21:36:11.000Z,256.25149,256.46849,0
1974-10-11T22:34:04.000Z,256.25149,256.46849,0
1974-10-11T23:32:14.000Z,256.28145,256.49845,0
1974-10-12T00:30:07.000Z,256.22146,256.43846,0
1974-10-12T01:28:01.000Z,256.21145,256.42845,0
1974-10-12T02:25:54.000Z,256.25149,256.46849,0
1974-10-12T03:24:04.000Z,256.25149,256.46849,0
1974-10-12T04:21:57.000Z,256.25149,256.46849,0
1974-10-12T05:19:51.000Z,256.22146,256.43846,0
1974-10-12T06:18:01.000Z,256.28145,256.49845,0
1974-10-12T07:15:54.000Z,256.28145,256.49845,0
1974-10-12T08:13:47.000Z,256.25149,256.46849,0
1974-10-12T09:11:41.000Z,256.25149,256.46849,0
1974-10-12T10:09:51.000Z,256.24148,256.45848,0
1974-10-12T11:07:44.000Z,256.25149,256.46849,0
1974-10-12T12:05:37.000Z,256.22146,256.43846,0
1974-10-12T13:03:31.000Z,256.2015,256.4185,0
1974-10-12T14:01:41.000Z,256.24148,256.45848,0
1974-10-12T14:59:34.000Z,256.28145,256.49845,0
1974-10-12T15:57:27.000Z,256.25149,256.46849,0
1974-10-12T16:55:21.000Z,256.25149,256.46849,0
1974-10-12T17:53:31.000Z,256.28145,256.49845,0
1974-10-12T18:51:24.000Z,256.25149,256.46849,0
1974-10-12T19:49:18.000Z,256.28145,256.49845,0
1974-10-12T20:47:11.000Z,256.22146,256.43846,0
1974-10-12T21:45:21.000Z,256.21145,256.42845,0
1974-10-12T22:43:14.000Z,256.24148,256.45848,0
1974-10-12T23:41:08.000Z,256.21145,256.42845,0
1974-10-13T00:39:01.000Z,256.28145,256.49845,0
1974-10-13T01:37:11.000Z,256.2015,256.4185,0
1974-10-13T02:35:04.000Z,256.28145,256.49845,0
1974-10-13T03:32:58.000Z,256.28145,256.49845,0
1974-10-13T04:31:07.000Z,256.24148,256.45848,0
1974-10-13T05:29:01.000Z,256.24148,256.45848,0
1974-10-13T06:26:54.000Z,256.24148,256.45848,0
1974-10-13T06:55:51.000Z,256.28145,256.49845,0
1974-10-13T07:53:44.000Z,256.28145,256.49845,0
1974-10-13T08:59:00.000Z,256.28145,256.49845,0
1974-10-13T09:35:19.000Z,256.28145,256.49845,0
1974-10-13T10:40:35.000Z,256.24148,256.45848,0
1974-10-13T11:38:28.000Z,256.27144,256.48844,0
1974-10-13T12:36:22.000Z,256.28145,256.49845,0
1974-10-13T13:34:15.000Z,256.24148,256.45848,0
1974-10-13T14:32:25.000Z,256.28145,256.49845,0
1974-10-13T15:30:18.000Z,256.24148,256.45848,0
1974-10-13T16:28:12.000Z,256.28145,256.49845,0
1974-10-13T17:26:22.000Z,256.2015,256.4185,0
1974-10-13T18:24:15.000Z,256.24148,256.45848,0
1974-10-13T19:22:08.000Z,256.28145,256.49845,0
1974-10-13T20:20:02.000Z,256.24148,256.45848,0
1974-10-13T21:18:12.000Z,256.24148,256.45848,0
1974-10-13T22:16:05.000Z,256.2015,256.4185,0
1974-10-13T23:13:58.000Z,256.24148,256.45848,0
1974-10-14T00:04:46.000Z,256.24148,256.45848,0
1974-10-14T01:02:39.000Z,256.24148,256.45848,0
1974-10-14T02:00:33.000Z,256.21145,256.42845,0
1974-10-14T02:58:42.000Z,256.24148,256.45848,0
1974-10-14T03:56:36.000Z,256.24148,256.45848,0
1974-10-14T04:54:29.000Z,256.2015,256.4185,0
1974-10-14T05:52:23.000Z,256.24198,256.45798,0
1974-10-14T06:50:32.000Z,256.23147,256.44847,0
1974-10-14T07:48:26.000Z,256.27144,256.48844,0
1974-10-14T08:46:19.000Z,256.28145,256.49845,0
1974-10-14T09:44:13.000Z,256.24148,256.45848,0
1974-10-14T10:42:22.000Z,256.28145,256.49845,0
1974-10-14T11:40:16.000Z,256.28145,256.49845,0
1974-10-14T12:38:09.000Z,256.24148,256.45848,0
1974-10-14T13:36:03.000Z,256.24148,256.45848,0
1974-10-14T14:26:50.000Z,256.2015,256.4185,0
1974-10-14T15:24:43.000Z,256.2015,256.4185,0
1974-10-14T16:22:53.000Z,256.27144,256.48844,0
1974-10-14T17:20:47.000Z,256.23147,256.44847,0
1974-10-14T18:18:40.000Z,256.2015,256.4185,0
1974-10-14T19:16:50.000Z,256.24148,256.45848,0
1974-10-14T20:14:43.000Z,256.27144,256.48844,0
1974-10-14T21:12:37.000Z,256.24148,256.45848,0
1974-10-14T22:10:30.000Z,256.2015,256.4185,0
1974-10-14T23:08:40.000Z,256.24148,256.45848,0
1974-10-15T00:06:33.000Z,256.24148,256.45848,0
1974-10-15T01:04:27.000Z,256.24148,256.45848,0
1974-10-15T02:02:20.000Z,256.24198,256.45798,0
1974-10-15T03:00:30.000Z,256.2015,256.4185,0
1974-10-15T03:58:23.000Z,256.23147,256.44847,0
1974-10-15T04:56:17.000Z,256.24198,256.45798,0
1974-10-15T05:54:10.000Z,256.2015,256.4185,0
1974-10-15T06:52:20.000Z,256.24148,256.45848,0
1974-10-15T07:50:13.000Z,256.28145,256.49845,0
1974-10-15T08:48:07.000Z,256.23147,256.44847,0
1974-10-15T09:46:00.000Z,256.28145,256.49845,0
1974-10-15T10:44:10.000Z,256.27144,256.48844,0
1974-10-15T11:42:03.000Z,256.23147,256.44847,0
1974-10-15T12:39:57.000Z,256.202,256.418,0
1974-10-15T13:37:50.000Z,256.2015,256.4185,0
1974-10-15T14:36:00.000Z,256.23147,256.44847,0
1974-10-15T15:33:53.000Z,256.24198,256.45798,0
1974-10-15T16:31:47.000Z,256.2615,256.4785,0
1974-10-15T17:29:57.000Z,256.28145,256.49845,0
1974-10-15T18:27:50.000Z,256.24148,256.45848,0
1974-10-15T19:25:43.000Z,256.27144,256.48844,0
1974-10-15T20:23:37.000Z,256.2615,256.4785,0
1974-10-15T21:21:47.000Z,256.23197,256.44797,0
1974-10-15T22:19:40.000Z,256.2615,256.4785,0
1974-10-15T23:17:33.000Z,256.23197,256.44797,0
1974-10-16T00:15:27.000Z,256.2615,256.4785,0
1974-10-16T01:13:37.000Z,256.23147,256.44847,0
1974-10-16T02:11:30.000Z,256.27144,256.48844,0
1974-10-16T03:09:23.000Z,256.23197,256.44797,0
1974-10-16T03:38:20.000Z,256.2615,256.4785,0
1974-10-16T04:36:30.000Z,256.27144,256.48844,0
1974-10-16T05:34:23.000Z,256.23197,256.44797,0
1974-10-16T06:32:17.000Z,256.2615,256.4785,0
1974-10-16T07:30:10.000Z,256.27144,256.48844,0
1974-10-16T08:28:20.000Z,256.23197,256.44797,0
1974-10-16T09:26:13.000Z,256.30147,256.51847,0
1974-10-16T10:24:07.000Z,256.23147,256.44847,0
1974-10-16T11:22:00.000Z,256.23147,256.44847,0
1974-10-16T12:20:10.000Z,256.23197,256.44797,0
1974-10-16T13:18:03.000Z,256.23147,256.44847,0
1974-10-16T13:47:00.000Z,256.2615,256.4785,0
1974-10-16T15:04:49.000Z,256.23147,256.44847,0
1974-10-16T16:02:43.000Z,256.22146,256.43846,0
1974-10-16T17:00:53.000Z,256.23197,256.44797,0
1974-10-16T17:58:46.000Z,256.2615,256.4785,0
1974-10-16T18:56:39.000Z,256.262,256.478,0
1974-10-16T19:54:49.000Z,256.23197,256.44797,0
1974-10-16T20:52:43.000Z,256.23197,256.44797,0
1974-10-16T21:50:36.000Z,256.23197,256.44797,0
1974-10-16T22:48:30.000Z,256.262,256.478,0
1974-10-16T23:46:39.000Z,256.23197,256.44797,0
1974-10-17T00:44:33.000Z,256.22196,256.43796,0
1974-10-17T01:42:26.000Z,256.262,256.478,0
1974-10-17T02:40:20.000Z,256.262,256.478,0
1974-10-17T03:38:29.000Z,256.23197,256.44797,0
1974-10-17T04:36:23.000Z,256.19199,256.40799,0
1974-10-17T05:34:16.000Z,256.23197,256.44797,0
1974-10-17T06:32:10.000Z,256.23197,256.44797,0
1974-10-17T07:30:19.000Z,256.262,256.478,0
1974-10-17T08:35:19.000Z,256.262,256.478,0
1974-10-17T09:33:29.000Z,256.23197,256.44797,0
1974-10-17T10:31:22.000Z,256.262,256.478,0
1974-10-17T11:29:15.000Z,256.19199,256.40799,0
1974-10-17T12:27:25.000Z,256.19199,256.40799,0
1974-10-17T13:25:19.000Z,256.25199,256.46799,0
1974-10-17T14:23:12.000Z,256.2615,256.4785,0
1974-10-17T15:06:37.000Z,256.23197,256.44797,0
1974-10-17T15:35:34.000Z,256.262,256.478,0
1974-10-17T15:50:02.000Z,256.262,256.478,0
1974-10-17T15:57:24.000Z,256.23197,256.44797,0
1974-10-17T16:26:21.000Z,256.2615,256.4785,0
1974-10-17T17:46:05.000Z,256.22196,256.43796,0
1974-10-17T18:43:59.000Z,256.22196,256.43796,0
1974-10-17T19:12:55.000Z,256.25199,256.46799,0
1974-10-17T19:41:52.000Z,256.25199,256.46799,0
1974-10-17T20:03:43.000Z,256.22196,256.43796,0
1974-10-17T21:01:36.000Z,256.22196,256.43796,0
1974-10-17T21:59:46.000Z,256.25199,256.46799,0
1974-10-17T22:57:39.000Z,256.22196,256.43796,0
1974-10-17T23:12:08.000Z,256.22196,256.43796,0
1974-10-18T00:02:55.000Z,256.25199,256.46799,0
1974-10-18T01:00:49.000Z,256.29196,256.50796,0
1974-10-18T03:03:58.000Z,256.29196,256.50796,0
1974-10-18T04:01:51.000Z,256.22196,256.43796,0
1974-10-18T04:59:45.000Z,256.22196,256.43796,0
1974-10-18T05:57:54.000Z,256.22196,256.43796,0
1974-10-18T06:55:48.000Z,256.22196,256.43796,0
1974-10-18T07:53:41.000Z,256.22196,256.43796,0
1974-10-18T08:51:51.000Z,256.262,256.478,0
1974-10-18T09:49:44.000Z,256.25199,256.46799,0
1974-10-18T10:47:38.000Z,256.22196,256.43796,0
1974-10-18T11:45:31.000Z,256.262,256.478,0
1974-10-18T12:43:41.000Z,256.22196,256.43796,0
1974-10-18T13:41:34.000Z,256.29196,256.50796,0
1974-10-18T14:54:45.000Z,256.25199,256.46799,0
1974-10-18T15:52:55.000Z,256.262,256.478,0
1974-10-18T16:50:49.000Z,256.25199,256.46799,0
1974-10-18T17:48:42.000Z,256.262,256.478,0
1974-10-18T18:46:52.000Z,256.22196,256.43796,0
1974-10-18T19:44:45.000Z,256.262,256.478,0
1974-10-18T20:42:39.000Z,256.22196,256.43796,0
1974-10-18T21:40:32.000Z,256.22196,256.43796,0
1974-10-18T22:38:42.000Z,256.22196,256.43796,0
1974-10-18T23:36:35.000Z,256.262,256.478,0
1974-10-19T00:34:29.000Z,256.262,256.478,0
1974-10-19T01:32:22.000Z,256.22196,256.43796,0
1974-10-19T02:30:32.000Z,256.29196,256.50796,0
1974-10-19T03:28:25.000Z,256.22196,256.43796,0
1974-10-19T04:26:19.000Z,256.29196,256.50796,0
1974-10-19T05:24:12.000Z,256.19199,256.40799,0
1974-10-19T06:22:22.000Z,256.22196,256.43796,0
1974-10-19T07:20:15.000Z,256.22196,256.43796,0
1974-10-19T08:18:09.000Z,256.25199,256.46799,0
1974-10-19T09:16:02.000Z,256.25199,256.46799,0
1974-10-19T10:14:12.000Z,256.25199,256.46799,0
1974-10-19T11:12:05.000Z,256.262,256.478,0
1974-10-19T12:09:59.000Z,256.262,256.478,0
1974-10-19T13:07:52.000Z,256.19199,256.40799,0
1974-10-19T14:06:02.000Z,256.25199,256.46799,0
1974-10-19T15:03:55.000Z,256.29196,256.50796,0
1974-10-19T16:01:49.000Z,256.25199,256.46799,0
1974-10-19T16:59:58.000Z,256.28195,256.49795,0
1974-10-19T17:36:01.000Z,256.25199,256.46799,0
1974-10-19T18:33:55.000Z,256.25199,256.46799,0
1974-10-19T19:32:04.000Z,256.25199,256.46799,0
1974-10-19T20:29:58.000Z,256.262,256.478,0
1974-10-19T21:27:51.000Z,256.29196,256.50796,0
1974-10-19T22:26:01.000Z,256.22196,256.43796,0
1974-10-19T23:23:54.000Z,256.22196,256.43796,0
1974-10-20T00:21:48.000Z,256.262,256.478,0
1974-10-20T00:36:16.000Z,256.23197,256.44797,0
1974-10-20T01:34:09.000Z,256.25199,256.46799,0
1974-10-20T02:32:19.000Z,256.29196,256.50796,0
1974-10-20T03:30:13.000Z,256.262,256.478,0
1974-10-20T04:28:06.000Z,256.25199,256.46799,0
1974-10-20T05:25:59.000Z,256.262,256.478,0
1974-10-20T06:24:09.000Z,256.262,256.478,0
1974-10-20T07:22:03.000Z,256.22196,256.43796,0
1974-10-20T08:19:56.000Z,256.22196,256.43796,0
1974-10-20T09:17:50.000Z,256.262,256.478,0
1974-10-20T10:15:59.000Z,256.22196,256.43796,0
1974-10-20T11:13:53.000Z,256.22196,256.43796,0
1974-10-20T12:11:46.000Z,256.262,256.478,0
1974-10-20T13:09:40.000Z,256.29196,256.50796,0
1974-10-20T14:07:49.000Z,256.262,256.478,0
1974-10-20T14:51:14.000Z,256.25199,256.46799,0
1974-10-20T15:49:08.000Z,256.22196,256.43796,0
1974-10-20T16:47:01.000Z,256.23197,256.44797,0
1974-10-20T17:45:11.000Z,256.24198,256.45798,0
1974-10-20T18:43:04.000Z,256.262,256.478,0
1974-10-20T19:40:58.000Z,256.31198,256.52798,0
1974-10-20T20:39:08.000Z,256.22196,256.43796,0
1974-10-20T21:37:01.000Z,256.24198,256.45798,0
1974-10-20T22:34:54.000Z,256.25199,256.46799,0
1974-10-20T23:32:48.000Z,256.262,256.478,0
1974-10-21T00:30:58.000Z,256.27194,256.48794,0
1974-10-21T01:28:51.000Z,256.24198,256.45798,0
1974-10-21T02:26:44.000Z,256.25199,256.46799,0
1974-10-21T03:24:38.000Z,256.22196,256.43796,0
1974-10-21T04:22:48.000Z,256.27194,256.48794,0
1974-10-21T05:20:41.000Z,256.25199,256.46799,0
1974-10-21T06:18:34.000Z,256.23197,256.44797,0
1974-10-21T07:16:28.000Z,256.24198,256.45798,0
1974-10-21T08:14:38.000Z,256.24198,256.45798,0
1974-10-21T09:12:31.000Z,256.24198,256.45798,0
1974-10-21T10:10:24.000Z,256.27194,256.48794,0
1974-10-21T11:08:18.000Z,256.27194,256.48794,0
1974-10-21T12:06:28.000Z,256.24198,256.45798,0
1974-10-21T12:56:59.000Z,256.24198,256.45798,0
1974-10-21T13:18:49.000Z,256.28195,256.49795,0
1974-10-21T14:02:14.000Z,256.24198,256.45798,0
1974-10-21T15:30:10.000Z,256.21245,256.42745,0
1974-10-21T16:28:04.000Z,256.24198,256.45798,0
1974-10-21T17:25:57.000Z,256.24198,256.45798,0
1974-10-21T18:24:07.000Z,256.21195,256.42795,0
1974-10-21T19:22:00.000Z,256.21195,256.42795,0
1974-10-21T20:19:54.000Z,256.21195,256.42795,0
1974-10-21T21:18:03.000Z,256.21195,256.42795,0
1974-10-21T22:15:57.000Z,256.21195,256.42795,0
1974-10-21T23:13:50.000Z,256.18198,256.39798,0
1974-10-21T23:42:47.000Z,256.21195,256.42795,0
1974-10-22T00:04:38.000Z,256.21195,256.42795,0
1974-10-22T01:02:31.000Z,256.24198,256.45798,0
1974-10-22T01:24:22.000Z,256.25199,256.46799,0
1974-10-22T02:22:15.000Z,256.21195,256.42795,0
1974-10-22T03:20:09.000Z,256.21245,256.42745,0
1974-10-22T04:18:02.000Z,256.21245,256.42745,0
1974-10-22T05:16:12.000Z,256.18248,256.39748,0
1974-10-22T06:14:05.000Z,256.25199,256.46799,0
1974-10-22T07:11:59.000Z,256.25249,256.46749,0
1974-10-22T08:09:52.000Z,256.25249,256.46749,0
1974-10-22T09:08:02.000Z,256.25249,256.46749,0
1974-10-22T10:05:55.000Z,256.22246,256.43746,0
1974-10-22T11:03:49.000Z,256.23247,256.44747,0
1974-10-22T12:01:58.000Z,256.28245,256.49745,0
1974-10-22T12:16:27.000Z,256.21245,256.42745,0
1974-10-22T13:14:20.000Z,256.22246,256.43746,0
1974-10-22T14:12:14.000Z,256.25249,256.46749,0
1974-10-25T17:53:19.000Z,256.28195,256.49795,0
1974-10-25T18:51:13.000Z,256.28245,256.49745,0
1974-10-25T19:49:06.000Z,256.28245,256.49745,0
1974-10-25T20:47:00.000Z,256.28245,256.49745,0
1974-10-25T21:45:09.000Z,256.21295,256.42695,0
1974-10-25T22:43:03.000Z,256.28245,256.49745,0
1974-10-25T23:40:56.000Z,256.28295,256.49695,0
1974-10-26T00:02:47.000Z,256.28245,256.49745,0
1974-10-26T01:00:40.000Z,256.33244,256.54744,0
1974-10-26T01:58:34.000Z,256.25249,256.46749,0
1974-10-26T02:56:44.000Z,256.28295,256.49695,0
1974-10-26T03:54:37.000Z,256.25249,256.46749,0
1974-10-26T04:52:30.000Z,256.28245,256.49745,0
1974-10-26T05:50:24.000Z,256.28245,256.49745,0
1974-10-26T06:48:34.000Z,256.24248,256.45748,0
1974-10-26T07:46:27.000Z,256.28245,256.49745,0
1974-10-26T08:44:20.000Z,256.24248,256.45748,0
1974-10-26T09:42:30.000Z,256.28295,256.49695,0
1974-10-26T10:40:24.000Z,256.28245,256.49745,0
1974-10-26T11:38:17.000Z,256.31248,256.52748,0
1974-10-26T12:36:10.000Z,256.31298,256.52698,0
1974-10-26T13:34:20.000Z,256.27244,256.48744,0
1974-10-26T14:32:14.000Z,256.30297,256.51697,0
1974-10-26T15:30:07.000Z,256.27244,256.48744,0
1974-10-26T16:28:00.000Z,256.30297,256.51697,0
1974-10-26T17:26:10.000Z,256.30247,256.51747,0
1974-10-26T18:24:04.000Z,256.2625,256.4775,0
1974-10-26T19:21:57.000Z,256.2625,256.4775,0
1974-10-26T20:19:50.000Z,256.30297,256.51697,0
1974-10-26T21:18:00.000Z,256.263,256.477,0
1974-10-26T22:15:54.000Z,256.25249,256.46749,0
1974-10-26T23:13:47.000Z,256.29296,256.50696,0
1974-10-27T00:11:40.000Z,256.25249,256.46749,0
1974-10-27T01:09:50.000Z,256.25249,256.46749,0
1974-10-27T02:07:44.000Z,256.22246,256.43746,0
1974-10-27T03:05:37.000Z,256.25249,256.46749,0
1974-10-27T04:03:47.000Z,256.33244,256.54744,0
1974-10-27T05:01:40.000Z,256.29246,256.50746,0
1974-10-27T05:59:34.000Z,256.29296,256.50696,0
1974-10-27T06:57:27.000Z,256.33244,256.54744,0
1974-10-27T07:55:37.000Z,256.32299,256.53699,0
1974-10-27T08:53:30.000Z,256.29296,256.50696,0
1974-10-27T09:51:24.000Z,256.29246,256.50746,0
1974-10-27T10:49:17.000Z,256.30247,256.51747,0
1974-10-27T11:47:27.000Z,256.29196,256.50796,0
1974-10-27T12:45:20.000Z,256.29246,256.50746,0
1974-10-27T13:07:11.000Z,256.29246,256.50746,0
1974-10-27T14:05:04.000Z,256.29246,256.50746,0
1974-10-27T15:02:58.000Z,256.29296,256.50696,0
1974-10-27T16:00:51.000Z,256.29246,256.50746,0
1974-10-27T16:59:01.000Z,256.25249,256.46749,0
1974-10-27T17:56:54.000Z,256.2625,256.4775,0
1974-10-27T18:54:48.000Z,256.21245,256.42745,0
1974-10-27T19:52:41.000Z,256.30247,256.51747,0
1974-10-27T20:50:51.000Z,256.2625,256.4775,0
1974-10-27T21:48:44.000Z,256.30247,256.51747,0
1974-10-27T22:46:38.000Z,256.30297,256.51697,0
1974-10-27T23:44:31.000Z,256.263,256.477,0
1974-10-28T00:42:41.000Z,256.27244,256.48744,0
1974-10-28T01:40:35.000Z,256.30297,256.51697,0
1974-10-28T02:38:28.000Z,256.263,256.477,0
1974-10-28T03:36:38.000Z,256.30297,256.51697,0
1974-10-28T04:34:31.000Z,256.263,256.477,0
1974-10-28T05:32:25.000Z,256.34295,256.55695,0
1974-10-28T06:30:18.000Z,256.263,256.477,0
1974-10-28T07:28:28.000Z,256.34295,256.55695,0
1974-10-28T08:26:21.000Z,256.30297,256.51697,0
1974-10-28T09:24:15.000Z,256.30247,256.51747,0
1974-10-28T10:22:08.000Z,256.263,256.477,0
1974-10-28T11:20:18.000Z,256.34295,256.55695,0
1974-10-28T12:18:11.000Z,256.34245,256.55745,0
1974-10-28T13:16:05.000Z,256.263,256.477,0
1974-10-28T13:30:33.000Z,256.263,256.477,0
1974-10-28T14:28:43.000Z,256.263,256.477,0
1974-10-28T15:26:36.000Z,256.2625,256.4775,0
1974-10-28T16:24:30.000Z,256.27294,256.48694,0
1974-10-28T17:22:23.000Z,256.30297,256.51697,0
1974-10-28T18:20:33.000Z,256.263,256.477,0
1974-10-28T19:18:26.000Z,256.263,256.477,0
1974-10-28T20:16:20.000Z,256.30297,256.51697,0
1974-10-28T21:14:13.000Z,256.263,256.477,0
1974-10-28T22:12:23.000Z,256.29296,256.50696,0
1974-10-28T23:10:16.000Z,256.263,256.477,0
1974-10-29T00:08:10.000Z,256.29296,256.50696,0
1974-10-29T01:06:03.000Z,256.263,256.477,0
1974-10-29T02:04:13.000Z,256.29296,256.50696,0
1974-10-29T03:02:06.000Z,256.29296,256.50696,0
1974-10-29T04:00:00.000Z,256.29296,256.50696,0
1974-10-29T04:57:53.000Z,256.22296,256.43696,0
1974-10-29T05:56:03.000Z,256.33294,256.54694,0
1974-10-29T06:53:56.000Z,256.263,256.477,0
1974-10-29T08:07:23.000Z,256.29296,256.50696,0
1974-10-29T09:05:17.000Z,256.263,256.477,0
1974-10-29T10:03:10.000Z,256.30297,256.51697,0
1974-10-29T10:53:58.000Z,256.263,256.477,0
1974-10-29T11:51:51.000Z,256.25299,256.46699,0
1974-10-29T12:50:01.000Z,256.263,256.477,0
1974-10-29T13:47:54.000Z,256.32299,256.53699,0
1974-10-29T14:45:48.000Z,256.263,256.477,0
1974-10-29T15:43:41.000Z,256.25299,256.46699,0
1974-10-29T16:41:51.000Z,256.32299,256.53699,0
1974-10-29T17:39:44.000Z,256.30297,256.51697,0
1974-10-29T18:37:38.000Z,256.29296,256.50696,0
1974-10-29T19:35:31.000Z,256.23297,256.44697,0
1974-10-29T20:26:19.000Z,256.28295,256.49695,0
1974-10-29T21:31:34.000Z,256.30297,256.51697,0
1974-10-29T21:38:40.000Z,256.34295,256.55695,0
1974-10-29T22:07:53.000Z,256.263,256.477,0
1974-10-29T23:20:15.000Z,256.30297,256.51697,0
1974-10-29T23:49:12.000Z,256.33294,256.54694,0
1974-10-30T00:03:40.000Z,256.30297,256.51697,0
1974-10-30T00:18:09.000Z,256.263,256.477,0
1974-10-30T00:54:28.000Z,256.30297,256.51697,0
1974-10-30T01:52:21.000Z,256.33294,256.54694,0
1974-10-30T02:50:14.000Z,256.263,256.477,0
1974-10-30T03:48:24.000Z,256.25299,256.46699,0
1974-10-30T04:46:18.000Z,256.29296,256.50696,0
1974-10-30T05:44:11.000Z,256.25299,256.46699,0
1974-10-30T06:42:04.000Z,256.29296,256.50696,0
1974-10-30T07:40:14.000Z,256.29296,256.50696,0
1974-10-30T08:38:08.000Z,256.263,256.477,0
1974-10-30T09:36:01.000Z,256.25299,256.46699,0
1974-10-30T10:33:55.000Z,256.33294,256.54694,0
1974-10-30T11:32:04.000Z,256.29296,256.50696,0
1974-10-30T12:29:58.000Z,256.29296,256.50696,0
1974-10-30T13:27:51.000Z,256.32299,256.53699,0
1974-10-30T14:25:45.000Z,256.29296,256.50696,0
1974-10-30T15:23:54.000Z,256.32299,256.53699,0
1974-10-30T16:29:10.000Z,256.28295,256.49695,0
1974-10-30T17:27:03.000Z,256.28295,256.49695,0
1974-10-30T18:24:57.000Z,256.25299,256.46699,0
1974-10-30T19:22:50.000Z,256.28295,256.49695,0
1974-10-30T20:21:00.000Z,256.263,256.477,0
1974-10-30T21:18:54.000Z,256.29296,256.50696,0
1974-10-30T22:24:09.000Z,256.29296,256.50696,0
1974-10-30T22:31:15.000Z,256.29296,256.50696,0
1974-10-30T23:29:09.000Z,256.25299,256.46699,0
1974-10-31T00:27:18.000Z,256.263,256.477,0
1974-10-31T01:25:12.000Z,256.29296,256.50696,0
1974-10-31T02:23:05.000Z,256.25299,256.46699,0
1974-10-31T03:21:15.000Z,256.25299,256.46699,0
1974-10-31T04:04:40.000Z,256.25299,256.46699,0
1974-10-31T04:19:08.000Z,256.29296,256.50696,0
1974-10-31T05:17:02.000Z,256.29296,256.50696,0
1974-10-31T06:14:55.000Z,256.29296,256.50696,0
1974-10-31T07:13:05.000Z,256.29296,256.50696,0
1974-10-31T08:10:59.000Z,256.29296,256.50696,0
1974-10-31T09:08:52.000Z,256.25299,256.46699,0
1974-10-31T10:06:45.000Z,256.263,256.477,0
1974-10-31T11:04:55.000Z,256.263,256.477,0
1974-10-31T12:02:49.000Z,256.263,256.477,0
1974-10-31T13:00:42.000Z,256.263,256.477,0
1974-10-31T13:58:35.000Z,256.263,256.477,0
1974-10-31T14:56:45.000Z,256.263,256.477,0
1974-10-31T15:54:39.000Z,256.263,256.477,0
1974-10-31T16:52:32.000Z,256.263,256.477,0
1974-10-31T17:50:42.000Z,256.263,256.477,0
1974-10-31T18:48:35.000Z,256.21295,256.42695,0
1974-10-31T19:46:29.000Z,256.29296,256.50696,0
1974-10-31T20:44:22.000Z,256.29296,256.50696,0
1974-10-31T21:42:32.000Z,256.29296,256.50696,0
1974-10-31T22:40:25.000Z,256.263,256.477,0
1974-10-31T23:31:13.000Z,256.29296,256.50696,0
1974-11-01T00:29:06.000Z,256.22296,256.43696,0
1974-11-01T01:26:59.000Z,256.263,256.477,0
1974-11-01T02:24:53.000Z,256.263,256.477,0
1974-11-01T03:23:03.000Z,256.263,256.477,0
1974-11-01T04:20:56.000Z,256.263,256.477,0
1974-11-01T05:18:49.000Z,256.263,256.477,0
1974-11-01T06:16:43.000Z,256.23297,256.44697,0
1974-11-01T07:14:53.000Z,256.23297,256.44697,0
1974-11-01T08:12:46.000Z,256.263,256.477,0
1974-11-01T09:10:39.000Z,256.263,256.477,0
1974-11-01T10:08:33.000Z,256.23297,256.44697,0
1974-11-01T11:06:43.000Z,256.263,256.477,0
1974-11-01T12:04:36.000Z,256.263,256.477,0
1974-11-01T13:02:29.000Z,256.22296,256.43696,0
1974-11-01T13:16:58.000Z,256.263,256.477,0
1974-11-01T14:15:08.000Z,256.29296,256.50696,0
1974-11-01T15:13:01.000Z,256.29296,256.50696,0
1974-11-05T16:44:17.000Z,256.27294,256.48694,0
1974-11-05T17:42:27.000Z,256.24298,256.45698,0
1974-11-05T18:40:21.000Z,256.203,256.417,0
1974-11-05T19:38:14.000Z,256.27294,256.48694,0
1974-11-05T20:36:07.000Z,256.30297,256.51697,0
1974-11-05T21:34:17.000Z,256.263,256.477,0
1974-11-05T22:32:11.000Z,256.23297,256.44697,0
1974-11-05T23:30:04.000Z,256.263,256.477,0
1974-11-06T00:28:14.000Z,256.263,256.477,0
1974-11-06T01:26:07.000Z,256.263,256.477,0
1974-11-06T02:02:10.000Z,256.22296,256.43696,0
1974-11-06T03:00:20.000Z,256.263,256.477,0
1974-11-06T03:43:45.000Z,256.263,256.477,0
1974-11-06T03:58:13.000Z,256.263,256.477,0
1974-11-06T04:56:06.000Z,256.2635,256.4765,0
1974-11-06T05:54:16.000Z,256.22296,256.43696,0
1974-11-06T06:59:16.000Z,256.29296,256.50696,0
1974-11-06T07:57:25.000Z,256.263,256.477,0
1974-11-06T08:33:28.000Z,256.25299,256.46699,0
1974-11-06T09:31:22.000Z,256.263,256.477,0
1974-11-06T10:29:31.000Z,256.25299,256.46699,0
1974-11-06T10:44:00.000Z,256.25299,256.46699,0
1974-11-06T11:41:53.000Z,256.2635,256.4765,0
1974-11-06T12:39:47.000Z,256.25299,256.46699,0
1974-11-06T13:37:56.000Z,256.25299,256.46699,0
1974-11-06T14:35:50.000Z,256.25299,256.46699,0
1974-11-06T16:08:57.000Z,256.24298,256.45698,0
1974-11-06T17:07:06.000Z,256.24298,256.45698,0
1974-11-06T18:05:00.000Z,256.28295,256.49695,0
1974-11-06T18:26:51.000Z,256.24298,256.45698,0
1974-11-06T19:24:44.000Z,256.24348,256.45648,0
1974-11-06T20:22:37.000Z,256.28345,256.49645,0
1974-11-06T21:20:31.000Z,256.24298,256.45698,0
1974-11-06T22:18:41.000Z,256.24298,256.45698,0
1974-11-06T23:16:34.000Z,256.24298,256.45698,0
1974-11-07T00:07:21.000Z,256.24298,256.45698,0
1974-11-07T01:05:15.000Z,256.24298,256.45698,0
1974-11-07T02:03:08.000Z,256.24348,256.45648,0
1974-11-07T03:01:02.000Z,256.27294,256.48694,0
1974-11-07T03:59:11.000Z,256.27294,256.48694,0
1974-11-07T04:57:05.000Z,256.24348,256.45648,0
1974-11-07T05:54:58.000Z,256.24298,256.45698,0
1974-11-07T06:52:52.000Z,256.27294,256.48694,0
1974-11-07T07:51:01.000Z,256.23297,256.44697,0
1974-11-07T08:48:55.000Z,256.27294,256.48694,0
1974-11-07T09:46:48.000Z,256.24298,256.45698,0
1974-11-07T10:44:58.000Z,256.23347,256.44647,0
1974-11-07T11:42:51.000Z,256.24298,256.45698,0
1974-11-07T12:40:45.000Z,256.24298,256.45698,0
1974-11-07T13:38:38.000Z,256.263,256.477,0
1974-11-07T14:36:48.000Z,256.30297,256.51697,0
1974-11-07T15:34:41.000Z,256.23297,256.44697,0
1974-11-07T16:32:35.000Z,256.23297,256.44697,0
1974-11-07T17:30:28.000Z,256.2635,256.4765,0
1974-11-07T18:28:38.000Z,256.203,256.417,0
1974-11-07T19:26:31.000Z,256.27294,256.48694,0
1974-11-07T20:24:25.000Z,256.23347,256.44647,0
1974-11-07T21:22:18.000Z,256.263,256.477,0
1974-11-07T22:20:28.000Z,256.30347,256.51647,0
1974-11-07T23:18:22.000Z,256.263,256.477,0
1974-11-08T00:16:15.000Z,256.263,256.477,0
1974-11-08T01:14:08.000Z,256.23297,256.44697,0
1974-11-08T02:12:18.000Z,256.2635,256.4765,0
1974-11-08T03:02:49.000Z,256.263,256.477,0
1974-11-08T04:00:59.000Z,256.23297,256.44697,0
1974-11-08T04:29:56.000Z,256.23297,256.44697,0
1974-11-08T05:20:43.000Z,256.23297,256.44697,0
1974-11-08T05:56:46.000Z,256.23297,256.44697,0
1974-11-08T06:11:14.000Z,256.263,256.477,0
1974-11-08T06:25:42.000Z,256.23297,256.44697,0
1974-11-08T07:23:52.000Z,256.263,256.477,0
1974-11-08T08:21:46.000Z,256.263,256.477,0
1974-11-08T08:43:20.000Z,256.23347,256.44647,0
1974-11-08T09:41:30.000Z,256.263,256.477,0
1974-11-08T10:39:23.000Z,256.263,256.477,0
1974-11-08T11:37:17.000Z,256.263,256.477,0
1974-11-08T12:35:10.000Z,256.23297,256.44697,0
1974-11-08T13:33:20.000Z,256.23297,256.44697,0
1974-11-08T14:31:13.000Z,256.23297,256.44697,0
1974-11-08T15:29:07.000Z,256.23297,256.44697,0
1974-11-08T16:05:26.000Z,256.30297,256.51697,0
1974-11-08T16:48:51.000Z,256.263,256.477,0
1974-11-08T17:25:10.000Z,256.23297,256.44697,0
1974-11-08T18:23:03.000Z,256.23297,256.44697,0
1974-11-08T19:20:57.000Z,256.23347,256.44647,0
1974-11-08T20:19:06.000Z,256.23297,256.44697,0
1974-11-08T21:17:00.000Z,256.23297,256.44697,0
1974-11-08T22:14:53.000Z,256.23297,256.44697,0
1974-11-08T23:12:47.000Z,256.2635,256.4765,0
1974-11-09T00:10:56.000Z,256.263,256.477,0
1974-11-09T01:08:50.000Z,256.23347,256.44647,0
1974-11-09T01:59:37.000Z,256.263,256.477,0
1974-11-09T02:57:31.000Z,256.19349,256.40649,0
1974-11-09T03:55:24.000Z,256.23347,256.44647,0
1974-11-09T04:53:18.000Z,256.2635,256.4765,0
1974-11-09T05:51:27.000Z,256.23347,256.44647,0
1974-11-09T06:49:21.000Z,256.22296,256.43696,0
1974-11-09T07:40:08.000Z,256.263,256.477,0
1974-11-09T07:54:36.000Z,256.29346,256.50646,0
1974-11-09T08:52:30.000Z,256.29296,256.50696,0
1974-11-09T09:50:23.000Z,256.2635,256.4765,0
1974-11-09T10:48:33.000Z,256.263,256.477,0
1974-11-09T11:46:27.000Z,256.29296,256.50696,0
1974-11-09T12:44:20.000Z,256.29296,256.50696,0
1974-11-09T13:42:13.000Z,256.29346,256.50646,0
1974-11-09T14:40:23.000Z,256.2635,256.4765,0
1974-11-09T15:38:17.000Z,256.2635,256.4765,0
1974-11-09T16:36:10.000Z,256.22296,256.43696,0
1974-11-09T17:34:03.000Z,256.263,256.477,0
1974-11-09T18:32:13.000Z,256.2635,256.4765,0
1974-11-09T19:30:07.000Z,256.2635,256.4765,0
1974-11-09T20:28:00.000Z,256.25299,256.46699,0
1974-11-09T21:25:53.000Z,256.263,256.477,0
1974-11-09T22:24:03.000Z,256.29296,256.50696,0
1974-11-09T23:21:57.000Z,256.29346,256.50646,0
1974-11-10T00:19:50.000Z,256.25299,256.46699,0
1974-11-10T01:17:43.000Z,256.25349,256.46649,0
1974-11-10T02:15:53.000Z,256.263,256.477,0
1974-11-10T03:13:47.000Z,256.2635,256.4765,0
1974-11-10T04:11:40.000Z,256.29346,256.50646,0
1974-11-10T05:09:33.000Z,256.25299,256.46699,0
1974-11-10T06:07:43.000Z,256.25299,256.46699,0
1974-11-10T06:22:12.000Z,256.29296,256.50696,0
1974-11-10T06:43:46.000Z,256.25299,256.46699,0
1974-11-10T06:58:14.000Z,256.22296,256.43696,0
1974-11-10T08:03:30.000Z,256.25349,256.46649,0
1974-11-10T08:25:21.000Z,256.25299,256.46699,0
1974-11-10T08:46:55.000Z,256.25299,256.46699,0
1974-11-10T09:45:05.000Z,256.25299,256.46699,0
1974-11-10T10:42:58.000Z,256.25299,256.46699,0
1974-11-10T11:40:52.000Z,256.25349,256.46649,0
1974-11-10T11:55:20.000Z,256.29296,256.50696,0
1974-11-10T12:31:39.000Z,256.22346,256.43646,0
1974-11-10T12:46:07.000Z,256.25349,256.46649,0
1974-11-10T13:07:58.000Z,256.25299,256.46699,0
1974-11-10T13:58:29.000Z,256.21345,256.42645,0
1974-11-10T14:05:52.000Z,256.28295,256.49695,0
1974-11-10T14:27:26.000Z,256.22296,256.43696,0
1974-11-10T14:34:48.000Z,256.25349,256.46649,0
1974-11-10T15:32:42.000Z,256.29346,256.50646,0
1974-11-10T16:30:51.000Z,256.25299,256.46699,0
1974-11-10T17:28:45.000Z,256.25299,256.46699,0
1974-11-10T18:26:38.000Z,256.25349,256.46649,0
1974-11-10T19:24:32.000Z,256.25299,256.46699,0
1974-11-10T20:22:41.000Z,256.25349,256.46649,0
1974-11-10T21:20:35.000Z,256.25349,256.46649,0
1974-11-10T22:18:28.000Z,256.22346,256.43646,0
1974-11-11T00:07:09.000Z,256.25349,256.46649,0
1974-11-11T01:05:03.000Z,256.29296,256.50696,0
1974-11-11T02:03:12.000Z,256.21345,256.42645,0
1974-11-11T03:01:06.000Z,256.28345,256.49645,0
1974-11-11T03:58:59.000Z,256.25349,256.46649,0
1974-11-11T04:35:18.000Z,256.28345,256.49645,0
1974-11-11T05:04:15.000Z,256.29346,256.50646,0
1974-11-11T05:40:34.000Z,256.25349,256.46649,0
1974-11-11T05:47:40.000Z,256.28345,256.49645,0
1974-11-11T06:09:31.000Z,256.25349,256.46649,0
1974-11-11T06:31:05.000Z,256.22346,256.43646,0
1974-11-11T06:52:56.000Z,256.28345,256.49645,0
1974-11-11T07:07:24.000Z,256.2635,256.4765,0
1974-11-11T07:43:43.000Z,256.25299,256.46699,0
1974-11-11T07:58:12.000Z,256.29296,256.50696,0
1974-11-11T08:34:14.000Z,256.21345,256.42645,0
1974-11-11T09:46:52.000Z,256.32299,256.53699,0
1974-11-11T10:15:49.000Z,256.25299,256.46699,0
1974-11-11T11:42:39.000Z,256.25349,256.46649,0
1974-11-11T12:47:55.000Z,256.29346,256.50646,0
1974-11-11T13:45:48.000Z,256.22346,256.43646,0
1974-11-11T14:43:58.000Z,256.28345,256.49645,0
1974-11-11T16:13:32.000Z,256.28295,256.49695,0
1974-11-11T17:11:26.000Z,256.22346,256.43646,0
1974-11-11T18:09:19.000Z,256.2635,256.4765,0
1974-11-11T18:31:10.000Z,256.2635,256.4765,0
1974-11-11T19:29:03.000Z,256.28345,256.49645,0
1974-11-11T20:27:13.000Z,256.25299,256.46699,0
1974-11-11T21:25:06.000Z,256.22346,256.43646,0
1974-11-11T22:23:00.000Z,256.22346,256.43646,0
1974-11-11T23:20:53.000Z,256.2635,256.4765,0
1974-11-12T00:19:03.000Z,256.21345,256.42645,0
1974-11-12T01:16:07.000Z,256.25349,256.46649,0
1974-11-12T02:14:01.000Z,256.25349,256.46649,0
1974-11-12T03:11:38.000Z,256.22346,256.43646,0
1974-11-12T04:09:15.000Z,256.28345,256.49645,0
1974-11-12T05:06:52.000Z,256.28345,256.49645,0
1974-11-12T05:35:48.000Z,256.25349,256.46649,0
1974-11-12T05:45:05.000Z,256.28345,256.49645,0
1974-11-12T06:42:59.000Z,256.27344,256.48644,0
1974-11-12T07:40:52.000Z,256.24348,256.45648,0
1974-11-12T08:38:46.000Z,256.32349,256.53649,0
1974-11-12T09:36:55.000Z,256.22346,256.43646,0
1974-11-12T10:34:49.000Z,256.25299,256.46699,0
1974-11-12T11:32:42.000Z,256.28295,256.49695,0
1974-11-12T12:30:36.000Z,256.28345,256.49645,0
1974-11-12T13:28:45.000Z,256.25349,256.46649,0
1974-11-12T14:26:39.000Z,256.25349,256.46649,0
1974-11-12T15:24:32.000Z,256.22346,256.43646,0
1974-11-12T16:22:26.000Z,256.25349,256.46649,0
1974-11-12T17:20:35.000Z,256.22296,256.43696,0
1974-11-12T18:18:29.000Z,256.22296,256.43696,0
1974-11-12T18:40:20.000Z,256.31348,256.52648,0
1974-11-12T19:38:13.000Z,256.28345,256.49645,0
1974-11-12T20:36:06.000Z,256.24348,256.45648,0
1974-11-12T21:34:00.000Z,256.28345,256.49645,0
1974-11-12T22:32:10.000Z,256.28345,256.49645,0
1974-11-12T23:30:03.000Z,256.24348,256.45648,0
1974-11-13T00:27:56.000Z,256.27344,256.48644,0
1974-11-13T01:25:50.000Z,256.21345,256.42645,0
1974-11-13T02:24:00.000Z,256.28345,256.49645,0
1974-11-13T03:21:53.000Z,256.24348,256.45648,0
1974-11-13T04:19:46.000Z,256.28295,256.49695,0
1974-11-13T05:17:40.000Z,256.24348,256.45648,0
1974-11-13T06:15:50.000Z,256.24348,256.45648,0
1974-11-13T07:13:43.000Z,256.24348,256.45648,0
1974-11-13T08:11:36.000Z,256.27344,256.48644,0
1974-11-13T09:09:30.000Z,256.27294,256.48694,0
1974-11-13T10:07:40.000Z,256.22346,256.43646,0
1974-11-13T11:05:33.000Z,256.28345,256.49645,0
1974-11-13T12:03:26.000Z,256.23347,256.44647,0
1974-11-13T13:01:36.000Z,256.27344,256.48644,0
1974-11-13T13:59:30.000Z,256.24298,256.45698,0
1974-11-13T14:13:58.000Z,256.2035,256.4165,0
1974-11-13T14:57:23.000Z,256.24348,256.45648,0
1974-11-13T15:26:20.000Z,256.28295,256.49695,0
1974-11-13T15:40:48.000Z,256.28345,256.49645,0
1974-11-13T16:02:39.000Z,256.27294,256.48694,0
1974-11-13T16:56:10.000Z,256.31348,256.52648,0
1974-11-13T17:39:35.000Z,256.2635,256.4765,0
1974-11-13T18:37:29.000Z,256.28345,256.49645,0
1974-11-13T19:35:22.000Z,256.25349,256.46649,0
1974-11-13T20:33:15.000Z,256.28345,256.49645,0
1974-11-13T21:31:25.000Z,256.28345,256.49645,0
1974-11-13T22:29:19.000Z,256.22346,256.43646,0
1974-11-13T23:27:12.000Z,256.24348,256.45648,0
1974-11-13T23:56:09.000Z,256.29296,256.50696,0
1974-11-14T00:54:18.000Z,256.25349,256.46649,0
1974-11-14T01:52:12.000Z,256.28345,256.49645,0
1974-11-14T02:50:05.000Z,256.27344,256.48644,0
1974-11-14T03:47:59.000Z,256.21345,256.42645,0
1974-11-14T04:46:08.000Z,256.24348,256.45648,0
1974-11-14T05:44:02.000Z,256.2035,256.4165,0
1974-11-14T06:41:55.000Z,256.25349,256.46649,0
1974-11-14T07:39:49.000Z,256.28345,256.49645,0
1974-11-14T08:37:58.000Z,256.28345,256.49645,0
1974-11-14T09:35:52.000Z,256.28345,256.49645,0
1974-11-14T10:33:45.000Z,256.28345,256.49645,0
1974-11-14T11:31:55.000Z,256.28295,256.49695,0
1974-11-14T12:29:48.000Z,256.28345,256.49645,0
1974-11-14T13:27:42.000Z,256.2635,256.4765,0
1974-11-14T14:25:35.000Z,256.28345,256.49645,0
1974-11-14T15:23:45.000Z,256.28295,256.49695,0
1974-11-14T16:07:10.000Z,256.24348,256.45648,0
1974-11-14T17:05:04.000Z,256.2635,256.4765,0
1974-11-14T18:02:57.000Z,256.28345,256.49645,0
1974-11-14T19:01:07.000Z,256.24348,256.45648,0
1974-11-14T19:59:00.000Z,256.27344,256.48644,0
1974-11-14T20:56:54.000Z,256.30297,256.51697,0
1974-11-14T21:33:13.000Z,256.25349,256.46649,0
1974-11-14T22:09:15.000Z,256.25349,256.46649,0
1974-11-14T22:45:34.000Z,256.28345,256.49645,0
1974-11-15T00:05:19.000Z,256.2635,256.4765,0
1974-11-15T01:03:12.000Z,256.24348,256.45648,0
1974-11-15T02:01:05.000Z,256.28345,256.49645,0
1974-11-15T02:59:15.000Z,256.30347,256.51647,0
1974-11-15T03:57:09.000Z,256.28345,256.49645,0
1974-11-15T04:55:02.000Z,256.24348,256.45648,0
1974-11-15T05:52:55.000Z,256.28345,256.49645,0
1974-11-15T06:51:05.000Z,256.24348,256.45648,0
1974-11-15T07:48:59.000Z,256.28345,256.49645,0
1974-11-15T08:46:52.000Z,256.27344,256.48644,0
1974-11-15T09:45:02.000Z,256.24348,256.45648,0
1974-11-15T10:42:55.000Z,256.28345,256.49645,0
1974-11-15T11:40:49.000Z,256.27344,256.48644,0
1974-11-15T12:38:42.000Z,256.24348,256.45648,0
1974-11-15T13:36:52.000Z,256.28345,256.49645,0
1974-11-15T14:34:45.000Z,256.24348,256.45648,0
1974-11-15T15:18:10.000Z,256.24298,256.45698,0
1974-11-15T15:40:01.000Z,256.24348,256.45648,0
1974-11-15T16:40:38.000Z,256.2635,256.4765,0
1974-11-15T17:38:32.000Z,256.25349,256.46649,0
1974-11-15T18:36:25.000Z,256.25349,256.46649,0
1974-11-15T19:34:35.000Z,256.28345,256.49645,0
1974-11-15T20:32:28.000Z,256.28345,256.49645,0
1974-11-15T21:30:22.000Z,256.24348,256.45648,0
1974-11-15T22:28:15.000Z,256.25349,256.46649,0
1974-11-15T23:26:25.000Z,256.25349,256.46649,0
1974-11-16T00:24:18.000Z,256.28345,256.49645,0
1974-11-16T01:22:12.000Z,256.28345,256.49645,0
1974-11-16T02:20:05.000Z,256.28345,256.49645,0
1974-11-16T03:18:15.000Z,256.28345,256.49645,0
1974-11-16T04:16:08.000Z,256.27344,256.48644,0
1974-11-16T05:14:02.000Z,256.28345,256.49645,0
1974-11-16T06:12:11.000Z,256.21345,256.42645,0
1974-11-16T07:10:05.000Z,256.28345,256.49645,0
1974-11-16T08:07:58.000Z,256.24348,256.45648,0
1974-11-16T09:05:52.000Z,256.24348,256.45648,0
1974-11-16T10:04:01.000Z,256.31348,256.52648,0
1974-11-16T11:01:55.000Z,256.31298,256.52698,0
1974-11-16T19:07:26.000Z,256.28345,256.49645,0
1974-11-16T19:57:57.000Z,256.24348,256.45648,0
1974-11-16T20:55:50.000Z,256.28345,256.49645,0
1974-11-16T21:54:00.000Z,256.27344,256.48644,0
1974-11-16T22:51:53.000Z,256.28345,256.49645,0
1974-11-16T23:49:47.000Z,256.24348,256.45648,0
1974-11-17T00:47:56.000Z,256.24348,256.45648,0
1974-11-17T01:45:50.000Z,256.24348,256.45648,0
1974-11-17T02:43:43.000Z,256.2635,256.4765,0
1974-11-17T03:41:37.000Z,256.2635,256.4765,0
1974-11-17T04:39:47.000Z,256.28345,256.49645,0
1974-11-17T05:37:40.000Z,256.28345,256.49645,0
1974-11-17T06:35:33.000Z,256.23347,256.44647,0
1974-11-17T07:33:27.000Z,256.2035,256.4165,0
1974-11-17T08:31:37.000Z,256.23347,256.44647,0
1974-11-17T09:29:30.000Z,256.2635,256.4765,0
1974-11-17T10:20:17.000Z,256.29346,256.50646,0
1974-11-17T10:49:14.000Z,256.2635,256.4765,0
1974-11-17T11:47:07.000Z,256.2635,256.4765,0
1974-11-17T12:45:01.000Z,256.23347,256.44647,0
1974-11-17T13:43:11.000Z,256.28345,256.49645,0
1974-11-17T14:12:07.000Z,256.24348,256.45648,0
1974-11-17T15:10:01.000Z,256.28345,256.49645,0
1974-11-17T16:07:54.000Z,256.28345,256.49645,0
1974-11-17T17:05:48.000Z,256.28345,256.49645,0
1974-11-17T18:03:57.000Z,256.24348,256.45648,0
1974-11-17T19:01:51.000Z,256.28345,256.49645,0
1974-11-17T19:59:44.000Z,256.23347,256.44647,0
1974-11-17T20:57:38.000Z,256.2635,256.4765,0
1974-11-17T21:55:47.000Z,256.21345,256.42645,0
1974-11-17T22:53:41.000Z,256.2635,256.4765,0
1974-11-17T23:51:34.000Z,256.28345,256.49645,0
1974-11-18T00:49:44.000Z,256.24298,256.45698,0
1974-11-18T01:47:37.000Z,256.28345,256.49645,0
1974-11-18T02:45:31.000Z,256.28345,256.49645,0
1974-11-18T03:43:24.000Z,256.23347,256.44647,0
1974-11-18T04:41:34.000Z,256.24348,256.45648,0
1974-11-18T05:39:27.000Z,256.28345,256.49645,0
1974-11-18T06:37:21.000Z,256.28345,256.49645,0
1974-11-18T07:35:14.000Z,256.28345,256.49645,0
1974-11-18T08:33:24.000Z,256.24348,256.45648,0
1974-11-18T09:31:17.000Z,256.24348,256.45648,0
1974-11-18T10:29:11.000Z,256.2635,256.4765,0
1974-11-18T11:27:04.000Z,256.2635,256.4765,0
1974-11-18T12:25:14.000Z,256.28345,256.49645,0
1974-11-18T13:30:13.000Z,256.22346,256.43646,0
1974-11-18T14:28:23.000Z,256.23347,256.44647,0
1974-11-18T15:22:44.000Z,256.24348,256.45648,0
1974-11-18T16:20:37.000Z,256.24348,256.45648,0
1974-11-18T17:32:59.000Z,256.28345,256.49645,0
1974-11-18T17:40:21.000Z,256.28345,256.49645,0
1974-11-18T18:09:18.000Z,256.27344,256.48644,0
1974-11-18T18:16:40.000Z,256.27344,256.48644,0
1974-11-18T18:23:46.000Z,256.28345,256.49645,0
1974-11-18T18:31:09.000Z,256.28345,256.49645,0
1974-11-18T18:45:37.000Z,256.21345,256.42645,0
1974-11-18T19:07:11.000Z,256.28345,256.49645,0
1974-11-18T19:21:40.000Z,256.28345,256.49645,0
1974-11-18T19:36:08.000Z,256.24348,256.45648,0
1974-11-18T19:43:30.000Z,256.28345,256.49645,0
1974-11-18T20:41:24.000Z,256.2035,256.4165,0
1974-11-18T21:17:43.000Z,256.23347,256.44647,0
1974-11-18T21:53:46.000Z,256.24348,256.45648,0
1974-11-18T22:51:55.000Z,256.28345,256.49645,0
1974-11-18T23:49:49.000Z,256.28345,256.49645,0
1974-11-19T00:04:17.000Z,256.2635,256.4765,0
1974-11-19T01:02:11.000Z,256.28295,256.49695,0
1974-11-19T02:00:20.000Z,256.23347,256.44647,0
1974-11-19T02:58:14.000Z,256.2635,256.4765,0
1974-11-19T03:56:07.000Z,256.24348,256.45648,0
1974-11-19T04:54:01.000Z,256.27344,256.48644,0
1974-11-19T05:52:10.000Z,256.23347,256.44647,0
1974-11-19T06:50:04.000Z,256.28345,256.49645,0
1974-11-19T07:47:57.000Z,256.23347,256.44647,0
1974-11-19T08:45:51.000Z,256.29296,256.50696,0
1974-11-19T09:44:00.000Z,256.2635,256.4765,0
1974-11-19T10:41:54.000Z,256.25349,256.46649,0
1974-11-19T11:39:47.000Z,256.23347,256.44647,0
1974-11-19T12:37:41.000Z,256.29346,256.50646,0
1974-11-19T13:35:50.000Z,256.2635,256.4765,0
1974-11-19T14:33:44.000Z,256.29346,256.50646,0
1974-11-19T15:31:37.000Z,256.2635,256.4765,0
1974-11-19T16:29:47.000Z,256.2635,256.4765,0
1974-11-19T17:27:40.000Z,256.25349,256.46649,0
1974-11-19T18:25:34.000Z,256.2635,256.4765,0
1974-11-19T19:23:27.000Z,256.27294,256.48694,0
1974-11-19T20:21:37.000Z,256.27294,256.48694,0
1974-11-19T21:19:30.000Z,256.24348,256.45648,0
1974-11-19T22:17:24.000Z,256.24298,256.45698,0
1974-11-19T23:15:17.000Z,256.28345,256.49645,0
1974-11-20T00:13:27.000Z,256.25349,256.46649,0
1974-11-20T01:11:20.000Z,256.25349,256.46649,0
1974-11-20T02:09:14.000Z,256.2635,256.4765,0
1974-11-20T03:07:07.000Z,256.24348,256.45648,0
1974-11-20T04:05:17.000Z,256.21295,256.42695,0
1974-11-20T05:03:10.000Z,256.28345,256.49645,0
1974-11-20T06:01:04.000Z,256.28345,256.49645,0
1974-11-20T06:58:57.000Z,256.25349,256.46649,0
1974-11-20T07:57:07.000Z,256.25349,256.46649,0
1974-11-20T08:55:00.000Z,256.27344,256.48644,0
1974-11-20T09:38:25.000Z,256.25349,256.46649,0
1974-11-20T10:36:19.000Z,256.29296,256.50696,0
1974-11-20T11:34:29.000Z,256.22346,256.43646,0
1974-11-20T12:32:22.000Z,256.25349,256.46649,0
1974-11-20T13:30:15.000Z,256.25299,256.46699,0
1974-11-20T14:28:25.000Z,256.25349,256.46649,0
1974-11-20T15:26:19.000Z,256.25349,256.46649,0
1974-11-20T16:09:44.000Z,256.28295,256.49695,0
1974-11-20T17:07:37.000Z,256.22346,256.43646,0
1974-11-20T18:05:31.000Z,256.2635,256.4765,0
1974-11-20T19:03:40.000Z,256.22346,256.43646,0
1974-11-20T20:01:34.000Z,256.2635,256.4765,0
1974-11-20T20:59:27.000Z,256.29346,256.50646,0
1974-11-20T21:57:37.000Z,256.2635,256.4765,0
1974-11-20T22:55:30.000Z,256.2635,256.4765,0
1974-11-20T23:53:24.000Z,256.23347,256.44647,0
1974-11-21T00:51:17.000Z,256.28345,256.49645,0
1974-11-21T01:49:27.000Z,256.25349,256.46649,0
1974-11-21T02:47:20.000Z,256.23347,256.44647,0
1974-11-21T03:45:14.000Z,256.28345,256.49645,0
1974-11-21T04:43:07.000Z,256.22346,256.43646,0
1974-11-21T05:41:17.000Z,256.28345,256.49645,0
1974-11-21T06:39:10.000Z,256.2635,256.4765,0
1974-11-21T07:37:04.000Z,256.25349,256.46649,0
1974-11-21T08:34:57.000Z,256.28345,256.49645,0
1974-11-21T09:33:07.000Z,256.25349,256.46649,0
1974-11-21T10:31:00.000Z,256.25349,256.46649,0
1974-11-21T11:07:19.000Z,256.24348,256.45648,0
1974-11-21T11:21:48.000Z,256.25349,256.46649,0
1974-11-21T11:28:54.000Z,256.27344,256.48644,0
1974-11-21T12:34:10.000Z,256.23347,256.44647,0
1974-11-21T13:32:03.000Z,256.23347,256.44647,0
1974-11-21T14:30:13.000Z,256.23347,256.44647,0
1974-11-21T15:28:06.000Z,256.23347,256.44647,0
1974-11-21T16:26:00.000Z,256.23347,256.44647,0
1974-11-21T17:23:53.000Z,256.2635,256.4765,0
1974-11-21T18:22:03.000Z,256.2635,256.4765,0
1974-11-21T19:19:56.000Z,256.29346,256.50646,0
1974-11-21T20:17:50.000Z,256.2635,256.4765,0
1974-11-21T21:15:43.000Z,256.2635,256.4765,0
1974-11-21T22:13:53.000Z,256.29346,256.50646,0
1974-11-21T23:11:46.000Z,256.29346,256.50646,0
1974-11-22T00:09:40.000Z,256.23347,256.44647,0
1974-11-22T01:07:33.000Z,256.2635,256.4765,0
1974-11-22T02:05:43.000Z,256.23347,256.44647,0
1974-11-22T03:03:36.000Z,256.22346,256.43646,0
1974-11-22T04:01:30.000Z,256.22346,256.43646,0
1974-11-22T04:59:23.000Z,256.22346,256.43646,0
1974-11-22T05:57:33.000Z,256.23297,256.44697,0
1974-11-22T06:55:26.000Z,256.23347,256.44647,0
1974-11-22T07:53:20.000Z,256.2635,256.4765,0
1974-11-22T08:51:29.000Z,256.2635,256.4765,0
1974-11-22T09:49:23.000Z,256.2635,256.4765,0
1974-11-22T10:47:16.000Z,256.2635,256.4765,0
1974-11-22T11:45:10.000Z,256.2635,256.4765,0
1974-11-22T12:43:19.000Z,256.2635,256.4765,0
1974-11-22T13:41:13.000Z,256.2635,256.4765,0
1974-11-22T14:39:06.000Z,256.27344,256.48644,0
1974-11-22T15:37:00.000Z,256.2635,256.4765,0
1974-11-22T16:16:52.000Z,256.2635,256.4765,0
1974-11-22T17:15:02.000Z,256.27344,256.48644,0
1974-11-22T18:12:55.000Z,256.27344,256.48644,0
1974-11-22T19:10:48.000Z,256.31348,256.52648,0
1974-11-22T20:08:42.000Z,256.24348,256.45648,0
1974-11-22T21:06:52.000Z,256.27344,256.48644,0
1974-11-22T22:04:45.000Z,256.27344,256.48644,0
1974-11-23T00:00:32.000Z,256.30347,256.51647,0
1974-11-23T00:58:42.000Z,256.30347,256.51647,0
1974-11-23T01:27:38.000Z,256.30347,256.51647,0
1974-11-23T02:18:26.000Z,256.30347,256.51647,0
1974-11-23T02:40:00.000Z,256.27344,256.48644,0
1974-11-23T03:37:53.000Z,256.24348,256.45648,0
1974-11-23T04:36:03.000Z,256.27344,256.48644,0
1974-11-23T05:33:57.000Z,256.27294,256.48694,0
1974-11-23T06:31:50.000Z,256.24348,256.45648,0
1974-11-23T07:29:43.000Z,256.27344,256.48644,0
1974-11-23T08:27:53.000Z,256.27344,256.48644,0
1974-11-23T09:25:47.000Z,256.27344,256.48644,0
1974-11-23T10:23:40.000Z,256.31348,256.52648,0
1974-11-23T11:21:50.000Z,256.27344,256.48644,0
1974-11-23T12:19:43.000Z,256.35346,256.56646,0
1974-11-23T13:17:37.000Z,256.28345,256.49645,0
1974-11-23T14:15:30.000Z,256.28345,256.49645,0
1974-11-23T15:13:40.000Z,256.31348,256.52648,0
1974-11-23T16:11:33.000Z,256.28345,256.49645,0
1974-11-23T17:09:27.000Z,256.28345,256.49645,0
1974-11-23T18:07:20.000Z,256.28345,256.49645,0
1974-11-23T19:05:30.000Z,256.28345,256.49645,0
1974-11-23T20:03:23.000Z,256.28345,256.49645,0
1974-11-23T21:01:17.000Z,256.25349,256.46649,0
1974-11-23T21:59:10.000Z,256.28345,256.49645,0
1974-11-23T22:57:20.000Z,256.31348,256.52648,0
1974-11-23T23:55:13.000Z,256.24348,256.45648,0
1974-11-24T00:53:07.000Z,256.28345,256.49645,0
1974-11-24T01:51:00.000Z,256.28345,256.49645,0
1974-11-24T02:49:10.000Z,256.28295,256.49695,0
1974-11-24T03:10:44.000Z,256.28345,256.49645,0
1974-11-24T03:32:35.000Z,256.28345,256.49645,0
1974-11-24T03:39:41.000Z,256.28395,256.49595,0
1974-11-24T04:37:51.000Z,256.28345,256.49645,0
1974-11-24T05:35:44.000Z,256.22346,256.43646,0
1974-11-24T06:33:38.000Z,256.28345,256.49645,0
1974-11-24T07:31:47.000Z,256.28345,256.49645,0
1974-11-24T08:29:41.000Z,256.28395,256.49595,0
1974-11-24T09:27:34.000Z,256.31348,256.52648,0
1974-11-24T10:03:53.000Z,256.24348,256.45648,0
1974-11-24T10:47:18.000Z,256.28345,256.49645,0
1974-11-24T11:45:12.000Z,256.28345,256.49645,0
1974-11-24T12:43:05.000Z,256.27344,256.48644,0
1974-11-24T13:41:15.000Z,256.28345,256.49645,0
1974-11-24T14:39:08.000Z,256.31348,256.52648,0
1974-11-24T15:37:02.000Z,256.31348,256.52648,0
1974-11-24T16:27:49.000Z,256.27294,256.48694,0
1974-11-24T17:25:43.000Z,256.27344,256.48644,0
1974-11-24T18:02:02.000Z,256.27344,256.48644,0
1974-11-24T18:16:30.000Z,256.27344,256.48644,0
1974-11-24T18:45:27.000Z,256.31348,256.52648,0
1974-11-24T19:14:23.000Z,256.27294,256.48694,0
1974-11-24T19:50:43.000Z,256.27394,256.48594,0
1974-11-24T20:48:36.000Z,256.30347,256.51647,0
1974-11-24T21:46:29.000Z,256.30347,256.51647,0
1974-11-24T22:44:39.000Z,256.27294,256.48694,0
1974-11-24T23:42:33.000Z,256.27344,256.48644,0
1974-11-25T00:40:26.000Z,256.2635,256.4765,0
1974-11-25T01:38:36.000Z,256.2635,256.4765,0
1974-11-25T02:36:29.000Z,256.27344,256.48644,0
1974-11-25T03:34:23.000Z,256.34345,256.55645,0
1974-11-25T04:32:16.000Z,256.27344,256.48644,0
1974-11-25T05:30:26.000Z,256.27344,256.48644,0
1974-11-25T06:28:19.000Z,256.30347,256.51647,0
1974-11-25T07:26:13.000Z,256.29346,256.50646,0
1974-11-25T08:24:06.000Z,256.2635,256.4765,0
1974-11-25T09:22:16.000Z,256.29346,256.50646,0
1974-11-25T10:20:09.000Z,256.29346,256.50646,0
1974-11-25T11:18:03.000Z,256.34345,256.55645,0
1974-11-25T12:15:56.000Z,256.29346,256.50646,0
1974-11-25T13:14:06.000Z,256.33344,256.54644,0
1974-11-25T14:11:59.000Z,256.29346,256.50646,0
1974-11-25T15:09:53.000Z,256.2635,256.4765,0
1974-11-25T16:36:59.000Z,256.69596,256.46396,0
1974-11-25T17:34:52.000Z,256.45947,256.48047,0
1974-11-25T18:32:46.000Z,256.41397,256.52597,0
1974-11-25T19:30:39.000Z,256.36494,256.51494,0
1974-11-25T20:28:49.000Z,256.31546,256.48446,0
1974-11-25T21:26:43.000Z,256.34994,256.52994,0
1974-11-25T22:24:36.000Z,256.31697,256.50297,0
1974-11-25T23:22:29.000Z,256.30396,256.49596,0
1974-11-26T00:20:39.000Z,256.30246,256.49746,0
1974-11-26T01:18:33.000Z,256.30146,256.49846,0
1974-11-26T02:16:26.000Z,256.29996,256.49996,0
1974-11-26T03:14:36.000Z,256.29946,256.50046,0
1974-11-26T04:12:29.000Z,256.29896,256.50096,0
1974-11-26T05:10:23.000Z,256.29846,256.50146,0
1974-11-26T06:08:16.000Z,256.29796,256.50196,0
1974-11-26T07:06:26.000Z,256.29746,256.50246,0
1974-11-26T08:04:19.000Z,256.29746,256.50246,0
1974-11-26T09:02:13.000Z,256.33694,256.54294,0
1974-11-26T10:00:06.000Z,256.29646,256.50346,0
1974-11-26T10:58:16.000Z,256.29646,256.50346,0
1974-11-26T11:56:09.000Z,256.29646,256.50346,0
1974-11-26T12:54:03.000Z,256.29596,256.50396,0
1974-11-26T13:51:56.000Z,256.33594,256.54394,0
1974-11-26T14:50:06.000Z,256.29596,256.50396,0
1974-11-26T15:47:59.000Z,256.33594,256.54394,0
1974-11-26T16:45:53.000Z,256.32599,256.53399,0
1974-11-26T17:44:02.000Z,256.29596,256.50396,0
1974-11-26T18:41:56.000Z,256.29546,256.50446,0
1974-11-26T19:39:49.000Z,256.36547,256.57447,0
1974-11-26T20:37:43.000Z,256.33494,256.54494,0
1974-11-26T21:35:52.000Z,256.33494,256.54494,0
1974-11-26T22:33:46.000Z,256.25549,256.46449,0
1974-11-27T00:00:36.000Z,256.32499,256.53499,0
1974-11-27T00:22:27.000Z,256.32499,256.53499,0
1974-11-27T01:20:20.000Z,256.29496,256.50496,0
1974-11-27T02:18:13.000Z,256.32499,256.53499,0
1974-11-27T03:16:23.000Z,256.32499,256.53499,0
1974-11-27T04:14:17.000Z,256.28495,256.49495,0
1974-11-27T05:12:10.000Z,256.29496,256.50496,0
1974-11-27T06:10:03.000Z,256.25499,256.46499,0
1974-11-27T07:08:13.000Z,256.25499,256.46499,0
1974-11-27T08:06:07.000Z,256.32499,256.53499,0
1974-11-27T09:04:00.000Z,256.25499,256.46499,0
1974-11-27T10:02:10.000Z,256.29496,256.50496,0
1974-11-27T11:00:03.000Z,256.36447,256.57547,0
1974-11-27T11:57:57.000Z,256.29496,256.50496,0
1974-11-27T12:55:50.000Z,256.30447,256.51547,0
1974-11-27T13:54:00.000Z,256.32449,256.53549,0
1974-11-27T14:51:53.000Z,256.36447,256.57547,0
1974-11-27T15:49:47.000Z,256.30447,256.51547,0
1974-11-27T16:47:40.000Z,256.29446,256.50546,0
1974-11-27T17:45:50.000Z,256.36447,256.57547,0
1974-11-27T18:43:43.000Z,256.29446,256.50546,0
1974-11-27T18:58:12.000Z,256.30447,256.51547,0
1974-11-27T19:20:02.000Z,256.30447,256.51547,0
1974-11-27T19:48:59.000Z,256.30447,256.51547,0
1974-11-27T19:56:05.000Z,256.30447,256.51547,0
1974-11-27T20:25:02.000Z,256.33444,256.54544,0
1974-11-27T21:15:49.000Z,256.30447,256.51547,0
1974-11-27T22:13:43.000Z,256.30447,256.51547,0
1974-11-27T22:28:11.000Z,256.33444,256.54544,0
1974-11-27T22:50:02.000Z,256.30447,256.51547,0
1974-11-27T23:59:40.000Z,256.34445,256.55545,0
1974-11-28T00:57:49.000Z,256.33444,256.54544,0
1974-11-28T01:55:43.000Z,256.30447,256.51547,0
1974-11-28T02:53:36.000Z,256.30447,256.51547,0
1974-11-28T03:51:30.000Z,256.30447,256.51547,0
1974-11-28T04:49:39.000Z,256.33444,256.54544,0
1974-11-28T05:47:33.000Z,256.33444,256.54544,0
1974-11-28T06:45:26.000Z,256.30447,256.51547,0
1974-11-28T07:43:36.000Z,256.30447,256.51547,0
1974-11-28T08:41:29.000Z,256.30447,256.51547,0
1974-11-28T09:39:23.000Z,256.29396,256.50596,0
1974-11-28T10:37:16.000Z,256.29396,256.50596,0
1974-11-28T11:35:26.000Z,256.33444,256.54544,0
1974-11-28T12:33:19.000Z,256.29446,256.50546,0
1974-11-28T13:31:13.000Z,256.29396,256.50596,0
1974-11-28T14:29:06.000Z,256.29446,256.50546,0
1974-11-28T15:27:16.000Z,256.29396,256.50596,0
1974-11-28T16:25:09.000Z,256.264,256.476,0
1974-11-28T17:23:03.000Z,256.32399,256.53599,0
1974-11-28T18:20:56.000Z,256.29396,256.50596,0
1974-11-28T19:26:12.000Z,256.29396,256.50596,0
1974-11-28T19:40:40.000Z,256.36397,256.57597,0
1974-11-28T20:16:59.000Z,256.32399,256.53599,0
1974-11-28T21:22:15.000Z,256.32399,256.53599,0
1974-11-28T22:20:09.000Z,256.32399,256.53599,0
1974-11-28T22:41:59.000Z,256.32399,256.53599,0
1974-11-28T22:56:28.000Z,256.32399,256.53599,0
1974-11-29T00:45:09.000Z,256.33394,256.54594,0
1974-11-29T01:28:34.000Z,256.25399,256.46599,0
1974-11-29T01:57:30.000Z,256.33394,256.54594,0
1974-11-29T03:02:46.000Z,256.29396,256.50596,0
1974-11-29T04:00:39.000Z,256.29396,256.50596,0
1974-11-29T04:58:33.000Z,256.29396,256.50596,0
1974-11-29T05:56:43.000Z,256.29396,256.50596,0
1974-11-29T06:54:36.000Z,256.33394,256.54594,0
1974-11-29T07:52:30.000Z,256.29396,256.50596,0
1974-11-29T08:50:23.000Z,256.29396,256.50596,0
1974-11-29T09:48:33.000Z,256.29396,256.50596,0
1974-11-29T10:46:26.000Z,256.29396,256.50596,0
1974-11-29T11:44:20.000Z,256.264,256.476,0
1974-11-29T18:17:32.000Z,256.31398,256.52598,0
1974-11-29T19:15:26.000Z,256.264,256.476,0
1974-11-29T20:20:42.000Z,256.264,256.476,0
1974-11-29T20:42:16.000Z,256.264,256.476,0
1974-11-29T20:56:44.000Z,256.27394,256.48594,0
1974-11-29T21:18:35.000Z,256.31398,256.52598,0
1974-11-29T22:30:57.000Z,256.27394,256.48594,0
1974-11-29T23:43:35.000Z,256.25399,256.46599,0
1974-11-29T23:50:41.000Z,256.28395,256.49595,0
1974-11-30T00:27:00.000Z,256.25399,256.46599,0
1974-11-30T01:17:47.000Z,256.25399,256.46599,0
1974-11-30T02:01:13.000Z,256.28395,256.49595,0
1974-11-30T02:30:09.000Z,256.25399,256.46599,0
1974-11-30T02:59:06.000Z,256.25399,256.46599,0
1974-11-30T03:13:34.000Z,256.22396,256.43596,0
1974-11-30T04:04:22.000Z,256.25399,256.46599,0
1974-11-30T05:02:15.000Z,256.25399,256.46599,0
1974-11-30T06:14:37.000Z,256.25399,256.46599,0
1974-11-30T07:12:47.000Z,256.24398,256.45598,0
1974-11-30T08:10:40.000Z,256.28395,256.49595,0
1974-11-30T09:08:33.000Z,256.28395,256.49595,0
1974-11-30T10:06:27.000Z,256.25399,256.46599,0
1974-11-30T11:04:37.000Z,256.28395,256.49595,0
1974-11-30T12:02:30.000Z,256.31398,256.52598,0
1974-11-30T13:00:23.000Z,256.28395,256.49595,0
1974-11-30T13:58:33.000Z,256.28395,256.49595,0
1974-11-30T14:56:27.000Z,256.25399,256.46599,0
1974-11-30T15:54:20.000Z,256.25399,256.46599,0
1974-11-30T16:52:14.000Z,256.25399,256.46599,0
1974-11-30T17:50:23.000Z,256.28395,256.49595,0
1974-11-30T18:48:17.000Z,256.28395,256.49595,0
1974-11-30T19:46:10.000Z,256.31398,256.52598,0
1974-11-30T20:36:58.000Z,256.31398,256.52598,0
1974-11-30T21:27:45.000Z,256.24398,256.45598,0
1974-11-30T22:25:38.000Z,256.28395,256.49595,0
1974-11-30T23:23:32.000Z,256.30397,256.51597,0
1974-12-01T00:06:57.000Z,256.24398,256.45598,0
1974-12-01T01:05:07.000Z,256.28395,256.49595,0
1974-12-01T02:03:00.000Z,256.28395,256.49595,0
1974-12-01T03:00:53.000Z,256.31398,256.52598,0
1974-12-01T03:58:47.000Z,256.27344,256.48644,0
1974-12-01T04:56:57.000Z,256.31398,256.52598,0
1974-12-01T05:54:50.000Z,256.27344,256.48644,0
1974-12-01T06:31:09.000Z,256.27344,256.48644,0
1974-12-01T07:50:37.000Z,256.27394,256.48594,0
1974-12-01T08:19:50.000Z,256.23397,256.44597,0
1974-12-01T09:17:43.000Z,256.23397,256.44597,0
1974-12-01T09:39:18.000Z,256.27394,256.48594,0
1974-12-01T10:15:37.000Z,256.30347,256.51647,0
1974-12-01T10:22:59.000Z,256.23397,256.44597,0
1974-12-01T11:06:24.000Z,256.27394,256.48594,0
1974-12-01T11:42:27.000Z,256.264,256.476,0
1974-12-01T12:40:37.000Z,256.264,256.476,0
1974-12-01T13:38:30.000Z,256.264,256.476,0
1974-12-01T14:36:23.000Z,256.25399,256.46599,0
1974-12-01T15:34:33.000Z,256.29396,256.50596,0
1974-12-01T16:32:27.000Z,256.25349,256.46649,0
1974-12-01T17:30:20.000Z,256.25349,256.46649,0
1974-12-01T18:28:14.000Z,256.264,256.476,0
1974-12-01T19:26:23.000Z,256.25349,256.46649,0
1974-12-01T20:24:17.000Z,256.22346,256.43646,0
1974-12-01T21:15:04.000Z,256.25349,256.46649,0
1974-12-01T22:20:04.000Z,256.25349,256.46649,0
1974-12-01T22:56:23.000Z,256.22346,256.43646,0
1974-12-01T23:18:13.000Z,256.264,256.476,0
1974-12-01T23:54:16.000Z,256.25349,256.46649,0
1974-12-02T00:45:03.000Z,256.25349,256.46649,0
1974-12-02T01:42:57.000Z,256.25349,256.46649,0
1974-12-02T02:33:44.000Z,256.22346,256.43646,0
1974-12-02T03:02:41.000Z,256.25349,256.46649,0
1974-12-02T04:00:34.000Z,256.25349,256.46649,0
1974-12-02T04:29:47.000Z,256.29396,256.50596,0
1974-12-02T05:05:50.000Z,256.25349,256.46649,0
1974-12-02T05:20:19.000Z,256.32349,256.53649,0
1974-12-02T05:34:47.000Z,256.25349,256.46649,0
1974-12-02T06:32:57.000Z,256.29346,256.50646,0
1974-12-02T07:30:50.000Z,256.28345,256.49645,0
1974-12-02T08:28:43.000Z,256.21345,256.42645,0
1974-12-02T09:26:37.000Z,256.25349,256.46649,0
1974-12-02T10:24:47.000Z,256.25349,256.46649,0
1974-12-02T10:53:43.000Z,256.25349,256.46649,0
1974-12-02T11:51:37.000Z,256.28345,256.49645,0
1974-12-02T12:49:30.000Z,256.25349,256.46649,0
1974-12-02T13:47:40.000Z,256.25349,256.46649,0
1974-12-02T14:45:33.000Z,256.31348,256.52648,0
1974-12-02T15:43:27.000Z,256.29346,256.50646,0
1974-12-02T16:41:20.000Z,256.22346,256.43646,0
1974-12-02T17:39:30.000Z,256.27344,256.48644,0
1974-12-02T18:37:23.000Z,256.25349,256.46649,0
1974-12-02T19:35:17.000Z,256.25349,256.46649,0
1974-12-02T20:33:10.000Z,256.22346,256.43646,0
1974-12-02T21:31:20.000Z,256.23347,256.44647,0
1974-12-02T22:29:13.000Z,256.22346,256.43646,0
1974-12-02T23:12:38.000Z,256.2635,256.4765,0
1974-12-02T23:34:29.000Z,256.2635,256.4765,0
1974-12-03T00:10:32.000Z,256.22346,256.43646,0
1974-12-03T00:39:45.000Z,256.2635,256.4765,0
1974-12-03T00:54:13.000Z,256.2635,256.4765,0
1974-12-03T01:15:48.000Z,256.2635,256.4765,0
1974-12-03T01:44:44.000Z,256.25399,256.46599,0
1974-12-03T01:59:13.000Z,256.22346,256.43646,0
1974-12-03T02:50:49.000Z,256.22346,256.43646,0
1974-12-03T03:12:40.000Z,256.23347,256.44647,0
1974-12-03T03:56:05.000Z,256.2635,256.4765,0
1974-12-03T04:10:33.000Z,256.29346,256.50646,0
1974-12-03T04:32:24.000Z,256.23347,256.44647,0
1974-12-03T04:53:58.000Z,256.30347,256.51647,0
1974-12-03T05:15:49.000Z,256.29346,256.50646,0
1974-12-03T05:30:18.000Z,256.2635,256.4765,0
1974-12-03T06:28:11.000Z,256.2635,256.4765,0
1974-12-03T07:26:21.000Z,256.29346,256.50646,0
1974-12-03T08:24:14.000Z,256.25349,256.46649,0
1974-12-03T09:22:08.000Z,256.25349,256.46649,0
1974-12-03T10:12:55.000Z,256.28345,256.49645,0
1974-12-03T11:10:48.000Z,256.25349,256.46649,0
1974-12-03T12:08:42.000Z,256.21345,256.42645,0
1974-12-03T12:23:27.000Z,256.24348,256.45648,0
1974-12-03T13:21:20.000Z,256.27344,256.48644,0
1974-12-03T14:19:13.000Z,256.27344,256.48644,0
1974-12-03T15:17:07.000Z,256.27344,256.48644,0
1974-12-03T16:15:17.000Z,256.27344,256.48644,0
1974-12-03T17:13:10.000Z,256.27344,256.48644,0
1974-12-03T18:11:03.000Z,256.27344,256.48644,0
1974-12-03T19:08:57.000Z,256.30347,256.51647,0
1974-12-03T20:07:07.000Z,256.2635,256.4765,0
1974-12-03T21:05:00.000Z,256.2635,256.4765,0
1974-12-03T22:02:53.000Z,256.2635,256.4765,0
1974-12-03T23:00:47.000Z,256.28345,256.49645,0
1974-12-03T23:58:57.000Z,256.22346,256.43646,0
1974-12-04T00:56:50.000Z,256.24348,256.45648,0
1974-12-04T01:54:43.000Z,256.2635,256.4765,0
1974-12-04T02:52:37.000Z,256.2635,256.4765,0
1974-12-04T03:50:47.000Z,256.2635,256.4765,0
1974-12-04T04:48:40.000Z,256.28345,256.49645,0
1974-12-04T05:46:33.000Z,256.24348,256.45648,0
1974-12-04T06:44:43.000Z,256.27344,256.48644,0
1974-12-04T07:28:08.000Z,256.24348,256.45648,0
1974-12-04T08:26:02.000Z,256.27344,256.48644,0
1974-12-04T09:23:55.000Z,256.30347,256.51647,0
1974-12-04T10:22:05.000Z,256.2635,256.4765,0
1974-12-04T11:19:58.000Z,256.25349,256.46649,0
1974-12-04T12:17:52.000Z,256.29346,256.50646,0
1974-12-04T13:15:45.000Z,256.2635,256.4765,0
1974-12-04T14:13:55.000Z,256.2635,256.4765,0
1974-12-04T15:11:48.000Z,256.23347,256.44647,0
1974-12-04T16:09:42.000Z,256.29346,256.50646,0
1974-12-04T17:07:35.000Z,256.25349,256.46649,0
1974-12-04T18:05:45.000Z,256.32349,256.53649,0
1974-12-04T19:03:38.000Z,256.25349,256.46649,0
1974-12-04T20:01:32.000Z,256.25349,256.46649,0
1974-12-04T20:59:25.000Z,256.28345,256.49645,0
1974-12-04T21:57:35.000Z,256.25349,256.46649,0
1974-12-04T22:55:28.000Z,256.24348,256.45648,0
1974-12-05T00:00:44.000Z,256.24348,256.45648,0
1974-12-05T00:58:38.000Z,256.27344,256.48644,0
1974-12-05T01:56:31.000Z,256.35346,256.56646,0
1974-12-05T07:29:56.000Z,256.27344,256.48644,0
1974-12-05T08:27:49.000Z,256.27344,256.48644,0
1974-12-05T09:25:43.000Z,256.27344,256.48644,0
1974-12-05T10:30:58.000Z,256.27344,256.48644,0
1974-12-05T11:28:52.000Z,256.24348,256.45648,0
1974-12-05T12:12:33.000Z,256.27344,256.48644,0
1974-12-05T12:34:08.000Z,256.27344,256.48644,0
1974-12-05T13:32:01.000Z,256.30347,256.51647,0
1974-12-05T14:01:14.000Z,256.30347,256.51647,0
1974-12-05T14:30:11.000Z,256.30347,256.51647,0
1974-12-05T14:37:17.000Z,256.2635,256.4765,0
1974-12-05T15:35:10.000Z,256.24348,256.45648,0
1974-12-05T16:33:20.000Z,256.24348,256.45648,0
1974-12-05T17:31:13.000Z,256.27344,256.48644,0
1974-12-05T18:29:07.000Z,256.23347,256.44647,0
1974-12-05T19:27:00.000Z,256.2635,256.4765,0
1974-12-05T20:25:10.000Z,256.25349,256.46649,0
1974-12-05T21:23:03.000Z,256.2635,256.4765,0
1974-12-05T22:20:57.000Z,256.2635,256.4765,0
1974-12-05T23:19:07.000Z,256.29346,256.50646,0
1974-12-06T00:17:00.000Z,256.28295,256.49695,0
1974-12-06T01:14:53.000Z,256.25349,256.46649,0
1974-12-06T02:05:41.000Z,256.25349,256.46649,0
1974-12-06T03:03:34.000Z,256.263,256.477,0
1974-12-06T04:01:28.000Z,256.25349,256.46649,0
1974-12-06T04:59:37.000Z,256.29346,256.50646,0
1974-12-06T05:57:31.000Z,256.25299,256.46699,0
1974-12-06T06:55:24.000Z,256.28345,256.49645,0
1974-12-06T07:53:18.000Z,256.28345,256.49645,0
1974-12-06T08:51:27.000Z,256.24348,256.45648,0
1974-12-06T09:05:56.000Z,256.24298,256.45698,0
1974-12-06T09:41:58.000Z,256.28345,256.49645,0
1974-12-06T09:56:27.000Z,256.25349,256.46649,0
1974-12-06T10:54:37.000Z,256.28295,256.49695,0
1974-12-06T11:52:30.000Z,256.28295,256.49695,0
1974-12-06T12:35:55.000Z,256.28295,256.49695,0
1974-12-06T13:33:48.000Z,256.28295,256.49695,0
1974-12-06T14:31:58.000Z,256.28295,256.49695,0
1974-12-06T15:00:55.000Z,256.28345,256.49645,0
1974-12-06T15:58:48.000Z,256.24348,256.45648,0
1974-12-06T17:04:04.000Z,256.27344,256.48644,0
1974-12-06T17:25:39.000Z,256.28345,256.49645,0
1974-12-06T18:23:48.000Z,256.29296,256.50696,0
1974-12-06T19:21:42.000Z,256.25349,256.46649,0
1974-12-06T20:19:35.000Z,256.28295,256.49695,0
1974-12-06T21:17:29.000Z,256.28295,256.49695,0
1974-12-06T22:15:38.000Z,256.24348,256.45648,0
1974-12-06T23:13:32.000Z,256.23297,256.44697,0
1974-12-07T00:11:25.000Z,256.27294,256.48694,0
1974-12-07T01:09:35.000Z,256.24298,256.45698,0
1974-12-07T02:29:03.000Z,256.24348,256.45648,0
1974-12-07T02:50:53.000Z,256.24348,256.45648,0
1974-12-07T03:05:22.000Z,256.28345,256.49645,0
1974-12-07T03:34:18.000Z,256.24348,256.45648,0
1974-12-07T04:10:38.000Z,256.24348,256.45648,0
1974-12-07T04:32:12.000Z,256.24298,256.45698,0
1974-12-07T04:46:57.000Z,256.24348,256.45648,0
1974-12-07T04:54:03.000Z,256.24348,256.45648,0
1974-12-07T05:15:53.000Z,256.24348,256.45648,0
1974-12-07T05:37:28.000Z,256.24348,256.45648,0
1974-12-07T06:35:21.000Z,256.30347,256.51647,0
1974-12-07T06:50:06.000Z,256.24348,256.45648,0
1974-12-07T07:19:02.000Z,256.27294,256.48694,0
1974-12-07T07:40:37.000Z,256.27344,256.48644,0
1974-12-07T08:24:02.000Z,256.24348,256.45648,0
1974-12-07T08:38:47.000Z,256.27344,256.48644,0
1974-12-07T09:00:21.000Z,256.27344,256.48644,0
1974-12-07T09:36:40.000Z,256.30297,256.51697,0
1974-12-07T10:05:37.000Z,256.263,256.477,0
1974-12-07T10:20:05.000Z,256.30297,256.51697,0
1974-12-07T11:03:30.000Z,256.24298,256.45698,0
1974-12-07T11:39:49.000Z,256.24298,256.45698,0
1974-12-07T12:08:46.000Z,256.24348,256.45648,0
1974-12-07T12:16:08.000Z,256.23297,256.44697,0
1974-12-07T12:52:11.000Z,256.2635,256.4765,0
1974-12-07T13:06:39.000Z,256.30297,256.51697,0
1974-12-07T14:04:49.000Z,256.27294,256.48694,0
1974-12-07T15:02:43.000Z,256.263,256.477,0
1974-12-07T16:00:36.000Z,256.2635,256.4765,0
1974-12-07T16:58:29.000Z,256.263,256.477,0
1974-12-07T17:56:39.000Z,256.30347,256.51647,0
1974-12-07T18:54:33.000Z,256.263,256.477,0
1974-12-07T19:52:26.000Z,256.23297,256.44697,0
1974-12-07T20:50:19.000Z,256.263,256.477,0
1974-12-07T21:48:29.000Z,256.263,256.477,0
1974-12-07T22:46:23.000Z,256.23297,256.44697,0
1974-12-07T23:44:16.000Z,256.263,256.477,0
1974-12-08T00:42:09.000Z,256.2635,256.4765,0
1974-12-08T01:40:19.000Z,256.263,256.477,0
1974-12-08T02:38:13.000Z,256.2635,256.4765,0
1974-12-08T03:36:06.000Z,256.263,256.477,0
1974-12-08T04:33:59.000Z,256.263,256.477,0
1974-12-08T05:32:09.000Z,256.29296,256.50696,0
1974-12-08T06:30:03.000Z,256.263,256.477,0
1974-12-08T07:27:56.000Z,256.29296,256.50696,0
1974-12-08T08:25:49.000Z,256.263,256.477,0
1974-12-08T09:09:31.000Z,256.263,256.477,0
1974-12-08T09:45:34.000Z,256.23297,256.44697,0
1974-12-08T10:29:15.000Z,256.263,256.477,0
1974-12-08T10:36:21.000Z,256.263,256.477,0
1974-12-08T10:50:49.000Z,256.29296,256.50696,0
1974-12-08T11:48:43.000Z,256.263,256.477,0
1974-12-08T12:46:52.000Z,256.23297,256.44697,0
1974-12-08T13:44:46.000Z,256.29296,256.50696,0
1974-12-08T14:42:39.000Z,256.263,256.477,0
1974-12-08T15:40:33.000Z,256.23297,256.44697,0
1974-12-08T16:38:43.000Z,256.29296,256.50696,0
1974-12-08T17:36:36.000Z,256.29296,256.50696,0
1974-12-08T18:34:29.000Z,256.29296,256.50696,0
1974-12-08T19:32:23.000Z,256.29296,256.50696,0
1974-12-08T20:30:33.000Z,256.23297,256.44697,0
1974-12-08T21:28:26.000Z,256.29296,256.50696,0
1974-12-08T22:26:19.000Z,256.29346,256.50646,0
1974-12-09T00:00:32.000Z,256.29346,256.50646,0
1974-12-09T00:58:25.000Z,256.29296,256.50696,0
1974-12-09T01:56:35.000Z,256.29296,256.50696,0
1974-12-09T02:54:28.000Z,256.29296,256.50696,0
1974-12-09T03:52:22.000Z,256.22296,256.43696,0
1974-12-09T04:50:32.000Z,256.29296,256.50696,0
1974-12-09T05:48:25.000Z,256.25299,256.46699,0
1974-12-09T06:46:18.000Z,256.29296,256.50696,0
1974-12-09T07:44:12.000Z,256.29296,256.50696,0
1974-12-09T08:42:22.000Z,256.25299,256.46699,0
1974-12-09T09:32:53.000Z,256.263,256.477,0
1974-12-09T10:31:02.000Z,256.29296,256.50696,0
1974-12-09T11:28:56.000Z,256.29296,256.50696,0
1974-12-09T12:26:49.000Z,256.29296,256.50696,0
1974-12-09T13:24:43.000Z,256.25299,256.46699,0
1974-12-09T14:22:52.000Z,256.29296,256.50696,0
1974-12-09T15:33:20.000Z,256.25299,256.46699,0
1974-12-09T16:31:29.000Z,256.29296,256.50696,0
1974-12-09T17:29:23.000Z,256.29296,256.50696,0
1974-12-09T18:27:16.000Z,256.29296,256.50696,0
1974-12-09T19:25:10.000Z,256.29296,256.50696,0
1974-12-09T20:23:19.000Z,256.29296,256.50696,0
1974-12-09T21:21:13.000Z,256.29296,256.50696,0
1974-12-09T22:19:06.000Z,256.29296,256.50696,0
1974-12-09T23:17:00.000Z,256.263,256.477,0
1974-12-10T05:11:59.000Z,256.32299,256.53699,0
1974-12-10T06:10:09.000Z,256.29296,256.50696,0
1974-12-10T07:08:02.000Z,256.29296,256.50696,0
1974-12-10T08:05:55.000Z,256.29296,256.50696,0
1974-12-10T09:04:05.000Z,256.29296,256.50696,0
1974-12-10T10:01:59.000Z,256.29296,256.50696,0
1974-12-10T10:59:52.000Z,256.29296,256.50696,0
1974-12-10T11:57:45.000Z,256.24298,256.45698,0
1974-12-10T12:55:55.000Z,256.25299,256.46699,0
1974-12-10T13:53:49.000Z,256.28295,256.49695,0
1974-12-10T14:44:36.000Z,256.29296,256.50696,0
1974-12-10T15:42:29.000Z,256.28295,256.49695,0
1974-12-10T16:40:23.000Z,256.24298,256.45698,0
1974-12-10T17:38:16.000Z,256.25299,256.46699,0
1974-12-10T18:36:26.000Z,256.29296,256.50696,0
1974-12-10T19:34:19.000Z,256.29296,256.50696,0
1974-12-10T20:32:13.000Z,256.25299,256.46699,0
1974-12-10T21:30:06.000Z,256.29296,256.50696,0
1974-12-10T22:28:16.000Z,256.29296,256.50696,0
1974-12-10T23:26:09.000Z,256.28295,256.49695,0
1974-12-11T00:24:03.000Z,256.25299,256.46699,0
1974-12-11T01:21:56.000Z,256.21295,256.42695,0
1974-12-11T02:20:06.000Z,256.25299,256.46699,0
1974-12-11T03:17:59.000Z,256.32299,256.53699,0
1974-12-11T04:15:53.000Z,256.25299,256.46699,0
1974-12-11T05:21:09.000Z,256.25299,256.46699,0
1974-12-11T06:26:24.000Z,256.28295,256.49695,0
1974-12-11T07:24:18.000Z,256.24298,256.45698,0
1974-12-11T08:22:11.000Z,256.27294,256.48694,0
1974-12-11T09:20:21.000Z,256.21295,256.42695,0
1974-12-11T10:18:14.000Z,256.21295,256.42695,0
1974-12-11T11:16:08.000Z,256.28295,256.49695,0
1974-12-11T12:14:01.000Z,256.24298,256.45698,0
1974-12-11T13:12:11.000Z,256.24298,256.45698,0
1974-12-11T14:10:04.000Z,256.28295,256.49695,0
1974-12-11T15:07:58.000Z,256.28295,256.49695,0
1974-12-11T16:05:02.000Z,256.27294,256.48694,0
1974-12-11T17:02:56.000Z,256.29296,256.50696,0
1974-12-11T18:01:05.000Z,256.28295,256.49695,0
1974-12-11T18:58:59.000Z,256.29296,256.50696,0
1974-12-11T19:56:52.000Z,256.25299,256.46699,0
1974-12-11T20:54:46.000Z,256.24298,256.45698,0
1974-12-11T21:52:55.000Z,256.24298,256.45698,0
1974-12-11T22:50:49.000Z,256.28295,256.49695,0
1974-12-11T23:48:42.000Z,256.24298,256.45698,0
1974-12-12T00:46:36.000Z,256.24298,256.45698,0
1974-12-12T01:44:45.000Z,256.28295,256.49695,0
1974-12-12T07:32:22.000Z,256.31298,256.52698,0
1974-12-12T08:30:32.000Z,256.27294,256.48694,0
1974-12-12T09:28:25.000Z,256.24298,256.45698,0
1974-12-12T10:26:19.000Z,256.27294,256.48694,0
1974-12-12T11:24:12.000Z,256.27294,256.48694,0
1974-12-12T12:22:22.000Z,256.27294,256.48694,0
1974-12-12T13:20:15.000Z,256.28295,256.49695,0
1974-12-12T14:18:09.000Z,256.24298,256.45698,0
1974-12-12T15:16:02.000Z,256.27294,256.48694,0
1974-12-16T15:05:11.000Z,256.2625,256.4775,0
1974-12-16T16:46:29.000Z,256.30247,256.51747,0
1974-12-16T17:31:00.000Z,256.2625,256.4775,0
1974-12-16T18:28:53.000Z,256.27244,256.48744,0
1974-12-16T19:27:03.000Z,256.27244,256.48744,0
1974-12-16T20:24:57.000Z,256.27244,256.48744,0
1974-12-16T21:22:50.000Z,256.27244,256.48744,0
1974-12-16T22:20:43.000Z,256.2625,256.4775,0
1974-12-16T23:18:53.000Z,256.27244,256.48744,0
1974-12-17T00:02:18.000Z,256.2625,256.4775,0
1974-12-17T01:00:12.000Z,256.2625,256.4775,0
1974-12-17T01:58:05.000Z,256.2625,256.4775,0
1974-12-17T02:56:15.000Z,256.23247,256.44747,0
1974-12-17T03:54:08.000Z,256.23247,256.44747,0
1974-12-17T04:52:02.000Z,256.2625,256.4775,0
1974-12-17T05:49:55.000Z,256.2625,256.4775,0
1974-12-17T06:48:05.000Z,256.31248,256.52748,0
1974-12-17T07:45:58.000Z,256.27244,256.48744,0
1974-12-17T08:43:52.000Z,256.25249,256.46749,0
1974-12-17T09:41:45.000Z,256.27244,256.48744,0
1974-12-17T10:32:33.000Z,256.2625,256.4775,0
1974-12-17T11:30:26.000Z,256.2625,256.4775,0
1974-12-17T12:28:36.000Z,256.2625,256.4775,0
1974-12-17T13:26:29.000Z,256.30247,256.51747,0
1974-12-17T14:24:23.000Z,256.2625,256.4775,0
1974-12-17T15:22:16.000Z,256.23247,256.44747,0
1974-12-17T16:20:26.000Z,256.2625,256.4775,0
1974-12-17T17:18:19.000Z,256.29246,256.50746,0
1974-12-17T18:16:13.000Z,256.2625,256.4775,0
1974-12-17T19:14:06.000Z,256.29246,256.50746,0
1974-12-17T20:12:16.000Z,256.25249,256.46749,0
1974-12-17T21:10:09.000Z,256.28245,256.49745,0
1974-12-17T22:08:03.000Z,256.2625,256.4775,0
1974-12-17T23:05:56.000Z,256.2625,256.4775,0
1974-12-18T00:04:06.000Z,256.30247,256.51747,0
1974-12-18T01:01:59.000Z,256.2625,256.4775,0
1974-12-18T01:59:53.000Z,256.30247,256.51747,0
1974-12-18T02:58:02.000Z,256.2625,256.4775,0
1974-12-18T03:55:56.000Z,256.22246,256.43746,0
1974-12-18T04:53:49.000Z,256.2625,256.4775,0
1974-12-18T05:51:43.000Z,256.25249,256.46749,0
1974-12-18T06:49:52.000Z,256.2625,256.4775,0
1974-12-18T07:47:46.000Z,256.29246,256.50746,0
1974-12-18T08:45:39.000Z,256.2625,256.4775,0
1974-12-18T09:43:33.000Z,256.2625,256.4775,0
1974-12-18T10:48:48.000Z,256.22246,256.43746,0
1974-12-18T10:56:11.000Z,256.2625,256.4775,0
1974-12-18T11:54:04.000Z,256.22246,256.43746,0
1974-12-18T12:51:58.000Z,256.2625,256.4775,0
1974-12-18T13:49:51.000Z,256.25249,256.46749,0
1974-12-18T14:48:01.000Z,256.2625,256.4775,0
1974-12-18T15:45:54.000Z,256.25249,256.46749,0
1974-12-18T16:43:48.000Z,256.2625,256.4775,0
1974-12-18T17:41:57.000Z,256.2625,256.4775,0
1974-12-18T18:39:51.000Z,256.2625,256.4775,0
1974-12-18T19:37:44.000Z,256.2625,256.4775,0
1974-12-18T20:35:38.000Z,256.27244,256.48744,0
1974-12-18T21:11:57.000Z,256.32249,256.53749,0
1974-12-18T22:09:50.000Z,256.2625,256.4775,0
1974-12-18T22:53:15.000Z,256.31248,256.52748,0
1974-12-18T23:51:25.000Z,256.29246,256.50746,0
1974-12-19T00:49:18.000Z,256.24248,256.45748,0
1974-12-19T01:47:12.000Z,256.2625,256.4775,0
1974-12-19T02:45:05.000Z,256.27244,256.48744,0
1974-12-19T03:43:15.000Z,256.28245,256.49745,0
1974-12-19T04:48:31.000Z,256.28245,256.49745,0
1974-12-19T05:46:24.000Z,256.2625,256.4775,0
1974-12-19T06:44:18.000Z,256.2625,256.4775,0
1974-12-19T07:42:11.000Z,256.29246,256.50746,0
1974-12-19T08:40:21.000Z,256.22246,256.43746,0
1974-12-19T09:38:14.000Z,256.30247,256.51747,0
1974-12-19T10:36:08.000Z,256.27244,256.48744,0
1974-12-19T11:34:01.000Z,256.24248,256.45748,0
1974-12-19T12:32:11.000Z,256.28245,256.49745,0
1974-12-19T13:30:04.000Z,256.24248,256.45748,0
1974-12-19T14:27:58.000Z,256.27244,256.48744,0
1974-12-19T15:25:51.000Z,256.27244,256.48744,0
1974-12-19T16:24:01.000Z,256.25249,256.46749,0
1974-12-19T17:21:54.000Z,256.27244,256.48744,0
1974-12-19T18:19:48.000Z,256.27244,256.48744,0
1974-12-19T18:56:07.000Z,256.31248,256.52748,0
1974-12-19T19:25:03.000Z,256.28245,256.49745,0
1974-12-19T20:01:23.000Z,256.24248,256.45748,0
1974-12-19T21:06:22.000Z,256.28245,256.49745,0
1974-12-19T22:04:32.000Z,256.28245,256.49745,0
1974-12-19T23:02:25.000Z,256.24248,256.45748,0
1974-12-20T00:00:19.000Z,256.28245,256.49745,0
1974-12-20T00:58:28.000Z,256.28245,256.49745,0
1974-12-20T01:56:22.000Z,256.25249,256.46749,0
1974-12-20T02:54:15.000Z,256.24248,256.45748,0
1974-12-20T03:52:09.000Z,256.24248,256.45748,0
1974-12-20T04:50:18.000Z,256.28245,256.49745,0
1974-12-20T05:48:12.000Z,256.28245,256.49745,0
1974-12-20T06:46:05.000Z,256.28245,256.49745,0
1974-12-20T07:43:59.000Z,256.28245,256.49745,0
1974-12-20T08:42:08.000Z,256.28245,256.49745,0
1974-12-20T09:40:02.000Z,256.25249,256.46749,0
1974-12-20T10:37:55.000Z,256.25249,256.46749,0
1974-12-20T11:35:49.000Z,256.28245,256.49745,0
1974-12-20T12:33:58.000Z,256.2625,256.4775,0
1974-12-20T13:31:52.000Z,256.2625,256.4775,0
1974-12-20T14:29:45.000Z,256.25249,256.46749,0
1974-12-20T15:54:08.000Z,256.2625,256.4775,0
1974-12-20T16:52:01.000Z,256.25249,256.46749,0
1974-12-20T17:49:55.000Z,256.2625,256.4775,0
1974-12-20T18:47:48.000Z,256.25249,256.46749,0
1974-12-20T19:45:58.000Z,256.28245,256.49745,0
1974-12-20T20:43:51.000Z,256.28245,256.49745,0
1974-12-20T21:41:45.000Z,256.28245,256.49745,0
1974-12-20T22:39:38.000Z,256.24248,256.45748,0
1974-12-20T23:37:48.000Z,256.24248,256.45748,0
1974-12-21T00:06:45.000Z,256.31248,256.52748,0
1974-12-21T01:04:38.000Z,256.24248,256.45748,0
1974-12-21T02:02:31.000Z,256.27244,256.48744,0
1974-12-21T02:53:19.000Z,256.2625,256.4775,0
1974-12-21T03:58:35.000Z,256.27244,256.48744,0
1974-12-21T04:56:28.000Z,256.24248,256.45748,0
1974-12-21T05:47:15.000Z,256.30247,256.51747,0
1974-12-21T06:23:34.000Z,256.2625,256.4775,0
1974-12-21T06:59:37.000Z,256.30247,256.51747,0
1974-12-21T07:28:34.000Z,256.2625,256.4775,0
1974-12-21T07:50:25.000Z,256.22246,256.43746,0
1974-12-21T08:12:15.000Z,256.30247,256.51747,0
1974-12-21T09:10:09.000Z,256.30247,256.51747,0
1974-12-21T10:08:02.000Z,256.30247,256.51747,0
1974-12-21T11:05:56.000Z,256.23247,256.44747,0
1974-12-21T12:04:05.000Z,256.2625,256.4775,0
1974-12-21T13:01:59.000Z,256.2625,256.4775,0
1974-12-21T13:59:52.000Z,256.2625,256.4775,0
1974-12-21T14:57:46.000Z,256.2625,256.4775,0
1974-12-21T15:55:55.000Z,256.23247,256.44747,0
1974-12-21T16:53:49.000Z,256.29246,256.50746,0
1974-12-21T17:51:42.000Z,256.2625,256.4775,0
1974-12-21T18:49:36.000Z,256.2625,256.4775,0
1974-12-21T19:47:45.000Z,256.2625,256.4775,0
1974-12-21T20:45:39.000Z,256.2625,256.4775,0
1974-12-21T21:43:32.000Z,256.2625,256.4775,0
1974-12-21T22:41:42.000Z,256.23247,256.44747,0
1974-12-21T23:39:35.000Z,256.2625,256.4775,0
1974-12-22T00:37:29.000Z,256.2625,256.4775,0
1974-12-22T01:35:22.000Z,256.23247,256.44747,0
1974-12-22T02:33:32.000Z,256.23247,256.44747,0
1974-12-22T03:31:25.000Z,256.23247,256.44747,0
1974-12-22T04:29:19.000Z,256.23197,256.44797,0
1974-12-22T05:27:12.000Z,256.23247,256.44747,0
1974-12-22T06:25:22.000Z,256.27244,256.48744,0
1974-12-22T07:23:15.000Z,256.262,256.478,0
1974-12-22T08:21:09.000Z,256.30247,256.51747,0
1974-12-22T09:19:02.000Z,256.27244,256.48744,0
1974-12-22T10:17:12.000Z,256.2625,256.4775,0
1974-12-22T11:00:37.000Z,256.30247,256.51747,0
1974-12-22T11:58:30.000Z,256.2625,256.4775,0
1974-12-22T12:56:24.000Z,256.30247,256.51747,0
1974-12-22T13:54:34.000Z,256.31248,256.52748,0
1974-12-22T14:52:27.000Z,256.27244,256.48744,0
1974-12-22T15:50:20.000Z,256.31248,256.52748,0
1974-12-22T16:48:14.000Z,256.27244,256.48744,0
1974-12-22T17:46:24.000Z,256.31248,256.52748,0
1974-12-22T18:44:17.000Z,256.27244,256.48744,0
1974-12-22T19:42:11.000Z,256.31248,256.52748,0
1974-12-22T20:40:20.000Z,256.262,256.478,0
1974-12-22T21:38:14.000Z,256.30197,256.51797,0
1974-12-22T22:14:16.000Z,256.27244,256.48744,0
1974-12-22T22:43:29.000Z,256.31248,256.52748,0
1974-12-22T23:41:23.000Z,256.34245,256.55745,0
1974-12-23T00:39:16.000Z,256.34245,256.55745,0
1974-12-23T01:37:10.000Z,256.31248,256.52748,0
1974-12-23T02:35:19.000Z,256.31248,256.52748,0
1974-12-23T03:33:13.000Z,256.31248,256.52748,0
1974-12-23T04:31:06.000Z,256.28245,256.49745,0
1974-12-23T05:29:00.000Z,256.28245,256.49745,0
1974-12-23T06:27:10.000Z,256.31098,256.52898,0
1974-12-23T07:25:03.000Z,256.31248,256.52748,0
1974-12-23T08:22:56.000Z,256.31248,256.52748,0
1974-12-23T09:20:50.000Z,256.27244,256.48744,0
1974-12-23T09:42:40.000Z,256.31248,256.52748,0
1974-12-23T10:11:37.000Z,256.27194,256.48794,0
1974-12-23T11:09:31.000Z,256.31248,256.52748,0
1974-12-23T12:07:40.000Z,256.31248,256.52748,0
1974-12-23T13:05:34.000Z,256.27244,256.48744,0
1974-12-23T14:03:27.000Z,256.31248,256.52748,0
1974-12-23T14:17:56.000Z,256.35246,256.56746,0
1974-12-23T15:16:05.000Z,256.34195,256.55795,0
1974-12-23T16:13:59.000Z,256.31198,256.52798,0
1974-12-23T17:11:52.000Z,256.27244,256.48744,0
1974-12-23T18:09:46.000Z,256.31248,256.52748,0
1974-12-23T19:07:55.000Z,256.27244,256.48744,0
1974-12-23T20:19:28.000Z,256.27244,256.48744,0
1974-12-23T21:17:21.000Z,256.30247,256.51747,0
1974-12-23T22:15:15.000Z,256.31248,256.52748,0
1974-12-23T23:13:08.000Z,256.28245,256.49745,0
1974-12-24T00:11:18.000Z,256.31198,256.52798,0
1974-12-24T01:09:11.000Z,256.27194,256.48794,0
1974-12-24T02:07:05.000Z,256.2625,256.4775,0
1974-12-24T03:05:15.000Z,256.2625,256.4775,0
1974-12-24T04:03:08.000Z,256.31248,256.52748,0
1974-12-24T04:53:55.000Z,256.30247,256.51747,0
1974-12-24T05:01:01.000Z,256.34195,256.55795,0
1974-12-24T05:58:55.000Z,256.34195,256.55795,0
1974-12-24T06:57:05.000Z,256.30247,256.51747,0
1974-12-24T07:54:58.000Z,256.30247,256.51747,0
1974-12-24T08:02:04.000Z,256.30247,256.51747,0
1974-12-24T08:23:55.000Z,256.2625,256.4775,0
1974-12-24T08:45:45.000Z,256.2625,256.4775,0
1974-12-24T09:43:39.000Z,256.27244,256.48744,0
1974-12-24T10:41:32.000Z,256.27244,256.48744,0
1974-12-24T11:39:26.000Z,256.33244,256.54744,0
1974-12-24T12:37:35.000Z,256.29246,256.50746,0
1974-12-24T13:35:29.000Z,256.33244,256.54744,0
1974-12-24T14:33:22.000Z,256.33194,256.54794,0
1974-12-24T15:31:16.000Z,256.34245,256.55745,0
1974-12-24T16:29:25.000Z,256.2625,256.4775,0
1974-12-24T17:27:19.000Z,256.30197,256.51797,0
1974-12-24T18:25:12.000Z,256.30247,256.51747,0
1974-12-24T19:23:22.000Z,256.2625,256.4775,0
1974-12-24T20:21:15.000Z,256.34245,256.55745,0
1974-12-24T21:19:09.000Z,256.22246,256.43746,0
1974-12-24T22:17:02.000Z,256.2625,256.4775,0
1974-12-24T23:15:12.000Z,256.30247,256.51747,0
1974-12-25T00:05:43.000Z,256.30247,256.51747,0
1974-12-25T01:03:53.000Z,256.29196,256.50796,0
1974-12-25T02:01:46.000Z,256.2625,256.4775,0
1974-12-25T02:59:40.000Z,256.30197,256.51797,0
1974-12-25T03:57:33.000Z,256.33194,256.54794,0
1974-12-25T04:55:43.000Z,256.29246,256.50746,0
1974-12-25T05:53:36.000Z,256.29196,256.50796,0
1974-12-25T06:51:30.000Z,256.29196,256.50796,0
1974-12-25T07:49:23.000Z,256.29196,256.50796,0
1974-12-25T08:47:33.000Z,256.29246,256.50746,0
1974-12-25T09:45:26.000Z,256.33194,256.54794,0
1974-12-25T10:43:20.000Z,256.33244,256.54744,0
1974-12-25T11:41:13.000Z,256.32249,256.53749,0
1974-12-25T12:39:23.000Z,256.32199,256.53799,0
1974-12-25T13:37:16.000Z,256.29196,256.50796,0
1974-12-25T14:42:32.000Z,256.29196,256.50796,0
1974-12-25T16:15:39.000Z,256.32249,256.53749,0
1974-12-25T17:13:49.000Z,256.29196,256.50796,0
1974-12-25T18:11:42.000Z,256.28245,256.49745,0
1974-12-25T19:09:36.000Z,256.32249,256.53749,0
1974-12-25T20:07:29.000Z,256.33194,256.54794,0
1974-12-25T21:05:39.000Z,256.32199,256.53799,0
1974-12-25T22:03:32.000Z,256.28195,256.49795,0
1974-12-25T23:01:26.000Z,256.32199,256.53799,0
1974-12-25T23:59:35.000Z,256.32199,256.53799,0
1974-12-26T00:57:29.000Z,256.28245,256.49745,0
1974-12-26T01:55:22.000Z,256.25199,256.46799,0
1974-12-26T02:53:16.000Z,256.25199,256.46799,0
1974-12-26T03:51:26.000Z,256.25199,256.46799,0
1974-12-26T04:49:19.000Z,256.33244,256.54744,0
1974-12-26T05:47:12.000Z,256.29196,256.50796,0
1974-12-26T06:45:06.000Z,256.33194,256.54794,0
1974-12-26T07:43:16.000Z,256.33194,256.54794,0
1974-12-26T08:41:09.000Z,256.29196,256.50796,0
1974-12-26T09:39:02.000Z,256.36197,256.57797,0
1974-12-26T10:36:56.000Z,256.33194,256.54794,0
1974-12-26T11:35:06.000Z,256.28195,256.49795,0
1974-12-26T12:32:59.000Z,256.28195,256.49795,0
1974-12-26T13:30:52.000Z,256.29196,256.50796,0
1974-12-26T14:29:02.000Z,256.29196,256.50796,0
1974-12-26T15:26:56.000Z,256.33194,256.54794,0
1974-12-26T16:24:49.000Z,256.33194,256.54794,0
1974-12-26T17:22:42.000Z,256.29196,256.50796,0
1974-12-26T17:37:11.000Z,256.33194,256.54794,0
1974-12-26T18:35:21.000Z,256.29196,256.50796,0
1974-12-26T19:33:14.000Z,256.25199,256.46799,0
1974-12-26T20:31:07.000Z,256.33194,256.54794,0
1974-12-26T21:29:01.000Z,256.29196,256.50796,0
1974-12-26T22:27:11.000Z,256.33194,256.54794,0
1974-12-26T23:25:04.000Z,256.29196,256.50796,0
1974-12-27T00:22:57.000Z,256.33194,256.54794,0
1974-12-27T01:21:07.000Z,256.33194,256.54794,0
1974-12-27T02:19:01.000Z,256.33194,256.54794,0
1974-12-27T03:16:54.000Z,256.36197,256.57797,0
1974-12-27T04:07:41.000Z,256.33244,256.54744,0
1974-12-27T05:05:35.000Z,256.33194,256.54794,0
1974-12-27T06:03:28.000Z,256.33194,256.54794,0
1974-12-27T07:08:44.000Z,256.33194,256.54794,0
1974-12-27T08:06:37.000Z,256.29196,256.50796,0
1974-12-27T09:04:47.000Z,256.29196,256.50796,0
1974-12-27T10:02:41.000Z,256.29196,256.50796,0
1974-12-27T11:00:34.000Z,256.32199,256.53799,0
1974-12-27T11:58:27.000Z,256.29196,256.50796,0
1974-12-27T13:11:55.000Z,256.33194,256.54794,0
1974-12-27T14:09:48.000Z,256.29196,256.50796,0
1974-12-27T15:15:04.000Z,256.32199,256.53799,0
1974-12-27T16:12:57.000Z,256.29196,256.50796,0
1974-12-27T17:11:07.000Z,256.33194,256.54794,0
1974-12-27T18:09:00.000Z,256.29196,256.50796,0
1974-12-27T19:06:54.000Z,256.29196,256.50796,0
1974-12-27T20:04:47.000Z,256.30197,256.51797,0
1974-12-27T21:02:57.000Z,256.262,256.478,0
1974-12-27T22:00:51.000Z,256.30197,256.51797,0
1974-12-27T22:58:44.000Z,256.262,256.478,0
1974-12-27T23:56:54.000Z,256.29196,256.50796,0
1974-12-28T00:54:47.000Z,256.30197,256.51797,0
1974-12-28T01:52:41.000Z,256.29196,256.50796,0
1974-12-28T02:50:34.000Z,256.29196,256.50796,0
1974-12-28T03:48:44.000Z,256.33194,256.54794,0
1974-12-28T04:46:37.000Z,256.30197,256.51797,0
1974-12-28T05:44:31.000Z,256.29196,256.50796,0
1974-12-28T06:42:24.000Z,256.29196,256.50796,0
1974-12-28T07:40:34.000Z,256.29196,256.50796,0
1974-12-28T08:38:27.000Z,256.29196,256.50796,0
1974-12-28T09:36:21.000Z,256.29196,256.50796,0
1974-12-28T10:34:14.000Z,256.30197,256.51797,0
1974-12-28T11:39:30.000Z,256.29196,256.50796,0
1974-12-28T12:37:40.000Z,256.29196,256.50796,0
1974-12-28T13:35:33.000Z,256.29196,256.50796,0
1974-12-28T14:33:26.000Z,256.33194,256.54794,0
1974-12-28T15:31:20.000Z,256.2625,256.4775,0
1974-12-28T16:29:30.000Z,256.29196,256.50796,0
1974-12-28T17:27:23.000Z,256.262,256.478,0
1974-12-28T18:25:16.000Z,256.262,256.478,0
1974-12-28T19:23:10.000Z,256.30197,256.51797,0
1974-12-28T20:21:20.000Z,256.29196,256.50796,0
1974-12-28T21:19:13.000Z,256.30197,256.51797,0
1974-12-28T22:17:06.000Z,256.29196,256.50796,0
1974-12-28T23:15:00.000Z,256.32199,256.53799,0
1974-12-29T00:05:47.000Z,256.29196,256.50796,0
1974-12-29T01:03:41.000Z,256.25199,256.46799,0
1974-12-29T02:01:50.000Z,256.29196,256.50796,0
1974-12-29T02:59:44.000Z,256.33194,256.54794,0
1974-12-29T03:57:37.000Z,256.29196,256.50796,0
1974-12-29T04:55:47.000Z,256.33194,256.54794,0
1974-12-29T05:53:40.000Z,256.29196,256.50796,0
1974-12-29T06:51:34.000Z,256.23197,256.44797,0
1974-12-29T07:49:27.000Z,256.262,256.478,0
1974-12-29T08:47:37.000Z,256.262,256.478,0
1974-12-29T09:45:30.000Z,256.262,256.478,0
1974-12-29T10:43:24.000Z,256.30197,256.51797,0
1974-12-29T11:41:17.000Z,256.30197,256.51797,0
1974-12-29T12:39:27.000Z,256.29196,256.50796,0
1974-12-29T13:37:20.000Z,256.33194,256.54794,0
1974-12-29T14:35:14.000Z,256.262,256.478,0
1974-12-29T15:26:01.000Z,256.262,256.478,0
1974-12-29T16:23:55.000Z,256.27194,256.48794,0
1974-12-29T17:21:48.000Z,256.30197,256.51797,0
1974-12-29T18:19:58.000Z,256.29196,256.50796,0
1974-12-29T19:17:51.000Z,256.33194,256.54794,0
1974-12-29T20:15:45.000Z,256.30197,256.51797,0
1974-12-29T21:13:38.000Z,256.29196,256.50796,0
1974-12-29T22:11:48.000Z,256.29196,256.50796,0
1974-12-29T23:09:41.000Z,256.29196,256.50796,0
1974-12-30T00:07:35.000Z,256.29196,256.50796,0
1974-12-30T01:05:45.000Z,256.30197,256.51797,0
1974-12-30T02:03:38.000Z,256.262,256.478,0
1974-12-30T03:01:31.000Z,256.262,256.478,0
1974-12-30T03:59:25.000Z,256.33194,256.54794,0
1974-12-30T04:57:35.000Z,256.262,256.478,0
1974-12-30T05:55:28.000Z,256.22196,256.43796,0
1974-12-30T06:53:21.000Z,256.262,256.478,0
1974-12-30T07:51:15.000Z,256.30197,256.51797,0
1974-12-30T08:49:25.000Z,256.262,256.478,0
1974-12-30T09:47:18.000Z,256.29196,256.50796,0
1974-12-30T10:45:11.000Z,256.262,256.478,0
1974-12-30T11:43:05.000Z,256.29196,256.50796,0
1974-12-30T12:41:15.000Z,256.30197,256.51797,0
1974-12-30T13:39:08.000Z,256.262,256.478,0
1974-12-30T14:37:01.000Z,256.29196,256.50796,0
1974-12-30T16:09:36.000Z,256.29196,256.50796,0
1974-12-30T17:07:29.000Z,256.262,256.478,0
1974-12-30T18:05:22.000Z,256.25199,256.46799,0
1974-12-30T18:27:13.000Z,256.29196,256.50796,0
1974-12-30T19:25:07.000Z,256.262,256.478,0
1974-12-30T20:23:00.000Z,256.22196,256.43796,0
1974-12-30T21:20:53.000Z,256.262,256.478,0
1974-12-30T22:19:03.000Z,256.25199,256.46799,0
1974-12-30T23:16:57.000Z,256.262,256.478,0
1974-12-31T00:14:50.000Z,256.23197,256.44797,0
1974-12-31T01:13:00.000Z,256.29196,256.50796,0
1974-12-31T02:10:53.000Z,256.22196,256.43796,0
1974-12-31T03:08:47.000Z,256.25199,256.46799,0
1974-12-31T04:06:40.000Z,256.29196,256.50796,0
1974-12-31T05:04:50.000Z,256.25199,256.46799,0
1974-12-31T06:02:43.000Z,256.29196,256.50796,0
1974-12-31T07:00:37.000Z,256.29196,256.50796,0
1974-12-31T07:58:30.000Z,256.29196,256.50796,0
1974-12-31T08:56:40.000Z,256.25199,256.46799,0
1974-12-31T09:54:33.000Z,256.25199,256.46799,0
1974-12-31T10:52:27.000Z,256.25199,256.46799,0
1974-12-31T11:50:20.000Z,256.25199,256.46799,0
1974-12-31T12:48:30.000Z,256.25199,256.46799,0
1974-12-31T13:46:23.000Z,256.25199,256.46799,0
1974-12-31T14:44:17.000Z,256.25199,256.46799,0
1974-12-31T15:42:10.000Z,256.25199,256.46799,0
1974-12-31T16:40:20.000Z,256.25199,256.46799,0
1974-12-31T17:38:13.000Z,256.29196,256.50796,0
1974-12-31T18:36:07.000Z,256.25199,256.46799,0
1974-12-31T19:34:16.000Z,256.25199,256.46799,0
1974-12-31T20:32:10.000Z,256.25199,256.46799,0
1974-12-31T21:30:03.000Z,256.25199,256.46799,0
1974-12-31T21:51:54.000Z,256.25199,256.46799,0
1974-12-31T21:59:00.000Z,256.25199,256.46799,0
